player_name_normalized,statsbomb_player_id,fbref_player_id,tm_player_url,match_method,match_confidence,needs_review
sergio busquets i burgos,5203,,,unresolved,unresolved,True
gerard pique bernabeu,5213,,https://www.transfermarkt.com/gerard-pique/profil/spieler/18944,exact_name_plus_nationality,high,False
luis alberto suarez diaz,5246,,https://www.transfermarkt.com/luis-suarez/profil/spieler/44352,exact_name_plus_nationality,high,False
ivan rakitic,5470,fbref_name::ivan rakitic,https://www.transfermarkt.com/ivan-rakitic/profil/spieler/32467,exact_name_plus_team_season,high,False
ousmane dembele,5477,fbref_name::ousmane dembele,https://www.transfermarkt.com/ousmane-dembele/profil/spieler/288230,exact_name_plus_nationality,high,False
lionel andres messi cuccittini,5503,,,unresolved,unresolved,True
jasper cillessen,8652,fbref_name::jasper cillessen,https://www.transfermarkt.com/jasper-cillessen/profil/spieler/146227,exact_name_plus_nationality,high,False
marc-andre ter stegen,20055,fbref_name::marc-andre ter stegen,https://www.transfermarkt.com/marc-andre-ter-stegen/profil/spieler/74857,exact_name_plus_nationality,high,False
axel werner,9747,fbref_name::axel werner,https://www.transfermarkt.com/axel-werner/profil/spieler/236734,exact_name_plus_nationality,high,False
ever maximiliano david banega,5504,,https://www.transfermarkt.com/ever-banega/profil/spieler/12249,exact_name_plus_nationality,high,False
simon thorup kjaer,5534,,,unresolved,unresolved,True
luis fernando muriel fruto,6334,,https://www.transfermarkt.com/luis-muriel/profil/spieler/119228,exact_name_plus_nationality,high,False
franco damian vazquez,6719,,https://www.transfermarkt.com/franco-vazquez/profil/spieler/76163,exact_name_plus_nationality,high,False
pablo sarabia garcia,6720,,https://www.transfermarkt.com/pablo-sarabia/profil/spieler/74230,exact_name_plus_nationality,high,False
wissam ben yedder,6723,fbref_name::wissam ben yedder,https://www.transfermarkt.com/wissam-ben-yedder/profil/spieler/146854,exact_name_plus_team_season,high,False
manuel agudo duran,6724,,https://www.transfermarkt.com/nolito/profil/spieler/70934,exact_name_plus_nationality,high,False
tomas vaclik,11541,fbref_name::tomas vaclik,https://www.transfermarkt.com/tomas-vaclik/profil/spieler/64000,exact_name_plus_team_season,high,False
sergio canales madrazo,6673,,https://www.transfermarkt.com/sergio-canales/profil/spieler/66106,exact_name_plus_nationality,high,False
pau lopez sabata,6792,,https://www.transfermarkt.com/pau-lopez/profil/spieler/286415,exact_name_plus_nationality,high,False
arnaldo antonio sanabria ayala,6880,,https://www.transfermarkt.com/antonio-sanabria/profil/spieler/234523,exact_name_plus_nationality,high,False
joel robles blazquez,16309,,https://www.transfermarkt.com/joel-robles/profil/spieler/101118,exact_name_plus_nationality,high,False
denis cheryshev,5186,fbref_name::denis cheryshev,https://www.transfermarkt.com/denis-cheryshev/profil/spieler/98322,exact_name_plus_team_season,high,False
kevin gameiro,6401,fbref_name::kevin gameiro,https://www.transfermarkt.com/kevin-gameiro/profil/spieler/27389,exact_name_plus_nationality,high,False
carlos soler barragan,6583,,https://www.transfermarkt.com/carlos-soler/profil/spieler/372246,exact_name_plus_nationality,high,False
norberto murara neto,6590,,https://www.transfermarkt.com/neto/profil/spieler/111819,exact_name_plus_nationality,high,False
daniel parejo munoz,6595,,https://www.transfermarkt.com/dani-parejo/profil/spieler/59561,exact_name_plus_nationality,high,False
ferran torres garcia,6748,,https://www.transfermarkt.com/ferran-torres/profil/spieler/398184,exact_name_plus_nationality,high,False
ezequiel marcelo garay,6891,,https://www.transfermarkt.com/ezequiel-garay/profil/spieler/35939,exact_name_plus_nationality,high,False
jaume domenech sanchez,6898,,https://www.transfermarkt.com/jaume-domenech/profil/spieler/227805,exact_name_plus_nationality,high,False
enes unal,6760,fbref_name::enes unal,https://www.transfermarkt.com/enes-unal/profil/spieler/251106,exact_name_plus_team_season,high,False
duje cop,8419,fbref_name::duje cop,https://www.transfermarkt.com/duje-cop/profil/spieler/46415,exact_name_plus_nationality,high,False
yoel rodriguez oterino,10612,,https://www.transfermarkt.com/yoel-rodriguez/profil/spieler/58115,exact_name_plus_nationality,high,False
jordi masip lopez,11302,,https://www.transfermarkt.com/jordi-masip/profil/spieler/65263,exact_name_plus_nationality,high,False
tiago manuel dias correia,7900,,,unresolved,unresolved,True
alberto garcia cabrera,11537,,https://www.transfermarkt.com/alberto-garcia/profil/spieler/58497,exact_name_plus_nationality,high,False
stole dimitrievski,21397,fbref_name::stole dimitrievski,https://www.transfermarkt.com/stole-dimitrievski/profil/spieler/165467,exact_name_plus_team_season,high,False
john guidetti,6038,fbref_name::john guidetti,https://www.transfermarkt.com/john-guidetti/profil/spieler/98596,exact_name_plus_nationality,high,False
borja gonzalez tomas,6566,,https://www.transfermarkt.com/borja-baston/profil/spieler/85324,exact_name_plus_nationality,high,False
jonathan rodriguez menendez,6581,,https://www.transfermarkt.com/jony/profil/spieler/228761,exact_name_plus_nationality,high,False
fernando pacheco flores,6629,,https://www.transfermarkt.com/fernando-pacheco/profil/spieler/172015,exact_name_plus_nationality,high,False
juan manuel mata garcia,3294,,https://www.transfermarkt.com/juan-mata/profil/spieler/44068,exact_name_plus_nationality,high,False
petr cech,3461,fbref_name::petr cech,https://www.transfermarkt.com/petr-cech/profil/spieler/5658,exact_name_plus_team_season,high,False
david luiz moreira marinho,3956,,https://www.transfermarkt.com/david-luiz/profil/spieler/46741,exact_name_plus_nationality,high,False
ashley cole,12529,fbref_name::ashley cole,https://www.transfermarkt.com/ashley-cole/profil/spieler/3182,exact_name_plus_nationality,high,False
ryan bertrand,20045,fbref_name::ryan bertrand,https://www.transfermarkt.com/ryan-bertrand/profil/spieler/40611,exact_name_plus_nationality,high,False
frank lampard,20330,fbref_name::frank lampard,https://www.transfermarkt.com/frank-lampard/profil/spieler/3163,exact_name_plus_nationality,high,False
didier yves drogba tebily,20352,,https://www.transfermarkt.com/didier-drogba/profil/spieler/3924,exact_name_plus_nationality,high,False
thomas muller,5562,fbref_name::thomas muller,https://www.transfermarkt.com/thomas-muller/profil/spieler/58358,exact_name_plus_nationality,high,False
mario gomez garcia,5565,,,unresolved,unresolved,True
manuel neuer,5570,fbref_name::manuel neuer,https://www.transfermarkt.com/manuel-neuer/profil/spieler/17259,exact_name_plus_nationality,high,False
arjen robben,8218,fbref_name::arjen robben,https://www.transfermarkt.com/arjen-robben/profil/spieler/4360,exact_name_plus_nationality,high,False
bastian schweinsteiger,18414,fbref_name::bastian schweinsteiger,https://www.transfermarkt.com/bastian-schweinsteiger/profil/spieler/2514,exact_name_plus_nationality,high,False
ivica olic,19289,fbref_name::ivica olic,https://www.transfermarkt.com/ivica-olic/profil/spieler/7427,exact_name_plus_team_season,high,False
philipp lahm,19295,fbref_name::philipp lahm,https://www.transfermarkt.com/philipp-lahm/profil/spieler/2219,exact_name_plus_nationality,high,False
xherdan shaqiri,3533,fbref_name::xherdan shaqiri,https://www.transfermarkt.com/xherdan-shaqiri/profil/spieler/86792,exact_name_plus_team_season,high,False
claudio miguel pizarro bossio,11132,,,unresolved,unresolved,True
robert lewandowski,5668,fbref_name::robert lewandowski,https://www.transfermarkt.com/robert-lewandowski/profil/spieler/38253,exact_name_plus_nationality,high,False
ilkay gundogan,10287,fbref_name::ilkay gundogan,https://www.transfermarkt.com/ilkay-gundogan/profil/spieler/53622,exact_name_plus_nationality,high,False
alvaro borja morata martin,3477,,https://www.transfermarkt.com/alvaro-morata/profil/spieler/128223,exact_name_plus_nationality,high,False
sergio ramos garcia,5201,,https://www.transfermarkt.com/sergio-ramos/profil/spieler/25557,exact_name_plus_nationality,high,False
cristiano ronaldo dos santos aveiro,5207,,https://www.transfermarkt.com/cristiano-ronaldo/profil/spieler/8198,exact_name_plus_nationality,high,False
luka modric,5463,fbref_name::luka modric,https://www.transfermarkt.com/luka-modric/profil/spieler/27992,exact_name_plus_team_season,high,False
marcelo vieira da silva junior,5552,,https://www.transfermarkt.com/marcelo/profil/spieler/44501,exact_name_plus_nationality,high,False
gareth frank bale,6399,,https://www.transfermarkt.com/gareth-bale/profil/spieler/39381,exact_name_plus_nationality,high,False
diego lopez rodriguez,6768,,https://www.transfermarkt.com/diego-lopez/profil/spieler/34370,exact_name_plus_nationality,high,False
karim benzema,19677,fbref_name::karim benzema,https://www.transfermarkt.com/karim-benzema/profil/spieler/18922,exact_name_plus_team_season,high,False
thibaut courtois,3509,fbref_name::thibaut courtois,https://www.transfermarkt.com/thibaut-courtois/profil/spieler/108390,exact_name_plus_nationality,high,False
jorge resurreccion merodio,5199,,https://www.transfermarkt.com/koke/profil/spieler/74229,exact_name_plus_nationality,high,False
juan francisco torres belen,6375,,https://www.transfermarkt.com/juanfran-torres/profil/spieler/16635,exact_name_plus_nationality,high,False
gabriel fernandez arenas,6384,,https://www.transfermarkt.com/gabi/profil/spieler/22969,exact_name_plus_nationality,high,False
lucas vazquez iglesias,5200,,https://www.transfermarkt.com/lucas-vazquez/profil/spieler/221316,exact_name_plus_nationality,high,False
carlos henrique casimiro,5539,,https://www.transfermarkt.com/casemiro/profil/spieler/16306,exact_name_plus_nationality,high,False
keylor navas gamboa,5597,,https://www.transfermarkt.com/keylor-navas/profil/spieler/79422,exact_name_plus_nationality,high,False
james david rodriguez rubio,5695,,,unresolved,unresolved,True
francisco casilla cortes,6706,,https://www.transfermarkt.com/kiko-casilla/profil/spieler/27486,exact_name_plus_nationality,high,False
jose maria gimenez de vargas,5259,,,unresolved,unresolved,True
antoine griezmann,5487,fbref_name::antoine griezmann,https://www.transfermarkt.com/antoine-griezmann/profil/spieler/125781,exact_name_plus_nationality,high,False
jan oblak,6378,fbref_name::jan oblak,https://www.transfermarkt.com/jan-oblak/profil/spieler/121483,exact_name_plus_nationality,high,False
saul niguez esclapez,6381,,https://www.transfermarkt.com/saul-niguez/profil/spieler/148928,exact_name_plus_nationality,high,False
fara williams,10251,,,unresolved,unresolved,True
rachel furness,15706,,,unresolved,unresolved,True
grace moloney,15719,,,unresolved,unresolved,True
lauren bruton,15726,,,unresolved,unresolved,True
rachael laws,33664,,,unresolved,unresolved,True
megan walsh,15709,,,unresolved,unresolved,True
ellie mason,15715,,,unresolved,unresolved,True
ellie roebuck,4637,,,unresolved,unresolved,True
georgia stanway,4643,fbref_name::georgia stanway,,exact_name_plus_nationality,high,False
claire emslie,4646,fbref_name::claire emslie,,exact_name_plus_nationality,high,False
nadia nadim,4650,,,unresolved,unresolved,True
nikita parris,4654,fbref_name::nikita parris,,exact_name_plus_nationality,high,False
stephanie houghton,10185,,,unresolved,unresolved,True
caroline weir,10188,fbref_name::caroline weir,,exact_name_plus_nationality,high,False
melissa lawley,15547,,,unresolved,unresolved,True
sophie baggaley,16376,,,unresolved,unresolved,True
lucy hope,16386,,,unresolved,unresolved,True
magdalena lilly eriksson,4633,,,unresolved,unresolved,True
francesca kirby,4641,,,unresolved,unresolved,True
ramona bachmann,4659,fbref_name::ramona bachmann,,exact_name_plus_nationality,high,False
bethany england,15550,fbref_name::bethany england,,exact_name_plus_nationality,high,False
karen julia carney,15553,,,unresolved,unresolved,True
carly mitchell telford,19421,,,unresolved,unresolved,True
danielle van de donk,10658,fbref_name::danielle van de donk,,exact_name_plus_nationality,high,False
dominique johanna anna petrone janssen,10666,,,unresolved,unresolved,True
pauline peyraud magnin,15615,,,unresolved,unresolved,True
kim little,15616,fbref_name::kim little,,exact_name_plus_nationality,high,False
bethany mead,15619,,,unresolved,unresolved,True
leah williamson,18999,fbref_name::leah williamson,,exact_name_plus_nationality,high,False
ann-katrin berger,15560,,,unresolved,unresolved,True
charlie wellings,15563,,,unresolved,unresolved,True
sarah emma mayling,19500,,,unresolved,unresolved,True
aoife mannion,19503,,,unresolved,unresolved,True
hannah hampton,22032,,,unresolved,unresolved,True
kayleigh green,16400,,,unresolved,unresolved,True
marie hourihan,19419,,,unresolved,unresolved,True
fern whelan,19420,,,unresolved,unresolved,True
jane ross,4653,fbref_name::jane ross,,exact_name_plus_nationality,high,False
ria percival,18145,fbref_name::ria percival,,exact_name_plus_nationality,high,False
rebecca leigh spencer,18158,,,unresolved,unresolved,True
anne moorhouse,22027,,,unresolved,unresolved,True
chloe kelly,15570,fbref_name::chloe kelly,,exact_name_plus_nationality,high,False
kirstie levell,15576,,,unresolved,unresolved,True
inessa kaagman,15579,,,unresolved,unresolved,True
claudia walker,15580,,,unresolved,unresolved,True
yana daniels,10093,,,unresolved,unresolved,True
courtney sweetman-kirk,15611,,,unresolved,unresolved,True
anke preuss,15626,,,unresolved,unresolved,True
christie murray,15628,fbref_name::christie murray,,exact_name_plus_nationality,high,False
niamh charles,15631,fbref_name::niamh charles,,exact_name_plus_nationality,high,False
maren naevdal mjelde,10395,,,unresolved,unresolved,True
christian dannemann eriksen,3043,,https://www.transfermarkt.com/christian-eriksen/profil/spieler/69633,exact_name_plus_nationality,high,False
hugo lloris,3099,fbref_name::hugo lloris,https://www.transfermarkt.com/hugo-lloris/profil/spieler/17965,exact_name_plus_nationality,high,False
kieran trippier,3308,fbref_name::kieran trippier,https://www.transfermarkt.com/kieran-trippier/profil/spieler/95810,exact_name_plus_nationality,high,False
serge aurier,3481,fbref_name::serge aurier,https://www.transfermarkt.com/serge-aurier/profil/spieler/127032,exact_name_plus_nationality,high,False
lucas rodrigues moura da silva,3745,,https://www.transfermarkt.com/lucas-moura/profil/spieler/77100,exact_name_plus_nationality,high,False
harry kane,10955,fbref_name::harry kane,https://www.transfermarkt.com/harry-kane/profil/spieler/132098,exact_name_plus_team_season,high,False
eric dier,10956,fbref_name::eric dier,https://www.transfermarkt.com/eric-dier/profil/spieler/175722,exact_name_plus_team_season,high,False
fabio henrique tavares,3247,,https://www.transfermarkt.com/fabinho/profil/spieler/225693,exact_name_plus_nationality,high,False
james philip milner,3473,,https://www.transfermarkt.com/james-milner/profil/spieler/3333,exact_name_plus_nationality,high,False
mohamed salah,3531,fbref_name::mohamed salah,https://www.transfermarkt.com/mohamed-salah/profil/spieler/148455,exact_name_plus_nationality,high,False
jordan brian henderson,3532,,https://www.transfermarkt.com/jordan-henderson/profil/spieler/61651,exact_name_plus_nationality,high,False
simon mignolet,3539,fbref_name::simon mignolet,https://www.transfermarkt.com/simon-mignolet/profil/spieler/50219,exact_name_plus_nationality,high,False
georginio wijnaldum,3567,fbref_name::georginio wijnaldum,https://www.transfermarkt.com/georginio-wijnaldum/profil/spieler/49499,exact_name_plus_team_season,high,False
sadio mane,3629,fbref_name::sadio mane,https://www.transfermarkt.com/sadio-mane/profil/spieler/200512,exact_name_plus_nationality,high,False
trent alexander-arnold,3664,fbref_name::trent alexander-arnold,https://www.transfermarkt.com/trent-alexander-arnold/profil/spieler/314353,exact_name_plus_nationality,high,False
virgil van dijk,3669,fbref_name::virgil van dijk,https://www.transfermarkt.com/virgil-van-dijk/profil/spieler/139208,exact_name_plus_team_season,high,False
alisson ramses becker,5547,,https://www.transfermarkt.com/alisson/profil/spieler/105470,exact_name_plus_nationality,high,False
andile dlamini,25515,fbref_name::andile dlamini,https://www.transfermarkt.com/sandile-dlamini/profil/spieler/334099,exact_name_plus_nationality,high,False
kaylin swart,25746,fbref_name::kaylin swart,,exact_name_plus_nationality,high,False
alexia putellas segura,10143,,,unresolved,unresolved,True
jennifer hermoso fuentes,10151,,,unresolved,unresolved,True
maria victoria losada gomez,10158,,,unresolved,unresolved,True
maria francesca caldentey oliver,10161,,,unresolved,unresolved,True
aitana bonmati conca,15284,,,unresolved,unresolved,True
patricia guijarro gutierrez,15287,,,unresolved,unresolved,True
maria dolores gallardo nunez,45667,,,unresolved,unresolved,True
maria asuncion quinones goikoetxea,50355,,,unresolved,unresolved,True
samantha may kerr,4961,,,unresolved,unresolved,True
katrina gorry,4979,fbref_name::katrina gorry,,exact_name_plus_nationality,high,False
stephanie-elise catley,5000,,,unresolved,unresolved,True
lydia grace yilkari williams,5066,,,unresolved,unresolved,True
ellie madison carpenter,5095,,,unresolved,unresolved,True
caitlin jade foord,11338,,,unresolved,unresolved,True
chloe logarzo,25547,fbref_name::chloe logarzo,,exact_name_plus_nationality,high,False
tameka yallop,25549,fbref_name::tameka yallop,,exact_name_plus_nationality,high,False
emily gielnik,25744,fbref_name::emily gielnik,,exact_name_plus_nationality,high,False
mackenzie arnold,42787,fbref_name::mackenzie arnold,,exact_name_plus_nationality,high,False
teagan jade micah,131588,,,unresolved,unresolved,True
cristiana girelli,10203,fbref_name::cristiana girelli,,exact_name_plus_nationality,high,False
daniela sabatino,10206,fbref_name::daniela sabatino,,exact_name_plus_nationality,high,False
elena linari,10208,fbref_name::elena linari,,exact_name_plus_nationality,high,False
barbara bonansea,10211,fbref_name::barbara bonansea,,exact_name_plus_nationality,high,False
laura giuliani,10218,fbref_name::laura giuliani,,exact_name_plus_nationality,high,False
aurora galli,10225,fbref_name::aurora galli,,exact_name_plus_nationality,high,False
manuela giugliano,10228,fbref_name::manuela giugliano,,exact_name_plus_nationality,high,False
valentina giacinti,25541,fbref_name::valentina giacinti,,exact_name_plus_nationality,high,False
sydney schneider,25550,fbref_name::sydney schneider,https://www.transfermarkt.com/sydney-schneider/profil/spieler/284364,exact_name_plus_nationality,high,False
khadija monifa shaw,25554,,,unresolved,unresolved,True
debora cristiane de oliveira,5044,,,unresolved,unresolved,True
monica hickmann alves,5071,,,unresolved,unresolved,True
marta vieira da silva veiga,5082,,,unresolved,unresolved,True
andressa alves da silva,24368,,,unresolved,unresolved,True
ludmila da silva,25542,,,unresolved,unresolved,True
aline villares reis,49989,,,unresolved,unresolved,True
jodie taylor,5002,fbref_name::jodie taylor,,exact_name_plus_nationality,high,False
rachel daly,5058,fbref_name::rachel daly,,exact_name_plus_nationality,high,False
lucy bronze,10178,fbref_name::lucy bronze,,exact_name_plus_nationality,high,False
alex greenwood,10252,fbref_name::alex greenwood,,exact_name_plus_nationality,high,False
mary alexandra earps,31538,,,unresolved,unresolved,True
lana clelland,10176,fbref_name::lana clelland,,exact_name_plus_nationality,high,False
lee alexander,25570,,,unresolved,unresolved,True
caroline graham hansen,10386,fbref_name::caroline graham hansen,,exact_name_plus_nationality,high,False
ingrid hjelmseth,10394,fbref_name::ingrid hjelmseth,,exact_name_plus_nationality,high,False
guro reiten,10514,fbref_name::guro reiten,,exact_name_plus_nationality,high,False
isabell herlovsen,13479,fbref_name::isabell herlovsen,,exact_name_plus_nationality,high,False
cecilie fiskerstrand,24370,,,unresolved,unresolved,True
ingrid syrstad engen,24374,fbref_name::ingrid syrstad engen,,exact_name_plus_nationality,high,False
sakina karchaoui,10117,fbref_name::sakina karchaoui,,exact_name_plus_nationality,high,False
eugenie le sommer,10121,fbref_name::eugenie le sommer,,exact_name_plus_nationality,high,False
wendie renard,10125,fbref_name::wendie renard,,exact_name_plus_nationality,high,False
kadidiatou diani,10137,fbref_name::kadidiatou diani,,exact_name_plus_nationality,high,False
onema grace geyoro,10272,,,unresolved,unresolved,True
eve perisset,10418,fbref_name::eve perisset,,exact_name_plus_nationality,high,False
amel majri,15249,fbref_name::amel majri,,exact_name_plus_nationality,high,False
valerie gauvin,25442,fbref_name::valerie gauvin,,exact_name_plus_nationality,high,False
viviane asseyi,25834,fbref_name::viviane asseyi,,exact_name_plus_nationality,high,False
solene durand,31128,fbref_name::solene durand,,exact_name_plus_nationality,high,False
ayaka yamashita,25627,fbref_name::ayaka yamashita,,exact_name_plus_nationality,high,False
hina sugita,25635,fbref_name::hina sugita,,exact_name_plus_nationality,high,False
yuika sugasawa,25637,fbref_name::yuika sugasawa,,exact_name_plus_nationality,high,False
vanina noemi correa,25611,,,unresolved,unresolved,True
maria florencia bonsegundo,25640,,,unresolved,unresolved,True
dalila belen ippolito,26051,,,unresolved,unresolved,True
fridolina rolfo,10215,fbref_name::fridolina rolfo,,exact_name_plus_nationality,high,False
kosovare asllani,10220,fbref_name::kosovare asllani,,exact_name_plus_nationality,high,False
elin ingrid johanna rubensson,10221,,,unresolved,unresolved,True
eva sofia jakobsson,13881,,,unresolved,unresolved,True
lina mona andrea hurtig,25697,,,unresolved,unresolved,True
gun nathalie bjorn,26093,,,unresolved,unresolved,True
julia zigiotti-olme,26094,,,unresolved,unresolved,True
jennifer miley falk,62667,,,unresolved,unresolved,True
zecira musovic,62713,fbref_name::zecira musovic,,exact_name_plus_nationality,high,False
waraporn boonsing,25813,fbref_name::waraporn boonsing,,exact_name_plus_nationality,high,False
rosemary kathleen lavelle,4949,,,unresolved,unresolved,True
lindsey michelle heaps,4999,,,unresolved,unresolved,True
kelley maureen o'hara,5021,,,unresolved,unresolved,True
mallory diane swanson,5023,,,unresolved,unresolved,True
alexandra morgan carrasco,5085,,,unresolved,unresolved,True
samantha june mewis,5087,,,unresolved,unresolved,True
carli anne hollins,5097,,,unresolved,unresolved,True
alyssa michele naeher,5100,,,unresolved,unresolved,True
adrianna nichole franch,6819,,,unresolved,unresolved,True
megan anna rapinoe,8298,,,unresolved,unresolved,True
claudia christiane endler mutinelli,24462,,,unresolved,unresolved,True
francisca alejandra lara lara,25690,,,unresolved,unresolved,True
ugochi desire oparanozie,25472,,,unresolved,unresolved,True
chiamaka cynthia nnadozie,25718,,,unresolved,unresolved,True
rasheedat busayo ajibade,26156,,,unresolved,unresolved,True
min-jeong kim,25449,,,unresolved,unresolved,True
xabier alonso olano,20133,,https://www.transfermarkt.com/xabi-alonso/profil/spieler/7476,exact_name_plus_nationality,high,False
francesc fabregas i soler,3478,,,unresolved,unresolved,True
neymar da silva santos junior,4320,,,unresolved,unresolved,True
andres iniesta lujan,5216,,https://www.transfermarkt.com/andres-iniesta/profil/spieler/7600,exact_name_plus_nationality,high,False
javier alejandro mascherano,5506,,,unresolved,unresolved,True
victor valdes arribas,20176,,https://www.transfermarkt.com/victor-valdes/profil/spieler/7589,exact_name_plus_nationality,high,False
juan carlos martin corral,24255,,https://www.transfermarkt.com/juan-carlos/profil/spieler/120705,exact_name_plus_nationality,high,False
claudio andres bravo munoz,4691,,,unresolved,unresolved,True
ivan cuellar sacristan,6610,,https://www.transfermarkt.com/ivan-cuellar/profil/spieler/27493,exact_name_plus_nationality,high,False
vicente guaita panadero,6625,,https://www.transfermarkt.com/vicente-guaita/profil/spieler/64399,exact_name_plus_nationality,high,False
pedro leon sanchez gil,6907,,https://www.transfermarkt.com/pedro-leon/profil/spieler/51587,exact_name_plus_nationality,high,False
diego alves carreira,25144,,,unresolved,unresolved,True
francisco alcacer garcia,6402,,https://www.transfermarkt.com/paco-alcacer/profil/spieler/126716,exact_name_plus_nationality,high,False
daniel garcia carrillo,6775,,https://www.transfermarkt.com/dani-garcia/profil/spieler/178425,exact_name_plus_nationality,high,False
asier riesgo unamuno,10763,,https://www.transfermarkt.com/asier-riesgo/profil/spieler/23338,exact_name_plus_nationality,high,False
saul berjon perez,24070,,https://www.transfermarkt.com/saul-berjon/profil/spieler/74954,exact_name_plus_nationality,high,False
sergio asenjo andres,6755,,https://www.transfermarkt.com/sergio-asenjo/profil/spieler/51710,exact_name_plus_nationality,high,False
cedric bakambu,6862,fbref_name::cedric bakambu,https://www.transfermarkt.com/cedric-bakambu/profil/spieler/127048,exact_name_plus_team_season,high,False
bruno soriano llido,22819,,https://www.transfermarkt.com/bruno-soriano/profil/spieler/44412,exact_name_plus_nationality,high,False
roberto soldado rillo,26009,,https://www.transfermarkt.com/roberto-soldado/profil/spieler/34870,exact_name_plus_nationality,high,False
gorka iraizoz moreno,6576,,https://www.transfermarkt.com/gorka-iraizoz/profil/spieler/7874,exact_name_plus_nationality,high,False
iago herrerin buisan,6662,,https://www.transfermarkt.com/iago-herrerin/profil/spieler/71570,exact_name_plus_nationality,high,False
aritz aduriz zubeldia,6394,,https://www.transfermarkt.com/aritz-aduriz/profil/spieler/29124,exact_name_plus_nationality,high,False
claudio beauvue,6600,fbref_name::claudio beauvue,https://www.transfermarkt.com/claudio-beauvue/profil/spieler/58818,exact_name_plus_team_season,high,False
ruben blanco veiga,6795,,https://www.transfermarkt.com/ruben-blanco/profil/spieler/199321,exact_name_plus_nationality,high,False
sergio alvarez conde,6884,,https://www.transfermarkt.com/sergio-alvarez/profil/spieler/45912,exact_name_plus_nationality,high,False
thiago alcantara do nascimento,5208,,https://www.transfermarkt.com/thiago-alcantara/profil/spieler/60444,exact_name_plus_nationality,high,False
fabian ariel orellana valenzuela,7105,,,unresolved,unresolved,True
guilherme magdalena siqueira,26780,,,unresolved,unresolved,True
ruben ivan martinez andrade,6730,,https://www.transfermarkt.com/ruben-martinez/profil/spieler/8184,exact_name_plus_nationality,high,False
victor casadesus castano,23791,,https://www.transfermarkt.com/victor-casadesus/profil/spieler/35540,exact_name_plus_nationality,high,False
diego marino villar,23843,,https://www.transfermarkt.com/diego-marino/profil/spieler/59349,exact_name_plus_nationality,high,False
jose antonio garcia rabasco,24149,,https://www.transfermarkt.com/verza/profil/spieler/26199,exact_name_plus_nationality,high,False
nicolas hernan otamendi,3090,,,unresolved,unresolved,True
roberto trashorras gayoso,26848,,https://www.transfermarkt.com/roberto-trashorras/profil/spieler/7923,exact_name_plus_nationality,high,False
emilio nsue lopez,13581,,,unresolved,unresolved,True
jesus fernandez collado,27240,,https://www.transfermarkt.com/jesus-fernandez/profil/spieler/91885,exact_name_plus_nationality,high,False
jonathas cristian de jesus,8584,,https://www.transfermarkt.com/jonathas/profil/spieler/58345,exact_name_plus_nationality,high,False
przemyslaw tyton,9082,,https://www.transfermarkt.com/przemyslaw-tyton/profil/spieler/33210,exact_name_plus_nationality,high,False
mario pasalic,11603,fbref_name::mario pasalic,https://www.transfermarkt.com/mario-pasalic/profil/spieler/205938,exact_name_plus_nationality,high,False
jorge molina vidal,6630,,https://www.transfermarkt.com/jorge-molina/profil/spieler/57825,exact_name_plus_nationality,high,False
alvaro vadillo cifuentes,24143,,https://www.transfermarkt.com/alvaro-vadillo/profil/spieler/162074,exact_name_plus_nationality,high,False
alberto bueno calvo,6879,,https://www.transfermarkt.com/alberto-bueno/profil/spieler/45335,exact_name_plus_nationality,high,False
cristian dario alvarez,24040,,,unresolved,unresolved,True
rodrigo hernandez cascante,6765,,https://www.transfermarkt.com/rodri/profil/spieler/357565,exact_name_plus_nationality,high,False
nicola sansone,6859,fbref_name::nicola sansone,https://www.transfermarkt.com/nicola-sansone/profil/spieler/82048,exact_name_plus_team_season,high,False
andres eduardo fernandez moreno,8697,,https://www.transfermarkt.com/andres-fernandez/profil/spieler/57522,exact_name_plus_nationality,high,False
manuel del moral fernandez,24507,,https://www.transfermarkt.com/manu-del-moral/profil/spieler/37399,exact_name_plus_nationality,high,False
jaime jimenez merlo,27517,,https://www.transfermarkt.com/jaime-jimenez/profil/spieler/51504,exact_name_plus_nationality,high,False
javier hernandez balcazar,3058,,https://www.transfermarkt.com/chicharito/profil/spieler/50935,exact_name_plus_nationality,high,False
salvatore sirigu,7469,fbref_name::salvatore sirigu,https://www.transfermarkt.com/salvatore-sirigu/profil/spieler/25508,exact_name_plus_nationality,high,False
alberto brignoli,7804,fbref_name::alberto brignoli,https://www.transfermarkt.com/alberto-brignoli/profil/spieler/146799,exact_name_plus_nationality,high,False
jon ander serantes simon,9879,,https://www.transfermarkt.com/jon-ander-serantes/profil/spieler/71835,exact_name_plus_nationality,high,False
antonio adan garrido,6654,,https://www.transfermarkt.com/antonio-adan/profil/spieler/44062,exact_name_plus_nationality,high,False
ruben castro martin,6832,,https://www.transfermarkt.com/ruben-castro/profil/spieler/25316,exact_name_plus_nationality,high,False
oier olazabal paredes,6692,,https://www.transfermarkt.com/oier-olazabal/profil/spieler/8176,exact_name_plus_nationality,high,False
francisco manuel rico castro,25707,,https://www.transfermarkt.com/fran-rico/profil/spieler/63689,exact_name_plus_nationality,high,False
raul lizoain cruz,7905,,https://www.transfermarkt.com/raul-lizoain/profil/spieler/167228,exact_name_plus_nationality,high,False
jonathan viera ramos,10755,,https://www.transfermarkt.com/jonathan-viera/profil/spieler/153238,exact_name_plus_nationality,high,False
javier varas herrera,26753,,https://www.transfermarkt.com/javi-varas/profil/spieler/58341,exact_name_plus_nationality,high,False
maximiliano gomez gonzalez,6297,,https://www.transfermarkt.com/maxi-gomez/profil/spieler/396894,exact_name_plus_nationality,high,False
mikel oyarzabal ugarte,6685,,https://www.transfermarkt.com/mikel-oyarzabal/profil/spieler/351478,exact_name_plus_nationality,high,False
alejandro remiro gargallo,32185,,https://www.transfermarkt.com/alex-remiro/profil/spieler/212862,exact_name_plus_nationality,high,False
martin braithwaite christensen,4447,,,unresolved,unresolved,True
iago aspas juncal,5217,,https://www.transfermarkt.com/iago-aspas/profil/spieler/72047,exact_name_plus_nationality,high,False
aitor fernandez abarisketa,23344,,https://www.transfermarkt.com/aitor-fernandez/profil/spieler/118997,exact_name_plus_nationality,high,False
lucas perez martinez,6732,,https://www.transfermarkt.com/lucas-perez/profil/spieler/73185,exact_name_plus_nationality,high,False
kenneth josiah omeruo,5830,,https://www.transfermarkt.com/kenneth-omeruo/profil/spieler/131708,exact_name_plus_nationality,high,False
yangel clemente herrera ravelo,16249,,,unresolved,unresolved,True
joao felix sequeira,12041,,https://www.transfermarkt.com/joao-felix/profil/spieler/462250,exact_name_plus_nationality,high,False
ebony salmon,31527,,,unresolved,unresolved,True
rianna dean,31702,,,unresolved,unresolved,True
chloe morgan,33349,,,unresolved,unresolved,True
tinja-riikka tellervo korpela,13857,,,unresolved,unresolved,True
alexandra maciver,34360,,,unresolved,unresolved,True
kenza dali,15421,fbref_name::kenza dali,,exact_name_plus_nationality,high,False
courtney brosnan,31555,fbref_name::courtney brosnan,,exact_name_plus_nationality,high,False
manuela zinsberger,10237,,,unresolved,unresolved,True
ella toone,31534,fbref_name::ella toone,,exact_name_plus_nationality,high,False
katie zelem,31540,fbref_name::katie zelem,,exact_name_plus_nationality,high,False
lauren james,31531,fbref_name::lauren james,,exact_name_plus_nationality,high,False
aurora watten mikalsen,36800,,,unresolved,unresolved,True
jon dahl tomasson,15526,,https://www.transfermarkt.com/jon-dahl-tomasson/profil/spieler/4169,exact_name_plus_nationality,high,False
andrea pirlo,19849,,https://www.transfermarkt.com/andrea-pirlo/profil/spieler/5817,exact_name_plus_nationality,high,False
ricardo izecson dos santos leite,26712,,,unresolved,unresolved,True
claudio santos,34385,,https://www.transfermarkt.com/claudio-santos/profil/spieler/398786,exact_name_plus_nationality,medium,False
nelson de jesus da silva,34393,,https://www.transfermarkt.com/dida/profil/spieler/5800,exact_name_plus_nationality,high,False
vladimir smicer,15280,fbref_name::vladimir smicer,https://www.transfermarkt.com/vladimir-smicer/profil/spieler/3217,exact_name_plus_team_season,high,False
dietmar hamann,18103,fbref_name::dietmar hamann,https://www.transfermarkt.com/dietmar-hamann/profil/spieler/919,exact_name_plus_nationality,high,False
djibril cisse,34384,fbref_name::djibril cisse,https://www.transfermarkt.com/djibril-cisse/profil/spieler/3966,exact_name_plus_nationality,high,False
john arne semundseth riise,34386,,https://www.transfermarkt.com/john-arne-riise/profil/spieler/3220,exact_name_plus_nationality,high,False
jerzy dudek,34390,fbref_name::jerzy dudek,https://www.transfermarkt.com/jerzy-dudek/profil/spieler/3209,exact_name_plus_nationality,high,False
jermain defoe,3337,fbref_name::jermain defoe,https://www.transfermarkt.com/jermain-defoe/profil/spieler/3875,exact_name_plus_nationality,high,False
robbie keane,11348,fbref_name::robbie keane,https://www.transfermarkt.com/robbie-keane/profil/spieler/3144,exact_name_plus_nationality,high,False
thierry henry,15516,fbref_name::thierry henry,https://www.transfermarkt.com/thierry-henry/profil/spieler/3207,exact_name_plus_nationality,high,False
jens lehmann,20015,fbref_name::jens lehmann,https://www.transfermarkt.com/jens-lehmann/profil/spieler/122,exact_name_plus_nationality,high,False
thomas lovendahl sorensen,20145,,https://www.transfermarkt.com/thomas-sorensen/profil/spieler/3473,exact_name_plus_nationality,high,False
massimo maccarone,40252,fbref_name::massimo maccarone,https://www.transfermarkt.com/massimo-maccarone/profil/spieler/3713,exact_name_plus_nationality,high,False
mark schwarzer,40322,fbref_name::mark schwarzer,https://www.transfermarkt.com/mark-schwarzer/profil/spieler/3357,exact_name_plus_team_season,high,False
danny coyne,40235,fbref_name::danny coyne,https://www.transfermarkt.com/danny-coyne/profil/spieler/8054,exact_name_plus_nationality,high,False
shaka hislop,38403,fbref_name::shaka hislop,https://www.transfermarkt.com/shaka-hislop/profil/spieler/4175,exact_name_plus_team_season,high,False
paul robinson,40132,fbref_name::paul robinson,https://www.transfermarkt.com/paul-robinson/profil/spieler/3630,exact_name_plus_nationality,high,False
wayne mark rooney,3538,,https://www.transfermarkt.com/wayne-rooney/profil/spieler/3332,exact_name_plus_nationality,high,False
richard wright,40280,fbref_name::richard wright,https://www.transfermarkt.com/richard-wright/profil/spieler/3120,exact_name_plus_nationality,high,False
paolo di canio,40375,fbref_name::paolo di canio,https://www.transfermarkt.com/paolo-di-canio/profil/spieler/3699,exact_name_plus_nationality,high,False
shay given,20446,fbref_name::shay given,https://www.transfermarkt.com/shay-given/profil/spieler/3146,exact_name_plus_nationality,high,False
tim howard,13042,fbref_name::tim howard,https://www.transfermarkt.com/tim-howard/profil/spieler/4267,exact_name_plus_team_season,high,False
ruud van nistelrooy,19729,fbref_name::ruud van nistelrooy,https://www.transfermarkt.com/ruud-van-nistelrooy/profil/spieler/3407,exact_name_plus_nationality,high,False
diego forlan corazo,26199,,,unresolved,unresolved,True
stefano tacconi,39825,,https://www.transfermarkt.com/stefano-tacconi/profil/spieler/118257,exact_name_plus_nationality,high,False
diego armando maradona,38641,,,unresolved,unresolved,True
glenn murray,3085,fbref_name::glenn murray,https://www.transfermarkt.com/glenn-murray/profil/spieler/45693,exact_name_plus_nationality,high,False
charlie daniels,3345,fbref_name::charlie daniels,https://www.transfermarkt.com/charlie-daniels/profil/spieler/61819,exact_name_plus_nationality,high,False
adam federici,24888,,https://www.transfermarkt.com/adam-federici/profil/spieler/4233,exact_name_plus_nationality,medium,False
jonjo shelvey,3057,fbref_name::jonjo shelvey,https://www.transfermarkt.com/jonjo-shelvey/profil/spieler/71292,exact_name_plus_team_season,high,False
lukasz fabianski,3262,fbref_name::lukasz fabianski,https://www.transfermarkt.com/lukasz-fabianski/profil/spieler/29692,exact_name_plus_nationality,high,False
andre ayew pele,3347,,,unresolved,unresolved,True
gylfi thor sigurdsson,3944,,,unresolved,unresolved,True
ederzito antonio macedo lopes,15996,,https://www.transfermarkt.com/eder/profil/spieler/84481,exact_name_plus_nationality,high,False
bafetimbi gomis,20521,fbref_name::bafetimbi gomis,https://www.transfermarkt.com/bafetimbi-gomis/profil/spieler/22388,exact_name_plus_team_season,high,False
bertrand isidore traore,2956,,https://www.transfermarkt.com/bertrand-traore/profil/spieler/131996,exact_name_plus_nationality,high,False
asmir begovic,3339,fbref_name::asmir begovic,https://www.transfermarkt.com/asmir-begovic/profil/spieler/33873,exact_name_plus_team_season,high,False
alexandre rodrigues da silva,25351,,https://www.transfermarkt.com/alexandre-pato/profil/spieler/37579,exact_name_plus_nationality,high,False
oscar dos santos emboaba junior,40122,,,unresolved,unresolved,True
adrian san miguel del castillo,3623,,https://www.transfermarkt.com/adrian-san-miguel/profil/spieler/71271,exact_name_plus_nationality,high,False
mark noble,3874,fbref_name::mark noble,https://www.transfermarkt.com/mark-noble/profil/spieler/31835,exact_name_plus_nationality,high,False
andy carroll,4271,fbref_name::andy carroll,https://www.transfermarkt.com/andy-carroll/profil/spieler/48066,exact_name_plus_nationality,high,False
darren randolph,20066,fbref_name::darren randolph,https://www.transfermarkt.com/darren-randolph/profil/spieler/51321,exact_name_plus_nationality,high,False
enner remberto valencia lastra,28559,,https://www.transfermarkt.com/enner-valencia/profil/spieler/139503,exact_name_plus_nationality,high,False
maya yoshida,3300,fbref_name::maya yoshida,https://www.transfermarkt.com/maya-yoshida/profil/spieler/81789,exact_name_plus_nationality,high,False
james ward-prowse,3328,fbref_name::james ward-prowse,https://www.transfermarkt.com/james-ward-prowse/profil/spieler/181579,exact_name_plus_nationality,high,False
dusan tadic,3831,fbref_name::dusan tadic,https://www.transfermarkt.com/dusan-tadic/profil/spieler/36139,exact_name_plus_nationality,high,False
maarten stekelenburg,20201,fbref_name::maarten stekelenburg,https://www.transfermarkt.com/maarten-stekelenburg/profil/spieler/4311,exact_name_plus_nationality,high,False
julian speroni,3487,fbref_name::julian speroni,https://www.transfermarkt.com/julian-speroni/profil/spieler/12814,exact_name_plus_team_season,high,False
alex mccarthy,3619,fbref_name::alex mccarthy,https://www.transfermarkt.com/alex-mccarthy/profil/spieler/95976,exact_name_plus_nationality,high,False
mile jedinak,5489,fbref_name::mile jedinak,https://www.transfermarkt.com/mile-jedinak/profil/spieler/28336,exact_name_plus_team_season,high,False
costel fane pantilimon,6871,,https://www.transfermarkt.com/costel-pantilimon/profil/spieler/47659,exact_name_plus_nationality,high,False
fabio borini,7171,fbref_name::fabio borini,https://www.transfermarkt.com/fabio-borini/profil/spieler/96754,exact_name_plus_nationality,high,False
vito mannone,9539,fbref_name::vito mannone,https://www.transfermarkt.com/vito-mannone/profil/spieler/33781,exact_name_plus_nationality,high,False
steven fletcher,9554,fbref_name::steven fletcher,https://www.transfermarkt.com/steven-fletcher/profil/spieler/35099,exact_name_plus_nationality,high,False
adam johnson,42902,fbref_name::adam johnson,https://www.transfermarkt.com/adam-johnson/profil/spieler/31579,exact_name_plus_nationality,high,False
memphis depay,2988,,https://www.transfermarkt.com/memphis-depay/profil/spieler/167850,exact_name_plus_nationality,medium,False
david de gea quintana,3333,,https://www.transfermarkt.com/david-de-gea/profil/spieler/59377,exact_name_plus_nationality,high,False
ander herrera aguera,3606,,https://www.transfermarkt.com/ander-herrera/profil/spieler/99343,exact_name_plus_nationality,high,False
christian benteke liolo,3380,,,unresolved,unresolved,True
artur boruc,20074,,https://www.transfermarkt.com/artur-boruc/profil/spieler/15220,exact_name_plus_nationality,high,False
declan rudd,9014,fbref_name::declan rudd,https://www.transfermarkt.com/declan-rudd/profil/spieler/74088,exact_name_plus_nationality,high,False
wes hoolahan,10966,fbref_name::wes hoolahan,https://www.transfermarkt.com/wes-hoolahan/profil/spieler/24589,exact_name_plus_nationality,high,False
john ruddy,23635,fbref_name::john ruddy,https://www.transfermarkt.com/john-ruddy/profil/spieler/29712,exact_name_plus_nationality,high,False
james morrison,3490,fbref_name::james morrison,https://www.transfermarkt.com/james-morrison/profil/spieler/27614,exact_name_plus_nationality,high,False
jose salomon rondon gimenez,4041,,https://www.transfermarkt.com/salomon-rondon/profil/spieler/80197,exact_name_plus_nationality,high,False
saido berahino,4630,,https://www.transfermarkt.com/saido-berahino/profil/spieler/128897,exact_name_plus_nationality,high,False
glyn oliver myhill,5108,,https://www.transfermarkt.com/boaz-myhill/profil/spieler/3838,exact_name_plus_nationality,high,False
craig gardner,9485,fbref_name::craig gardner,https://www.transfermarkt.com/craig-gardner/profil/spieler/37171,exact_name_plus_nationality,high,False
rickie lambert,40124,fbref_name::rickie lambert,https://www.transfermarkt.com/rickie-lambert/profil/spieler/49655,exact_name_plus_nationality,high,False
jose leonardo ulloa,3671,,,unresolved,unresolved,True
riyad mahrez,3814,fbref_name::riyad mahrez,https://www.transfermarkt.com/riyad-mahrez/profil/spieler/171424,exact_name_plus_nationality,high,False
kasper schmeichel,3815,fbref_name::kasper schmeichel,https://www.transfermarkt.com/kasper-schmeichel/profil/spieler/16911,exact_name_plus_nationality,high,False
jamie vardy,10960,fbref_name::jamie vardy,https://www.transfermarkt.com/jamie-vardy/profil/spieler/197838,exact_name_plus_nationality,high,False
callum wilson,3616,fbref_name::callum wilson,https://www.transfermarkt.com/callum-wilson/profil/spieler/123682,exact_name_plus_team_season,high,False
jordan pickford,3468,fbref_name::jordan pickford,https://www.transfermarkt.com/jordan-pickford/profil/spieler/130164,exact_name_plus_nationality,high,False
romelu lukaku menama,3289,,,unresolved,unresolved,True
leighton baines,3518,fbref_name::leighton baines,https://www.transfermarkt.com/leighton-baines/profil/spieler/13507,exact_name_plus_nationality,high,False
ross barkley,4275,fbref_name::ross barkley,https://www.transfermarkt.com/ross-barkley/profil/spieler/131978,exact_name_plus_nationality,high,False
ben foster,4053,fbref_name::ben foster,https://www.transfermarkt.com/ben-foster/profil/spieler/13572,exact_name_plus_nationality,high,False
gnegneri yaya toure,3087,,,unresolved,unresolved,True
sergio leonel aguero del castillo,3237,,,unresolved,unresolved,True
joe hart,3291,fbref_name::joe hart,https://www.transfermarkt.com/joe-hart/profil/spieler/40204,exact_name_plus_nationality,high,False
wilfried guemiand bony,3598,,,unresolved,unresolved,True
kelechi promise iheanacho,3708,,https://www.transfermarkt.com/kelechi-iheanacho/profil/spieler/295330,exact_name_plus_nationality,high,False
aleksandar kolarov,5596,fbref_name::aleksandar kolarov,https://www.transfermarkt.com/aleksandar-kolarov/profil/spieler/46156,exact_name_plus_nationality,high,False
nordin amrabat,3302,fbref_name::nordin amrabat,https://www.transfermarkt.com/nordin-amrabat/profil/spieler/55619,exact_name_plus_nationality,high,False
troy deeney,3454,fbref_name::troy deeney,https://www.transfermarkt.com/troy-deeney/profil/spieler/65477,exact_name_plus_team_season,high,False
heurelho da silva gomes,3522,,https://www.transfermarkt.com/heurelho-gomes/profil/spieler/19059,exact_name_plus_nationality,high,False
yohan cabaye,3277,fbref_name::yohan cabaye,https://www.transfermarkt.com/yohan-cabaye/profil/spieler/29434,exact_name_plus_nationality,high,False
wayne hennessey,3488,fbref_name::wayne hennessey,https://www.transfermarkt.com/wayne-hennessey/profil/spieler/45494,exact_name_plus_nationality,high,False
connor wickham,20641,fbref_name::connor wickham,https://www.transfermarkt.com/connor-wickham/profil/spieler/95435,exact_name_plus_nationality,high,False
marko arnautovic,3325,fbref_name::marko arnautovic,https://www.transfermarkt.com/marko-arnautovic/profil/spieler/41384,exact_name_plus_nationality,high,False
jack butland,3537,fbref_name::jack butland,https://www.transfermarkt.com/jack-butland/profil/spieler/128899,exact_name_plus_nationality,high,False
bojan krkic perez,4913,,https://www.transfermarkt.com/bojan-krkic/profil/spieler/44675,exact_name_plus_nationality,high,False
jakob haugaard,41185,fbref_name::jakob haugaard,https://www.transfermarkt.com/jakob-haugaard/profil/spieler/138335,exact_name_plus_nationality,high,False
radamel falcao garcia zarate,3445,,https://www.transfermarkt.com/radamel-falcao/profil/spieler/39152,exact_name_plus_nationality,high,False
eden hazard,3621,fbref_name::eden hazard,https://www.transfermarkt.com/eden-hazard/profil/spieler/50202,exact_name_plus_nationality,high,False
victor moses,3963,fbref_name::victor moses,https://www.transfermarkt.com/victor-moses/profil/spieler/59866,exact_name_plus_nationality,high,False
jordan ayew,3450,fbref_name::jordan ayew,https://www.transfermarkt.com/jordan-ayew/profil/spieler/108354,exact_name_plus_nationality,high,False
scott sinclair,11117,fbref_name::scott sinclair,https://www.transfermarkt.com/scott-sinclair/profil/spieler/31552,exact_name_plus_team_season,high,False
bradley guzan,12608,,,unresolved,unresolved,True
mark bunn,18672,fbref_name::mark bunn,https://www.transfermarkt.com/mark-bunn/profil/spieler/49319,exact_name_plus_team_season,high,False
steven berghuis,7745,fbref_name::steven berghuis,https://www.transfermarkt.com/steven-berghuis/profil/spieler/129554,exact_name_plus_nationality,high,False
andreas hoelgebaum pereira,6846,,,unresolved,unresolved,True
chancel mbemba mangulu,3044,,,unresolved,unresolved,True
rob elliot,3096,fbref_name::rob elliot,https://www.transfermarkt.com/rob-elliot/profil/spieler/39037,exact_name_plus_nationality,high,False
karl darlow,3649,,https://www.transfermarkt.com/karl-darlow/profil/spieler/99397,exact_name_plus_nationality,medium,False
ivan toney,3834,fbref_name::ivan toney,https://www.transfermarkt.com/ivan-toney/profil/spieler/251664,exact_name_plus_team_season,high,False
aleksandar mitrovic,4269,,https://www.transfermarkt.com/aleksandar-mitrovic/profil/spieler/51152,exact_name_plus_nationality,medium,False
olivier giroud,3604,fbref_name::olivier giroud,https://www.transfermarkt.com/olivier-giroud/profil/spieler/82442,exact_name_plus_nationality,high,False
jindrich stanek,28040,,https://www.transfermarkt.com/jindrich-stanek/profil/spieler/242089,exact_name_plus_nationality,high,False
wahbi khazri,3196,fbref_name::wahbi khazri,https://www.transfermarkt.com/wahbi-khazri/profil/spieler/103565,exact_name_plus_team_season,high,False
daniel bachmann,21532,,https://www.transfermarkt.com/daniel-bachmann/profil/spieler/120186,exact_name_plus_nationality,high,False
andrej kramaric,5460,fbref_name::andrej kramaric,https://www.transfermarkt.com/andrej-kramaric/profil/spieler/46580,exact_name_plus_nationality,high,False
giedrius arlauskis,31904,fbref_name::giedrius arlauskis,https://www.transfermarkt.com/giedrius-arlauskis/profil/spieler/69001,exact_name_plus_nationality,high,False
marcus rashford,3318,fbref_name::marcus rashford,https://www.transfermarkt.com/marcus-rashford/profil/spieler/258923,exact_name_plus_nationality,high,False
santiago cazorla gonzalez,11386,,https://www.transfermarkt.com/santi-cazorla/profil/spieler/15799,exact_name_plus_nationality,high,False
pernille mosegaard harder,10108,,,unresolved,unresolved,True
melanie leupolz,15648,fbref_name::melanie leupolz,,exact_name_plus_nationality,high,False
stine larsen,10102,,,unresolved,unresolved,True
lisa weiss,38317,,,unresolved,unresolved,True
isobel mary christiansen,4645,,,unresolved,unresolved,True
grace clinton,46740,,,unresolved,unresolved,True
rafael mir vicente,23812,,https://www.transfermarkt.com/rafa-mir/profil/spieler/361254,exact_name_plus_nationality,high,False
miralem pjanic,6947,fbref_name::miralem pjanic,https://www.transfermarkt.com/miralem-pjanic/profil/spieler/44162,exact_name_plus_team_season,high,False
alejandro fernandez iglesias,23967,,https://www.transfermarkt.com/alex-fernandez/profil/spieler/89733,exact_name_plus_nationality,high,False
jeremias ledesma,29198,fbref_name::jeremias ledesma,,exact_name_plus_team_season,high,False
federico santiago valverde dipetta,6773,,,unresolved,unresolved,True
eder gabriel militao,13620,,,unresolved,unresolved,True
rodrygo silva de goes,25104,,,unresolved,unresolved,True
david soria solis,6722,,https://www.transfermarkt.com/david-soria/profil/spieler/226012,exact_name_plus_nationality,high,False
jaime mata arnaiz,11550,,https://www.transfermarkt.com/jaime-mata/profil/spieler/227961,exact_name_plus_nationality,high,False
carlos arturo bacca ahumada,5688,,https://www.transfermarkt.com/carlos-bacca/profil/spieler/119235,exact_name_plus_nationality,high,False
geronimo rulli,6694,fbref_name::geronimo rulli,https://www.transfermarkt.com/geronimo-rulli/profil/spieler/229604,exact_name_plus_team_season,high,False
gerard moreno balaguero,6766,,https://www.transfermarkt.com/gerard-moreno/profil/spieler/177467,exact_name_plus_nationality,high,False
alessia russo,47521,fbref_name::alessia russo,,exact_name_plus_nationality,high,False
khiara keating,92248,,,unresolved,unresolved,True
dagny brynjarsdottir,10124,,,unresolved,unresolved,True
francesca bentley,64240,,,unresolved,unresolved,True
jonas lossl,3322,fbref_name::jonas lossl,https://www.transfermarkt.com/jonas-lossl/profil/spieler/48870,exact_name_plus_nationality,high,False
pierre-emile hojbjerg,3570,,https://www.transfermarkt.com/pierre-emile-hojbjerg/profil/spieler/167799,exact_name_plus_nationality,high,False
frederik ronnow,12420,fbref_name::frederik ronnow,https://www.transfermarkt.com/frederik-ronnow/profil/spieler/107775,exact_name_plus_nationality,high,False
lukas hradecky,8667,,https://www.transfermarkt.com/lukas-hradecky/profil/spieler/48015,exact_name_plus_nationality,high,False
joni ensio kauko,24303,,,unresolved,unresolved,True
anthony lopes,2947,fbref_name::anthony lopes,https://www.transfermarkt.com/anthony-lopes/profil/spieler/60561,exact_name_plus_nationality,high,False
bernardo mota veiga de carvalho e silva,3193,,https://www.transfermarkt.com/bernardo-silva/profil/spieler/241641,exact_name_plus_nationality,high,False
bruno miguel borges fernandes,5204,,https://www.transfermarkt.com/bruno-fernandes/profil/spieler/240306,exact_name_plus_nationality,high,False
rui pedro dos santos patricio,5205,,https://www.transfermarkt.com/rui-patricio/profil/spieler/45026,exact_name_plus_nationality,high,False
nuno mendes,41092,fbref_name::nuno mendes,https://www.transfermarkt.com/nuno-mendes/profil/spieler/616341,exact_name_plus_nationality,high,False
peter gulacsi,8524,fbref_name::peter gulacsi,https://www.transfermarkt.com/peter-gulacsi/profil/spieler/57071,exact_name_plus_nationality,high,False
hakan calhanoglu,7039,,https://www.transfermarkt.com/hakan-calhanoglu/profil/spieler/126414,exact_name_plus_nationality,medium,False
ugurcan cakir,30357,,https://www.transfermarkt.com/ugurcan-cakir/profil/spieler/292199,exact_name_plus_nationality,medium,False
wout weghorst,7829,fbref_name::wout weghorst,https://www.transfermarkt.com/wout-weghorst/profil/spieler/228645,exact_name_plus_nationality,high,False
luuk de jong,20033,fbref_name::luuk de jong,https://www.transfermarkt.com/luuk-de-jong/profil/spieler/72522,exact_name_plus_team_season,high,False
ruslan malinovskiy,16557,,https://www.transfermarkt.com/ruslan-malinovskyi/profil/spieler/207877,exact_name_plus_nationality,high,False
heorhii bushchan,22243,,,unresolved,unresolved,True
ezgjan alioski,4713,,https://www.transfermarkt.com/ezgjan-alioski/profil/spieler/129604,exact_name_plus_nationality,medium,False
patrik schick,7044,,https://www.transfermarkt.com/patrik-schick/profil/spieler/242086,exact_name_plus_nationality,high,False
nikola vlasic,3441,fbref_name::nikola vlasic,https://www.transfermarkt.com/nikola-vlasic/profil/spieler/293200,exact_name_plus_nationality,high,False
mateo kovacic,5456,fbref_name::mateo kovacic,https://www.transfermarkt.com/mateo-kovacic/profil/spieler/51471,exact_name_plus_nationality,high,False
domagoj vida,5468,fbref_name::domagoj vida,https://www.transfermarkt.com/domagoj-vida/profil/spieler/46083,exact_name_plus_nationality,high,False
marcelo brozovic,5469,fbref_name::marcelo brozovic,https://www.transfermarkt.com/marcelo-brozovic/profil/spieler/156617,exact_name_plus_nationality,high,False
milan badelj,6305,fbref_name::milan badelj,https://www.transfermarkt.com/milan-badelj/profil/spieler/40633,exact_name_plus_nationality,high,False
bruno petkovic,7693,fbref_name::bruno petkovic,https://www.transfermarkt.com/bruno-petkovic/profil/spieler/256358,exact_name_plus_nationality,high,False
mislav orsic,16527,fbref_name::mislav orsic,https://www.transfermarkt.com/mislav-orsic/profil/spieler/119150,exact_name_plus_nationality,high,False
dominik livakovic,16531,fbref_name::dominik livakovic,https://www.transfermarkt.com/dominik-livakovic/profil/spieler/205927,exact_name_plus_nationality,high,False
emil peter forsberg,5625,,https://www.transfermarkt.com/emil-forsberg/profil/spieler/111078,exact_name_plus_nationality,high,False
martin dubravka,3711,fbref_name::martin dubravka,https://www.transfermarkt.com/martin-dubravka/profil/spieler/74960,exact_name_plus_team_season,high,False
marek hamsik,7025,fbref_name::marek hamsik,https://www.transfermarkt.com/marek-hamsik/profil/spieler/38593,exact_name_plus_team_season,high,False
wojciech szczesny,5669,fbref_name::wojciech szczesny,https://www.transfermarkt.com/wojciech-szczesny/profil/spieler/44058,exact_name_plus_nationality,high,False
przemyslaw frankowski,7979,fbref_name::przemyslaw frankowski,https://www.transfermarkt.com/przemyslaw-frankowski/profil/spieler/239743,exact_name_plus_nationality,high,False
lukasz skorupski,11508,fbref_name::lukasz skorupski,https://www.transfermarkt.com/lukasz-skorupski/profil/spieler/80894,exact_name_plus_nationality,high,False
unai simon mendibil,11748,,https://www.transfermarkt.com/unai-simon/profil/spieler/262396,exact_name_plus_nationality,high,False
daniel olmo carvajal,16532,,https://www.transfermarkt.com/dani-olmo/profil/spieler/293385,exact_name_plus_nationality,high,False
mario figueira fernandes,5170,,,unresolved,unresolved,True
aleksandr golovin,5177,fbref_name::aleksandr golovin,https://www.transfermarkt.com/aleksandr-golovin/profil/spieler/263918,exact_name_plus_nationality,high,False
daler kuzyaev,5179,fbref_name::daler kuzyaev,https://www.transfermarkt.com/daler-kuzyaev/profil/spieler/279570,exact_name_plus_nationality,high,False
artem dzyuba,5195,fbref_name::artem dzyuba,https://www.transfermarkt.com/artem-dzyuba/profil/spieler/48067,exact_name_plus_team_season,high,False
presnel kimpembe,2999,fbref_name::presnel kimpembe,https://www.transfermarkt.com/presnel-kimpembe/profil/spieler/282041,exact_name_plus_team_season,high,False
kylian mbappe lottin,3009,,https://www.transfermarkt.com/kylian-mbappe/profil/spieler/342229,exact_name_plus_nationality,high,False
steve mandanda,3543,fbref_name::steve mandanda,https://www.transfermarkt.com/steve-mandanda/profil/spieler/23951,exact_name_plus_team_season,high,False
mike maignan,3761,fbref_name::mike maignan,https://www.transfermarkt.com/mike-maignan/profil/spieler/182906,exact_name_plus_nationality,high,False
jules kounde,4445,fbref_name::jules kounde,https://www.transfermarkt.com/jules-kounde/profil/spieler/411975,exact_name_plus_nationality,high,False
kingsley coman,8217,fbref_name::kingsley coman,https://www.transfermarkt.com/kingsley-coman/profil/spieler/243714,exact_name_plus_nationality,high,False
paul pogba,20004,fbref_name::paul pogba,https://www.transfermarkt.com/paul-pogba/profil/spieler/122153,exact_name_plus_nationality,high,False
marcus thuram,2972,fbref_name::marcus thuram,https://www.transfermarkt.com/marcus-thuram/profil/spieler/318528,exact_name_plus_nationality,high,False
fabian lukas schar,5537,,https://www.transfermarkt.com/fabian-schar/profil/spieler/135343,exact_name_plus_nationality,high,False
ricardo ivan rodriguez araya,5544,,https://www.transfermarkt.com/ricardo-rodriguez/profil/spieler/86784,exact_name_plus_nationality,high,False
manuel obafemi akanji,5549,,https://www.transfermarkt.com/manuel-akanji/profil/spieler/284730,exact_name_plus_nationality,high,False
yann sommer,5550,fbref_name::yann sommer,https://www.transfermarkt.com/yann-sommer/profil/spieler/42205,exact_name_plus_nationality,high,False
mario gavranovic,5834,fbref_name::mario gavranovic,https://www.transfermarkt.com/mario-gavranovic/profil/spieler/61380,exact_name_plus_nationality,high,False
admir mehmedi,8219,,https://www.transfermarkt.com/admir-mehmedi/profil/spieler/66058,exact_name_plus_nationality,high,False
ruben vargas,30401,fbref_name::ruben vargas,https://www.transfermarkt.com/ruben-vargas/profil/spieler/345886,exact_name_plus_nationality,high,False
michy batshuayi tunga,3457,,,unresolved,unresolved,True
jorge luiz frello filho,7024,,https://www.transfermarkt.com/jorginho/profil/spieler/102017,exact_name_plus_nationality,high,False
gianluigi donnarumma,7036,fbref_name::gianluigi donnarumma,https://www.transfermarkt.com/gianluigi-donnarumma/profil/spieler/315858,exact_name_plus_nationality,high,False
lorenzo insigne,7037,fbref_name::lorenzo insigne,https://www.transfermarkt.com/lorenzo-insigne/profil/spieler/133964,exact_name_plus_nationality,high,False
manuel locatelli,7038,,https://www.transfermarkt.com/manuel-locatelli/profil/spieler/265088,exact_name_plus_nationality,high,False
domenico berardi,7131,fbref_name::domenico berardi,https://www.transfermarkt.com/domenico-berardi/profil/spieler/177843,exact_name_plus_nationality,high,False
leonardo bonucci,7173,fbref_name::leonardo bonucci,https://www.transfermarkt.com/leonardo-bonucci/profil/spieler/39983,exact_name_plus_nationality,high,False
andrea belotti,7471,fbref_name::andrea belotti,https://www.transfermarkt.com/andrea-belotti/profil/spieler/167727,exact_name_plus_nationality,high,False
federico bernardeschi,7777,fbref_name::federico bernardeschi,https://www.transfermarkt.com/federico-bernardeschi/profil/spieler/197300,exact_name_plus_nationality,high,False
ciro immobile,7788,fbref_name::ciro immobile,https://www.transfermarkt.com/ciro-immobile/profil/spieler/105521,exact_name_plus_nationality,high,False
harry maguire,3336,fbref_name::harry maguire,https://www.transfermarkt.com/harry-maguire/profil/spieler/177907,exact_name_plus_nationality,high,False
jadon sancho,12423,fbref_name::jadon sancho,https://www.transfermarkt.com/jadon-sancho/profil/spieler/401173,exact_name_plus_nationality,high,False
bukayo saka,22084,fbref_name::bukayo saka,https://www.transfermarkt.com/bukayo-saka/profil/spieler/433177,exact_name_plus_team_season,high,False
jude bellingham,30714,fbref_name::jude bellingham,https://www.transfermarkt.com/jude-bellingham/profil/spieler/581678,exact_name_plus_team_season,high,False
marcos aoas correa,4372,,,unresolved,unresolved,True
achraf hakimi mouh,5245,,,unresolved,unresolved,True
dimitry bertaud,22823,fbref_name::dimitry bertaud,https://www.transfermarkt.com/dimitry-bertaud/profil/spieler/371816,exact_name_plus_team_season,high,False
mauro emanuel icardi rivero,6987,,,unresolved,unresolved,True
leandro daniel paredes,16308,,https://www.transfermarkt.com/leandro-paredes/profil/spieler/166237,exact_name_plus_nationality,high,False
aurelien djani tchouameni,10481,,https://www.transfermarkt.com/aurelien-tchouameni/profil/spieler/413112,exact_name_plus_nationality,high,False
youssouf fofana,11990,fbref_name::youssouf fofana,https://www.transfermarkt.com/youssouf-fofana/profil/spieler/569598,exact_name_plus_nationality,high,False
alexander nubel,20662,fbref_name::alexander nubel,https://www.transfermarkt.com/alexander-nubel/profil/spieler/195778,exact_name_plus_nationality,high,False
islam slimani,3811,fbref_name::islam slimani,https://www.transfermarkt.com/islam-slimani/profil/spieler/174915,exact_name_plus_nationality,high,False
lucas tolentino coelho de lima,22600,,,unresolved,unresolved,True
bradley barcola,39420,fbref_name::bradley barcola,https://www.transfermarkt.com/bradley-barcola/profil/spieler/708265,exact_name_plus_team_season,high,False
alban lafont,2981,fbref_name::alban lafont,https://www.transfermarkt.com/alban-lafont/profil/spieler/357117,exact_name_plus_team_season,high,False
ludovic blas,3235,fbref_name::ludovic blas,https://www.transfermarkt.com/ludovic-blas/profil/spieler/288225,exact_name_plus_team_season,high,False
randal kolo muani,22097,fbref_name::randal kolo muani,https://www.transfermarkt.com/randal-kolo-muani/profil/spieler/487969,exact_name_plus_team_season,high,False
jessy moulin,3419,fbref_name::jessy moulin,https://www.transfermarkt.com/jessy-moulin/profil/spieler/33925,exact_name_plus_nationality,high,False
florian tardieu,7219,fbref_name::florian tardieu,https://www.transfermarkt.com/florian-tardieu/profil/spieler/212804,exact_name_plus_nationality,high,False
cheikh ahmadou bamba mbacke dieng,88123,,https://www.transfermarkt.com/bamba-dieng/profil/spieler/822458,exact_name_plus_nationality,high,False
grejohn kyei,7367,fbref_name::grejohn kyei,https://www.transfermarkt.com/grejohn-kyei/profil/spieler/321647,exact_name_plus_team_season,high,False
mohamed bayo,8454,,https://www.transfermarkt.com/mohamed-bayo/profil/spieler/594991,exact_name_plus_nationality,medium,False
arthur desmas,22125,fbref_name::arthur desmas,https://www.transfermarkt.com/arthur-desmas/profil/spieler/379869,exact_name_plus_nationality,high,False
alexandre letellier,3432,fbref_name::alexandre letellier,https://www.transfermarkt.com/alexandre-letellier/profil/spieler/93730,exact_name_plus_nationality,high,False
dheeraj singh moirangthem,124911,,,unresolved,unresolved,True
jorge ortiz mendoza,159764,,https://www.transfermarkt.com/jorge-ortiz/profil/spieler/379629,exact_name_plus_nationality,high,False
hrithik tiwari,159785,,https://www.transfermarkt.com/hrithik-tiwari/profil/spieler/742268,exact_name_plus_nationality,high,False
franjo prce,32945,fbref_name::franjo prce,https://www.transfermarkt.com/franjo-prce/profil/spieler/240260,exact_name_plus_nationality,high,False
daniel chima chukwu,161091,,https://www.transfermarkt.com/daniel-chima-chukwu/profil/spieler/146561,exact_name_plus_nationality,high,False
antonio perosevic,161111,,https://www.transfermarkt.com/antonio-perosevic/profil/spieler/149228,exact_name_plus_nationality,high,False
suvam sen,161115,,https://www.transfermarkt.com/suvam-sen/profil/spieler/630640,exact_name_plus_nationality,high,False
igor angulo alboniga,8038,,https://www.transfermarkt.com/igor-angulo/profil/spieler/29115,exact_name_plus_nationality,high,False
ahmed jahouh,159771,,https://www.transfermarkt.com/ahmed-jahouh/profil/spieler/234953,exact_name_plus_nationality,high,False
mohammad nawaz,159775,,https://www.transfermarkt.com/mohammad-nawaz/profil/spieler/468160,exact_name_plus_nationality,high,False
airam lopez cabrera,13607,,https://www.transfermarkt.com/airam-cabrera/profil/spieler/129149,exact_name_plus_nationality,high,False
sunil chhetri,124748,,https://www.transfermarkt.com/sunil-chhetri/profil/spieler/64601,exact_name_plus_nationality,high,False
gurpreet singh sandhu,124758,,https://www.transfermarkt.com/gurpreet-singh-sandhu/profil/spieler/173146,exact_name_plus_nationality,high,False
cleiton augusto oliveira silva,162209,,https://www.transfermarkt.com/cleiton-silva/profil/spieler/281827,exact_name_plus_nationality,high,False
joao victor de albuquerque bruno,26675,,,unresolved,unresolved,True
javier siverio toro,41858,,https://www.transfermarkt.com/javi-siverio/profil/spieler/521547,exact_name_plus_nationality,high,False
laxmikant kattimani,164482,,https://www.transfermarkt.com/laxmikant-kattimani/profil/spieler/211387,exact_name_plus_nationality,high,False
francisco javier hernandez gonzalez,8150,,https://www.transfermarkt.com/javi-hernandez/profil/spieler/62917,exact_name_plus_nationality,high,False
kamaljit singh,124784,,https://www.transfermarkt.com/kamaljit-singh/profil/spieler/280876,exact_name_plus_nationality,high,False
vladimir koman jr.,51364,,,unresolved,unresolved,True
lukasz gikiewicz,164476,,https://www.transfermarkt.com/lukasz-gikiewicz/profil/spieler/108793,exact_name_plus_nationality,high,False
debjit majumder,164480,,https://www.transfermarkt.com/debjit-majumder/profil/spieler/382359,exact_name_plus_nationality,high,False
vishal kaith,164492,,https://www.transfermarkt.com/vishal-kaith/profil/spieler/416245,exact_name_plus_nationality,high,False
marko leskovic,20837,,https://www.transfermarkt.com/marko-leskovic/profil/spieler/133834,exact_name_plus_nationality,high,False
alvaro vazquez garcia,24035,,https://www.transfermarkt.com/alvaro-vazquez/profil/spieler/141835,exact_name_plus_nationality,high,False
jorge rolando pereyra diaz,28251,,https://www.transfermarkt.com/jorge-pereyra-diaz/profil/spieler/129660,exact_name_plus_nationality,high,False
nishu kumar tashni,127056,,https://www.transfermarkt.com/nishu-kumar/profil/spieler/419520,exact_name_plus_nationality,high,False
prabhushkan singh gill,163347,,,unresolved,unresolved,True
jeakson singh thaunaojam,163355,,,unresolved,unresolved,True
ayush adhikari,163358,,https://www.transfermarkt.com/ayush-adhikari/profil/spieler/644952,exact_name_plus_nationality,high,False
iman basafa,162205,,https://www.transfermarkt.com/iman-basafa/profil/spieler/300413,exact_name_plus_nationality,medium,False
amrinder singh,124773,,https://www.transfermarkt.com/amrinder-singh/profil/spieler/301053,exact_name_plus_nationality,high,False
roy krishna,163344,,https://www.transfermarkt.com/roy-krishna/profil/spieler/64495,exact_name_plus_nationality,high,False
david joel williams,163345,,,unresolved,unresolved,True
halicharan narzary,164489,,https://www.transfermarkt.com/halicharan-narzary/profil/spieler/343461,exact_name_plus_nationality,high,False
albino gomes,163346,,https://www.transfermarkt.com/albino-gomes/profil/spieler/382358,exact_name_plus_nationality,high,False
diego mauricio machado de brito,192018,,https://www.transfermarkt.com/diego-mauricio/profil/spieler/138141,exact_name_plus_nationality,high,False
subhasish roy chowdhury,162747,,https://www.transfermarkt.com/subhasish-roy-chowdhury/profil/spieler/171853,exact_name_plus_nationality,high,False
arindam bhattacharja,161107,,https://www.transfermarkt.com/arindam-bhattacharja/profil/spieler/171850,exact_name_plus_nationality,high,False
greg stewart,13322,,https://www.transfermarkt.com/greg-stewart/profil/spieler/156775,exact_name_plus_nationality,high,False
rehnesh thumbirumbu paramba,161097,,,unresolved,unresolved,True
mirshad koottappunna,162754,,https://www.transfermarkt.com/mirshad-k-michu/profil/spieler/559427,exact_name_plus_nationality,high,False
naveen kumar,165322,,https://www.transfermarkt.com/naveen-kumar/profil/spieler/481160,exact_name_plus_nationality,high,False
antonio rodriguez martinez,26070,,https://www.transfermarkt.com/tono/profil/spieler/35536,exact_name_plus_nationality,high,False
youssef el-arabi,27109,fbref_name::youssef el-arabi,,exact_name_plus_team_season,high,False
angel lafita castillo,26020,,https://www.transfermarkt.com/angel-lafita/profil/spieler/35562,exact_name_plus_nationality,high,False
simone verdi,7170,fbref_name::simone verdi,https://www.transfermarkt.com/simone-verdi/profil/spieler/130360,exact_name_plus_nationality,high,False
felipe salvador caicedo corozo,7781,,,unresolved,unresolved,True
francesco bardi,13614,fbref_name::francesco bardi,https://www.transfermarkt.com/francesco-bardi/profil/spieler/110925,exact_name_plus_nationality,high,False
carlos alberto vela garrido,5560,,https://www.transfermarkt.com/carlos-vela/profil/spieler/35773,exact_name_plus_nationality,high,False
xabier prieto argarate,6690,,https://www.transfermarkt.com/xabi-prieto/profil/spieler/15693,exact_name_plus_nationality,high,False
jorge franco alviz,6624,,https://www.transfermarkt.com/burgui/profil/spieler/246277,exact_name_plus_nationality,high,False
alphonse areola,3379,fbref_name::alphonse areola,https://www.transfermarkt.com/alphonse-areola/profil/spieler/120629,exact_name_plus_team_season,high,False
michael krohn-dehli,6356,fbref_name::michael krohn-dehli,https://www.transfermarkt.com/michael-krohn-dehli/profil/spieler/18006,exact_name_plus_nationality,high,False
sergio rico gonzalez,6823,,https://www.transfermarkt.com/sergio-rico/profil/spieler/207302,exact_name_plus_nationality,high,False
yevhen konoplyanka,8523,fbref_name::yevhen konoplyanka,,exact_name_plus_team_season,high,False
francisco guillermo ochoa magana,5577,,https://www.transfermarkt.com/guillermo-ochoa/profil/spieler/29559,exact_name_plus_nationality,high,False
charles dias barbosa de oliveira,6707,,,unresolved,unresolved,True
sergio paulo barbosa valente,25859,,https://www.transfermarkt.com/duda/profil/spieler/7782,exact_name_plus_nationality,high,False
idriss carlos kameni,26103,,,unresolved,unresolved,True
jonas manuel gutierrez,25997,,,unresolved,unresolved,True
german dario lux,27305,,,unresolved,unresolved,True
mathew ryan,3240,fbref_name::mathew ryan,https://www.transfermarkt.com/mathew-ryan/profil/spieler/128969,exact_name_plus_team_season,high,False
giuseppe rossi,7141,fbref_name::giuseppe rossi,https://www.transfermarkt.com/giuseppe-rossi/profil/spieler/19104,exact_name_plus_nationality,high,False
antonio alberto bastos pimparel,27111,,https://www.transfermarkt.com/beto/profil/spieler/35242,exact_name_plus_nationality,high,False
khassa camara,32394,,https://www.transfermarkt.com/khassa-camara/profil/spieler/190911,exact_name_plus_nationality,medium,False
benjamin nivet,3002,fbref_name::benjamin nivet,https://www.transfermarkt.com/benjamin-nivet/profil/spieler/33927,exact_name_plus_nationality,high,False
paul bernardoni,7193,fbref_name::paul bernardoni,https://www.transfermarkt.com/paul-bernardoni/profil/spieler/318507,exact_name_plus_nationality,high,False
matthieu dreyer,36553,fbref_name::matthieu dreyer,https://www.transfermarkt.com/matthieu-dreyer/profil/spieler/57134,exact_name_plus_nationality,high,False
jules goda,7515,fbref_name::jules goda,https://www.transfermarkt.com/jules-goda/profil/spieler/63226,exact_name_plus_nationality,high,False
mohamed larbi,10616,fbref_name::mohamed larbi,https://www.transfermarkt.com/mohamed-larbi/profil/spieler/138949,exact_name_plus_team_season,high,False
clement maury,401508,fbref_name::clement maury,https://www.transfermarkt.com/clement-maury/profil/spieler/148597,exact_name_plus_nationality,high,False
denis petric,34953,fbref_name::denis petric,https://www.transfermarkt.com/denis-petric/profil/spieler/28356,exact_name_plus_nationality,high,False
valentin eysseric,4254,fbref_name::valentin eysseric,https://www.transfermarkt.com/valentin-eysseric/profil/spieler/126687,exact_name_plus_nationality,high,False
yoan cardinale,4257,fbref_name::yoan cardinale,https://www.transfermarkt.com/yoan-cardinale/profil/spieler/241231,exact_name_plus_nationality,high,False
mouez hassen,5653,,https://www.transfermarkt.com/mouez-hassen/profil/spieler/215677,exact_name_plus_nationality,medium,False
hatem ben arfa,16462,fbref_name::hatem ben arfa,https://www.transfermarkt.com/hatem-ben-arfa/profil/spieler/18900,exact_name_plus_nationality,high,False
jean-louis leca,7282,fbref_name::jean-louis leca,https://www.transfermarkt.com/jean-louis-leca/profil/spieler/27490,exact_name_plus_nationality,high,False
gael danic,7349,fbref_name::gael danic,https://www.transfermarkt.com/gael-danic/profil/spieler/5457,exact_name_plus_nationality,high,False
floyd ayite,15689,fbref_name::floyd ayite,https://www.transfermarkt.com/floyd-ayite/profil/spieler/77974,exact_name_plus_nationality,high,False
benjamin lecomte,3008,fbref_name::benjamin lecomte,https://www.transfermarkt.com/benjamin-lecomte/profil/spieler/127181,exact_name_plus_nationality,high,False
abdul majeed waris,7615,fbref_name::abdul majeed waris,https://www.transfermarkt.com/majeed-waris/profil/spieler/146805,exact_name_plus_nationality,high,False
benjamin moukandjo bile,33178,,,unresolved,unresolved,True
jimmy briand,3213,fbref_name::jimmy briand,https://www.transfermarkt.com/jimmy-briand/profil/spieler/18909,exact_name_plus_team_season,high,False
sloan privat,4799,fbref_name::sloan privat,https://www.transfermarkt.com/sloan-privat/profil/spieler/66407,exact_name_plus_nationality,high,False
abdelaziz barrada,23933,fbref_name::abdelaziz barrada,,exact_name_plus_team_season,high,False
mauro daniel goicoechea furia,22130,,,unresolved,unresolved,True
ali nadhoim ahamada,41385,,,unresolved,unresolved,True
giovanni-guy yann sio,3018,,,unresolved,unresolved,True
fallou diagne,3022,fbref_name::fallou diagne,https://www.transfermarkt.com/fallou-diagne/profil/spieler/82389,exact_name_plus_nationality,high,False
benoit guy robert costil,3354,,,unresolved,unresolved,True
paul-georges ntep de madiba,4900,,,unresolved,unresolved,True
pedro henrique konzen medina da silva,16503,,https://www.transfermarkt.com/pedro-henrique/profil/spieler/213368,exact_name_plus_nationality,high,False
sylvain armand,40699,fbref_name::sylvain armand,https://www.transfermarkt.com/sylvain-armand/profil/spieler/3525,exact_name_plus_nationality,high,False
remy riou,25377,fbref_name::remy riou,https://www.transfermarkt.com/remy-riou/profil/spieler/18940,exact_name_plus_nationality,high,False
jerome prior,4509,fbref_name::jerome prior,https://www.transfermarkt.com/jerome-prior/profil/spieler/238720,exact_name_plus_nationality,high,False
cedric carrasso,40533,fbref_name::cedric carrasso,https://www.transfermarkt.com/cedric-carrasso/profil/spieler/5308,exact_name_plus_nationality,high,False
jacques zoua daogari,401505,,https://www.transfermarkt.com/jacques-zoua/profil/spieler/106181,exact_name_plus_nationality,high,False
danijel subasic,3444,,https://www.transfermarkt.com/danijel-subasic/profil/spieler/27941,exact_name_plus_nationality,high,False
adama traore,4464,,https://www.transfermarkt.com/adama-traore/profil/spieler/204103,exact_name_plus_nationality,medium,False
sofiane boufal,3625,fbref_name::sofiane boufal,https://www.transfermarkt.com/sofiane-boufal/profil/spieler/232271,exact_name_plus_team_season,high,False
vincent enyeama,40484,fbref_name::vincent enyeama,https://www.transfermarkt.com/vincent-enyeama/profil/spieler/37760,exact_name_plus_nationality,high,False
abdoul razzagui camara,3078,,,unresolved,unresolved,True
thomas mangani,3185,fbref_name::thomas mangani,https://www.transfermarkt.com/thomas-mangani/profil/spieler/18934,exact_name_plus_nationality,high,False
billy ketkeophomphone,4441,fbref_name::billy ketkeophomphone,https://www.transfermarkt.com/billy-ketkeophomphone/profil/spieler/134712,exact_name_plus_team_season,high,False
ludovic butelle,4547,fbref_name::ludovic butelle,https://www.transfermarkt.com/ludovic-butelle/profil/spieler/12029,exact_name_plus_nationality,high,False
jonas martin,2950,fbref_name::jonas martin,https://www.transfermarkt.com/jonas-martin/profil/spieler/127142,exact_name_plus_nationality,high,False
ryad boudebouz,6661,fbref_name::ryad boudebouz,https://www.transfermarkt.com/ryad-boudebouz/profil/spieler/77826,exact_name_plus_nationality,high,False
laurent pionnier,40645,fbref_name::laurent pionnier,https://www.transfermarkt.com/laurent-pionnier/profil/spieler/5686,exact_name_plus_nationality,high,False
jonathan ligali,42428,fbref_name::jonathan ligali,https://www.transfermarkt.com/jonathan-ligali/profil/spieler/127140,exact_name_plus_nationality,high,False
julien feret,2959,fbref_name::julien feret,https://www.transfermarkt.com/julien-feret/profil/spieler/28328,exact_name_plus_nationality,high,False
remy vercoutre,2963,fbref_name::remy vercoutre,https://www.transfermarkt.com/remy-vercoutre/profil/spieler/5338,exact_name_plus_nationality,high,False
andy delort,3038,fbref_name::andy delort,https://www.transfermarkt.com/andy-delort/profil/spieler/122797,exact_name_plus_nationality,high,False
alexandre lacazette,3451,fbref_name::alexandre lacazette,https://www.transfermarkt.com/alexandre-lacazette/profil/spieler/93720,exact_name_plus_nationality,high,False
zlatan ibrahimovic,3672,fbref_name::zlatan ibrahimovic,https://www.transfermarkt.com/zlatan-ibrahimovic/profil/spieler/3455,exact_name_plus_nationality,high,False
edinson roberto cavani gomez,4319,,,unresolved,unresolved,True
kevin trapp,4440,fbref_name::kevin trapp,https://www.transfermarkt.com/kevin-trapp/profil/spieler/45672,exact_name_plus_nationality,high,False
johny placide,3980,,https://www.transfermarkt.com/johny-placide/profil/spieler/51035,exact_name_plus_nationality,medium,False
diego rigonato rodrigues,7363,,https://www.transfermarkt.com/diego-rigonato/profil/spieler/55042,exact_name_plus_nationality,high,False
omenuke mfulu,18783,,,exact_name,low,False
"david n""gog",401453,,,fuzzy_proposed,low,True
nolan roux,3179,fbref_name::nolan roux,https://www.transfermarkt.com/nolan-roux/profil/spieler/81460,exact_name_plus_nationality,high,False
stephane ruffier,4259,fbref_name::stephane ruffier,https://www.transfermarkt.com/stephane-ruffier/profil/spieler/39910,exact_name_plus_nationality,high,False
jean-christophe bahebeck,8469,fbref_name::jean-christophe bahebeck,https://www.transfermarkt.com/jean-christophe-bahebeck/profil/spieler/164897,exact_name_plus_nationality,high,False
ada stolsmo hegerberg,10385,,,unresolved,unresolved,True
guro pettersen,276302,,,unresolved,unresolved,True
jacqueline burns,224848,,,unresolved,unresolved,True
claudia pina medina,32838,,,unresolved,unresolved,True
olga carmona garcia,49836,,,unresolved,unresolved,True
athenea del castillo belvide,49913,,,unresolved,unresolved,True
natalia kuikka,13865,,,unresolved,unresolved,True
glodis perla viggosdottir,10119,,,unresolved,unresolved,True
berglind bjorg thorvaldsdottir,10244,,,unresolved,unresolved,True
sandra sigurdardottir,276898,,,unresolved,unresolved,True
justine vanhaevermaet,63308,,,unresolved,unresolved,True
nicky evrard,276896,,,unresolved,unresolved,True
patricia isabel sousa barros morais,10145,,,unresolved,unresolved,True
carole da silva costa,10162,,,unresolved,unresolved,True
lieke martens,10649,fbref_name::lieke martens,,exact_name_plus_nationality,high,False
daphne van domselaar,32339,fbref_name::daphne van domselaar,,exact_name_plus_nationality,high,False
selma bacha,15471,fbref_name::selma bacha,,exact_name_plus_nationality,high,False
sandy baltimore,24459,,,unresolved,unresolved,True
melvine malard,31614,,,unresolved,unresolved,True
rebecka blomqvist,32405,fbref_name::rebecka blomqvist,,exact_name_plus_nationality,high,False
hanna ulrika bennison,34499,,,unresolved,unresolved,True
ingrid filippa angeldal,62666,,,unresolved,unresolved,True
jonas omlin,29003,fbref_name::jonas omlin,https://www.transfermarkt.com/jonas-omlin/profil/spieler/247915,exact_name_plus_nationality,high,False
takumi minamino,8776,fbref_name::takumi minamino,https://www.transfermarkt.com/takumi-minamino/profil/spieler/165793,exact_name_plus_nationality,high,False
gauthier gallon,7517,fbref_name::gauthier gallon,https://www.transfermarkt.com/gauthier-gallon/profil/spieler/193256,exact_name_plus_nationality,high,False
jonathan david,23640,fbref_name::jonathan david,https://www.transfermarkt.com/jonathan-david/profil/spieler/533738,exact_name_plus_nationality,high,False
mory diaw,48502,fbref_name::mory diaw,https://www.transfermarkt.com/mory-diaw/profil/spieler/164904,exact_name_plus_team_season,high,False
paulo bruno exequiel dybala,5743,,,unresolved,unresolved,True
damian emiliano martinez,6909,,,unresolved,unresolved,True
lautaro javier martinez,11456,,https://www.transfermarkt.com/lautaro-martinez/profil/spieler/406625,exact_name_plus_nationality,high,False
alexis mac allister,27886,fbref_name::alexis mac allister,https://www.transfermarkt.com/alexis-mac-allister/profil/spieler/534033,exact_name_plus_team_season,high,False
gonzalo ariel montiel,28263,,,unresolved,unresolved,True
exequiel alejandro palacios,28268,,https://www.transfermarkt.com/exequiel-palacios/profil/spieler/401578,exact_name_plus_nationality,high,False
julian alvarez,29560,fbref_name::julian alvarez,https://www.transfermarkt.com/julian-alvarez/profil/spieler/576024,exact_name_plus_team_season,high,False
enzo fernandez,38718,fbref_name::enzo fernandez,https://www.transfermarkt.com/enzo-fernandez/profil/spieler/648195,exact_name_plus_nationality,high,False
orbelin pineda alvarado,26280,,https://www.transfermarkt.com/orbelin-pineda/profil/spieler/334042,exact_name_plus_nationality,high,False
ismaila sarr,2941,fbref_name::ismaila sarr,https://www.transfermarkt.com/ismaila-sarr/profil/spieler/410225,exact_name_plus_nationality,high,False
kalidou koulibaly,5675,fbref_name::kalidou koulibaly,https://www.transfermarkt.com/kalidou-koulibaly/profil/spieler/93128,exact_name_plus_nationality,high,False
edouard mendy,7379,fbref_name::edouard mendy,https://www.transfermarkt.com/edouard-mendy/profil/spieler/442531,exact_name_plus_nationality,high,False
pape matar sarr,50498,fbref_name::pape matar sarr,https://www.transfermarkt.com/pape-matar-sarr/profil/spieler/568693,exact_name_plus_nationality,high,False
angel israel mena delgado,28511,,https://www.transfermarkt.com/angel-mena/profil/spieler/123609,exact_name_plus_nationality,high,False
alexander dominguez carabali,32677,,https://www.transfermarkt.com/alexander-dominguez/profil/spieler/84310,exact_name_plus_nationality,high,False
hernan ismael galindez,37522,,https://www.transfermarkt.com/hernan-galindez/profil/spieler/77127,exact_name_plus_nationality,high,False
stephen antunes eustaquio,11187,,,unresolved,unresolved,True
alphonso davies,12365,fbref_name::alphonso davies,https://www.transfermarkt.com/alphonso-davies/profil/spieler/424204,exact_name_plus_team_season,high,False
liam millar,23363,fbref_name::liam millar,https://www.transfermarkt.com/liam-millar/profil/spieler/487417,exact_name_plus_team_season,high,False
dayne tristan st. clair,36794,,,unresolved,unresolved,True
ismael kone,133229,fbref_name::ismael kone,https://www.transfermarkt.com/ismael-kone/profil/spieler/921655,exact_name_plus_nationality,high,False
diogo meireles costa,32975,,,unresolved,unresolved,True
giorgian daniel de arrascaeta benedetti,5258,,,unresolved,unresolved,True
rodrigo bentancur colman,5260,,https://www.transfermarkt.com/rodrigo-bentancur/profil/spieler/354362,exact_name_plus_nationality,high,False
manuel ugarte ribeiro,36659,,https://www.transfermarkt.com/manuel-ugarte/profil/spieler/476701,exact_name_plus_nationality,high,False
sergio rochet alvarez,36710,,,unresolved,unresolved,True
mehdi taremi,5226,,https://www.transfermarkt.com/mehdi-taremi/profil/spieler/307058,exact_name_plus_nationality,medium,False
karim ansarifard,5231,,https://www.transfermarkt.com/karim-ansarifard/profil/spieler/133838,exact_name_plus_nationality,medium,False
matthew charles turner,12352,,,unresolved,unresolved,True
kai havertz,8966,fbref_name::kai havertz,https://www.transfermarkt.com/kai-havertz/profil/spieler/309400,exact_name_plus_nationality,high,False
takuma asano,8949,fbref_name::takuma asano,https://www.transfermarkt.com/takuma-asano/profil/spieler/245744,exact_name_plus_nationality,high,False
shuichi gonda,25719,fbref_name::shuichi gonda,https://www.transfermarkt.com/shuichi-gonda/profil/spieler/79517,exact_name_plus_nationality,high,False
kaoru mitoma,37211,fbref_name::kaoru mitoma,https://www.transfermarkt.com/kaoru-mitoma/profil/spieler/504849,exact_name_plus_nationality,high,False
saad abdullah al sheeb,124496,,,unresolved,unresolved,True
bryan ruiz gonzalez,5592,,,unresolved,unresolved,True
patrick gilmar sequeira mejias,97291,,,unresolved,unresolved,True
lawrence ati-zigi,8108,fbref_name::lawrence ati-zigi,,exact_name_plus_team_season,high,False
salem mohammed al dawsari,5187,,,unresolved,unresolved,True
mohammed khalil al owais,5714,,,unresolved,unresolved,True
salman mohammed al faraj,5178,,,unresolved,unresolved,True
theo bernard francois hernandez,6704,,,unresolved,unresolved,True
marko livaja,22041,fbref_name::marko livaja,https://www.transfermarkt.com/marko-livaja/profil/spieler/95438,exact_name_plus_nationality,high,False
lovro majer,28914,fbref_name::lovro majer,https://www.transfermarkt.com/lovro-majer/profil/spieler/387106,exact_name_plus_nationality,high,False
abdelhamid sabiri,3634,fbref_name::abdelhamid sabiri,https://www.transfermarkt.com/abdelhamid-sabiri/profil/spieler/340394,exact_name_plus_team_season,high,False
hakim ziyech,5237,fbref_name::hakim ziyech,https://www.transfermarkt.com/hakim-ziyech/profil/spieler/217111,exact_name_plus_nationality,high,False
yassine bounou,6785,fbref_name::yassine bounou,https://www.transfermarkt.com/yassine-bounou/profil/spieler/207834,exact_name_plus_nationality,high,False
badr banoun,67700,fbref_name::badr banoun,,exact_name_plus_team_season,high,False
pedro guilherme abreu dos santos,25305,,https://www.transfermarkt.com/pedro/profil/spieler/432895,exact_name_plus_nationality,high,False
gabriel teodoro martinelli silva,29976,,,unresolved,unresolved,True
seung-gyu kim,37641,,https://www.transfermarkt.com/seung-gyu-kim/profil/spieler/92076,exact_name_plus_nationality,medium,False
teun koopmeiners,7891,fbref_name::teun koopmeiners,https://www.transfermarkt.com/teun-koopmeiners/profil/spieler/360518,exact_name_plus_nationality,high,False
andries noppert,8326,fbref_name::andries noppert,https://www.transfermarkt.com/andries-noppert/profil/spieler/276853,exact_name_plus_nationality,high,False
nikola kalinic,7033,fbref_name::nikola kalinic,https://www.transfermarkt.com/nikola-kalinic/profil/spieler/36371,exact_name_plus_nationality,high,False
khouma el hadji babacar,7125,,https://www.transfermarkt.com/khouma-babacar/profil/spieler/124902,exact_name_plus_nationality,high,False
josip ilicic,7139,fbref_name::josip ilicic,https://www.transfermarkt.com/josip-ilicic/profil/spieler/80351,exact_name_plus_nationality,high,False
matias ariel fernandez fernandez,26192,,https://www.transfermarkt.com/matias-fernandez/profil/spieler/37918,exact_name_plus_nationality,high,False
luca lezzerini,30830,fbref_name::luca lezzerini,https://www.transfermarkt.com/luca-lezzerini/profil/spieler/135747,exact_name_plus_nationality,high,False
alessio cerci,7702,fbref_name::alessio cerci,https://www.transfermarkt.com/alessio-cerci/profil/spieler/21748,exact_name_plus_nationality,high,False
luiz adriano de souza da silva,21272,,,unresolved,unresolved,True
ryder matos santos,7696,,,unresolved,unresolved,True
zeljko brkic,57655,fbref_name::zeljko brkic,https://www.transfermarkt.com/zeljko-brkic/profil/spieler/37278,exact_name_plus_nationality,high,False
andrea lazzari,387475,fbref_name::andrea lazzari,https://www.transfermarkt.com/andrea-lazzari/profil/spieler/19442,exact_name_plus_nationality,high,False
eder citadin martins,7000,,https://www.transfermarkt.com/eder/profil/spieler/37418,exact_name_plus_nationality,high,False
emiliano viviano,7018,fbref_name::emiliano viviano,https://www.transfermarkt.com/emiliano-viviano/profil/spieler/24316,exact_name_plus_nationality,high,False
stevan jovetic,3434,,https://www.transfermarkt.com/stevan-jovetic/profil/spieler/46104,exact_name_plus_nationality,high,False
samir handanovic,7001,,https://www.transfermarkt.com/samir-handanovic/profil/spieler/28021,exact_name_plus_nationality,high,False
manolo gabbiadini,3949,fbref_name::manolo gabbiadini,https://www.transfermarkt.com/manolo-gabbiadini/profil/spieler/112343,exact_name_plus_nationality,high,False
gonzalo gerardo higuain,5497,,,unresolved,unresolved,True
jose manuel reina paez,7028,,https://www.transfermarkt.com/pepe-reina/profil/spieler/7825,exact_name_plus_nationality,high,False
gabriel vasconelos ferreira,30767,,,unresolved,unresolved,True
marco sportiello,7157,fbref_name::marco sportiello,https://www.transfermarkt.com/marco-sportiello/profil/spieler/199976,exact_name_plus_nationality,high,False
maximiliano nicol moralez,12759,,,unresolved,unresolved,True
mauricio ricardo pinilla ferreira,36770,,,unresolved,unresolved,True
davide bassi,41067,fbref_name::davide bassi,https://www.transfermarkt.com/davide-bassi/profil/spieler/41914,exact_name_plus_nationality,high,False
daniel ciofani,13613,fbref_name::daniel ciofani,https://www.transfermarkt.com/daniel-ciofani/profil/spieler/29605,exact_name_plus_nationality,high,False
federico dionisi,24235,fbref_name::federico dionisi,https://www.transfermarkt.com/federico-dionisi/profil/spieler/119369,exact_name_plus_nationality,high,False
nicola leali,32037,fbref_name::nicola leali,https://www.transfermarkt.com/nicola-leali/profil/spieler/136111,exact_name_plus_nationality,high,False
massimo zenildo zappino,386510,,https://www.transfermarkt.com/massimo-zappino/profil/spieler/43237,exact_name_plus_nationality,high,False
juan guillermo cuadrado bello,5689,,https://www.transfermarkt.com/juan-cuadrado/profil/spieler/91970,exact_name_plus_nationality,high,False
gianluigi buffon,6949,fbref_name::gianluigi buffon,https://www.transfermarkt.com/gianluigi-buffon/profil/spieler/5023,exact_name_plus_nationality,high,False
alberto paloschi,6950,fbref_name::alberto paloschi,https://www.transfermarkt.com/alberto-paloschi/profil/spieler/68306,exact_name_plus_nationality,high,False
valter birsa,7045,fbref_name::valter birsa,https://www.transfermarkt.com/valter-birsa/profil/spieler/26105,exact_name_plus_nationality,high,False
albano benjamin bizzarri,7803,,,unresolved,unresolved,True
sergio pellissier,8644,fbref_name::sergio pellissier,https://www.transfermarkt.com/sergio-pellissier/profil/spieler/5928,exact_name_plus_nationality,high,False
fabio quagliarella,7011,fbref_name::fabio quagliarella,https://www.transfermarkt.com/fabio-quagliarella/profil/spieler/22328,exact_name_plus_nationality,high,False
maximiliano gaston lopez,8193,,,unresolved,unresolved,True
daniele padelli,34881,fbref_name::daniele padelli,https://www.transfermarkt.com/daniele-padelli/profil/spieler/27807,exact_name_plus_nationality,high,False
giampaolo pazzini,6686,fbref_name::giampaolo pazzini,https://www.transfermarkt.com/giampaolo-pazzini/profil/spieler/19447,exact_name_plus_nationality,high,False
pierluigi gollini,8274,fbref_name::pierluigi gollini,https://www.transfermarkt.com/pierluigi-gollini/profil/spieler/244192,exact_name_plus_nationality,high,False
rafael de andrade bittencourt pinheiro,9887,,,unresolved,unresolved,True
luca toni,20252,fbref_name::luca toni,https://www.transfermarkt.com/luca-toni/profil/spieler/5980,exact_name_plus_nationality,high,False
gianluca pegolo,7123,fbref_name::gianluca pegolo,https://www.transfermarkt.com/gianluca-pegolo/profil/spieler/21872,exact_name_plus_nationality,high,False
andrea consigli,7132,fbref_name::andrea consigli,https://www.transfermarkt.com/andrea-consigli/profil/spieler/35865,exact_name_plus_nationality,high,False
diego falcinelli,8093,fbref_name::diego falcinelli,https://www.transfermarkt.com/diego-falcinelli/profil/spieler/119115,exact_name_plus_nationality,high,False
luca cigarini,8420,fbref_name::luca cigarini,https://www.transfermarkt.com/luca-cigarini/profil/spieler/33218,exact_name_plus_nationality,high,False
german gustavo denis,49439,,,unresolved,unresolved,True
gianpaolo bellini,386607,fbref_name::gianpaolo bellini,https://www.transfermarkt.com/gianpaolo-bellini/profil/spieler/19435,exact_name_plus_nationality,high,False
diego perotti,7456,fbref_name::diego perotti,https://www.transfermarkt.com/diego-perotti/profil/spieler/54984,exact_name_plus_team_season,high,False
tomas eduardo rincon hernandez,7475,,https://www.transfermarkt.com/tomas-rincon/profil/spieler/75942,exact_name_plus_nationality,high,False
eugenio lamanna,38312,fbref_name::eugenio lamanna,https://www.transfermarkt.com/eugenio-lamanna/profil/spieler/85240,exact_name_plus_nationality,high,False
edin dzeko,6973,,https://www.transfermarkt.com/edin-dzeko/profil/spieler/28396,exact_name_plus_nationality,medium,False
francesco totti,15780,,https://www.transfermarkt.com/francesco-totti/profil/spieler/5958,exact_name_plus_nationality,high,False
morgan de sanctis,40529,,https://www.transfermarkt.com/morgan-de-sanctis/profil/spieler/5880,exact_name_plus_nationality,high,False
vid belec,8662,fbref_name::vid belec,https://www.transfermarkt.com/vid-belec/profil/spieler/73090,exact_name_plus_nationality,high,False
marco borriello,8871,fbref_name::marco borriello,https://www.transfermarkt.com/marco-borriello/profil/spieler/5825,exact_name_plus_nationality,high,False
lucas rodrigo biglia,5510,,,unresolved,unresolved,True
etrit berisha,6991,fbref_name::etrit berisha,https://www.transfermarkt.com/etrit-berisha/profil/spieler/77825,exact_name_plus_team_season,high,False
federico marchetti,12491,fbref_name::federico marchetti,https://www.transfermarkt.com/federico-marchetti/profil/spieler/22318,exact_name_plus_nationality,high,False
antonio mirante,7174,fbref_name::antonio mirante,https://www.transfermarkt.com/antonio-mirante/profil/spieler/22141,exact_name_plus_nationality,high,False
mattia destro,8103,fbref_name::mattia destro,https://www.transfermarkt.com/mattia-destro/profil/spieler/88683,exact_name_plus_nationality,high,False
angelo esmael da costa junior,12475,,,unresolved,unresolved,True
matteo mancosu,15415,fbref_name::matteo mancosu,https://www.transfermarkt.com/matteo-mancosu/profil/spieler/230611,exact_name_plus_nationality,high,False
mattia perin,7148,fbref_name::mattia perin,https://www.transfermarkt.com/mattia-perin/profil/spieler/110923,exact_name_plus_nationality,high,False
orestis karnezis,3742,fbref_name::orestis karnezis,https://www.transfermarkt.com/orestis-karnezis/profil/spieler/16408,exact_name_plus_nationality,high,False
antonio di natale,19846,fbref_name::antonio di natale,https://www.transfermarkt.com/antonio-di-natale/profil/spieler/6031,exact_name_plus_nationality,high,False
rafael enrique romo perez,32012,,,unresolved,unresolved,True
jerry uche mbakogu,32608,,https://www.transfermarkt.com/jerry-mbakogu/profil/spieler/130382,exact_name_plus_nationality,high,False
antonio candreva,7776,fbref_name::antonio candreva,https://www.transfermarkt.com/antonio-candreva/profil/spieler/25488,exact_name_plus_nationality,high,False
miroslav klose,19286,fbref_name::miroslav klose,https://www.transfermarkt.com/miroslav-klose/profil/spieler/10,exact_name_plus_team_season,high,False
stefano sorrentino,7055,fbref_name::stefano sorrentino,https://www.transfermarkt.com/stefano-sorrentino/profil/spieler/21891,exact_name_plus_nationality,high,False
simone colombi,34315,fbref_name::simone colombi,https://www.transfermarkt.com/simone-colombi/profil/spieler/57285,exact_name_plus_nationality,high,False
m''baye babacar niang,5661,,,unresolved,unresolved,True
mario barwuah balotelli,3371,,,unresolved,unresolved,True
jeremy menez,20300,fbref_name::jeremy menez,https://www.transfermarkt.com/jeremy-menez/profil/spieler/16993,exact_name_plus_nationality,high,False
riccardo saponara,7150,fbref_name::riccardo saponara,https://www.transfermarkt.com/riccardo-saponara/profil/spieler/88909,exact_name_plus_nationality,high,False
alberto pelagotti,40332,fbref_name::alberto pelagotti,https://www.transfermarkt.com/alberto-pelagotti/profil/spieler/56921,exact_name_plus_nationality,high,False
jonathan de guzman,8675,fbref_name::jonathan de guzman,https://www.transfermarkt.com/jonathan-de-guzman/profil/spieler/31067,exact_name_plus_nationality,high,False
yuki nagasato,4963,,,unresolved,unresolved,True
ella stevens,42262,,,unresolved,unresolved,True
kailen mary iacovoni sheridan,4981,,,unresolved,unresolved,True
didi haracic,21057,,,unresolved,unresolved,True
margaret purce,5009,,,unresolved,unresolved,True
lynn williams biyendolo,5055,,,unresolved,unresolved,True
kristie mewis,31936,fbref_name::kristie mewis,,exact_name_plus_nationality,high,False
jenna nighswonger,389497,,,unresolved,unresolved,True
christine margaret sinclair,5020,,,unresolved,unresolved,True
annabella madeleine bixby,40989,,,unresolved,unresolved,True
sophia olivia wilson,49172,,,unresolved,unresolved,True
carissa miller,42259,,,unresolved,unresolved,True
michelle ivory cooper,270224,,,unresolved,unresolved,True
jane campbell,5056,,,unresolved,unresolved,True
michelle alozie,106836,fbref_name::michelle alozie,,exact_name_plus_nationality,high,False
diana ordonez,219178,,,unresolved,unresolved,True
casey murphy,30557,,,unresolved,unresolved,True
kerolin nicoli israel ferraz,105708,,,unresolved,unresolved,True
andi sullivan,4940,fbref_name::andi sullivan,,exact_name_plus_nationality,high,False
ashley hatch,4964,,,unresolved,unresolved,True
aubrey renee kingsbury,5025,,,unresolved,unresolved,True
kaylie collins,129512,,,unresolved,unresolved,True
katie lund,42553,,,unresolved,unresolved,True
savannah marie demelo,218506,,,unresolved,unresolved,True
sofia huerta,5105,fbref_name::sofia huerta,,exact_name_plus_nationality,high,False
jordyn pamela huitema,26091,,,unresolved,unresolved,True
phallon tullis-joyce,30955,,,unresolved,unresolved,True
shuang wang,24461,,,fuzzy_proposed,low,True
shae yanez,33067,,,unresolved,unresolved,True
eike immel,398823,,https://www.transfermarkt.com/eike-immel/profil/spieler/73587,exact_name_plus_nationality,high,False
paul breitner,38610,,https://www.transfermarkt.com/paul-breitner/profil/spieler/13766,exact_name_plus_nationality,high,False
sepp maier,38616,,https://www.transfermarkt.com/sepp-maier/profil/spieler/89550,exact_name_plus_nationality,high,False
johan neeskens,39721,,,exact_name,low,False
jan jongbloed,397802,,,exact_name,low,False
carles rexach i cerda,397775,,,unresolved,unresolved,True
daniel alberto carnevali,397833,,https://www.transfermarkt.com/daniel-carnevali/profil/spieler/143469,exact_name_plus_nationality,high,False
hugo alvez,397991,,,fuzzy_proposed,low,True
viktor chanov,397972,,,exact_name,low,False
sven ulreich,8208,fbref_name::sven ulreich,https://www.transfermarkt.com/sven-ulreich/profil/spieler/40680,exact_name_plus_nationality,high,False
bernd leno,15581,fbref_name::bernd leno,https://www.transfermarkt.com/bernd-leno/profil/spieler/72476,exact_name_plus_nationality,high,False
dario kresic,400627,,https://www.transfermarkt.com/dario-kresic/profil/spieler/14219,exact_name_plus_nationality,high,False
pierre-emerick aubameyang,3712,,https://www.transfermarkt.com/pierre-emerick-aubameyang/profil/spieler/58864,exact_name_plus_nationality,medium,False
shinji kagawa,5684,fbref_name::shinji kagawa,https://www.transfermarkt.com/shinji-kagawa/profil/spieler/81785,exact_name_plus_nationality,high,False
marwin hitz,8314,fbref_name::marwin hitz,https://www.transfermarkt.com/marwin-hitz/profil/spieler/59238,exact_name_plus_nationality,high,False
ron-robert zieler,8947,fbref_name::ron-robert zieler,https://www.transfermarkt.com/ron-robert-zieler/profil/spieler/21327,exact_name_plus_nationality,high,False
yunus malli,8679,,https://www.transfermarkt.com/yunus-malli/profil/spieler/85352,exact_name_plus_nationality,medium,False
klaas-jan huntelaar,8060,fbref_name::klaas-jan huntelaar,https://www.transfermarkt.com/klaas-jan-huntelaar/profil/spieler/4357,exact_name_plus_nationality,high,False
moritz hartmann,40464,fbref_name::moritz hartmann,https://www.transfermarkt.com/moritz-hartmann/profil/spieler/42952,exact_name_plus_nationality,high,False
mary boio fowler,35693,,,unresolved,unresolved,True
cortnee brooke vine,401634,,,unresolved,unresolved,True
clare hunt,401635,fbref_name::clare hunt,,exact_name_plus_nationality,high,False
livia peng,32099,,,unresolved,unresolved,True
olivia alexandra davies isip mcdaniel,401735,,,unresolved,unresolved,True
christy onyenaturuchi ucheibe,62908,,,unresolved,unresolved,True
daniela solera vega,401802,,,unresolved,unresolved,True
catalina thomas coll lluch,45295,,,unresolved,unresolved,True
enith salon,50825,,,unresolved,unresolved,True
salma paralluelo ayingono,222682,,,unresolved,unresolved,True
kim thanh tran thi,401880,,,fuzzy_proposed,low,True
riko ueki,401930,fbref_name::riko ueki,,exact_name_plus_nationality,high,False
barbra banda,131619,fbref_name::barbra banda,,exact_name_plus_nationality,high,False
catherine musonda,131629,fbref_name::catherine musonda,,exact_name_plus_nationality,high,False
kerly theus,402008,fbref_name::kerly theus,,exact_name_plus_nationality,high,False
young-geul yoon,389771,,,fuzzy_proposed,low,True
catalina perez jaramillo,46344,,,unresolved,unresolved,True
maria catalina usme pineda,403278,,,unresolved,unresolved,True
lina magull,10259,fbref_name::lina magull,,exact_name_plus_nationality,high,False
sara dabritz,10263,fbref_name::sara dabritz,,exact_name_plus_nationality,high,False
alexandra popp,15178,fbref_name::alexandra popp,,exact_name_plus_nationality,high,False
merle frohms,15443,fbref_name::merle frohms,,exact_name_plus_nationality,high,False
klara buhl,25729,fbref_name::klara buhl,,exact_name_plus_nationality,high,False
stina johannes,46548,,,unresolved,unresolved,True
sjoeke nusken,47008,fbref_name::sjoeke nusken,,exact_name_plus_nationality,high,False
laura freigang,47022,fbref_name::laura freigang,,exact_name_plus_nationality,high,False
maja bay ostergaard,402017,,,unresolved,unresolved,True
maelle lakrar,31784,fbref_name::maelle lakrar,,exact_name_plus_nationality,high,False
vicki becho,49233,fbref_name::vicki becho,,exact_name_plus_nationality,high,False
yenith elizabett bailey de la cruz,402781,,,unresolved,unresolved,True
yomira tibisay pinzon rios,402786,,,unresolved,unresolved,True
francesca durante,32152,fbref_name::francesca durante,,exact_name_plus_nationality,high,False
arianna caruso,32162,fbref_name::arianna caruso,,exact_name_plus_nationality,high,False
rachele baldi,45899,,,unresolved,unresolved,True
yasmin katie mrabet,89009,,,unresolved,unresolved,True
ghizlane chebbak,402663,fbref_name::ghizlane chebbak,,exact_name_plus_nationality,high,False
victor okoh boniface,32289,,https://www.transfermarkt.com/victor-boniface/profil/spieler/656681,exact_name_plus_nationality,high,False
florian wirtz,40724,fbref_name::florian wirtz,https://www.transfermarkt.com/florian-wirtz/profil/spieler/598577,exact_name_plus_nationality,high,False
kevin muller,9205,fbref_name::kevin muller,https://www.transfermarkt.com/kevin-muller/profil/spieler/43824,exact_name_plus_nationality,high,False
manuel riemann,9095,fbref_name::manuel riemann,https://www.transfermarkt.com/manuel-riemann/profil/spieler/40792,exact_name_plus_nationality,high,False
michael zetterer,23198,fbref_name::michael zetterer,https://www.transfermarkt.com/michael-zetterer/profil/spieler/196813,exact_name_plus_nationality,high,False
omar marmoush,40761,,https://www.transfermarkt.com/omar-marmoush/profil/spieler/445939,exact_name_plus_nationality,high,False
thibault giresse,4434,fbref_name::thibault giresse,https://www.transfermarkt.com/thibault-giresse/profil/spieler/6986,exact_name_plus_nationality,high,False
lacina traore,3553,fbref_name::lacina traore,https://www.transfermarkt.com/lacina-traore/profil/spieler/69006,exact_name_plus_nationality,high,False
alexander toft soderlund,3423,,https://www.transfermarkt.com/alexander-soderlund/profil/spieler/87479,exact_name_plus_nationality,high,False
cheick tidiane diabate,7130,,https://www.transfermarkt.com/cheick-diabate/profil/spieler/78082,exact_name_plus_nationality,high,False
vagner silva de souza,18953,,https://www.transfermarkt.com/vagner-love/profil/spieler/18829,exact_name_plus_nationality,high,False
johann carrasso,7641,fbref_name::johann carrasso,https://www.transfermarkt.com/johann-carrasso/profil/spieler/57367,exact_name_plus_nationality,high,False
veronica boquete giadans,15227,,,unresolved,unresolved,True
katja schroffenegger,45727,,,unresolved,unresolved,True
zsanett bernadett kajan,226661,,,unresolved,unresolved,True
ana marcos moral,45288,,,unresolved,unresolved,True
antonia ignacia canales pacheco,408998,,,unresolved,unresolved,True
erika gonzalez lombidez,144143,,,unresolved,unresolved,True
nerea eizaguirre lasa,50366,,,unresolved,unresolved,True
elene lete para,52339,,,unresolved,unresolved,True
maria miralles gascon,408652,,,unresolved,unresolved,True
esperanza pizarro pagalday,408655,,,unresolved,unresolved,True
jessica dahiana martinez villagra,49839,,,unresolved,unresolved,True
allegra poljak,53958,,,unresolved,unresolved,True
nayluisa jhaylenny caceres acevedo,66468,,,unresolved,unresolved,True
zala mersnik,46998,,,unresolved,unresolved,True
laia balleste,50168,,,unresolved,unresolved,True
chelsea ashurst,53179,,,unresolved,unresolved,True
patricia ojeda,53190,,,unresolved,unresolved,True
miku kojima,409118,,,unresolved,unresolved,True
adriana nanclares romero,50371,,,unresolved,unresolved,True
clara pinedo castresana,123549,,,unresolved,unresolved,True
cristina baudet lucena,50892,,,unresolved,unresolved,True
paola ulloa jimenez,49997,,,unresolved,unresolved,True
ana gonzalez rosa,50105,,,unresolved,unresolved,True
naima garcia aguilar,136433,,,unresolved,unresolved,True
sandra estevez ogalla,409183,,,unresolved,unresolved,True
laura requena sanchez,409186,,,unresolved,unresolved,True
andrea romero burgos,409190,,,unresolved,unresolved,True
carlota suarez crespo,409196,,,unresolved,unresolved,True
rosa marquez baena,50098,,,unresolved,unresolved,True
malena mieres garcia,50109,,,unresolved,unresolved,True
paula vizoso prieto,137528,,,unresolved,unresolved,True
maria de los angeles carrion egido,142137,,,unresolved,unresolved,True
patricia hmirova,63425,,,unresolved,unresolved,True
julia aguado,50818,,,unresolved,unresolved,True
maria llompart pons,50102,,,unresolved,unresolved,True
fatoumata kanteh cham,53185,,,unresolved,unresolved,True
carmen carbonell gil,143563,,,unresolved,unresolved,True
patricia gavira collado,49992,,,unresolved,unresolved,True
noelia ramos alvarez,50024,,,unresolved,unresolved,True
laura perez martin,409192,,,unresolved,unresolved,True
esther sullastres ayuso,49887,,,unresolved,unresolved,True
maria inmaculada gabarro romero,50042,,,unresolved,unresolved,True
rosa otermin abella,50100,,,unresolved,unresolved,True
maria echezarreta fernandez,428383,,,unresolved,unresolved,True
maria lopez,50161,,https://www.transfermarkt.com/luis-lopez-rekarte/profil/spieler/159966,exact_name_plus_nationality,high,False
nicole billa,10233,,,unresolved,unresolved,True
jana feldkamp,46556,,,unresolved,unresolved,True
martina tufekovic,85501,,,unresolved,unresolved,True
michaela specht,85502,,,unresolved,unresolved,True
juliane wirtz,46882,,,unresolved,unresolved,True
sophie weidauer,46991,,,unresolved,unresolved,True
michelle ulbrich,47010,,,unresolved,unresolved,True
nina luhrssen,47015,,,unresolved,unresolved,True
ewa pajor,15214,,,unresolved,unresolved,True
lisa schmitz,30968,,,unresolved,unresolved,True
elvira herzog,46896,,,unresolved,unresolved,True
jenny hipp,409152,,,unresolved,unresolved,True
vanessa fudalla,409156,,,unresolved,unresolved,True
meret gunster,46945,,,unresolved,unresolved,True
ena mahmutovic,49865,,,unresolved,unresolved,True
jasmin pal,47109,,,unresolved,unresolved,True
martyna wiankowska,324158,,,unresolved,unresolved,True
paula hoppe,409147,,,unresolved,unresolved,True
friederike abt,32359,,,unresolved,unresolved,True
elisa senss,46546,,,unresolved,unresolved,True
nikola karczewska,63424,,,unresolved,unresolved,True
kristin krammer,32584,,,unresolved,unresolved,True
lara sophie schmidt,84731,,,unresolved,unresolved,True
medina desic,408962,,,unresolved,unresolved,True
linda dallmann,10258,fbref_name::linda dallmann,,exact_name_plus_nationality,high,False
jovana damnjanovic,24396,,,unresolved,unresolved,True
maria luisa grohs,45020,,,unresolved,unresolved,True
natasha kowalski,321538,,,unresolved,unresolved,True
janina minge,46881,,,unresolved,unresolved,True
marie muller,46890,,,unresolved,unresolved,True
gabrielle lambert,135221,,,unresolved,unresolved,True
marleen schimmer,219422,,,unresolved,unresolved,True
amanda tampieri,45630,,,unresolved,unresolved,True
tatiely cristina sena das neves,317048,,,unresolved,unresolved,True
kerttu karresmaa,408848,,,unresolved,unresolved,True
lea paulick,425320,,,unresolved,unresolved,True
flaminia simonetti,45742,,,unresolved,unresolved,True
agnese bonfantini,45883,,,unresolved,unresolved,True
sara cetinja,135569,,,unresolved,unresolved,True
marija banusic,32892,,,unresolved,unresolved,True
elisa del estal mateu,136545,,,unresolved,unresolved,True
beatrice beretta,309388,,,unresolved,unresolved,True
anna rosa james-buhigas,53193,,,unresolved,unresolved,True
iris madeleine rabot,317044,,,unresolved,unresolved,True
emilie gavillet,409097,,,unresolved,unresolved,True
camelia ceasar,45885,,,unresolved,unresolved,True
christy grimshaw,31146,,,unresolved,unresolved,True
maria korenciova,45627,,,unresolved,unresolved,True
astrid gilardi,45747,,,unresolved,unresolved,True
nicole arcangeli,50999,,,unresolved,unresolved,True
doris bacic,46236,,,unresolved,unresolved,True
lia lonni,45655,,,unresolved,unresolved,True
janina leitzig,46988,,,unresolved,unresolved,True
amalie gronbak thestrup,15788,,,unresolved,unresolved,True
kaylan marckese,40985,,,unresolved,unresolved,True
olivia clarke,326619,,,unresolved,unresolved,True
safia middleton-patel,192256,,,unresolved,unresolved,True
ernan alberto siluane,136064,,https://www.transfermarkt.com/ernan-siluane/profil/spieler/876281,exact_name_plus_nationality,high,False
ivane carminio francisco urrubal,161718,,,unresolved,unresolved,True
ahmed elsayed ali elsayed hegazy,4063,,,unresolved,unresolved,True
mohamed abougabal,66879,,https://www.transfermarkt.com/mohamed-abougabal/profil/spieler/441143,exact_name_plus_nationality,high,False
mostafa mohamed ahmed abdallah,66886,,,unresolved,unresolved,True
mohamed hany gamal eldemerdash,66892,,,unresolved,unresolved,True
mostafa fathi,68755,,https://www.transfermarkt.com/mostafa-fathi/profil/spieler/305287,exact_name_plus_nationality,high,False
mohamed abdelmonem,69563,,https://www.transfermarkt.com/mohamed-abdelmonem/profil/spieler/566025,exact_name_plus_nationality,high,False
omar kamal abdel wahed,70783,,,unresolved,unresolved,True
anthony louis mandrea,41381,,,unresolved,unresolved,True
cristovao paciencia mabululo,128881,,,unresolved,unresolved,True
djigui diarra,102992,,https://www.transfermarkt.com/djigui-diarra/profil/spieler/372230,exact_name_plus_nationality,high,False
percy tau,29367,,https://www.transfermarkt.com/percy-tau/profil/spieler/312239,exact_name_plus_nationality,high,False
zakhele lerato lepasa,64607,,https://www.transfermarkt.com/zakhele-lepasa/profil/spieler/596913,exact_name_plus_nationality,high,False
thabang amod monare,64629,,https://www.transfermarkt.com/thabang-monare/profil/spieler/255398,exact_name_plus_nationality,high,False
mothobi mvala,65732,,https://www.transfermarkt.com/mothobi-mvala/profil/spieler/370606,exact_name_plus_nationality,high,False
aubrey maphosa modiba,65733,,https://www.transfermarkt.com/aubrey-modiba/profil/spieler/353432,exact_name_plus_nationality,high,False
evidence makgopa,65853,,https://www.transfermarkt.com/evidence-makgopa/profil/spieler/746781,exact_name_plus_nationality,high,False
teboho mokoena,66716,,https://www.transfermarkt.com/teboho-mokoena/profil/spieler/436372,exact_name_plus_nationality,high,False
ronwen williams,66721,,https://www.transfermarkt.com/ronwen-williams/profil/spieler/175577,exact_name_plus_nationality,high,False
oswin reagan appollis,66725,,https://www.transfermarkt.com/oswin-appollis/profil/spieler/673381,exact_name_plus_nationality,high,False
nkosinathi sibisi,67974,,https://www.transfermarkt.com/nkosinathi-sibisi/profil/spieler/399068,exact_name_plus_nationality,high,False
siyanda xulu,102722,,https://www.transfermarkt.com/siyanda-xulu/profil/spieler/129363,exact_name_plus_nationality,high,False
mihlali samson mayambela,133003,,,unresolved,unresolved,True
babacar niasse,36951,,https://www.transfermarkt.com/babacar-niasse/profil/spieler/176573,exact_name_plus_nationality,medium,False
nicolas pepe,3013,fbref_name::nicolas pepe,https://www.transfermarkt.com/nicolas-pepe/profil/spieler/343052,exact_name_plus_nationality,high,False
franck yannick kessie,7023,,,unresolved,unresolved,True
christian kouame,12496,fbref_name::christian kouame,https://www.transfermarkt.com/christian-kouame/profil/spieler/337725,exact_name_plus_nationality,high,False
yahia fofana,36629,fbref_name::yahia fofana,https://www.transfermarkt.com/yahia-fofana/profil/spieler/418651,exact_name_plus_nationality,high,False
william troost-ekong,5455,fbref_name::william troost-ekong,https://www.transfermarkt.com/william-troost-ekong/profil/spieler/192875,exact_name_plus_nationality,high,False
temitayo olufisayo olaoluwa aina,11492,,https://www.transfermarkt.com/ola-aina/profil/spieler/236490,exact_name_plus_nationality,high,False
terem igobor moffi,34335,,https://www.transfermarkt.com/terem-moffi/profil/spieler/538874,exact_name_plus_nationality,high,False
stanley bobo nwabali,358410,,https://www.transfermarkt.com/stanley-nwabali/profil/spieler/677856,exact_name_plus_nationality,high,False
arthur masuaku,3587,,https://www.transfermarkt.com/arthur-masuaku/profil/spieler/181380,exact_name_plus_nationality,medium,False
samuel moutoussamy,4412,,https://www.transfermarkt.com/samuel-moutoussamy/profil/spieler/353403,exact_name_plus_nationality,medium,False
aaron tshibola,4753,,https://www.transfermarkt.com/aaron-tshibola/profil/spieler/243633,exact_name_plus_nationality,medium,False
joris kayembe ditu,4939,,,unresolved,unresolved,True
yoane wissa,7294,,https://www.transfermarkt.com/yoane-wissa/profil/spieler/388165,exact_name_plus_nationality,medium,False
silas katompa mvumpa,13329,,,unresolved,unresolved,True
grady diangana,18244,,https://www.transfermarkt.com/grady-diangana/profil/spieler/342048,exact_name_plus_nationality,medium,False
gedeon kalulu kyatengwa,30193,,,unresolved,unresolved,True
lionel mpasi-nzau,35413,,https://www.transfermarkt.com/lionel-mpasi-nzau/profil/spieler/164915,exact_name_plus_nationality,medium,False
meschak elia,35684,,,fuzzy_proposed,low,True
henoc inonga baka,105946,,,unresolved,unresolved,True
lloyd junior kazapua,125324,,,unresolved,unresolved,True
richard ofori antwi,68757,,https://www.transfermarkt.com/richard-ofori/profil/spieler/274756,exact_name_plus_nationality,high,False
geny cipriano catamo,127300,,https://www.transfermarkt.com/geny-catamo/profil/spieler/701979,exact_name_plus_nationality,high,False
ibrahim kone,182573,,https://www.transfermarkt.com/ibrahim-kone/profil/spieler/70348,exact_name_plus_nationality,high,False
mahmoud hamada,67728,,https://www.transfermarkt.com/mahmoud-hamada/profil/spieler/471117,exact_name_plus_nationality,high,False
willy afonso semedo johnson,28413,,,unresolved,unresolved,True
bryan alberto silva teixeira jr.,32868,,,unresolved,unresolved,True
ryan isaac mendes da graca,40485,,,unresolved,unresolved,True
erickson patrick correia andrade,50968,,,unresolved,unresolved,True
josimar jose evora dias,105932,,https://www.transfermarkt.com/vozinha/profil/spieler/242277,exact_name_plus_nationality,high,False
moussa niakhate,3198,,https://www.transfermarkt.com/moussa-niakhate/profil/spieler/291200,exact_name_plus_nationality,high,False
sebastien haller,8673,fbref_name::sebastien haller,https://www.transfermarkt.com/sebastien-haller/profil/spieler/181375,exact_name_plus_nationality,high,False
laros duarte,21173,,https://www.transfermarkt.com/laros-duarte/profil/spieler/258513,exact_name_plus_nationality,high,False
annahita zamanian,32413,,,unresolved,unresolved,True
angus gunn,22379,fbref_name::angus gunn,https://www.transfermarkt.com/angus-gunn/profil/spieler/201574,exact_name_plus_nationality,high,False
razvan gabriel marin,16344,,https://www.transfermarkt.com/razvan-marin/profil/spieler/295183,exact_name_plus_nationality,high,False
georges mikautadze,33234,fbref_name::georges mikautadze,https://www.transfermarkt.com/georges-mikautadze/profil/spieler/729814,exact_name_plus_nationality,high,False
jhonder leonel cadiz fernandez,11162,,https://www.transfermarkt.com/jhonder-cadiz/profil/spieler/271256,exact_name_plus_nationality,high,False
jefferson david savarino quintero,13025,,https://www.transfermarkt.com/jefferson-savarino/profil/spieler/309193,exact_name_plus_nationality,high,False
wilker jose angel romero,47822,,https://www.transfermarkt.com/wilker-angel/profil/spieler/178400,exact_name_plus_nationality,high,False
julio jose gonzalez vela-alvizu,36949,,,unresolved,unresolved,True
jahmali waite,226523,,https://www.transfermarkt.com/jahmali-waite/profil/spieler/498896,exact_name_plus_nationality,high,False
john yeboah zamora,21131,,,unresolved,unresolved,True
jordy josue caicedo medina,123554,,https://www.transfermarkt.com/jordy-caicedo/profil/spieler/360412,exact_name_plus_nationality,high,False
alan steve minda garcia,123625,,https://www.transfermarkt.com/alan-minda/profil/spieler/897051,exact_name_plus_nationality,high,False
ray kendry paez andrade,384888,,https://www.transfermarkt.com/kendry-paez/profil/spieler/1052439,exact_name_plus_nationality,high,False
rodrigo mario morinigo acosta,62016,,https://www.transfermarkt.com/rodrigo-morinigo/profil/spieler/585479,exact_name_plus_nationality,high,False
douglas luiz soares de paulo,6574,,https://www.transfermarkt.com/douglas-luiz/profil/spieler/447661,exact_name_plus_nationality,high,False
andres mateus uribe villa,6193,,https://www.transfermarkt.com/matheus-uribe/profil/spieler/214538,exact_name_plus_nationality,high,False
miguel angel borja hernandez,6333,,https://www.transfermarkt.com/miguel-borja/profil/spieler/211397,exact_name_plus_nationality,high,False
luis fernando diaz marulanda,27158,,https://www.transfermarkt.com/luis-diaz/profil/spieler/480692,exact_name_plus_nationality,high,False
christian alberto cueva bravo,5519,,https://www.transfermarkt.com/christian-cueva/profil/spieler/95280,exact_name_plus_nationality,high,False
pedro david gallese quiroz,5528,,https://www.transfermarkt.com/pedro-gallese/profil/spieler/95172,exact_name_plus_nationality,high,False
benjamin verbic,16510,fbref_name::benjamin verbic,https://www.transfermarkt.com/benjamin-verbic/profil/spieler/188180,exact_name_plus_nationality,high,False
jure balkovec,30940,fbref_name::jure balkovec,https://www.transfermarkt.com/jure-balkovec/profil/spieler/181410,exact_name_plus_nationality,high,False
cole palmer,39461,fbref_name::cole palmer,https://www.transfermarkt.com/cole-palmer/profil/spieler/568177,exact_name_plus_nationality,high,False
mohamed zeki amdouni,48335,,https://www.transfermarkt.com/zeki-amdouni/profil/spieler/548729,exact_name_plus_nationality,high,False
mathieu choiniere,18639,,https://www.transfermarkt.com/mathieu-choiniere/profil/spieler/589006,exact_name_plus_nationality,high,False
maxime crepeau,23758,,https://www.transfermarkt.com/maxime-crepeau/profil/spieler/189014,exact_name_plus_nationality,high,False
moise bombito,383250,,https://www.transfermarkt.com/moise-bombito/profil/spieler/1089202,exact_name_plus_nationality,medium,False
orlando mosquera,104179,,https://www.transfermarkt.com/orlando-mosquera/profil/spieler/402979,exact_name_plus_nationality,high,False
bart verbruggen,37274,fbref_name::bart verbruggen,https://www.transfermarkt.com/bart-verbruggen/profil/spieler/565093,exact_name_plus_nationality,high,False
rebecca knaak,46885,,,unresolved,unresolved,True
oriane jean-francois,31633,,,unresolved,unresolved,True
alice sombath,49583,,,unresolved,unresolved,True
melween ndongala,97854,,,unresolved,unresolved,True
smilla holmberg,237526,,,unresolved,unresolved,True
marta vieira da silva,5082,,,unresolved,unresolved,True
lynn raenie williams,5055,,,unresolved,unresolved,True
ferjani sassi,5650,fbref_name::ferjani sassi,https://www.transfermarkt.com/ferjani-sassi/profil/spieler/191903,exact_name_plus_team_season,high,False
andreas granqvist,5607,fbref_name::andreas granqvist,https://www.transfermarkt.com/andreas-granqvist/profil/spieler/29213,exact_name_plus_team_season,high,False
fahad mosaed al muwallad al harbi,5190,,,unresolved,unresolved,True
lasse schone,5520,fbref_name::lasse schone,https://www.transfermarkt.com/lasse-schone/profil/spieler/34784,exact_name_plus_team_season,high,False
josip pivaric,6308,fbref_name::josip pivaric,https://www.transfermarkt.com/josip-pivaric/profil/spieler/45826,exact_name_plus_team_season,high,False
nicolai jorgensen,5522,fbref_name::nicolai jorgensen,https://www.transfermarkt.com/nicolai-jorgensen/profil/spieler/100399,exact_name_plus_team_season,high,False
fyodor smolov,5194,fbref_name::fyodor smolov,,exact_name_plus_team_season,high,False
sergei ignashevich,5174,fbref_name::sergei ignashevich,,exact_name_plus_team_season,high,False
alan dzagoev,5180,fbref_name::alan dzagoev,https://www.transfermarkt.com/alan-dzagoev/profil/spieler/69683,exact_name_plus_team_season,high,False
jonathan calleri,6930,fbref_name::jonathan calleri,https://www.transfermarkt.com/jonathan-calleri/profil/spieler/284727,exact_name_plus_team_season,high,False
ronaldo de assis moreira,25879,,,unresolved,unresolved,True
samuel eto''o fils,19298,,,unresolved,unresolved,True
francisco javier casquero paredes,26144,,,unresolved,unresolved,True
rahamat riga mustapha,26181,,,unresolved,unresolved,True
marcos antonio senna da silva,20135,,,unresolved,unresolved,True
emilio jose viqueira moure,26399,,,unresolved,unresolved,True
janine elizabeth sonis,4992,,,unresolved,unresolved,True
fabian larry estoyanoff poggio,25947,,,unresolved,unresolved,True
diego alberto milito,19294,,,unresolved,unresolved,True
ivan daniel alonso vallejo,26243,,,unresolved,unresolved,True
nikola zigic,26074,,https://www.transfermarkt.com/nikola-zigic/profil/spieler/19729,exact_name_plus_nationality,medium,False
andoni iraola sagarna,26031,,,unresolved,unresolved,True
mohamed gasana tchite,26490,,,unresolved,unresolved,True
jose javier barkero saludes,26226,,,unresolved,unresolved,True
