player_name_normalized,statsbomb_player_id,preferred_foot,date_of_birth,height_cm,nationality,foot_source,tm_player_url,fbref_player_id
sergio busquets i burgos,5203,,,,Spain,unresolved,,
gerard pique bernabeu,5213,right,1987-02-02,194.0,Spain,transfermarkt,https://www.transfermarkt.com/gerard-pique/profil/spieler/18944,
luis alberto suarez diaz,5246,right,1987-01-24,182.0,Uruguay,transfermarkt,https://www.transfermarkt.com/luis-suarez/profil/spieler/44352,
ivan rakitic,5470,right,1988-10-03,184.0,Switzerland,transfermarkt,https://www.transfermarkt.com/ivan-rakitic/profil/spieler/32467,fbref_name::ivan rakitic
ousmane dembele,5477,both,1997-05-15,179.0,France,transfermarkt,https://www.transfermarkt.com/ousmane-dembele/profil/spieler/288230,fbref_name::ousmane dembele
lionel andres messi cuccittini,5503,,,,Argentina,unresolved,,
jasper cillessen,8652,right,1989-04-22,187.0,Netherlands,transfermarkt,https://www.transfermarkt.com/jasper-cillessen/profil/spieler/146227,fbref_name::jasper cillessen
marc-andre ter stegen,20055,right,1992-04-30,187.0,Germany,transfermarkt,https://www.transfermarkt.com/marc-andre-ter-stegen/profil/spieler/74857,fbref_name::marc-andre ter stegen
axel werner,9747,right,1996-02-28,191.0,Argentina,transfermarkt,https://www.transfermarkt.com/axel-werner/profil/spieler/236734,fbref_name::axel werner
ever maximiliano david banega,5504,right,1988-06-29,174.0,Argentina,transfermarkt,https://www.transfermarkt.com/ever-banega/profil/spieler/12249,
simon thorup kjaer,5534,,,,Denmark,unresolved,,
luis fernando muriel fruto,6334,right,1991-04-16,180.0,Colombia,transfermarkt,https://www.transfermarkt.com/luis-muriel/profil/spieler/119228,
franco damian vazquez,6719,left,1989-02-22,187.0,Argentina,transfermarkt,https://www.transfermarkt.com/franco-vazquez/profil/spieler/76163,
pablo sarabia garcia,6720,left,1992-11-05,174.0,Spain,transfermarkt,https://www.transfermarkt.com/pablo-sarabia/profil/spieler/74230,
wissam ben yedder,6723,both,1990-12-08,170.0,Tunisia,transfermarkt,https://www.transfermarkt.com/wissam-ben-yedder/profil/spieler/146854,fbref_name::wissam ben yedder
manuel agudo duran,6724,right,1986-10-15,175.0,Spain,transfermarkt,https://www.transfermarkt.com/nolito/profil/spieler/70934,
tomas vaclik,11541,right,1989-03-29,189.0,CSSR,transfermarkt,https://www.transfermarkt.com/tomas-vaclik/profil/spieler/64000,fbref_name::tomas vaclik
sergio canales madrazo,6673,left,1991-02-16,175.0,Spain,transfermarkt,https://www.transfermarkt.com/sergio-canales/profil/spieler/66106,
pau lopez sabata,6792,left,1994-12-13,189.0,Spain,transfermarkt,https://www.transfermarkt.com/pau-lopez/profil/spieler/286415,
arnaldo antonio sanabria ayala,6880,right,1996-04-03,180.0,Paraguay,transfermarkt,https://www.transfermarkt.com/antonio-sanabria/profil/spieler/234523,
joel robles blazquez,16309,right,1990-06-17,194.0,Spain,transfermarkt,https://www.transfermarkt.com/joel-robles/profil/spieler/101118,
denis cheryshev,5186,left,1990-12-26,179.0,UdSSR,transfermarkt,https://www.transfermarkt.com/denis-cheryshev/profil/spieler/98322,fbref_name::denis cheryshev
kevin gameiro,6401,right,1987-09-05,172.0,France,transfermarkt,https://www.transfermarkt.com/kevin-gameiro/profil/spieler/27389,fbref_name::kevin gameiro
carlos soler barragan,6583,right,1997-02-01,180.0,Spain,transfermarkt,https://www.transfermarkt.com/carlos-soler/profil/spieler/372246,
norberto murara neto,6590,right,1989-07-19,190.0,Brazil,transfermarkt,https://www.transfermarkt.com/neto/profil/spieler/111819,
daniel parejo munoz,6595,right,1989-04-16,182.0,Spain,transfermarkt,https://www.transfermarkt.com/dani-parejo/profil/spieler/59561,
ferran torres garcia,6748,right,2000-02-29,183.0,Spain,transfermarkt,https://www.transfermarkt.com/ferran-torres/profil/spieler/398184,
ezequiel marcelo garay,6891,right,1986-10-10,188.0,Argentina,transfermarkt,https://www.transfermarkt.com/ezequiel-garay/profil/spieler/35939,
jaume domenech sanchez,6898,right,1990-05-11,185.0,Spain,transfermarkt,https://www.transfermarkt.com/jaume-domenech/profil/spieler/227805,
enes unal,6760,right,1997-10-05,187.0,Türkiye,transfermarkt,https://www.transfermarkt.com/enes-unal/profil/spieler/251106,fbref_name::enes unal
duje cop,8419,right,1990-01-02,184.0,Croatia,transfermarkt,https://www.transfermarkt.com/duje-cop/profil/spieler/46415,fbref_name::duje cop
yoel rodriguez oterino,10612,right,1988-08-28,184.0,Spain,transfermarkt,https://www.transfermarkt.com/yoel-rodriguez/profil/spieler/58115,
jordi masip lopez,11302,right,1989-03-01,180.0,Spain,transfermarkt,https://www.transfermarkt.com/jordi-masip/profil/spieler/65263,
tiago manuel dias correia,7900,,,,Cape Verde,unresolved,,
alberto garcia cabrera,11537,right,1985-09-02,182.0,Spain,transfermarkt,https://www.transfermarkt.com/alberto-garcia/profil/spieler/58497,
stole dimitrievski,21397,right,1993-12-25,188.0,Spain,transfermarkt,https://www.transfermarkt.com/stole-dimitrievski/profil/spieler/165467,fbref_name::stole dimitrievski
john guidetti,6038,right,1992-04-15,185.0,Sweden,transfermarkt,https://www.transfermarkt.com/john-guidetti/profil/spieler/98596,fbref_name::john guidetti
borja gonzalez tomas,6566,right,1992-08-25,186.0,Spain,transfermarkt,https://www.transfermarkt.com/borja-baston/profil/spieler/85324,
jonathan rodriguez menendez,6581,left,1991-09-07,179.0,Spain,transfermarkt,https://www.transfermarkt.com/jony/profil/spieler/228761,
fernando pacheco flores,6629,left,1992-05-18,187.0,Spain,transfermarkt,https://www.transfermarkt.com/fernando-pacheco/profil/spieler/172015,
juan manuel mata garcia,3294,left,1988-04-28,170.0,Spain,transfermarkt,https://www.transfermarkt.com/juan-mata/profil/spieler/44068,
petr cech,3461,left,1982-05-20,196.0,CSSR,transfermarkt,https://www.transfermarkt.com/petr-cech/profil/spieler/5658,fbref_name::petr cech
david luiz moreira marinho,3956,right,1987-04-22,189.0,Brazil,transfermarkt,https://www.transfermarkt.com/david-luiz/profil/spieler/46741,
ashley cole,12529,left,1980-12-20,176.0,England,transfermarkt,https://www.transfermarkt.com/ashley-cole/profil/spieler/3182,fbref_name::ashley cole
ryan bertrand,20045,left,1989-05-08,179.0,England,transfermarkt,https://www.transfermarkt.com/ryan-bertrand/profil/spieler/40611,fbref_name::ryan bertrand
frank lampard,20330,right,1978-06-20,184.0,England,transfermarkt,https://www.transfermarkt.com/frank-lampard/profil/spieler/3163,fbref_name::frank lampard
didier yves drogba tebily,20352,both,1978-11-03,189.0,Cote d'Ivoire,transfermarkt,https://www.transfermarkt.com/didier-drogba/profil/spieler/3924,
thomas muller,5562,right,1989-09-13,185.0,Germany,transfermarkt,https://www.transfermarkt.com/thomas-muller/profil/spieler/58358,fbref_name::thomas muller
mario gomez garcia,5565,,,,Germany,unresolved,,
manuel neuer,5570,right,1986-03-27,193.0,Germany,transfermarkt,https://www.transfermarkt.com/manuel-neuer/profil/spieler/17259,fbref_name::manuel neuer
arjen robben,8218,left,1984-01-23,180.0,Netherlands,transfermarkt,https://www.transfermarkt.com/arjen-robben/profil/spieler/4360,fbref_name::arjen robben
bastian schweinsteiger,18414,,1984-01-08,,Germany,unresolved,https://www.transfermarkt.com/bastian-schweinsteiger/profil/spieler/2514,fbref_name::bastian schweinsteiger
ivica olic,19289,left,1979-09-14,182.0,Jugoslawien (SFR),transfermarkt,https://www.transfermarkt.com/ivica-olic/profil/spieler/7427,fbref_name::ivica olic
philipp lahm,19295,right,1983-11-11,170.0,Germany,transfermarkt,https://www.transfermarkt.com/philipp-lahm/profil/spieler/2219,fbref_name::philipp lahm
xherdan shaqiri,3533,left,1991-10-10,169.0,Jugoslawien (SFR),transfermarkt,https://www.transfermarkt.com/xherdan-shaqiri/profil/spieler/86792,fbref_name::xherdan shaqiri
claudio miguel pizarro bossio,11132,,,,Peru,unresolved,,
robert lewandowski,5668,right,1988-08-21,186.0,Poland,transfermarkt,https://www.transfermarkt.com/robert-lewandowski/profil/spieler/38253,fbref_name::robert lewandowski
ilkay gundogan,10287,right,1990-10-24,180.0,Germany,transfermarkt,https://www.transfermarkt.com/ilkay-gundogan/profil/spieler/53622,fbref_name::ilkay gundogan
alvaro borja morata martin,3477,right,1992-10-23,189.0,Spain,transfermarkt,https://www.transfermarkt.com/alvaro-morata/profil/spieler/128223,
sergio ramos garcia,5201,right,1986-03-30,184.0,Spain,transfermarkt,https://www.transfermarkt.com/sergio-ramos/profil/spieler/25557,
cristiano ronaldo dos santos aveiro,5207,right,1985-05-02,185.0,Portugal,transfermarkt,https://www.transfermarkt.com/cristiano-ronaldo/profil/spieler/8198,
luka modric,5463,right,1985-09-09,172.0,Jugoslawien (SFR),transfermarkt,https://www.transfermarkt.com/luka-modric/profil/spieler/27992,fbref_name::luka modric
marcelo vieira da silva junior,5552,left,1988-12-05,174.0,Brazil,transfermarkt,https://www.transfermarkt.com/marcelo/profil/spieler/44501,
gareth frank bale,6399,left,1989-07-16,186.0,Wales,transfermarkt,https://www.transfermarkt.com/gareth-bale/profil/spieler/39381,
diego lopez rodriguez,6768,right,1981-03-11,196.0,Spain,transfermarkt,https://www.transfermarkt.com/diego-lopez/profil/spieler/34370,
karim benzema,19677,right,1987-12-19,185.0,Algeria,transfermarkt,https://www.transfermarkt.com/karim-benzema/profil/spieler/18922,fbref_name::karim benzema
thibaut courtois,3509,left,1992-11-05,199.0,Belgium,transfermarkt,https://www.transfermarkt.com/thibaut-courtois/profil/spieler/108390,fbref_name::thibaut courtois
jorge resurreccion merodio,5199,right,1992-08-01,176.0,Spain,transfermarkt,https://www.transfermarkt.com/koke/profil/spieler/74229,
juan francisco torres belen,6375,right,1985-09-01,181.0,Spain,transfermarkt,https://www.transfermarkt.com/juanfran-torres/profil/spieler/16635,
gabriel fernandez arenas,6384,right,1983-10-07,181.0,Spain,transfermarkt,https://www.transfermarkt.com/gabi/profil/spieler/22969,
lucas vazquez iglesias,5200,right,1991-01-07,173.0,Spain,transfermarkt,https://www.transfermarkt.com/lucas-vazquez/profil/spieler/221316,
carlos henrique casimiro,5539,right,1992-02-23,185.0,Brazil,transfermarkt,https://www.transfermarkt.com/casemiro/profil/spieler/16306,
keylor navas gamboa,5597,right,1986-12-15,185.0,Costa Rica,transfermarkt,https://www.transfermarkt.com/keylor-navas/profil/spieler/79422,
james david rodriguez rubio,5695,,,,Colombia,unresolved,,
francisco casilla cortes,6706,right,1986-02-10,191.0,Spain,transfermarkt,https://www.transfermarkt.com/kiko-casilla/profil/spieler/27486,
jose maria gimenez de vargas,5259,,,,Uruguay,unresolved,,
antoine griezmann,5487,left,1991-03-21,176.0,France,transfermarkt,https://www.transfermarkt.com/antoine-griezmann/profil/spieler/125781,fbref_name::antoine griezmann
jan oblak,6378,right,1993-07-01,188.0,Slovenia,transfermarkt,https://www.transfermarkt.com/jan-oblak/profil/spieler/121483,fbref_name::jan oblak
saul niguez esclapez,6381,left,1994-11-21,184.0,Spain,transfermarkt,https://www.transfermarkt.com/saul-niguez/profil/spieler/148928,
fara williams,10251,,,,England,unresolved,,
rachel furness,15706,,,,Northern Ireland,unresolved,,
grace moloney,15719,,,,Ireland,unresolved,,
lauren bruton,15726,,,,England,unresolved,,
rachael laws,33664,,,,England,unresolved,,
megan walsh,15709,,,,Ireland,unresolved,,
ellie mason,15715,,,,Northern Ireland,unresolved,,
ellie roebuck,4637,,,,England,unresolved,,
georgia stanway,4643,,,,England,unresolved,,fbref_name::georgia stanway
claire emslie,4646,,,,Scotland,unresolved,,fbref_name::claire emslie
nadia nadim,4650,,,,Denmark,unresolved,,
nikita parris,4654,,,,England,unresolved,,fbref_name::nikita parris
stephanie houghton,10185,,,,England,unresolved,,
caroline weir,10188,,,,Scotland,unresolved,,fbref_name::caroline weir
melissa lawley,15547,,,,England,unresolved,,
sophie baggaley,16376,,,,England,unresolved,,
lucy hope,16386,,,,Scotland,unresolved,,
magdalena lilly eriksson,4633,,,,Sweden,unresolved,,
francesca kirby,4641,,,,England,unresolved,,
ramona bachmann,4659,,,,Switzerland,unresolved,,fbref_name::ramona bachmann
bethany england,15550,,,,England,unresolved,,fbref_name::bethany england
karen julia carney,15553,,,,England,unresolved,,
carly mitchell telford,19421,,,,England,unresolved,,
danielle van de donk,10658,,,,Netherlands,unresolved,,fbref_name::danielle van de donk
dominique johanna anna petrone janssen,10666,,,,Netherlands,unresolved,,
pauline peyraud magnin,15615,,,,France,unresolved,,
kim little,15616,,,,Scotland,unresolved,,fbref_name::kim little
bethany mead,15619,,,,England,unresolved,,
leah williamson,18999,,,,England,unresolved,,fbref_name::leah williamson
ann-katrin berger,15560,,,,Germany,unresolved,,
charlie wellings,15563,,,,England,unresolved,,
sarah emma mayling,19500,,,,England,unresolved,,
aoife mannion,19503,,,,England,unresolved,,
hannah hampton,22032,,,,England,unresolved,,
kayleigh green,16400,,,,Wales,unresolved,,
marie hourihan,19419,,,,Ireland,unresolved,,
fern whelan,19420,,,,England,unresolved,,
jane ross,4653,,,,Scotland,unresolved,,fbref_name::jane ross
ria percival,18145,,,,New Zealand,unresolved,,fbref_name::ria percival
rebecca leigh spencer,18158,,,,Jamaica,unresolved,,
anne moorhouse,22027,,,,England,unresolved,,
chloe kelly,15570,,,,England,unresolved,,fbref_name::chloe kelly
kirstie levell,15576,,,,England,unresolved,,
inessa kaagman,15579,,,,Netherlands,unresolved,,
claudia walker,15580,,,,England,unresolved,,
yana daniels,10093,,,,Belgium,unresolved,,
courtney sweetman-kirk,15611,,,,England,unresolved,,
anke preuss,15626,,,,Germany,unresolved,,
christie murray,15628,,,,Scotland,unresolved,,fbref_name::christie murray
niamh charles,15631,,,,England,unresolved,,fbref_name::niamh charles
maren naevdal mjelde,10395,,,,Norway,unresolved,,
christian dannemann eriksen,3043,right,1992-02-14,182.0,Denmark,transfermarkt,https://www.transfermarkt.com/christian-eriksen/profil/spieler/69633,
hugo lloris,3099,left,1986-12-26,188.0,France,transfermarkt,https://www.transfermarkt.com/hugo-lloris/profil/spieler/17965,fbref_name::hugo lloris
kieran trippier,3308,right,1990-09-19,173.0,England,transfermarkt,https://www.transfermarkt.com/kieran-trippier/profil/spieler/95810,fbref_name::kieran trippier
serge aurier,3481,right,1992-12-24,176.0,Cote d'Ivoire,transfermarkt,https://www.transfermarkt.com/serge-aurier/profil/spieler/127032,fbref_name::serge aurier
lucas rodrigues moura da silva,3745,right,1992-08-13,172.0,Brazil,transfermarkt,https://www.transfermarkt.com/lucas-moura/profil/spieler/77100,
harry kane,10955,right,1993-07-28,188.0,Ireland,transfermarkt,https://www.transfermarkt.com/harry-kane/profil/spieler/132098,fbref_name::harry kane
eric dier,10956,right,1994-01-15,191.0,Portugal,transfermarkt,https://www.transfermarkt.com/eric-dier/profil/spieler/175722,fbref_name::eric dier
fabio henrique tavares,3247,right,1993-10-23,188.0,Brazil,transfermarkt,https://www.transfermarkt.com/fabinho/profil/spieler/225693,
james philip milner,3473,right,1986-04-01,175.0,England,transfermarkt,https://www.transfermarkt.com/james-milner/profil/spieler/3333,
mohamed salah,3531,left,1992-06-15,175.0,Egypt,transfermarkt,https://www.transfermarkt.com/mohamed-salah/profil/spieler/148455,fbref_name::mohamed salah
jordan brian henderson,3532,right,1990-06-17,182.0,England,transfermarkt,https://www.transfermarkt.com/jordan-henderson/profil/spieler/61651,
simon mignolet,3539,right,1988-06-03,193.0,Belgium,transfermarkt,https://www.transfermarkt.com/simon-mignolet/profil/spieler/50219,fbref_name::simon mignolet
georginio wijnaldum,3567,right,1990-11-11,175.0,Suriname,transfermarkt,https://www.transfermarkt.com/georginio-wijnaldum/profil/spieler/49499,fbref_name::georginio wijnaldum
sadio mane,3629,right,1992-10-04,175.0,Senegal,transfermarkt,https://www.transfermarkt.com/sadio-mane/profil/spieler/200512,fbref_name::sadio mane
trent alexander-arnold,3664,right,1998-07-10,180.0,England,transfermarkt,https://www.transfermarkt.com/trent-alexander-arnold/profil/spieler/314353,fbref_name::trent alexander-arnold
virgil van dijk,3669,right,1991-08-07,195.0,Suriname,transfermarkt,https://www.transfermarkt.com/virgil-van-dijk/profil/spieler/139208,fbref_name::virgil van dijk
alisson ramses becker,5547,right,1992-02-10,193.0,Brazil,transfermarkt,https://www.transfermarkt.com/alisson/profil/spieler/105470,
andile dlamini,25515,right,1993-09-29,185.0,South Africa,transfermarkt,https://www.transfermarkt.com/sandile-dlamini/profil/spieler/334099,fbref_name::andile dlamini
kaylin swart,25746,,,,South Africa,unresolved,,fbref_name::kaylin swart
alexia putellas segura,10143,,,,Spain,unresolved,,
jennifer hermoso fuentes,10151,,,,Spain,unresolved,,
maria victoria losada gomez,10158,,,,Spain,unresolved,,
maria francesca caldentey oliver,10161,,,,Spain,unresolved,,
aitana bonmati conca,15284,,,,Spain,unresolved,,
patricia guijarro gutierrez,15287,,,,Spain,unresolved,,
maria dolores gallardo nunez,45667,,,,Spain,unresolved,,
maria asuncion quinones goikoetxea,50355,,,,Spain,unresolved,,
samantha may kerr,4961,,,,Australia,unresolved,,
katrina gorry,4979,,,,Australia,unresolved,,fbref_name::katrina gorry
stephanie-elise catley,5000,,,,Australia,unresolved,,
lydia grace yilkari williams,5066,,,,Australia,unresolved,,
ellie madison carpenter,5095,,,,Australia,unresolved,,
caitlin jade foord,11338,,,,Australia,unresolved,,
chloe logarzo,25547,,,,Australia,unresolved,,fbref_name::chloe logarzo
tameka yallop,25549,,,,Australia,unresolved,,fbref_name::tameka yallop
emily gielnik,25744,,,,Australia,unresolved,,fbref_name::emily gielnik
mackenzie arnold,42787,,,,Australia,unresolved,,fbref_name::mackenzie arnold
teagan jade micah,131588,,,,Australia,unresolved,,
cristiana girelli,10203,,,,Italy,unresolved,,fbref_name::cristiana girelli
daniela sabatino,10206,,,,Italy,unresolved,,fbref_name::daniela sabatino
elena linari,10208,,,,Italy,unresolved,,fbref_name::elena linari
barbara bonansea,10211,,,,Italy,unresolved,,fbref_name::barbara bonansea
laura giuliani,10218,,,,Italy,unresolved,,fbref_name::laura giuliani
aurora galli,10225,,,,Italy,unresolved,,fbref_name::aurora galli
manuela giugliano,10228,,,,Italy,unresolved,,fbref_name::manuela giugliano
valentina giacinti,25541,,,,Italy,unresolved,,fbref_name::valentina giacinti
sydney schneider,25550,,1996-03-17,185.0,Switzerland,unresolved,https://www.transfermarkt.com/sydney-schneider/profil/spieler/284364,fbref_name::sydney schneider
khadija monifa shaw,25554,,,,Jamaica,unresolved,,
debora cristiane de oliveira,5044,,,,Brazil,unresolved,,
monica hickmann alves,5071,,,,Brazil,unresolved,,
marta vieira da silva veiga,5082,,,,Brazil,unresolved,,
andressa alves da silva,24368,,,,Brazil,unresolved,,
ludmila da silva,25542,,,,Brazil,unresolved,,
aline villares reis,49989,,,,Brazil,unresolved,,
jodie taylor,5002,,,,England,unresolved,,fbref_name::jodie taylor
rachel daly,5058,,,,England,unresolved,,fbref_name::rachel daly
lucy bronze,10178,,,,England,unresolved,,fbref_name::lucy bronze
alex greenwood,10252,,,,England,unresolved,,fbref_name::alex greenwood
mary alexandra earps,31538,,,,England,unresolved,,
lana clelland,10176,,,,Scotland,unresolved,,fbref_name::lana clelland
lee alexander,25570,,,,Scotland,unresolved,,
caroline graham hansen,10386,,,,Norway,unresolved,,fbref_name::caroline graham hansen
ingrid hjelmseth,10394,,,,Norway,unresolved,,fbref_name::ingrid hjelmseth
guro reiten,10514,,,,Norway,unresolved,,fbref_name::guro reiten
isabell herlovsen,13479,,,,Norway,unresolved,,fbref_name::isabell herlovsen
cecilie fiskerstrand,24370,,,,Norway,unresolved,,
ingrid syrstad engen,24374,,,,Norway,unresolved,,fbref_name::ingrid syrstad engen
sakina karchaoui,10117,,,,France,unresolved,,fbref_name::sakina karchaoui
eugenie le sommer,10121,,,,France,unresolved,,fbref_name::eugenie le sommer
wendie renard,10125,,,,France,unresolved,,fbref_name::wendie renard
kadidiatou diani,10137,,,,France,unresolved,,fbref_name::kadidiatou diani
onema grace geyoro,10272,,,,France,unresolved,,
eve perisset,10418,,,,France,unresolved,,fbref_name::eve perisset
amel majri,15249,,,,France,unresolved,,fbref_name::amel majri
valerie gauvin,25442,,,,France,unresolved,,fbref_name::valerie gauvin
viviane asseyi,25834,,,,France,unresolved,,fbref_name::viviane asseyi
solene durand,31128,,,,France,unresolved,,fbref_name::solene durand
ayaka yamashita,25627,,,,Japan,unresolved,,fbref_name::ayaka yamashita
hina sugita,25635,,,,Japan,unresolved,,fbref_name::hina sugita
yuika sugasawa,25637,,,,Japan,unresolved,,fbref_name::yuika sugasawa
vanina noemi correa,25611,,,,Argentina,unresolved,,
maria florencia bonsegundo,25640,,,,Argentina,unresolved,,
dalila belen ippolito,26051,,,,Argentina,unresolved,,
fridolina rolfo,10215,,,,Sweden,unresolved,,fbref_name::fridolina rolfo
kosovare asllani,10220,,,,Sweden,unresolved,,fbref_name::kosovare asllani
elin ingrid johanna rubensson,10221,,,,Sweden,unresolved,,
eva sofia jakobsson,13881,,,,Sweden,unresolved,,
lina mona andrea hurtig,25697,,,,Sweden,unresolved,,
gun nathalie bjorn,26093,,,,Sweden,unresolved,,
julia zigiotti-olme,26094,,,,Sweden,unresolved,,
jennifer miley falk,62667,,,,Sweden,unresolved,,
zecira musovic,62713,,,,Sweden,unresolved,,fbref_name::zecira musovic
waraporn boonsing,25813,,,,Thailand,unresolved,,fbref_name::waraporn boonsing
rosemary kathleen lavelle,4949,,,,United States of America,unresolved,,
lindsey michelle heaps,4999,,,,United States of America,unresolved,,
kelley maureen o'hara,5021,,,,United States of America,unresolved,,
mallory diane swanson,5023,,,,United States of America,unresolved,,
alexandra morgan carrasco,5085,,,,United States of America,unresolved,,
samantha june mewis,5087,,,,United States of America,unresolved,,
carli anne hollins,5097,,,,United States of America,unresolved,,
alyssa michele naeher,5100,,,,United States of America,unresolved,,
adrianna nichole franch,6819,,,,United States of America,unresolved,,
megan anna rapinoe,8298,,,,United States of America,unresolved,,
claudia christiane endler mutinelli,24462,,,,Chile,unresolved,,
francisca alejandra lara lara,25690,,,,Chile,unresolved,,
ugochi desire oparanozie,25472,,,,Nigeria,unresolved,,
chiamaka cynthia nnadozie,25718,,,,Nigeria,unresolved,,
rasheedat busayo ajibade,26156,,,,Nigeria,unresolved,,
min-jeong kim,25449,,,,Korea (South),unresolved,,
xabier alonso olano,20133,right,1981-11-25,183.0,Spain,transfermarkt,https://www.transfermarkt.com/xabi-alonso/profil/spieler/7476,
francesc fabregas i soler,3478,,,,Spain,unresolved,,
neymar da silva santos junior,4320,,,,Brazil,unresolved,,
andres iniesta lujan,5216,both,1984-11-05,171.0,Spain,transfermarkt,https://www.transfermarkt.com/andres-iniesta/profil/spieler/7600,
javier alejandro mascherano,5506,,,,Argentina,unresolved,,
victor valdes arribas,20176,right,1982-01-14,183.0,Spain,transfermarkt,https://www.transfermarkt.com/victor-valdes/profil/spieler/7589,
juan carlos martin corral,24255,right,1988-01-20,187.0,Spain,transfermarkt,https://www.transfermarkt.com/juan-carlos/profil/spieler/120705,
claudio andres bravo munoz,4691,,,,Chile,unresolved,,
ivan cuellar sacristan,6610,left,1984-05-27,187.0,Spain,transfermarkt,https://www.transfermarkt.com/ivan-cuellar/profil/spieler/27493,
vicente guaita panadero,6625,right,1987-10-01,190.0,Spain,transfermarkt,https://www.transfermarkt.com/vicente-guaita/profil/spieler/64399,
pedro leon sanchez gil,6907,right,1986-11-24,183.0,Spain,transfermarkt,https://www.transfermarkt.com/pedro-leon/profil/spieler/51587,
diego alves carreira,25144,,,,Brazil,unresolved,,
francisco alcacer garcia,6402,right,1993-08-30,175.0,Spain,transfermarkt,https://www.transfermarkt.com/paco-alcacer/profil/spieler/126716,
daniel garcia carrillo,6775,right,1990-05-24,180.0,Spain,transfermarkt,https://www.transfermarkt.com/dani-garcia/profil/spieler/178425,
asier riesgo unamuno,10763,right,1983-06-10,185.0,Spain,transfermarkt,https://www.transfermarkt.com/asier-riesgo/profil/spieler/23338,
saul berjon perez,24070,right,1986-05-24,178.0,Spain,transfermarkt,https://www.transfermarkt.com/saul-berjon/profil/spieler/74954,
sergio asenjo andres,6755,right,1989-06-28,189.0,Spain,transfermarkt,https://www.transfermarkt.com/sergio-asenjo/profil/spieler/51710,
cedric bakambu,6862,right,1991-11-04,182.0,DR Congo,transfermarkt,https://www.transfermarkt.com/cedric-bakambu/profil/spieler/127048,fbref_name::cedric bakambu
bruno soriano llido,22819,left,1984-12-06,184.0,Spain,transfermarkt,https://www.transfermarkt.com/bruno-soriano/profil/spieler/44412,
roberto soldado rillo,26009,right,1985-05-27,180.0,Spain,transfermarkt,https://www.transfermarkt.com/roberto-soldado/profil/spieler/34870,
gorka iraizoz moreno,6576,right,1981-06-03,191.0,Spain,transfermarkt,https://www.transfermarkt.com/gorka-iraizoz/profil/spieler/7874,
iago herrerin buisan,6662,right,1988-01-25,187.0,Spain,transfermarkt,https://www.transfermarkt.com/iago-herrerin/profil/spieler/71570,
aritz aduriz zubeldia,6394,right,1981-11-02,181.0,Spain,transfermarkt,https://www.transfermarkt.com/aritz-aduriz/profil/spieler/29124,
claudio beauvue,6600,right,1988-04-16,175.0,France,transfermarkt,https://www.transfermarkt.com/claudio-beauvue/profil/spieler/58818,fbref_name::claudio beauvue
ruben blanco veiga,6795,right,1995-07-25,188.0,Spain,transfermarkt,https://www.transfermarkt.com/ruben-blanco/profil/spieler/199321,
sergio alvarez conde,6884,right,1986-03-08,179.0,Spain,transfermarkt,https://www.transfermarkt.com/sergio-alvarez/profil/spieler/45912,
thiago alcantara do nascimento,5208,right,1991-11-04,174.0,Spain,transfermarkt,https://www.transfermarkt.com/thiago-alcantara/profil/spieler/60444,
fabian ariel orellana valenzuela,7105,,,,Chile,unresolved,,
guilherme magdalena siqueira,26780,,,,Brazil,unresolved,,
ruben ivan martinez andrade,6730,right,1984-06-22,187.0,Spain,transfermarkt,https://www.transfermarkt.com/ruben-martinez/profil/spieler/8184,
victor casadesus castano,23791,right,1985-02-28,180.0,Spain,transfermarkt,https://www.transfermarkt.com/victor-casadesus/profil/spieler/35540,
diego marino villar,23843,right,1990-09-05,185.0,Spain,transfermarkt,https://www.transfermarkt.com/diego-marino/profil/spieler/59349,
jose antonio garcia rabasco,24149,right,1986-09-29,181.0,Spain,transfermarkt,https://www.transfermarkt.com/verza/profil/spieler/26199,
nicolas hernan otamendi,3090,,,,Argentina,unresolved,,
roberto trashorras gayoso,26848,right,1981-02-28,177.0,Spain,transfermarkt,https://www.transfermarkt.com/roberto-trashorras/profil/spieler/7923,
emilio nsue lopez,13581,,,,Equatorial Guinea,unresolved,,
jesus fernandez collado,27240,left,1988-11-06,190.0,Spain,transfermarkt,https://www.transfermarkt.com/jesus-fernandez/profil/spieler/91885,
jonathas cristian de jesus,8584,right,1989-06-03,192.0,Brazil,transfermarkt,https://www.transfermarkt.com/jonathas/profil/spieler/58345,
przemyslaw tyton,9082,right,1987-04-01,195.0,Poland,transfermarkt,https://www.transfermarkt.com/przemyslaw-tyton/profil/spieler/33210,
mario pasalic,11603,right,1995-09-02,188.0,Croatia,transfermarkt,https://www.transfermarkt.com/mario-pasalic/profil/spieler/205938,fbref_name::mario pasalic
jorge molina vidal,6630,right,1982-04-22,188.0,Spain,transfermarkt,https://www.transfermarkt.com/jorge-molina/profil/spieler/57825,
alvaro vadillo cifuentes,24143,right,1994-12-09,180.0,Spain,transfermarkt,https://www.transfermarkt.com/alvaro-vadillo/profil/spieler/162074,
alberto bueno calvo,6879,right,1988-03-20,178.0,Spain,transfermarkt,https://www.transfermarkt.com/alberto-bueno/profil/spieler/45335,
cristian dario alvarez,24040,,,,Argentina,unresolved,,
rodrigo hernandez cascante,6765,right,1996-06-22,190.0,Spain,transfermarkt,https://www.transfermarkt.com/rodri/profil/spieler/357565,
nicola sansone,6859,right,1991-10-09,174.0,Germany,transfermarkt,https://www.transfermarkt.com/nicola-sansone/profil/spieler/82048,fbref_name::nicola sansone
andres eduardo fernandez moreno,8697,right,1986-12-16,185.0,Spain,transfermarkt,https://www.transfermarkt.com/andres-fernandez/profil/spieler/57522,
manuel del moral fernandez,24507,right,1984-02-25,185.0,Spain,transfermarkt,https://www.transfermarkt.com/manu-del-moral/profil/spieler/37399,
jaime jimenez merlo,27517,,1980-10-12,187.0,Spain,unresolved,https://www.transfermarkt.com/jaime-jimenez/profil/spieler/51504,
javier hernandez balcazar,3058,right,1988-01-06,175.0,Mexico,transfermarkt,https://www.transfermarkt.com/chicharito/profil/spieler/50935,
salvatore sirigu,7469,right,1987-12-01,192.0,Italy,transfermarkt,https://www.transfermarkt.com/salvatore-sirigu/profil/spieler/25508,fbref_name::salvatore sirigu
alberto brignoli,7804,left,1991-08-19,188.0,Italy,transfermarkt,https://www.transfermarkt.com/alberto-brignoli/profil/spieler/146799,fbref_name::alberto brignoli
jon ander serantes simon,9879,right,1989-10-24,183.0,Spain,transfermarkt,https://www.transfermarkt.com/jon-ander-serantes/profil/spieler/71835,
antonio adan garrido,6654,left,1987-05-13,190.0,Spain,transfermarkt,https://www.transfermarkt.com/antonio-adan/profil/spieler/44062,
ruben castro martin,6832,right,1981-06-27,169.0,Spain,transfermarkt,https://www.transfermarkt.com/ruben-castro/profil/spieler/25316,
oier olazabal paredes,6692,left,1989-09-14,189.0,Spain,transfermarkt,https://www.transfermarkt.com/oier-olazabal/profil/spieler/8176,
francisco manuel rico castro,25707,right,1987-03-08,178.0,Spain,transfermarkt,https://www.transfermarkt.com/fran-rico/profil/spieler/63689,
raul lizoain cruz,7905,left,1991-01-27,188.0,Spain,transfermarkt,https://www.transfermarkt.com/raul-lizoain/profil/spieler/167228,
jonathan viera ramos,10755,right,1989-10-21,170.0,Spain,transfermarkt,https://www.transfermarkt.com/jonathan-viera/profil/spieler/153238,
javier varas herrera,26753,right,1982-10-09,182.0,Spain,transfermarkt,https://www.transfermarkt.com/javi-varas/profil/spieler/58341,
maximiliano gomez gonzalez,6297,right,1996-08-14,186.0,Uruguay,transfermarkt,https://www.transfermarkt.com/maxi-gomez/profil/spieler/396894,
mikel oyarzabal ugarte,6685,left,1997-04-21,181.0,Spain,transfermarkt,https://www.transfermarkt.com/mikel-oyarzabal/profil/spieler/351478,
alejandro remiro gargallo,32185,right,1995-03-24,192.0,Spain,transfermarkt,https://www.transfermarkt.com/alex-remiro/profil/spieler/212862,
martin braithwaite christensen,4447,,,,Denmark,unresolved,,
iago aspas juncal,5217,left,1987-01-08,176.0,Spain,transfermarkt,https://www.transfermarkt.com/iago-aspas/profil/spieler/72047,
aitor fernandez abarisketa,23344,right,1991-03-05,182.0,Spain,transfermarkt,https://www.transfermarkt.com/aitor-fernandez/profil/spieler/118997,
lucas perez martinez,6732,left,1988-10-09,180.0,Spain,transfermarkt,https://www.transfermarkt.com/lucas-perez/profil/spieler/73185,
kenneth josiah omeruo,5830,right,1993-10-17,185.0,Nigeria,transfermarkt,https://www.transfermarkt.com/kenneth-omeruo/profil/spieler/131708,
yangel clemente herrera ravelo,16249,,,,Venezuela (Bolivarian Republic),unresolved,,
joao felix sequeira,12041,right,1999-10-11,179.0,Portugal,transfermarkt,https://www.transfermarkt.com/joao-felix/profil/spieler/462250,
ebony salmon,31527,,,,England,unresolved,,
rianna dean,31702,,,,England,unresolved,,
chloe morgan,33349,,,,England,unresolved,,
tinja-riikka tellervo korpela,13857,,,,Finland,unresolved,,
alexandra maciver,34360,,,,England,unresolved,,
kenza dali,15421,,,,France,unresolved,,fbref_name::kenza dali
courtney brosnan,31555,,,,Ireland,unresolved,,fbref_name::courtney brosnan
manuela zinsberger,10237,,,,Austria,unresolved,,
ella toone,31534,,,,England,unresolved,,fbref_name::ella toone
katie zelem,31540,,,,England,unresolved,,fbref_name::katie zelem
lauren james,31531,,,,England,unresolved,,fbref_name::lauren james
aurora watten mikalsen,36800,,,,Norway,unresolved,,
jon dahl tomasson,15526,right,1976-08-29,182.0,Denmark,transfermarkt,https://www.transfermarkt.com/jon-dahl-tomasson/profil/spieler/4169,
andrea pirlo,19849,both,1979-05-19,177.0,Italy,transfermarkt,https://www.transfermarkt.com/andrea-pirlo/profil/spieler/5817,
ricardo izecson dos santos leite,26712,,,,Brazil,unresolved,,
claudio santos,34385,both,1992-07-30,184.0,Portugal,transfermarkt,https://www.transfermarkt.com/claudio-santos/profil/spieler/398786,
nelson de jesus da silva,34393,left,1973-07-10,196.0,Brazil,transfermarkt,https://www.transfermarkt.com/dida/profil/spieler/5800,
vladimir smicer,15280,right,1973-05-24,180.0,CSSR,transfermarkt,https://www.transfermarkt.com/vladimir-smicer/profil/spieler/3217,fbref_name::vladimir smicer
dietmar hamann,18103,,1973-08-27,,Germany,unresolved,https://www.transfermarkt.com/dietmar-hamann/profil/spieler/919,fbref_name::dietmar hamann
djibril cisse,34384,right,1981-12-08,182.0,France,transfermarkt,https://www.transfermarkt.com/djibril-cisse/profil/spieler/3966,fbref_name::djibril cisse
john arne semundseth riise,34386,,1980-09-24,,Norway,unresolved,https://www.transfermarkt.com/john-arne-riise/profil/spieler/3220,
jerzy dudek,34390,left,1973-03-23,188.0,Poland,transfermarkt,https://www.transfermarkt.com/jerzy-dudek/profil/spieler/3209,fbref_name::jerzy dudek
jermain defoe,3337,right,1982-07-10,171.0,England,transfermarkt,https://www.transfermarkt.com/jermain-defoe/profil/spieler/3875,fbref_name::jermain defoe
robbie keane,11348,right,1980-08-07,175.0,Ireland,transfermarkt,https://www.transfermarkt.com/robbie-keane/profil/spieler/3144,fbref_name::robbie keane
thierry henry,15516,both,1977-08-17,188.0,France,transfermarkt,https://www.transfermarkt.com/thierry-henry/profil/spieler/3207,fbref_name::thierry henry
jens lehmann,20015,,1969-10-11,,Germany,unresolved,https://www.transfermarkt.com/jens-lehmann/profil/spieler/122,fbref_name::jens lehmann
thomas lovendahl sorensen,20145,right,1976-12-06,196.0,Denmark,transfermarkt,https://www.transfermarkt.com/thomas-sorensen/profil/spieler/3473,
massimo maccarone,40252,right,1979-06-09,180.0,Italy,transfermarkt,https://www.transfermarkt.com/massimo-maccarone/profil/spieler/3713,fbref_name::massimo maccarone
mark schwarzer,40322,,1972-06-10,,Germany,unresolved,https://www.transfermarkt.com/mark-schwarzer/profil/spieler/3357,fbref_name::mark schwarzer
danny coyne,40235,,1973-08-27,,Wales,unresolved,https://www.transfermarkt.com/danny-coyne/profil/spieler/8054,fbref_name::danny coyne
shaka hislop,38403,right,1969-02-22,193.0,England,transfermarkt,https://www.transfermarkt.com/shaka-hislop/profil/spieler/4175,fbref_name::shaka hislop
paul robinson,40132,right,1979-10-15,193.0,England,transfermarkt,https://www.transfermarkt.com/paul-robinson/profil/spieler/3630,fbref_name::paul robinson
wayne mark rooney,3538,right,1985-10-24,176.0,England,transfermarkt,https://www.transfermarkt.com/wayne-rooney/profil/spieler/3332,
richard wright,40280,left,1977-05-11,190.0,England,transfermarkt,https://www.transfermarkt.com/richard-wright/profil/spieler/3120,fbref_name::richard wright
paolo di canio,40375,,1968-09-07,,Italy,unresolved,https://www.transfermarkt.com/paolo-di-canio/profil/spieler/3699,fbref_name::paolo di canio
shay given,20446,right,1976-04-20,185.0,Ireland,transfermarkt,https://www.transfermarkt.com/shay-given/profil/spieler/3146,fbref_name::shay given
tim howard,13042,right,1979-06-03,191.0,Hungary,transfermarkt,https://www.transfermarkt.com/tim-howard/profil/spieler/4267,fbref_name::tim howard
ruud van nistelrooy,19729,right,1976-01-07,189.0,Netherlands,transfermarkt,https://www.transfermarkt.com/ruud-van-nistelrooy/profil/spieler/3407,fbref_name::ruud van nistelrooy
diego forlan corazo,26199,,,,Uruguay,unresolved,,
stefano tacconi,39825,right,1957-05-13,192.0,Italy,transfermarkt,https://www.transfermarkt.com/stefano-tacconi/profil/spieler/118257,
diego armando maradona,38641,,,,Argentina,unresolved,,
glenn murray,3085,right,1983-09-25,186.0,England,transfermarkt,https://www.transfermarkt.com/glenn-murray/profil/spieler/45693,fbref_name::glenn murray
charlie daniels,3345,left,1986-07-09,178.0,England,transfermarkt,https://www.transfermarkt.com/charlie-daniels/profil/spieler/61819,fbref_name::charlie daniels
adam federici,24888,right,1985-01-31,188.0,Italy,transfermarkt,https://www.transfermarkt.com/adam-federici/profil/spieler/4233,
jonjo shelvey,3057,right,1992-02-27,184.0,Ireland,transfermarkt,https://www.transfermarkt.com/jonjo-shelvey/profil/spieler/71292,fbref_name::jonjo shelvey
lukasz fabianski,3262,right,1985-04-18,190.0,Poland,transfermarkt,https://www.transfermarkt.com/lukasz-fabianski/profil/spieler/29692,fbref_name::lukasz fabianski
andre ayew pele,3347,,,,Ghana,unresolved,,
gylfi thor sigurdsson,3944,,,,Iceland,unresolved,,
ederzito antonio macedo lopes,15996,both,1987-12-22,190.0,Portugal,transfermarkt,https://www.transfermarkt.com/eder/profil/spieler/84481,
bafetimbi gomis,20521,right,1985-06-08,184.0,Senegal,transfermarkt,https://www.transfermarkt.com/bafetimbi-gomis/profil/spieler/22388,fbref_name::bafetimbi gomis
bertrand isidore traore,2956,left,1995-06-09,181.0,Burkina Faso,transfermarkt,https://www.transfermarkt.com/bertrand-traore/profil/spieler/131996,
asmir begovic,3339,right,1987-06-20,199.0,Bosnia-Herzegovina,transfermarkt,https://www.transfermarkt.com/asmir-begovic/profil/spieler/33873,fbref_name::asmir begovic
alexandre rodrigues da silva,25351,right,1989-02-09,180.0,Brazil,transfermarkt,https://www.transfermarkt.com/alexandre-pato/profil/spieler/37579,
oscar dos santos emboaba junior,40122,,,,Brazil,unresolved,,
adrian san miguel del castillo,3623,right,1987-03-01,190.0,Spain,transfermarkt,https://www.transfermarkt.com/adrian-san-miguel/profil/spieler/71271,
mark noble,3874,right,1987-08-05,180.0,Ireland,transfermarkt,https://www.transfermarkt.com/mark-noble/profil/spieler/31835,fbref_name::mark noble
andy carroll,4271,left,1989-06-01,194.0,England,transfermarkt,https://www.transfermarkt.com/andy-carroll/profil/spieler/48066,fbref_name::andy carroll
darren randolph,20066,right,1987-12-05,187.0,Ireland,transfermarkt,https://www.transfermarkt.com/darren-randolph/profil/spieler/51321,fbref_name::darren randolph
enner remberto valencia lastra,28559,right,1989-04-11,177.0,Ecuador,transfermarkt,https://www.transfermarkt.com/enner-valencia/profil/spieler/139503,
maya yoshida,3300,right,1988-08-24,189.0,Japan,transfermarkt,https://www.transfermarkt.com/maya-yoshida/profil/spieler/81789,fbref_name::maya yoshida
james ward-prowse,3328,right,1994-01-11,177.0,England,transfermarkt,https://www.transfermarkt.com/james-ward-prowse/profil/spieler/181579,fbref_name::james ward-prowse
dusan tadic,3831,left,1988-11-20,181.0,Serbia,transfermarkt,https://www.transfermarkt.com/dusan-tadic/profil/spieler/36139,fbref_name::dusan tadic
maarten stekelenburg,20201,right,1982-09-22,197.0,Netherlands,transfermarkt,https://www.transfermarkt.com/maarten-stekelenburg/profil/spieler/4311,fbref_name::maarten stekelenburg
julian speroni,3487,right,1979-05-18,186.0,Italy,transfermarkt,https://www.transfermarkt.com/julian-speroni/profil/spieler/12814,fbref_name::julian speroni
alex mccarthy,3619,right,1989-03-12,193.0,England,transfermarkt,https://www.transfermarkt.com/alex-mccarthy/profil/spieler/95976,fbref_name::alex mccarthy
mile jedinak,5489,right,1984-03-08,187.0,Croatia,transfermarkt,https://www.transfermarkt.com/mile-jedinak/profil/spieler/28336,fbref_name::mile jedinak
costel fane pantilimon,6871,right,1987-01-02,203.0,Romania,transfermarkt,https://www.transfermarkt.com/costel-pantilimon/profil/spieler/47659,
fabio borini,7171,right,1991-03-29,180.0,Italy,transfermarkt,https://www.transfermarkt.com/fabio-borini/profil/spieler/96754,fbref_name::fabio borini
vito mannone,9539,right,1988-02-03,188.0,Italy,transfermarkt,https://www.transfermarkt.com/vito-mannone/profil/spieler/33781,fbref_name::vito mannone
steven fletcher,9554,left,1987-03-26,185.0,Scotland,transfermarkt,https://www.transfermarkt.com/steven-fletcher/profil/spieler/35099,fbref_name::steven fletcher
adam johnson,42902,left,1987-07-14,182.0,England,transfermarkt,https://www.transfermarkt.com/adam-johnson/profil/spieler/31579,fbref_name::adam johnson
memphis depay,2988,right,1994-02-13,178.0,Ghana,transfermarkt,https://www.transfermarkt.com/memphis-depay/profil/spieler/167850,
david de gea quintana,3333,right,1990-07-11,192.0,Spain,transfermarkt,https://www.transfermarkt.com/david-de-gea/profil/spieler/59377,
ander herrera aguera,3606,right,1989-08-14,182.0,Spain,transfermarkt,https://www.transfermarkt.com/ander-herrera/profil/spieler/99343,
christian benteke liolo,3380,,,,Belgium,unresolved,,
artur boruc,20074,right,1980-02-20,193.0,Poland,transfermarkt,https://www.transfermarkt.com/artur-boruc/profil/spieler/15220,
declan rudd,9014,right,1991-01-16,191.0,England,transfermarkt,https://www.transfermarkt.com/declan-rudd/profil/spieler/74088,fbref_name::declan rudd
wes hoolahan,10966,left,1982-05-20,168.0,Ireland,transfermarkt,https://www.transfermarkt.com/wes-hoolahan/profil/spieler/24589,fbref_name::wes hoolahan
john ruddy,23635,right,1986-10-24,192.0,England,transfermarkt,https://www.transfermarkt.com/john-ruddy/profil/spieler/29712,fbref_name::john ruddy
james morrison,3490,right,1986-05-25,183.0,Scotland,transfermarkt,https://www.transfermarkt.com/james-morrison/profil/spieler/27614,fbref_name::james morrison
jose salomon rondon gimenez,4041,right,1989-09-16,186.0,Venezuela,transfermarkt,https://www.transfermarkt.com/salomon-rondon/profil/spieler/80197,
saido berahino,4630,right,1993-04-08,180.0,Burundi,transfermarkt,https://www.transfermarkt.com/saido-berahino/profil/spieler/128897,
glyn oliver myhill,5108,right,1982-09-11,191.0,Wales,transfermarkt,https://www.transfermarkt.com/boaz-myhill/profil/spieler/3838,
craig gardner,9485,right,1986-11-25,176.0,England,transfermarkt,https://www.transfermarkt.com/craig-gardner/profil/spieler/37171,fbref_name::craig gardner
rickie lambert,40124,right,1982-02-16,187.0,England,transfermarkt,https://www.transfermarkt.com/rickie-lambert/profil/spieler/49655,fbref_name::rickie lambert
jose leonardo ulloa,3671,,,,Argentina,unresolved,,
riyad mahrez,3814,left,1991-02-21,179.0,Algeria,transfermarkt,https://www.transfermarkt.com/riyad-mahrez/profil/spieler/171424,fbref_name::riyad mahrez
kasper schmeichel,3815,right,1986-05-11,189.0,Denmark,transfermarkt,https://www.transfermarkt.com/kasper-schmeichel/profil/spieler/16911,fbref_name::kasper schmeichel
jamie vardy,10960,right,1987-11-01,179.0,England,transfermarkt,https://www.transfermarkt.com/jamie-vardy/profil/spieler/197838,fbref_name::jamie vardy
callum wilson,3616,right,1992-02-27,180.0,Ireland,transfermarkt,https://www.transfermarkt.com/callum-wilson/profil/spieler/123682,fbref_name::callum wilson
jordan pickford,3468,left,1994-07-03,185.0,England,transfermarkt,https://www.transfermarkt.com/jordan-pickford/profil/spieler/130164,fbref_name::jordan pickford
romelu lukaku menama,3289,,,,Belgium,unresolved,,
leighton baines,3518,left,1984-11-12,170.0,England,transfermarkt,https://www.transfermarkt.com/leighton-baines/profil/spieler/13507,fbref_name::leighton baines
ross barkley,4275,right,1993-05-12,189.0,England,transfermarkt,https://www.transfermarkt.com/ross-barkley/profil/spieler/131978,fbref_name::ross barkley
ben foster,4053,left,1983-03-04,193.0,England,transfermarkt,https://www.transfermarkt.com/ben-foster/profil/spieler/13572,fbref_name::ben foster
gnegneri yaya toure,3087,,,,Côte d'Ivoire,unresolved,,
sergio leonel aguero del castillo,3237,,,,Argentina,unresolved,,
joe hart,3291,right,1987-04-19,196.0,England,transfermarkt,https://www.transfermarkt.com/joe-hart/profil/spieler/40204,fbref_name::joe hart
wilfried guemiand bony,3598,,,,Côte d'Ivoire,unresolved,,
kelechi promise iheanacho,3708,left,1996-03-10,185.0,Nigeria,transfermarkt,https://www.transfermarkt.com/kelechi-iheanacho/profil/spieler/295330,
aleksandar kolarov,5596,left,1985-10-11,187.0,Serbia,transfermarkt,https://www.transfermarkt.com/aleksandar-kolarov/profil/spieler/46156,fbref_name::aleksandar kolarov
nordin amrabat,3302,right,1987-03-31,178.0,Morocco,transfermarkt,https://www.transfermarkt.com/nordin-amrabat/profil/spieler/55619,fbref_name::nordin amrabat
troy deeney,3454,right,1988-06-29,184.0,Jamaica,transfermarkt,https://www.transfermarkt.com/troy-deeney/profil/spieler/65477,fbref_name::troy deeney
heurelho da silva gomes,3522,right,1981-02-15,191.0,Brazil,transfermarkt,https://www.transfermarkt.com/heurelho-gomes/profil/spieler/19059,
yohan cabaye,3277,right,1986-01-14,173.0,France,transfermarkt,https://www.transfermarkt.com/yohan-cabaye/profil/spieler/29434,fbref_name::yohan cabaye
wayne hennessey,3488,right,1987-01-24,198.0,Wales,transfermarkt,https://www.transfermarkt.com/wayne-hennessey/profil/spieler/45494,fbref_name::wayne hennessey
connor wickham,20641,right,1993-03-31,189.0,England,transfermarkt,https://www.transfermarkt.com/connor-wickham/profil/spieler/95435,fbref_name::connor wickham
marko arnautovic,3325,both,1989-04-19,192.0,Austria,transfermarkt,https://www.transfermarkt.com/marko-arnautovic/profil/spieler/41384,fbref_name::marko arnautovic
jack butland,3537,right,1993-10-03,196.0,England,transfermarkt,https://www.transfermarkt.com/jack-butland/profil/spieler/128899,fbref_name::jack butland
bojan krkic perez,4913,right,1990-08-28,170.0,Spain,transfermarkt,https://www.transfermarkt.com/bojan-krkic/profil/spieler/44675,
jakob haugaard,41185,right,1992-01-05,199.0,Denmark,transfermarkt,https://www.transfermarkt.com/jakob-haugaard/profil/spieler/138335,fbref_name::jakob haugaard
radamel falcao garcia zarate,3445,right,1986-10-02,177.0,Colombia,transfermarkt,https://www.transfermarkt.com/radamel-falcao/profil/spieler/39152,
eden hazard,3621,right,1991-07-01,175.0,Belgium,transfermarkt,https://www.transfermarkt.com/eden-hazard/profil/spieler/50202,fbref_name::eden hazard
victor moses,3963,right,1990-12-12,177.0,Nigeria,transfermarkt,https://www.transfermarkt.com/victor-moses/profil/spieler/59866,fbref_name::victor moses
jordan ayew,3450,right,1991-11-09,182.0,Ghana,transfermarkt,https://www.transfermarkt.com/jordan-ayew/profil/spieler/108354,fbref_name::jordan ayew
scott sinclair,11117,right,1989-03-25,177.0,Jamaica,transfermarkt,https://www.transfermarkt.com/scott-sinclair/profil/spieler/31552,fbref_name::scott sinclair
bradley guzan,12608,,,,United States of America,unresolved,,
mark bunn,18672,right,1984-11-16,183.0,Ireland,transfermarkt,https://www.transfermarkt.com/mark-bunn/profil/spieler/49319,fbref_name::mark bunn
steven berghuis,7745,left,1991-12-19,182.0,Netherlands,transfermarkt,https://www.transfermarkt.com/steven-berghuis/profil/spieler/129554,fbref_name::steven berghuis
andreas hoelgebaum pereira,6846,,,,Brazil,unresolved,,
chancel mbemba mangulu,3044,,,,"Congo, (Kinshasa)",unresolved,,
rob elliot,3096,left,1986-04-30,190.0,Ireland,transfermarkt,https://www.transfermarkt.com/rob-elliot/profil/spieler/39037,fbref_name::rob elliot
karl darlow,3649,right,1990-08-10,190.0,Wales,transfermarkt,https://www.transfermarkt.com/karl-darlow/profil/spieler/99397,
ivan toney,3834,right,1996-03-16,185.0,Jamaica,transfermarkt,https://www.transfermarkt.com/ivan-toney/profil/spieler/251664,fbref_name::ivan toney
aleksandar mitrovic,4269,right,1994-09-16,189.0,Yugoslavia (Republic),transfermarkt,https://www.transfermarkt.com/aleksandar-mitrovic/profil/spieler/51152,
olivier giroud,3604,left,1986-09-30,192.0,France,transfermarkt,https://www.transfermarkt.com/olivier-giroud/profil/spieler/82442,fbref_name::olivier giroud
jindrich stanek,28040,right,1996-04-27,192.0,Czech Republic,transfermarkt,https://www.transfermarkt.com/jindrich-stanek/profil/spieler/242089,
wahbi khazri,3196,right,1991-08-02,176.0,France,transfermarkt,https://www.transfermarkt.com/wahbi-khazri/profil/spieler/103565,fbref_name::wahbi khazri
daniel bachmann,21532,right,1994-09-07,191.0,Austria,transfermarkt,https://www.transfermarkt.com/daniel-bachmann/profil/spieler/120186,
andrej kramaric,5460,right,1991-06-19,177.0,Croatia,transfermarkt,https://www.transfermarkt.com/andrej-kramaric/profil/spieler/46580,fbref_name::andrej kramaric
giedrius arlauskis,31904,left,1987-01-12,191.0,Lithuania,transfermarkt,https://www.transfermarkt.com/giedrius-arlauskis/profil/spieler/69001,fbref_name::giedrius arlauskis
marcus rashford,3318,right,1997-10-31,185.0,England,transfermarkt,https://www.transfermarkt.com/marcus-rashford/profil/spieler/258923,fbref_name::marcus rashford
santiago cazorla gonzalez,11386,both,1984-12-13,168.0,Spain,transfermarkt,https://www.transfermarkt.com/santi-cazorla/profil/spieler/15799,
pernille mosegaard harder,10108,,,,Denmark,unresolved,,
melanie leupolz,15648,,,,Germany,unresolved,,fbref_name::melanie leupolz
stine larsen,10102,,,,Denmark,unresolved,,
lisa weiss,38317,,,,Germany,unresolved,,
isobel mary christiansen,4645,,,,England,unresolved,,
grace clinton,46740,,,,England,unresolved,,
rafael mir vicente,23812,right,1997-06-18,191.0,Spain,transfermarkt,https://www.transfermarkt.com/rafa-mir/profil/spieler/361254,
miralem pjanic,6947,right,1990-02-04,181.0,Luxembourg,transfermarkt,https://www.transfermarkt.com/miralem-pjanic/profil/spieler/44162,fbref_name::miralem pjanic
alejandro fernandez iglesias,23967,right,1992-10-15,183.0,Spain,transfermarkt,https://www.transfermarkt.com/alex-fernandez/profil/spieler/89733,
jeremias ledesma,29198,,,,Argentina,unresolved,,fbref_name::jeremias ledesma
federico santiago valverde dipetta,6773,,,,Uruguay,unresolved,,
eder gabriel militao,13620,,,,Brazil,unresolved,,
rodrygo silva de goes,25104,,,,Brazil,unresolved,,
david soria solis,6722,right,1993-04-04,192.0,Spain,transfermarkt,https://www.transfermarkt.com/david-soria/profil/spieler/226012,
jaime mata arnaiz,11550,right,1988-10-24,186.0,Spain,transfermarkt,https://www.transfermarkt.com/jaime-mata/profil/spieler/227961,
carlos arturo bacca ahumada,5688,right,1986-08-09,181.0,Colombia,transfermarkt,https://www.transfermarkt.com/carlos-bacca/profil/spieler/119235,
geronimo rulli,6694,right,1992-05-20,189.0,Italy,transfermarkt,https://www.transfermarkt.com/geronimo-rulli/profil/spieler/229604,fbref_name::geronimo rulli
gerard moreno balaguero,6766,left,1992-07-04,180.0,Spain,transfermarkt,https://www.transfermarkt.com/gerard-moreno/profil/spieler/177467,
alessia russo,47521,,,,England,unresolved,,fbref_name::alessia russo
khiara keating,92248,,,,England,unresolved,,
dagny brynjarsdottir,10124,,,,Iceland,unresolved,,
francesca bentley,64240,,,,England,unresolved,,
jonas lossl,3322,right,1989-01-02,195.0,Denmark,transfermarkt,https://www.transfermarkt.com/jonas-lossl/profil/spieler/48870,fbref_name::jonas lossl
pierre-emile hojbjerg,3570,right,1995-05-08,185.0,Denmark,transfermarkt,https://www.transfermarkt.com/pierre-emile-hojbjerg/profil/spieler/167799,
frederik ronnow,12420,right,1992-04-08,188.0,Denmark,transfermarkt,https://www.transfermarkt.com/frederik-ronnow/profil/spieler/107775,fbref_name::frederik ronnow
lukas hradecky,8667,right,1989-11-24,192.0,Finland,transfermarkt,https://www.transfermarkt.com/lukas-hradecky/profil/spieler/48015,
joni ensio kauko,24303,,,,Finland,unresolved,,
anthony lopes,2947,left,1990-01-10,184.0,Portugal,transfermarkt,https://www.transfermarkt.com/anthony-lopes/profil/spieler/60561,fbref_name::anthony lopes
bernardo mota veiga de carvalho e silva,3193,left,1994-10-08,173.0,Portugal,transfermarkt,https://www.transfermarkt.com/bernardo-silva/profil/spieler/241641,
bruno miguel borges fernandes,5204,right,1994-08-09,183.0,Portugal,transfermarkt,https://www.transfermarkt.com/bruno-fernandes/profil/spieler/240306,
rui pedro dos santos patricio,5205,left,1988-02-15,190.0,Portugal,transfermarkt,https://www.transfermarkt.com/rui-patricio/profil/spieler/45026,
nuno mendes,41092,left,2002-06-19,177.0,Portugal,transfermarkt,https://www.transfermarkt.com/nuno-mendes/profil/spieler/616341,fbref_name::nuno mendes
peter gulacsi,8524,right,1990-06-05,193.0,Hungary,transfermarkt,https://www.transfermarkt.com/peter-gulacsi/profil/spieler/57071,fbref_name::peter gulacsi
hakan calhanoglu,7039,right,1994-08-02,178.0,Türkiye,transfermarkt,https://www.transfermarkt.com/hakan-calhanoglu/profil/spieler/126414,
ugurcan cakir,30357,right,1996-05-04,191.0,Türkiye,transfermarkt,https://www.transfermarkt.com/ugurcan-cakir/profil/spieler/292199,
wout weghorst,7829,right,1992-07-08,197.0,Netherlands,transfermarkt,https://www.transfermarkt.com/wout-weghorst/profil/spieler/228645,fbref_name::wout weghorst
luuk de jong,20033,right,1990-08-27,188.0,Switzerland,transfermarkt,https://www.transfermarkt.com/luuk-de-jong/profil/spieler/72522,fbref_name::luuk de jong
ruslan malinovskiy,16557,left,1993-04-05,181.0,Ukraine,transfermarkt,https://www.transfermarkt.com/ruslan-malinovskyi/profil/spieler/207877,
heorhii bushchan,22243,,,,Ukraine,unresolved,,
ezgjan alioski,4713,left,1992-12-02,172.0,Switzerland,transfermarkt,https://www.transfermarkt.com/ezgjan-alioski/profil/spieler/129604,
patrik schick,7044,left,1996-01-24,191.0,Czech Republic,transfermarkt,https://www.transfermarkt.com/patrik-schick/profil/spieler/242086,
nikola vlasic,3441,right,1997-04-10,179.0,Croatia,transfermarkt,https://www.transfermarkt.com/nikola-vlasic/profil/spieler/293200,fbref_name::nikola vlasic
mateo kovacic,5456,right,1994-06-05,178.0,Croatia,transfermarkt,https://www.transfermarkt.com/mateo-kovacic/profil/spieler/51471,fbref_name::mateo kovacic
domagoj vida,5468,right,1989-04-29,184.0,Croatia,transfermarkt,https://www.transfermarkt.com/domagoj-vida/profil/spieler/46083,fbref_name::domagoj vida
marcelo brozovic,5469,both,1992-11-16,181.0,Croatia,transfermarkt,https://www.transfermarkt.com/marcelo-brozovic/profil/spieler/156617,fbref_name::marcelo brozovic
milan badelj,6305,right,1989-02-25,186.0,Croatia,transfermarkt,https://www.transfermarkt.com/milan-badelj/profil/spieler/40633,fbref_name::milan badelj
bruno petkovic,7693,right,1994-09-16,193.0,Croatia,transfermarkt,https://www.transfermarkt.com/bruno-petkovic/profil/spieler/256358,fbref_name::bruno petkovic
mislav orsic,16527,right,1992-12-29,179.0,Croatia,transfermarkt,https://www.transfermarkt.com/mislav-orsic/profil/spieler/119150,fbref_name::mislav orsic
dominik livakovic,16531,right,1995-09-01,188.0,Croatia,transfermarkt,https://www.transfermarkt.com/dominik-livakovic/profil/spieler/205927,fbref_name::dominik livakovic
emil peter forsberg,5625,right,1991-10-23,177.0,Sweden,transfermarkt,https://www.transfermarkt.com/emil-forsberg/profil/spieler/111078,
martin dubravka,3711,right,1989-01-15,191.0,CSSR,transfermarkt,https://www.transfermarkt.com/martin-dubravka/profil/spieler/74960,fbref_name::martin dubravka
marek hamsik,7025,both,1987-07-27,183.0,CSSR,transfermarkt,https://www.transfermarkt.com/marek-hamsik/profil/spieler/38593,fbref_name::marek hamsik
wojciech szczesny,5669,right,1990-04-18,195.0,Poland,transfermarkt,https://www.transfermarkt.com/wojciech-szczesny/profil/spieler/44058,fbref_name::wojciech szczesny
przemyslaw frankowski,7979,right,1995-12-04,175.0,Poland,transfermarkt,https://www.transfermarkt.com/przemyslaw-frankowski/profil/spieler/239743,fbref_name::przemyslaw frankowski
lukasz skorupski,11508,right,1991-05-05,188.0,Poland,transfermarkt,https://www.transfermarkt.com/lukasz-skorupski/profil/spieler/80894,fbref_name::lukasz skorupski
unai simon mendibil,11748,right,1997-11-06,190.0,Spain,transfermarkt,https://www.transfermarkt.com/unai-simon/profil/spieler/262396,
daniel olmo carvajal,16532,right,1998-07-05,179.0,Spain,transfermarkt,https://www.transfermarkt.com/dani-olmo/profil/spieler/293385,
mario figueira fernandes,5170,,,,Russia,unresolved,,
aleksandr golovin,5177,right,1996-05-30,178.0,Russia,transfermarkt,https://www.transfermarkt.com/aleksandr-golovin/profil/spieler/263918,fbref_name::aleksandr golovin
daler kuzyaev,5179,right,1993-01-15,182.0,Russia,transfermarkt,https://www.transfermarkt.com/daler-kuzyaev/profil/spieler/279570,fbref_name::daler kuzyaev
artem dzyuba,5195,right,1988-08-22,197.0,UdSSR,transfermarkt,https://www.transfermarkt.com/artem-dzyuba/profil/spieler/48067,fbref_name::artem dzyuba
presnel kimpembe,2999,left,1995-08-13,189.0,DR Congo,transfermarkt,https://www.transfermarkt.com/presnel-kimpembe/profil/spieler/282041,fbref_name::presnel kimpembe
kylian mbappe lottin,3009,right,1998-12-20,180.0,France,transfermarkt,https://www.transfermarkt.com/kylian-mbappe/profil/spieler/342229,
steve mandanda,3543,right,1985-03-28,187.0,DR Congo,transfermarkt,https://www.transfermarkt.com/steve-mandanda/profil/spieler/23951,fbref_name::steve mandanda
mike maignan,3761,right,1995-03-07,191.0,French Guiana,transfermarkt,https://www.transfermarkt.com/mike-maignan/profil/spieler/182906,fbref_name::mike maignan
jules kounde,4445,right,1998-12-11,181.0,France,transfermarkt,https://www.transfermarkt.com/jules-kounde/profil/spieler/411975,fbref_name::jules kounde
kingsley coman,8217,right,1996-06-13,181.0,France,transfermarkt,https://www.transfermarkt.com/kingsley-coman/profil/spieler/243714,fbref_name::kingsley coman
paul pogba,20004,both,1993-03-15,191.0,France,transfermarkt,https://www.transfermarkt.com/paul-pogba/profil/spieler/122153,fbref_name::paul pogba
marcus thuram,2972,right,1997-06-08,192.0,France,transfermarkt,https://www.transfermarkt.com/marcus-thuram/profil/spieler/318528,fbref_name::marcus thuram
fabian lukas schar,5537,right,1991-12-20,186.0,Switzerland,transfermarkt,https://www.transfermarkt.com/fabian-schar/profil/spieler/135343,
ricardo ivan rodriguez araya,5544,left,1992-08-25,182.0,Switzerland,transfermarkt,https://www.transfermarkt.com/ricardo-rodriguez/profil/spieler/86784,
manuel obafemi akanji,5549,right,1995-07-19,188.0,Switzerland,transfermarkt,https://www.transfermarkt.com/manuel-akanji/profil/spieler/284730,
yann sommer,5550,right,1988-12-17,183.0,Switzerland,transfermarkt,https://www.transfermarkt.com/yann-sommer/profil/spieler/42205,fbref_name::yann sommer
mario gavranovic,5834,right,1989-11-24,175.0,Switzerland,transfermarkt,https://www.transfermarkt.com/mario-gavranovic/profil/spieler/61380,fbref_name::mario gavranovic
admir mehmedi,8219,right,1991-03-16,183.0,Switzerland,transfermarkt,https://www.transfermarkt.com/admir-mehmedi/profil/spieler/66058,
ruben vargas,30401,right,1998-05-08,179.0,Switzerland,transfermarkt,https://www.transfermarkt.com/ruben-vargas/profil/spieler/345886,fbref_name::ruben vargas
michy batshuayi tunga,3457,,,,Belgium,unresolved,,
jorge luiz frello filho,7024,right,1991-12-20,180.0,Italy,transfermarkt,https://www.transfermarkt.com/jorginho/profil/spieler/102017,
gianluigi donnarumma,7036,right,1999-02-25,196.0,Italy,transfermarkt,https://www.transfermarkt.com/gianluigi-donnarumma/profil/spieler/315858,fbref_name::gianluigi donnarumma
lorenzo insigne,7037,right,1991-04-06,163.0,Italy,transfermarkt,https://www.transfermarkt.com/lorenzo-insigne/profil/spieler/133964,fbref_name::lorenzo insigne
manuel locatelli,7038,right,1998-08-01,185.0,Italy,transfermarkt,https://www.transfermarkt.com/manuel-locatelli/profil/spieler/265088,
domenico berardi,7131,left,1994-01-08,183.0,Italy,transfermarkt,https://www.transfermarkt.com/domenico-berardi/profil/spieler/177843,fbref_name::domenico berardi
leonardo bonucci,7173,right,1987-01-05,189.0,Italy,transfermarkt,https://www.transfermarkt.com/leonardo-bonucci/profil/spieler/39983,fbref_name::leonardo bonucci
andrea belotti,7471,right,1993-12-20,181.0,Italy,transfermarkt,https://www.transfermarkt.com/andrea-belotti/profil/spieler/167727,fbref_name::andrea belotti
federico bernardeschi,7777,left,1994-02-16,183.0,Italy,transfermarkt,https://www.transfermarkt.com/federico-bernardeschi/profil/spieler/197300,fbref_name::federico bernardeschi
ciro immobile,7788,right,1990-02-20,185.0,Italy,transfermarkt,https://www.transfermarkt.com/ciro-immobile/profil/spieler/105521,fbref_name::ciro immobile
harry maguire,3336,right,1993-05-03,194.0,England,transfermarkt,https://www.transfermarkt.com/harry-maguire/profil/spieler/177907,fbref_name::harry maguire
jadon sancho,12423,right,2000-03-25,180.0,Jamaica,transfermarkt,https://www.transfermarkt.com/jadon-sancho/profil/spieler/401173,fbref_name::jadon sancho
bukayo saka,22084,left,2001-05-09,178.0,Nigeria,transfermarkt,https://www.transfermarkt.com/bukayo-saka/profil/spieler/433177,fbref_name::bukayo saka
jude bellingham,30714,right,2003-06-29,186.0,Ireland,transfermarkt,https://www.transfermarkt.com/jude-bellingham/profil/spieler/581678,fbref_name::jude bellingham
marcos aoas correa,4372,,,,Brazil,unresolved,,
achraf hakimi mouh,5245,,,,Morocco,unresolved,,
dimitry bertaud,22823,right,1998-06-06,183.0,DR Congo,transfermarkt,https://www.transfermarkt.com/dimitry-bertaud/profil/spieler/371816,fbref_name::dimitry bertaud
mauro emanuel icardi rivero,6987,,,,Argentina,unresolved,,
leandro daniel paredes,16308,right,1994-06-29,182.0,Argentina,transfermarkt,https://www.transfermarkt.com/leandro-paredes/profil/spieler/166237,
aurelien djani tchouameni,10481,right,2000-01-27,188.0,France,transfermarkt,https://www.transfermarkt.com/aurelien-tchouameni/profil/spieler/413112,
youssouf fofana,11990,right,1999-10-01,185.0,France,transfermarkt,https://www.transfermarkt.com/youssouf-fofana/profil/spieler/569598,fbref_name::youssouf fofana
alexander nubel,20662,right,1996-09-30,193.0,Germany,transfermarkt,https://www.transfermarkt.com/alexander-nubel/profil/spieler/195778,fbref_name::alexander nubel
islam slimani,3811,right,1988-06-18,188.0,Algeria,transfermarkt,https://www.transfermarkt.com/islam-slimani/profil/spieler/174915,fbref_name::islam slimani
lucas tolentino coelho de lima,22600,,,,Brazil,unresolved,,
bradley barcola,39420,right,2002-02-09,187.0,Togo,transfermarkt,https://www.transfermarkt.com/bradley-barcola/profil/spieler/708265,fbref_name::bradley barcola
alban lafont,2981,right,1999-01-23,196.0,Cote d'Ivoire,transfermarkt,https://www.transfermarkt.com/alban-lafont/profil/spieler/357117,fbref_name::alban lafont
ludovic blas,3235,left,1997-12-31,180.0,Martinique,transfermarkt,https://www.transfermarkt.com/ludovic-blas/profil/spieler/288225,fbref_name::ludovic blas
randal kolo muani,22097,right,1998-05-12,187.0,DR Congo,transfermarkt,https://www.transfermarkt.com/randal-kolo-muani/profil/spieler/487969,fbref_name::randal kolo muani
jessy moulin,3419,right,1986-01-13,184.0,France,transfermarkt,https://www.transfermarkt.com/jessy-moulin/profil/spieler/33925,fbref_name::jessy moulin
florian tardieu,7219,right,1992-04-22,181.0,France,transfermarkt,https://www.transfermarkt.com/florian-tardieu/profil/spieler/212804,fbref_name::florian tardieu
cheikh ahmadou bamba mbacke dieng,88123,right,2000-03-23,178.0,Senegal,transfermarkt,https://www.transfermarkt.com/bamba-dieng/profil/spieler/822458,
grejohn kyei,7367,right,1995-12-08,187.0,Ghana,transfermarkt,https://www.transfermarkt.com/grejohn-kyei/profil/spieler/321647,fbref_name::grejohn kyei
mohamed bayo,8454,right,1998-04-06,187.0,France,transfermarkt,https://www.transfermarkt.com/mohamed-bayo/profil/spieler/594991,
arthur desmas,22125,right,1994-07-04,196.0,France,transfermarkt,https://www.transfermarkt.com/arthur-desmas/profil/spieler/379869,fbref_name::arthur desmas
alexandre letellier,3432,right,1990-11-12,193.0,France,transfermarkt,https://www.transfermarkt.com/alexandre-letellier/profil/spieler/93730,fbref_name::alexandre letellier
dheeraj singh moirangthem,124911,,,,India,unresolved,,
jorge ortiz mendoza,159764,right,1992-04-25,173.0,Spain,transfermarkt,https://www.transfermarkt.com/jorge-ortiz/profil/spieler/379629,
hrithik tiwari,159785,right,2002-10-01,190.0,India,transfermarkt,https://www.transfermarkt.com/hrithik-tiwari/profil/spieler/742268,
franjo prce,32945,left,1996-07-01,188.0,Croatia,transfermarkt,https://www.transfermarkt.com/franjo-prce/profil/spieler/240260,fbref_name::franjo prce
daniel chima chukwu,161091,both,1991-04-04,180.0,Nigeria,transfermarkt,https://www.transfermarkt.com/daniel-chima-chukwu/profil/spieler/146561,
antonio perosevic,161111,left,1992-06-03,180.0,Croatia,transfermarkt,https://www.transfermarkt.com/antonio-perosevic/profil/spieler/149228,
suvam sen,161115,,1989-11-14,,India,unresolved,https://www.transfermarkt.com/suvam-sen/profil/spieler/630640,
igor angulo alboniga,8038,left,1984-01-26,183.0,Spain,transfermarkt,https://www.transfermarkt.com/igor-angulo/profil/spieler/29115,
ahmed jahouh,159771,right,1988-07-31,187.0,Morocco,transfermarkt,https://www.transfermarkt.com/ahmed-jahouh/profil/spieler/234953,
mohammad nawaz,159775,right,2000-01-21,174.0,India,transfermarkt,https://www.transfermarkt.com/mohammad-nawaz/profil/spieler/468160,
airam lopez cabrera,13607,left,1987-10-21,178.0,Spain,transfermarkt,https://www.transfermarkt.com/airam-cabrera/profil/spieler/129149,
sunil chhetri,124748,right,1984-03-08,170.0,India,transfermarkt,https://www.transfermarkt.com/sunil-chhetri/profil/spieler/64601,
gurpreet singh sandhu,124758,right,1992-03-02,197.0,India,transfermarkt,https://www.transfermarkt.com/gurpreet-singh-sandhu/profil/spieler/173146,
cleiton augusto oliveira silva,162209,both,1987-03-02,175.0,Brazil,transfermarkt,https://www.transfermarkt.com/cleiton-silva/profil/spieler/281827,
joao victor de albuquerque bruno,26675,,,,Brazil,unresolved,,
javier siverio toro,41858,right,1997-11-14,182.0,Spain,transfermarkt,https://www.transfermarkt.com/javi-siverio/profil/spieler/521547,
laxmikant kattimani,164482,right,1989-03-05,178.0,India,transfermarkt,https://www.transfermarkt.com/laxmikant-kattimani/profil/spieler/211387,
francisco javier hernandez gonzalez,8150,left,1989-06-06,184.0,Spain,transfermarkt,https://www.transfermarkt.com/javi-hernandez/profil/spieler/62917,
kamaljit singh,124784,right,1994-03-09,178.0,India,transfermarkt,https://www.transfermarkt.com/kamaljit-singh/profil/spieler/280876,
vladimir koman jr.,51364,,,,Hungary,unresolved,,
lukasz gikiewicz,164476,right,1987-10-26,188.0,Poland,transfermarkt,https://www.transfermarkt.com/lukasz-gikiewicz/profil/spieler/108793,
debjit majumder,164480,right,1988-06-03,175.0,India,transfermarkt,https://www.transfermarkt.com/debjit-majumder/profil/spieler/382359,
vishal kaith,164492,right,1996-07-22,187.0,India,transfermarkt,https://www.transfermarkt.com/vishal-kaith/profil/spieler/416245,
marko leskovic,20837,right,1991-04-27,188.0,Croatia,transfermarkt,https://www.transfermarkt.com/marko-leskovic/profil/spieler/133834,
alvaro vazquez garcia,24035,right,1991-04-27,182.0,Spain,transfermarkt,https://www.transfermarkt.com/alvaro-vazquez/profil/spieler/141835,
jorge rolando pereyra diaz,28251,right,1990-05-08,179.0,Argentina,transfermarkt,https://www.transfermarkt.com/jorge-pereyra-diaz/profil/spieler/129660,
nishu kumar tashni,127056,both,1997-05-11,169.0,India,transfermarkt,https://www.transfermarkt.com/nishu-kumar/profil/spieler/419520,
prabhushkan singh gill,163347,,,,India,unresolved,,
jeakson singh thaunaojam,163355,,,,India,unresolved,,
ayush adhikari,163358,right,2000-07-30,172.0,India,transfermarkt,https://www.transfermarkt.com/ayush-adhikari/profil/spieler/644952,
iman basafa,162205,right,1992-03-01,187.0,Iran,transfermarkt,https://www.transfermarkt.com/iman-basafa/profil/spieler/300413,
amrinder singh,124773,right,1993-05-27,186.0,India,transfermarkt,https://www.transfermarkt.com/amrinder-singh/profil/spieler/301053,
roy krishna,163344,right,1987-08-30,170.0,Fiji,transfermarkt,https://www.transfermarkt.com/roy-krishna/profil/spieler/64495,
david joel williams,163345,,,,Australia,unresolved,,
halicharan narzary,164489,left,1994-10-05,180.0,India,transfermarkt,https://www.transfermarkt.com/halicharan-narzary/profil/spieler/343461,
albino gomes,163346,right,1994-07-02,187.0,India,transfermarkt,https://www.transfermarkt.com/albino-gomes/profil/spieler/382358,
diego mauricio machado de brito,192018,right,1991-06-25,183.0,Brazil,transfermarkt,https://www.transfermarkt.com/diego-mauricio/profil/spieler/138141,
subhasish roy chowdhury,162747,,1986-09-27,185.0,India,unresolved,https://www.transfermarkt.com/subhasish-roy-chowdhury/profil/spieler/171853,
arindam bhattacharja,161107,,1989-11-12,187.0,India,unresolved,https://www.transfermarkt.com/arindam-bhattacharja/profil/spieler/171850,
greg stewart,13322,left,1990-03-17,178.0,Scotland,transfermarkt,https://www.transfermarkt.com/greg-stewart/profil/spieler/156775,
rehnesh thumbirumbu paramba,161097,,,,India,unresolved,,
mirshad koottappunna,162754,,1994-03-02,181.0,India,unresolved,https://www.transfermarkt.com/mirshad-k-michu/profil/spieler/559427,
naveen kumar,165322,right,1989-10-08,182.0,India,transfermarkt,https://www.transfermarkt.com/naveen-kumar/profil/spieler/481160,
antonio rodriguez martinez,26070,right,1979-12-17,182.0,Spain,transfermarkt,https://www.transfermarkt.com/tono/profil/spieler/35536,
youssef el-arabi,27109,,,,Morocco,unresolved,,fbref_name::youssef el-arabi
angel lafita castillo,26020,right,1984-07-08,188.0,Spain,transfermarkt,https://www.transfermarkt.com/angel-lafita/profil/spieler/35562,
simone verdi,7170,both,1992-12-07,174.0,Italy,transfermarkt,https://www.transfermarkt.com/simone-verdi/profil/spieler/130360,fbref_name::simone verdi
felipe salvador caicedo corozo,7781,,,,Ecuador,unresolved,,
francesco bardi,13614,right,1992-01-18,188.0,Italy,transfermarkt,https://www.transfermarkt.com/francesco-bardi/profil/spieler/110925,fbref_name::francesco bardi
carlos alberto vela garrido,5560,left,1989-01-03,177.0,Mexico,transfermarkt,https://www.transfermarkt.com/carlos-vela/profil/spieler/35773,
xabier prieto argarate,6690,right,1983-08-29,187.0,Spain,transfermarkt,https://www.transfermarkt.com/xabi-prieto/profil/spieler/15693,
jorge franco alviz,6624,right,1993-10-29,186.0,Spain,transfermarkt,https://www.transfermarkt.com/burgui/profil/spieler/246277,
alphonse areola,3379,right,1993-02-27,195.0,Philippines,transfermarkt,https://www.transfermarkt.com/alphonse-areola/profil/spieler/120629,fbref_name::alphonse areola
michael krohn-dehli,6356,both,1983-06-06,171.0,Denmark,transfermarkt,https://www.transfermarkt.com/michael-krohn-dehli/profil/spieler/18006,fbref_name::michael krohn-dehli
sergio rico gonzalez,6823,right,1993-01-09,196.0,Spain,transfermarkt,https://www.transfermarkt.com/sergio-rico/profil/spieler/207302,
yevhen konoplyanka,8523,,,,Ukraine,unresolved,,fbref_name::yevhen konoplyanka
francisco guillermo ochoa magana,5577,right,1985-07-13,185.0,Mexico,transfermarkt,https://www.transfermarkt.com/guillermo-ochoa/profil/spieler/29559,
charles dias barbosa de oliveira,6707,,,,Brazil,unresolved,,
sergio paulo barbosa valente,25859,left,1980-06-27,175.0,Portugal,transfermarkt,https://www.transfermarkt.com/duda/profil/spieler/7782,
idriss carlos kameni,26103,,,,Cameroon,unresolved,,
jonas manuel gutierrez,25997,,,,Argentina,unresolved,,
german dario lux,27305,,,,Argentina,unresolved,,
mathew ryan,3240,right,1992-08-04,184.0,Scotland,transfermarkt,https://www.transfermarkt.com/mathew-ryan/profil/spieler/128969,fbref_name::mathew ryan
giuseppe rossi,7141,left,1987-01-02,173.0,Italy,transfermarkt,https://www.transfermarkt.com/giuseppe-rossi/profil/spieler/19104,fbref_name::giuseppe rossi
antonio alberto bastos pimparel,27111,right,1982-01-05,182.0,Portugal,transfermarkt,https://www.transfermarkt.com/beto/profil/spieler/35242,
khassa camara,32394,right,1992-10-22,175.0,France,transfermarkt,https://www.transfermarkt.com/khassa-camara/profil/spieler/190911,
benjamin nivet,3002,right,1977-02-01,178.0,France,transfermarkt,https://www.transfermarkt.com/benjamin-nivet/profil/spieler/33927,fbref_name::benjamin nivet
paul bernardoni,7193,left,1997-04-18,193.0,France,transfermarkt,https://www.transfermarkt.com/paul-bernardoni/profil/spieler/318507,fbref_name::paul bernardoni
matthieu dreyer,36553,right,1989-03-20,188.0,France,transfermarkt,https://www.transfermarkt.com/matthieu-dreyer/profil/spieler/57134,fbref_name::matthieu dreyer
jules goda,7515,right,1989-05-30,190.0,Cameroon,transfermarkt,https://www.transfermarkt.com/jules-goda/profil/spieler/63226,fbref_name::jules goda
mohamed larbi,10616,both,1987-02-09,186.0,France,transfermarkt,https://www.transfermarkt.com/mohamed-larbi/profil/spieler/138949,fbref_name::mohamed larbi
clement maury,401508,both,1985-11-20,182.0,France,transfermarkt,https://www.transfermarkt.com/clement-maury/profil/spieler/148597,fbref_name::clement maury
denis petric,34953,right,1988-05-24,186.0,Slovenia,transfermarkt,https://www.transfermarkt.com/denis-petric/profil/spieler/28356,fbref_name::denis petric
valentin eysseric,4254,right,1992-03-25,181.0,France,transfermarkt,https://www.transfermarkt.com/valentin-eysseric/profil/spieler/126687,fbref_name::valentin eysseric
yoan cardinale,4257,right,1994-03-27,181.0,France,transfermarkt,https://www.transfermarkt.com/yoan-cardinale/profil/spieler/241231,fbref_name::yoan cardinale
mouez hassen,5653,right,1995-05-03,186.0,France,transfermarkt,https://www.transfermarkt.com/mouez-hassen/profil/spieler/215677,
hatem ben arfa,16462,left,1987-07-03,179.0,France,transfermarkt,https://www.transfermarkt.com/hatem-ben-arfa/profil/spieler/18900,fbref_name::hatem ben arfa
jean-louis leca,7282,right,1985-09-21,180.0,France,transfermarkt,https://www.transfermarkt.com/jean-louis-leca/profil/spieler/27490,fbref_name::jean-louis leca
gael danic,7349,left,1981-11-19,176.0,France,transfermarkt,https://www.transfermarkt.com/gael-danic/profil/spieler/5457,fbref_name::gael danic
floyd ayite,15689,right,1988-12-15,175.0,Togo,transfermarkt,https://www.transfermarkt.com/floyd-ayite/profil/spieler/77974,fbref_name::floyd ayite
benjamin lecomte,3008,left,1991-04-26,186.0,France,transfermarkt,https://www.transfermarkt.com/benjamin-lecomte/profil/spieler/127181,fbref_name::benjamin lecomte
abdul majeed waris,7615,right,1991-09-19,172.0,Ghana,transfermarkt,https://www.transfermarkt.com/majeed-waris/profil/spieler/146805,fbref_name::abdul majeed waris
benjamin moukandjo bile,33178,,,,Cameroon,unresolved,,
jimmy briand,3213,,1985-02-08,,Martinique,unresolved,https://www.transfermarkt.com/jimmy-briand/profil/spieler/18909,fbref_name::jimmy briand
sloan privat,4799,right,1989-07-24,186.0,French Guiana,transfermarkt,https://www.transfermarkt.com/sloan-privat/profil/spieler/66407,fbref_name::sloan privat
abdelaziz barrada,23933,,,,Morocco,unresolved,,fbref_name::abdelaziz barrada
mauro daniel goicoechea furia,22130,,,,Uruguay,unresolved,,
ali nadhoim ahamada,41385,,,,Comoros,unresolved,,
giovanni-guy yann sio,3018,,,,Côte d'Ivoire,unresolved,,
fallou diagne,3022,right,1989-08-14,185.0,Senegal,transfermarkt,https://www.transfermarkt.com/fallou-diagne/profil/spieler/82389,fbref_name::fallou diagne
benoit guy robert costil,3354,,,,France,unresolved,,
paul-georges ntep de madiba,4900,,,,Cameroon,unresolved,,
pedro henrique konzen medina da silva,16503,right,1990-06-16,179.0,Brazil,transfermarkt,https://www.transfermarkt.com/pedro-henrique/profil/spieler/213368,
sylvain armand,40699,left,1980-01-08,182.0,France,transfermarkt,https://www.transfermarkt.com/sylvain-armand/profil/spieler/3525,fbref_name::sylvain armand
remy riou,25377,right,1987-06-08,191.0,France,transfermarkt,https://www.transfermarkt.com/remy-riou/profil/spieler/18940,fbref_name::remy riou
jerome prior,4509,both,1995-08-08,187.0,France,transfermarkt,https://www.transfermarkt.com/jerome-prior/profil/spieler/238720,fbref_name::jerome prior
cedric carrasso,40533,right,1981-12-30,187.0,France,transfermarkt,https://www.transfermarkt.com/cedric-carrasso/profil/spieler/5308,fbref_name::cedric carrasso
jacques zoua daogari,401505,right,1991-06-09,189.0,Cameroon,transfermarkt,https://www.transfermarkt.com/jacques-zoua/profil/spieler/106181,
danijel subasic,3444,right,1984-10-27,191.0,Croatia,transfermarkt,https://www.transfermarkt.com/danijel-subasic/profil/spieler/27941,
adama traore,4464,right,1996-01-25,178.0,Spain,transfermarkt,https://www.transfermarkt.com/adama-traore/profil/spieler/204103,
sofiane boufal,3625,right,1993-09-17,175.0,France,transfermarkt,https://www.transfermarkt.com/sofiane-boufal/profil/spieler/232271,fbref_name::sofiane boufal
vincent enyeama,40484,left,1982-08-29,182.0,Nigeria,transfermarkt,https://www.transfermarkt.com/vincent-enyeama/profil/spieler/37760,fbref_name::vincent enyeama
abdoul razzagui camara,3078,,,,Guinea,unresolved,,
thomas mangani,3185,left,1987-04-29,183.0,France,transfermarkt,https://www.transfermarkt.com/thomas-mangani/profil/spieler/18934,fbref_name::thomas mangani
billy ketkeophomphone,4441,right,1990-03-24,180.0,Laos,transfermarkt,https://www.transfermarkt.com/billy-ketkeophomphone/profil/spieler/134712,fbref_name::billy ketkeophomphone
ludovic butelle,4547,left,1983-03-04,188.0,France,transfermarkt,https://www.transfermarkt.com/ludovic-butelle/profil/spieler/12029,fbref_name::ludovic butelle
jonas martin,2950,right,1990-09-04,184.0,France,transfermarkt,https://www.transfermarkt.com/jonas-martin/profil/spieler/127142,fbref_name::jonas martin
ryad boudebouz,6661,left,1990-02-19,177.0,Algeria,transfermarkt,https://www.transfermarkt.com/ryad-boudebouz/profil/spieler/77826,fbref_name::ryad boudebouz
laurent pionnier,40645,right,1982-05-24,183.0,France,transfermarkt,https://www.transfermarkt.com/laurent-pionnier/profil/spieler/5686,fbref_name::laurent pionnier
jonathan ligali,42428,right,1991-05-28,184.0,France,transfermarkt,https://www.transfermarkt.com/jonathan-ligali/profil/spieler/127140,fbref_name::jonathan ligali
julien feret,2959,right,1982-05-07,187.0,France,transfermarkt,https://www.transfermarkt.com/julien-feret/profil/spieler/28328,fbref_name::julien feret
remy vercoutre,2963,right,1980-06-26,185.0,France,transfermarkt,https://www.transfermarkt.com/remy-vercoutre/profil/spieler/5338,fbref_name::remy vercoutre
andy delort,3038,right,1991-09-10,181.0,Algeria,transfermarkt,https://www.transfermarkt.com/andy-delort/profil/spieler/122797,fbref_name::andy delort
alexandre lacazette,3451,right,1991-05-28,175.0,France,transfermarkt,https://www.transfermarkt.com/alexandre-lacazette/profil/spieler/93720,fbref_name::alexandre lacazette
zlatan ibrahimovic,3672,right,1981-03-10,195.0,Sweden,transfermarkt,https://www.transfermarkt.com/zlatan-ibrahimovic/profil/spieler/3455,fbref_name::zlatan ibrahimovic
edinson roberto cavani gomez,4319,,,,Uruguay,unresolved,,
kevin trapp,4440,right,1990-08-07,189.0,Germany,transfermarkt,https://www.transfermarkt.com/kevin-trapp/profil/spieler/45672,fbref_name::kevin trapp
johny placide,3980,right,1988-01-29,181.0,France,transfermarkt,https://www.transfermarkt.com/johny-placide/profil/spieler/51035,
diego rigonato rodrigues,7363,left,1988-09-03,175.0,Brazil,transfermarkt,https://www.transfermarkt.com/diego-rigonato/profil/spieler/55042,
omenuke mfulu,18783,,,,"Congo, (Kinshasa)",unresolved,,
"david n""gog",401453,,,,France,unresolved,,
nolan roux,3179,right,1988-01-03,182.0,France,transfermarkt,https://www.transfermarkt.com/nolan-roux/profil/spieler/81460,fbref_name::nolan roux
stephane ruffier,4259,right,1986-09-27,188.0,France,transfermarkt,https://www.transfermarkt.com/stephane-ruffier/profil/spieler/39910,fbref_name::stephane ruffier
jean-christophe bahebeck,8469,right,1993-01-05,182.0,France,transfermarkt,https://www.transfermarkt.com/jean-christophe-bahebeck/profil/spieler/164897,fbref_name::jean-christophe bahebeck
ada stolsmo hegerberg,10385,,,,Norway,unresolved,,
guro pettersen,276302,,,,Norway,unresolved,,
jacqueline burns,224848,,,,Northern Ireland,unresolved,,
claudia pina medina,32838,,,,Spain,unresolved,,
olga carmona garcia,49836,,,,Spain,unresolved,,
athenea del castillo belvide,49913,,,,Spain,unresolved,,
natalia kuikka,13865,,,,Finland,unresolved,,
glodis perla viggosdottir,10119,,,,Iceland,unresolved,,
berglind bjorg thorvaldsdottir,10244,,,,Iceland,unresolved,,
sandra sigurdardottir,276898,,,,Iceland,unresolved,,
justine vanhaevermaet,63308,,,,Belgium,unresolved,,
nicky evrard,276896,,,,Belgium,unresolved,,
patricia isabel sousa barros morais,10145,,,,Portugal,unresolved,,
carole da silva costa,10162,,,,Portugal,unresolved,,
lieke martens,10649,,,,Netherlands,unresolved,,fbref_name::lieke martens
daphne van domselaar,32339,,,,Netherlands,unresolved,,fbref_name::daphne van domselaar
selma bacha,15471,,,,France,unresolved,,fbref_name::selma bacha
sandy baltimore,24459,,,,France,unresolved,,
melvine malard,31614,,,,France,unresolved,,
rebecka blomqvist,32405,,,,Sweden,unresolved,,fbref_name::rebecka blomqvist
hanna ulrika bennison,34499,,,,Sweden,unresolved,,
ingrid filippa angeldal,62666,,,,Sweden,unresolved,,
jonas omlin,29003,right,1994-10-01,190.0,Switzerland,transfermarkt,https://www.transfermarkt.com/jonas-omlin/profil/spieler/247915,fbref_name::jonas omlin
takumi minamino,8776,right,1995-01-16,172.0,Japan,transfermarkt,https://www.transfermarkt.com/takumi-minamino/profil/spieler/165793,fbref_name::takumi minamino
gauthier gallon,7517,right,1993-04-23,186.0,France,transfermarkt,https://www.transfermarkt.com/gauthier-gallon/profil/spieler/193256,fbref_name::gauthier gallon
jonathan david,23640,both,2000-01-14,178.0,Canada,transfermarkt,https://www.transfermarkt.com/jonathan-david/profil/spieler/533738,fbref_name::jonathan david
mory diaw,48502,right,1993-06-22,197.0,Senegal,transfermarkt,https://www.transfermarkt.com/mory-diaw/profil/spieler/164904,fbref_name::mory diaw
paulo bruno exequiel dybala,5743,,,,Argentina,unresolved,,
damian emiliano martinez,6909,,,,Argentina,unresolved,,
lautaro javier martinez,11456,right,1997-08-22,174.0,Argentina,transfermarkt,https://www.transfermarkt.com/lautaro-martinez/profil/spieler/406625,
alexis mac allister,27886,right,1998-12-24,176.0,Italy,transfermarkt,https://www.transfermarkt.com/alexis-mac-allister/profil/spieler/534033,fbref_name::alexis mac allister
gonzalo ariel montiel,28263,,,,Argentina,unresolved,,
exequiel alejandro palacios,28268,right,1998-05-10,177.0,Argentina,transfermarkt,https://www.transfermarkt.com/exequiel-palacios/profil/spieler/401578,
julian alvarez,29560,right,2000-01-31,170.0,Italy,transfermarkt,https://www.transfermarkt.com/julian-alvarez/profil/spieler/576024,fbref_name::julian alvarez
enzo fernandez,38718,right,2001-01-17,178.0,Argentina,transfermarkt,https://www.transfermarkt.com/enzo-fernandez/profil/spieler/648195,fbref_name::enzo fernandez
orbelin pineda alvarado,26280,right,1996-03-24,169.0,Mexico,transfermarkt,https://www.transfermarkt.com/orbelin-pineda/profil/spieler/334042,
ismaila sarr,2941,right,1998-02-25,185.0,Senegal,transfermarkt,https://www.transfermarkt.com/ismaila-sarr/profil/spieler/410225,fbref_name::ismaila sarr
kalidou koulibaly,5675,right,1991-06-20,186.0,Senegal,transfermarkt,https://www.transfermarkt.com/kalidou-koulibaly/profil/spieler/93128,fbref_name::kalidou koulibaly
edouard mendy,7379,right,1992-01-03,194.0,Senegal,transfermarkt,https://www.transfermarkt.com/edouard-mendy/profil/spieler/442531,fbref_name::edouard mendy
pape matar sarr,50498,right,2002-09-14,185.0,Senegal,transfermarkt,https://www.transfermarkt.com/pape-matar-sarr/profil/spieler/568693,fbref_name::pape matar sarr
angel israel mena delgado,28511,left,1988-01-21,168.0,Ecuador,transfermarkt,https://www.transfermarkt.com/angel-mena/profil/spieler/123609,
alexander dominguez carabali,32677,right,1987-05-06,195.0,Ecuador,transfermarkt,https://www.transfermarkt.com/alexander-dominguez/profil/spieler/84310,
hernan ismael galindez,37522,right,1987-03-30,189.0,Ecuador,transfermarkt,https://www.transfermarkt.com/hernan-galindez/profil/spieler/77127,
stephen antunes eustaquio,11187,,,,Canada,unresolved,,
alphonso davies,12365,left,2000-02-11,183.0,Ghana,transfermarkt,https://www.transfermarkt.com/alphonso-davies/profil/spieler/424204,fbref_name::alphonso davies
liam millar,23363,right,1999-09-27,181.0,England,transfermarkt,https://www.transfermarkt.com/liam-millar/profil/spieler/487417,fbref_name::liam millar
dayne tristan st. clair,36794,,,,Canada,unresolved,,
ismael kone,133229,right,2002-06-16,188.0,Canada,transfermarkt,https://www.transfermarkt.com/ismael-kone/profil/spieler/921655,fbref_name::ismael kone
diogo meireles costa,32975,,,,Portugal,unresolved,,
giorgian daniel de arrascaeta benedetti,5258,,,,Uruguay,unresolved,,
rodrigo bentancur colman,5260,right,1997-06-25,187.0,Uruguay,transfermarkt,https://www.transfermarkt.com/rodrigo-bentancur/profil/spieler/354362,
manuel ugarte ribeiro,36659,right,2001-11-04,182.0,Uruguay,transfermarkt,https://www.transfermarkt.com/manuel-ugarte/profil/spieler/476701,
sergio rochet alvarez,36710,,,,Uruguay,unresolved,,
mehdi taremi,5226,right,1992-07-18,187.0,Iran,transfermarkt,https://www.transfermarkt.com/mehdi-taremi/profil/spieler/307058,
karim ansarifard,5231,right,1990-03-04,186.0,Iran,transfermarkt,https://www.transfermarkt.com/karim-ansarifard/profil/spieler/133838,
matthew charles turner,12352,,,,United States of America,unresolved,,
kai havertz,8966,left,1999-11-06,193.0,Germany,transfermarkt,https://www.transfermarkt.com/kai-havertz/profil/spieler/309400,fbref_name::kai havertz
takuma asano,8949,right,1994-10-11,173.0,Japan,transfermarkt,https://www.transfermarkt.com/takuma-asano/profil/spieler/245744,fbref_name::takuma asano
shuichi gonda,25719,right,1989-03-03,187.0,Japan,transfermarkt,https://www.transfermarkt.com/shuichi-gonda/profil/spieler/79517,fbref_name::shuichi gonda
kaoru mitoma,37211,right,1997-05-20,178.0,Japan,transfermarkt,https://www.transfermarkt.com/kaoru-mitoma/profil/spieler/504849,fbref_name::kaoru mitoma
saad abdullah al sheeb,124496,,,,Qatar,unresolved,,
bryan ruiz gonzalez,5592,,,,Costa Rica,unresolved,,
patrick gilmar sequeira mejias,97291,,,,Costa Rica,unresolved,,
lawrence ati-zigi,8108,,,,Ghana,unresolved,,fbref_name::lawrence ati-zigi
salem mohammed al dawsari,5187,,,,Saudi Arabia,unresolved,,
mohammed khalil al owais,5714,,,,Saudi Arabia,unresolved,,
salman mohammed al faraj,5178,,,,Saudi Arabia,unresolved,,
theo bernard francois hernandez,6704,,,,France,unresolved,,
marko livaja,22041,right,1993-08-26,184.0,Croatia,transfermarkt,https://www.transfermarkt.com/marko-livaja/profil/spieler/95438,fbref_name::marko livaja
lovro majer,28914,left,1998-01-17,178.0,Croatia,transfermarkt,https://www.transfermarkt.com/lovro-majer/profil/spieler/387106,fbref_name::lovro majer
abdelhamid sabiri,3634,right,1996-11-28,186.0,Germany,transfermarkt,https://www.transfermarkt.com/abdelhamid-sabiri/profil/spieler/340394,fbref_name::abdelhamid sabiri
hakim ziyech,5237,left,1993-03-19,180.0,Morocco,transfermarkt,https://www.transfermarkt.com/hakim-ziyech/profil/spieler/217111,fbref_name::hakim ziyech
yassine bounou,6785,left,1991-05-04,192.0,Morocco,transfermarkt,https://www.transfermarkt.com/yassine-bounou/profil/spieler/207834,fbref_name::yassine bounou
badr banoun,67700,,,,Morocco,unresolved,,fbref_name::badr banoun
pedro guilherme abreu dos santos,25305,right,1997-06-20,185.0,Brazil,transfermarkt,https://www.transfermarkt.com/pedro/profil/spieler/432895,
gabriel teodoro martinelli silva,29976,,,,Brazil,unresolved,,
seung-gyu kim,37641,right,1990-09-30,189.0,"Korea, South",transfermarkt,https://www.transfermarkt.com/seung-gyu-kim/profil/spieler/92076,
teun koopmeiners,7891,left,1998-02-28,185.0,Netherlands,transfermarkt,https://www.transfermarkt.com/teun-koopmeiners/profil/spieler/360518,fbref_name::teun koopmeiners
andries noppert,8326,left,1994-07-04,203.0,Netherlands,transfermarkt,https://www.transfermarkt.com/andries-noppert/profil/spieler/276853,fbref_name::andries noppert
nikola kalinic,7033,both,1988-05-01,187.0,Croatia,transfermarkt,https://www.transfermarkt.com/nikola-kalinic/profil/spieler/36371,fbref_name::nikola kalinic
khouma el hadji babacar,7125,right,1993-03-17,185.0,Senegal,transfermarkt,https://www.transfermarkt.com/khouma-babacar/profil/spieler/124902,
josip ilicic,7139,left,1988-01-29,190.0,Slovenia,transfermarkt,https://www.transfermarkt.com/josip-ilicic/profil/spieler/80351,fbref_name::josip ilicic
matias ariel fernandez fernandez,26192,right,1986-05-15,176.0,Chile,transfermarkt,https://www.transfermarkt.com/matias-fernandez/profil/spieler/37918,
luca lezzerini,30830,right,1995-03-24,195.0,Italy,transfermarkt,https://www.transfermarkt.com/luca-lezzerini/profil/spieler/135747,fbref_name::luca lezzerini
alessio cerci,7702,left,1987-07-23,180.0,Italy,transfermarkt,https://www.transfermarkt.com/alessio-cerci/profil/spieler/21748,fbref_name::alessio cerci
luiz adriano de souza da silva,21272,,,,Brazil,unresolved,,
ryder matos santos,7696,,,,Brazil,unresolved,,
zeljko brkic,57655,right,1986-09-07,198.0,Serbia,transfermarkt,https://www.transfermarkt.com/zeljko-brkic/profil/spieler/37278,fbref_name::zeljko brkic
andrea lazzari,387475,left,1984-03-12,184.0,Italy,transfermarkt,https://www.transfermarkt.com/andrea-lazzari/profil/spieler/19442,fbref_name::andrea lazzari
eder citadin martins,7000,right,1986-11-15,177.0,Italy,transfermarkt,https://www.transfermarkt.com/eder/profil/spieler/37418,
emiliano viviano,7018,left,1985-01-12,195.0,Italy,transfermarkt,https://www.transfermarkt.com/emiliano-viviano/profil/spieler/24316,fbref_name::emiliano viviano
stevan jovetic,3434,right,1989-02-11,183.0,Montenegro,transfermarkt,https://www.transfermarkt.com/stevan-jovetic/profil/spieler/46104,
samir handanovic,7001,right,1984-07-14,193.0,Slovenia,transfermarkt,https://www.transfermarkt.com/samir-handanovic/profil/spieler/28021,
manolo gabbiadini,3949,left,1991-11-26,186.0,Italy,transfermarkt,https://www.transfermarkt.com/manolo-gabbiadini/profil/spieler/112343,fbref_name::manolo gabbiadini
gonzalo gerardo higuain,5497,,,,Argentina,unresolved,,
jose manuel reina paez,7028,right,1982-08-31,188.0,Spain,transfermarkt,https://www.transfermarkt.com/pepe-reina/profil/spieler/7825,
gabriel vasconelos ferreira,30767,,,,Brazil,unresolved,,
marco sportiello,7157,right,1992-10-05,192.0,Italy,transfermarkt,https://www.transfermarkt.com/marco-sportiello/profil/spieler/199976,fbref_name::marco sportiello
maximiliano nicol moralez,12759,,,,Argentina,unresolved,,
mauricio ricardo pinilla ferreira,36770,,,,Chile,unresolved,,
davide bassi,41067,right,1985-12-04,190.0,Italy,transfermarkt,https://www.transfermarkt.com/davide-bassi/profil/spieler/41914,fbref_name::davide bassi
daniel ciofani,13613,right,1985-07-31,191.0,Italy,transfermarkt,https://www.transfermarkt.com/daniel-ciofani/profil/spieler/29605,fbref_name::daniel ciofani
federico dionisi,24235,right,1987-06-16,180.0,Italy,transfermarkt,https://www.transfermarkt.com/federico-dionisi/profil/spieler/119369,fbref_name::federico dionisi
nicola leali,32037,right,1993-02-17,193.0,Italy,transfermarkt,https://www.transfermarkt.com/nicola-leali/profil/spieler/136111,fbref_name::nicola leali
massimo zenildo zappino,386510,right,1981-12-06,190.0,Italy,transfermarkt,https://www.transfermarkt.com/massimo-zappino/profil/spieler/43237,
juan guillermo cuadrado bello,5689,right,1988-05-26,176.0,Colombia,transfermarkt,https://www.transfermarkt.com/juan-cuadrado/profil/spieler/91970,
gianluigi buffon,6949,right,1978-01-28,192.0,Italy,transfermarkt,https://www.transfermarkt.com/gianluigi-buffon/profil/spieler/5023,fbref_name::gianluigi buffon
alberto paloschi,6950,right,1990-04-01,183.0,Italy,transfermarkt,https://www.transfermarkt.com/alberto-paloschi/profil/spieler/68306,fbref_name::alberto paloschi
valter birsa,7045,left,1986-07-08,184.0,Slovenia,transfermarkt,https://www.transfermarkt.com/valter-birsa/profil/spieler/26105,fbref_name::valter birsa
albano benjamin bizzarri,7803,,,,Argentina,unresolved,,
sergio pellissier,8644,right,1979-12-04,175.0,Italy,transfermarkt,https://www.transfermarkt.com/sergio-pellissier/profil/spieler/5928,fbref_name::sergio pellissier
fabio quagliarella,7011,right,1983-01-31,180.0,Italy,transfermarkt,https://www.transfermarkt.com/fabio-quagliarella/profil/spieler/22328,fbref_name::fabio quagliarella
maximiliano gaston lopez,8193,,,,Argentina,unresolved,,
daniele padelli,34881,right,1985-10-25,191.0,Italy,transfermarkt,https://www.transfermarkt.com/daniele-padelli/profil/spieler/27807,fbref_name::daniele padelli
giampaolo pazzini,6686,right,1984-02-08,180.0,Italy,transfermarkt,https://www.transfermarkt.com/giampaolo-pazzini/profil/spieler/19447,fbref_name::giampaolo pazzini
pierluigi gollini,8274,right,1995-03-18,194.0,Italy,transfermarkt,https://www.transfermarkt.com/pierluigi-gollini/profil/spieler/244192,fbref_name::pierluigi gollini
rafael de andrade bittencourt pinheiro,9887,,,,Brazil,unresolved,,
luca toni,20252,both,1977-05-26,193.0,Italy,transfermarkt,https://www.transfermarkt.com/luca-toni/profil/spieler/5980,fbref_name::luca toni
gianluca pegolo,7123,left,1981-03-25,183.0,Italy,transfermarkt,https://www.transfermarkt.com/gianluca-pegolo/profil/spieler/21872,fbref_name::gianluca pegolo
andrea consigli,7132,right,1987-01-27,189.0,Italy,transfermarkt,https://www.transfermarkt.com/andrea-consigli/profil/spieler/35865,fbref_name::andrea consigli
diego falcinelli,8093,left,1991-06-26,186.0,Italy,transfermarkt,https://www.transfermarkt.com/diego-falcinelli/profil/spieler/119115,fbref_name::diego falcinelli
luca cigarini,8420,right,1986-06-20,175.0,Italy,transfermarkt,https://www.transfermarkt.com/luca-cigarini/profil/spieler/33218,fbref_name::luca cigarini
german gustavo denis,49439,,,,Argentina,unresolved,,
gianpaolo bellini,386607,right,1980-03-27,180.0,Italy,transfermarkt,https://www.transfermarkt.com/gianpaolo-bellini/profil/spieler/19435,fbref_name::gianpaolo bellini
diego perotti,7456,right,1988-07-26,179.0,Spain,transfermarkt,https://www.transfermarkt.com/diego-perotti/profil/spieler/54984,fbref_name::diego perotti
tomas eduardo rincon hernandez,7475,right,1988-01-13,175.0,Venezuela,transfermarkt,https://www.transfermarkt.com/tomas-rincon/profil/spieler/75942,
eugenio lamanna,38312,right,1989-07-08,187.0,Italy,transfermarkt,https://www.transfermarkt.com/eugenio-lamanna/profil/spieler/85240,fbref_name::eugenio lamanna
edin dzeko,6973,right,1986-03-17,192.0,Bosnia-Herzegovina,transfermarkt,https://www.transfermarkt.com/edin-dzeko/profil/spieler/28396,
francesco totti,15780,both,1976-09-27,180.0,Italy,transfermarkt,https://www.transfermarkt.com/francesco-totti/profil/spieler/5958,
morgan de sanctis,40529,right,1977-03-26,190.0,Italy,transfermarkt,https://www.transfermarkt.com/morgan-de-sanctis/profil/spieler/5880,
vid belec,8662,right,1990-06-06,192.0,Slovenia,transfermarkt,https://www.transfermarkt.com/vid-belec/profil/spieler/73090,fbref_name::vid belec
marco borriello,8871,left,1982-06-18,186.0,Italy,transfermarkt,https://www.transfermarkt.com/marco-borriello/profil/spieler/5825,fbref_name::marco borriello
lucas rodrigo biglia,5510,,,,Argentina,unresolved,,
etrit berisha,6991,left,1989-10-03,194.0,Sweden,transfermarkt,https://www.transfermarkt.com/etrit-berisha/profil/spieler/77825,fbref_name::etrit berisha
federico marchetti,12491,left,1983-07-02,188.0,Italy,transfermarkt,https://www.transfermarkt.com/federico-marchetti/profil/spieler/22318,fbref_name::federico marchetti
antonio mirante,7174,right,1983-08-07,193.0,Italy,transfermarkt,https://www.transfermarkt.com/antonio-mirante/profil/spieler/22141,fbref_name::antonio mirante
mattia destro,8103,right,1991-03-20,182.0,Italy,transfermarkt,https://www.transfermarkt.com/mattia-destro/profil/spieler/88683,fbref_name::mattia destro
angelo esmael da costa junior,12475,,,,Brazil,unresolved,,
matteo mancosu,15415,right,1984-12-22,182.0,Italy,transfermarkt,https://www.transfermarkt.com/matteo-mancosu/profil/spieler/230611,fbref_name::matteo mancosu
mattia perin,7148,right,1992-10-11,188.0,Italy,transfermarkt,https://www.transfermarkt.com/mattia-perin/profil/spieler/110923,fbref_name::mattia perin
orestis karnezis,3742,right,1985-11-07,190.0,Greece,transfermarkt,https://www.transfermarkt.com/orestis-karnezis/profil/spieler/16408,fbref_name::orestis karnezis
antonio di natale,19846,right,1977-10-13,170.0,Italy,transfermarkt,https://www.transfermarkt.com/antonio-di-natale/profil/spieler/6031,fbref_name::antonio di natale
rafael enrique romo perez,32012,,,,Venezuela (Bolivarian Republic),unresolved,,
jerry uche mbakogu,32608,right,1992-01-10,185.0,Nigeria,transfermarkt,https://www.transfermarkt.com/jerry-mbakogu/profil/spieler/130382,
antonio candreva,7776,right,1987-02-28,180.0,Italy,transfermarkt,https://www.transfermarkt.com/antonio-candreva/profil/spieler/25488,fbref_name::antonio candreva
miroslav klose,19286,right,1978-09-06,184.0,Poland,transfermarkt,https://www.transfermarkt.com/miroslav-klose/profil/spieler/10,fbref_name::miroslav klose
stefano sorrentino,7055,right,1979-03-28,186.0,Italy,transfermarkt,https://www.transfermarkt.com/stefano-sorrentino/profil/spieler/21891,fbref_name::stefano sorrentino
simone colombi,34315,right,1991-01-07,188.0,Italy,transfermarkt,https://www.transfermarkt.com/simone-colombi/profil/spieler/57285,fbref_name::simone colombi
m''baye babacar niang,5661,,,,Senegal,unresolved,,
mario barwuah balotelli,3371,,,,Italy,unresolved,,
jeremy menez,20300,right,1987-07-05,182.0,France,transfermarkt,https://www.transfermarkt.com/jeremy-menez/profil/spieler/16993,fbref_name::jeremy menez
riccardo saponara,7150,right,1991-12-21,183.0,Italy,transfermarkt,https://www.transfermarkt.com/riccardo-saponara/profil/spieler/88909,fbref_name::riccardo saponara
alberto pelagotti,40332,right,1989-09-03,186.0,Italy,transfermarkt,https://www.transfermarkt.com/alberto-pelagotti/profil/spieler/56921,fbref_name::alberto pelagotti
jonathan de guzman,8675,right,1987-09-13,173.0,Netherlands,transfermarkt,https://www.transfermarkt.com/jonathan-de-guzman/profil/spieler/31067,fbref_name::jonathan de guzman
yuki nagasato,4963,,,,Japan,unresolved,,
ella stevens,42262,,,,United States of America,unresolved,,
kailen mary iacovoni sheridan,4981,,,,Canada,unresolved,,
didi haracic,21057,,,,Bosnia and Herzegovina,unresolved,,
margaret purce,5009,,,,United States of America,unresolved,,
lynn williams biyendolo,5055,,,,United States of America,unresolved,,
kristie mewis,31936,,,,United States of America,unresolved,,fbref_name::kristie mewis
jenna nighswonger,389497,,,,United States of America,unresolved,,
christine margaret sinclair,5020,,,,Canada,unresolved,,
annabella madeleine bixby,40989,,,,United States of America,unresolved,,
sophia olivia wilson,49172,,,,United States of America,unresolved,,
carissa miller,42259,,,,United States of America,unresolved,,
michelle ivory cooper,270224,,,,United States of America,unresolved,,
jane campbell,5056,,,,United States of America,unresolved,,
michelle alozie,106836,,,,Nigeria,unresolved,,fbref_name::michelle alozie
diana ordonez,219178,,,,Mexico,unresolved,,
casey murphy,30557,,,,United States of America,unresolved,,
kerolin nicoli israel ferraz,105708,,,,Brazil,unresolved,,
andi sullivan,4940,,,,United States of America,unresolved,,fbref_name::andi sullivan
ashley hatch,4964,,,,United States of America,unresolved,,
aubrey renee kingsbury,5025,,,,United States of America,unresolved,,
kaylie collins,129512,,,,United States of America,unresolved,,
katie lund,42553,,,,United States of America,unresolved,,
savannah marie demelo,218506,,,,United States of America,unresolved,,
sofia huerta,5105,,,,United States of America,unresolved,,fbref_name::sofia huerta
jordyn pamela huitema,26091,,,,Canada,unresolved,,
phallon tullis-joyce,30955,,,,United States of America,unresolved,,
shuang wang,24461,,,,China,unresolved,,
shae yanez,33067,,,,United States of America,unresolved,,
eike immel,398823,,1960-11-27,,Germany,unresolved,https://www.transfermarkt.com/eike-immel/profil/spieler/73587,
paul breitner,38610,,1951-05-09,,Germany,unresolved,https://www.transfermarkt.com/paul-breitner/profil/spieler/13766,
sepp maier,38616,,1944-02-28,,Germany,unresolved,https://www.transfermarkt.com/sepp-maier/profil/spieler/89550,
johan neeskens,39721,,,,Netherlands,unresolved,,
jan jongbloed,397802,,,,Netherlands,unresolved,,
carles rexach i cerda,397775,,,,Spain,unresolved,,
daniel alberto carnevali,397833,,1946-04-12,178.0,Argentina,unresolved,https://www.transfermarkt.com/daniel-carnevali/profil/spieler/143469,
hugo alvez,397991,,,,Argentina,unresolved,,
viktor chanov,397972,,,,Ukraine,unresolved,,
sven ulreich,8208,right,1988-03-08,192.0,Germany,transfermarkt,https://www.transfermarkt.com/sven-ulreich/profil/spieler/40680,fbref_name::sven ulreich
bernd leno,15581,right,1992-04-03,190.0,Germany,transfermarkt,https://www.transfermarkt.com/bernd-leno/profil/spieler/72476,fbref_name::bernd leno
dario kresic,400627,,1984-11-01,,Croatia,unresolved,https://www.transfermarkt.com/dario-kresic/profil/spieler/14219,
pierre-emerick aubameyang,3712,right,1989-06-18,187.0,France,transfermarkt,https://www.transfermarkt.com/pierre-emerick-aubameyang/profil/spieler/58864,
shinji kagawa,5684,right,1989-03-17,175.0,Japan,transfermarkt,https://www.transfermarkt.com/shinji-kagawa/profil/spieler/81785,fbref_name::shinji kagawa
marwin hitz,8314,right,1987-09-18,194.0,Switzerland,transfermarkt,https://www.transfermarkt.com/marwin-hitz/profil/spieler/59238,fbref_name::marwin hitz
ron-robert zieler,8947,right,1989-12-02,188.0,Germany,transfermarkt,https://www.transfermarkt.com/ron-robert-zieler/profil/spieler/21327,fbref_name::ron-robert zieler
yunus malli,8679,right,1992-02-24,179.0,Türkiye,transfermarkt,https://www.transfermarkt.com/yunus-malli/profil/spieler/85352,
klaas-jan huntelaar,8060,,1983-12-08,,Netherlands,unresolved,https://www.transfermarkt.com/klaas-jan-huntelaar/profil/spieler/4357,fbref_name::klaas-jan huntelaar
moritz hartmann,40464,right,1986-06-20,183.0,Germany,transfermarkt,https://www.transfermarkt.com/moritz-hartmann/profil/spieler/42952,fbref_name::moritz hartmann
mary boio fowler,35693,,,,Australia,unresolved,,
cortnee brooke vine,401634,,,,Australia,unresolved,,
clare hunt,401635,,,,Australia,unresolved,,fbref_name::clare hunt
livia peng,32099,,,,Switzerland,unresolved,,
olivia alexandra davies isip mcdaniel,401735,,,,Philippines,unresolved,,
christy onyenaturuchi ucheibe,62908,,,,Nigeria,unresolved,,
daniela solera vega,401802,,,,Costa Rica,unresolved,,
catalina thomas coll lluch,45295,,,,Spain,unresolved,,
enith salon,50825,,,,Spain,unresolved,,
salma paralluelo ayingono,222682,,,,Spain,unresolved,,
kim thanh tran thi,401880,,,,Vietnam,unresolved,,
riko ueki,401930,,,,Japan,unresolved,,fbref_name::riko ueki
barbra banda,131619,,,,Zambia,unresolved,,fbref_name::barbra banda
catherine musonda,131629,,,,Zambia,unresolved,,fbref_name::catherine musonda
kerly theus,402008,,,,Haiti,unresolved,,fbref_name::kerly theus
young-geul yoon,389771,,,,Korea (South),unresolved,,
catalina perez jaramillo,46344,,,,Colombia,unresolved,,
maria catalina usme pineda,403278,,,,Colombia,unresolved,,
lina magull,10259,,,,Germany,unresolved,,fbref_name::lina magull
sara dabritz,10263,,,,Germany,unresolved,,fbref_name::sara dabritz
alexandra popp,15178,,,,Germany,unresolved,,fbref_name::alexandra popp
merle frohms,15443,,,,Germany,unresolved,,fbref_name::merle frohms
klara buhl,25729,,,,Germany,unresolved,,fbref_name::klara buhl
stina johannes,46548,,,,Germany,unresolved,,
sjoeke nusken,47008,,,,Germany,unresolved,,fbref_name::sjoeke nusken
laura freigang,47022,,,,Germany,unresolved,,fbref_name::laura freigang
maja bay ostergaard,402017,,,,Denmark,unresolved,,
maelle lakrar,31784,,,,France,unresolved,,fbref_name::maelle lakrar
vicki becho,49233,,,,France,unresolved,,fbref_name::vicki becho
yenith elizabett bailey de la cruz,402781,,,,Panama,unresolved,,
yomira tibisay pinzon rios,402786,,,,Panama,unresolved,,
francesca durante,32152,,,,Italy,unresolved,,fbref_name::francesca durante
arianna caruso,32162,,,,Italy,unresolved,,fbref_name::arianna caruso
rachele baldi,45899,,,,Italy,unresolved,,
yasmin katie mrabet,89009,,,,Morocco,unresolved,,
ghizlane chebbak,402663,,,,Morocco,unresolved,,fbref_name::ghizlane chebbak
victor okoh boniface,32289,right,2000-12-23,190.0,Nigeria,transfermarkt,https://www.transfermarkt.com/victor-boniface/profil/spieler/656681,
florian wirtz,40724,right,2003-03-05,177.0,Germany,transfermarkt,https://www.transfermarkt.com/florian-wirtz/profil/spieler/598577,fbref_name::florian wirtz
kevin muller,9205,right,1991-03-15,190.0,Germany,transfermarkt,https://www.transfermarkt.com/kevin-muller/profil/spieler/43824,fbref_name::kevin muller
manuel riemann,9095,right,1988-09-09,186.0,Germany,transfermarkt,https://www.transfermarkt.com/manuel-riemann/profil/spieler/40792,fbref_name::manuel riemann
michael zetterer,23198,both,1995-12-07,187.0,Germany,transfermarkt,https://www.transfermarkt.com/michael-zetterer/profil/spieler/196813,fbref_name::michael zetterer
omar marmoush,40761,right,1999-07-02,183.0,Egypt,transfermarkt,https://www.transfermarkt.com/omar-marmoush/profil/spieler/445939,
thibault giresse,4434,left,1981-05-25,172.0,France,transfermarkt,https://www.transfermarkt.com/thibault-giresse/profil/spieler/6986,fbref_name::thibault giresse
lacina traore,3553,left,1990-05-20,203.0,Cote d'Ivoire,transfermarkt,https://www.transfermarkt.com/lacina-traore/profil/spieler/69006,fbref_name::lacina traore
alexander toft soderlund,3423,right,1987-03-08,187.0,Norway,transfermarkt,https://www.transfermarkt.com/alexander-soderlund/profil/spieler/87479,
cheick tidiane diabate,7130,right,1988-04-25,194.0,Mali,transfermarkt,https://www.transfermarkt.com/cheick-diabate/profil/spieler/78082,
vagner silva de souza,18953,right,1984-11-06,172.0,Brazil,transfermarkt,https://www.transfermarkt.com/vagner-love/profil/spieler/18829,
johann carrasso,7641,right,1988-07-05,187.0,France,transfermarkt,https://www.transfermarkt.com/johann-carrasso/profil/spieler/57367,fbref_name::johann carrasso
veronica boquete giadans,15227,,,,Spain,unresolved,,
katja schroffenegger,45727,,,,Italy,unresolved,,
zsanett bernadett kajan,226661,,,,Hungary,unresolved,,
ana marcos moral,45288,,,,Spain,unresolved,,
antonia ignacia canales pacheco,408998,,,,Chile,unresolved,,
erika gonzalez lombidez,144143,,,,Spain,unresolved,,
nerea eizaguirre lasa,50366,,,,Spain,unresolved,,
elene lete para,52339,,,,Spain,unresolved,,
maria miralles gascon,408652,,,,Spain,unresolved,,
esperanza pizarro pagalday,408655,,,,Uruguay,unresolved,,
jessica dahiana martinez villagra,49839,,,,Paraguay,unresolved,,
allegra poljak,53958,,,,Serbia,unresolved,,
nayluisa jhaylenny caceres acevedo,66468,,,,Venezuela (Bolivarian Republic),unresolved,,
zala mersnik,46998,,,,Slovenia,unresolved,,
laia balleste,50168,,,,Switzerland,unresolved,,
chelsea ashurst,53179,,,,England,unresolved,,
patricia ojeda,53190,,,,Spain,unresolved,,
miku kojima,409118,,,,Japan,unresolved,,
adriana nanclares romero,50371,,,,Spain,unresolved,,
clara pinedo castresana,123549,,,,Spain,unresolved,,
cristina baudet lucena,50892,,,,Spain,unresolved,,
paola ulloa jimenez,49997,,,,Spain,unresolved,,
ana gonzalez rosa,50105,,,,Spain,unresolved,,
naima garcia aguilar,136433,,,,Spain,unresolved,,
sandra estevez ogalla,409183,,,,Spain,unresolved,,
laura requena sanchez,409186,,,,Spain,unresolved,,
andrea romero burgos,409190,,,,Spain,unresolved,,
carlota suarez crespo,409196,,,,Spain,unresolved,,
rosa marquez baena,50098,,,,Spain,unresolved,,
malena mieres garcia,50109,,,,Spain,unresolved,,
paula vizoso prieto,137528,,,,Spain,unresolved,,
maria de los angeles carrion egido,142137,,,,Spain,unresolved,,
patricia hmirova,63425,,,,Slovakia,unresolved,,
julia aguado,50818,,,,Spain,unresolved,,
maria llompart pons,50102,,,,Spain,unresolved,,
fatoumata kanteh cham,53185,,,,Gambia,unresolved,,
carmen carbonell gil,143563,,,,Spain,unresolved,,
patricia gavira collado,49992,,,,Spain,unresolved,,
noelia ramos alvarez,50024,,,,Spain,unresolved,,
laura perez martin,409192,,,,Spain,unresolved,,
esther sullastres ayuso,49887,,,,Spain,unresolved,,
maria inmaculada gabarro romero,50042,,,,Spain,unresolved,,
rosa otermin abella,50100,,,,Spain,unresolved,,
maria echezarreta fernandez,428383,,,,Spain,unresolved,,
maria lopez,50161,right,1962-03-26,175.0,Spain,transfermarkt,https://www.transfermarkt.com/luis-lopez-rekarte/profil/spieler/159966,
nicole billa,10233,,,,Austria,unresolved,,
jana feldkamp,46556,,,,Germany,unresolved,,
martina tufekovic,85501,,,,Germany,unresolved,,
michaela specht,85502,,,,Germany,unresolved,,
juliane wirtz,46882,,,,Germany,unresolved,,
sophie weidauer,46991,,,,Germany,unresolved,,
michelle ulbrich,47010,,,,Germany,unresolved,,
nina luhrssen,47015,,,,Germany,unresolved,,
ewa pajor,15214,,,,Poland,unresolved,,
lisa schmitz,30968,,,,Germany,unresolved,,
elvira herzog,46896,,,,Switzerland,unresolved,,
jenny hipp,409152,,,,Germany,unresolved,,
vanessa fudalla,409156,,,,Germany,unresolved,,
meret gunster,46945,,,,Germany,unresolved,,
ena mahmutovic,49865,,,,Germany,unresolved,,
jasmin pal,47109,,,,Austria,unresolved,,
martyna wiankowska,324158,,,,Poland,unresolved,,
paula hoppe,409147,,,,Germany,unresolved,,
friederike abt,32359,,,,Germany,unresolved,,
elisa senss,46546,,,,Germany,unresolved,,
nikola karczewska,63424,,,,Poland,unresolved,,
kristin krammer,32584,,,,Austria,unresolved,,
lara sophie schmidt,84731,,,,Germany,unresolved,,
medina desic,408962,,,,Montenegro,unresolved,,
linda dallmann,10258,,,,Germany,unresolved,,fbref_name::linda dallmann
jovana damnjanovic,24396,,,,Serbia,unresolved,,
maria luisa grohs,45020,,,,Germany,unresolved,,
natasha kowalski,321538,,,,Germany,unresolved,,
janina minge,46881,,,,Germany,unresolved,,
marie muller,46890,,,,Germany,unresolved,,
gabrielle lambert,135221,,,,Canada,unresolved,,
marleen schimmer,219422,,,,Germany,unresolved,,
amanda tampieri,45630,,,,Italy,unresolved,,
tatiely cristina sena das neves,317048,,,,Brazil,unresolved,,
kerttu karresmaa,408848,,,,Finland,unresolved,,
lea paulick,425320,,,,Germany,unresolved,,
flaminia simonetti,45742,,,,Italy,unresolved,,
agnese bonfantini,45883,,,,Italy,unresolved,,
sara cetinja,135569,,,,Serbia,unresolved,,
marija banusic,32892,,,,Sweden,unresolved,,
elisa del estal mateu,136545,,,,Spain,unresolved,,
beatrice beretta,309388,,,,Italy,unresolved,,
anna rosa james-buhigas,53193,,,,United States of America,unresolved,,
iris madeleine rabot,317044,,,,France,unresolved,,
emilie gavillet,409097,,,,Switzerland,unresolved,,
camelia ceasar,45885,,,,Romania,unresolved,,
christy grimshaw,31146,,,,Scotland,unresolved,,
maria korenciova,45627,,,,Slovakia,unresolved,,
astrid gilardi,45747,,,,Italy,unresolved,,
nicole arcangeli,50999,,,,Italy,unresolved,,
doris bacic,46236,,,,Croatia,unresolved,,
lia lonni,45655,,,,Italy,unresolved,,
janina leitzig,46988,,,,Germany,unresolved,,
amalie gronbak thestrup,15788,,,,Denmark,unresolved,,
kaylan marckese,40985,,,,United States of America,unresolved,,
olivia clarke,326619,,,,Wales,unresolved,,
safia middleton-patel,192256,,,,Wales,unresolved,,
ernan alberto siluane,136064,right,1998-07-09,186.0,Mozambique,transfermarkt,https://www.transfermarkt.com/ernan-siluane/profil/spieler/876281,
ivane carminio francisco urrubal,161718,,,,Mozambique,unresolved,,
ahmed elsayed ali elsayed hegazy,4063,,,,Egypt,unresolved,,
mohamed abougabal,66879,,1977-11-16,,Egypt,unresolved,https://www.transfermarkt.com/mohamed-abougabal/profil/spieler/441143,
mostafa mohamed ahmed abdallah,66886,,,,Egypt,unresolved,,
mohamed hany gamal eldemerdash,66892,,,,Egypt,unresolved,,
mostafa fathi,68755,left,1994-12-05,169.0,Egypt,transfermarkt,https://www.transfermarkt.com/mostafa-fathi/profil/spieler/305287,
mohamed abdelmonem,69563,right,1999-01-02,184.0,Egypt,transfermarkt,https://www.transfermarkt.com/mohamed-abdelmonem/profil/spieler/566025,
omar kamal abdel wahed,70783,,,,Egypt,unresolved,,
anthony louis mandrea,41381,,,,Algeria,unresolved,,
cristovao paciencia mabululo,128881,,,,Angola,unresolved,,
djigui diarra,102992,right,1995-02-27,,Mali,transfermarkt,https://www.transfermarkt.com/djigui-diarra/profil/spieler/372230,
percy tau,29367,left,1994-05-13,175.0,South Africa,transfermarkt,https://www.transfermarkt.com/percy-tau/profil/spieler/312239,
zakhele lerato lepasa,64607,right,1997-03-19,179.0,South Africa,transfermarkt,https://www.transfermarkt.com/zakhele-lepasa/profil/spieler/596913,
thabang amod monare,64629,right,1989-09-16,178.0,South Africa,transfermarkt,https://www.transfermarkt.com/thabang-monare/profil/spieler/255398,
mothobi mvala,65732,right,1994-06-14,183.0,South Africa,transfermarkt,https://www.transfermarkt.com/mothobi-mvala/profil/spieler/370606,
aubrey maphosa modiba,65733,left,1995-07-22,171.0,South Africa,transfermarkt,https://www.transfermarkt.com/aubrey-modiba/profil/spieler/353432,
evidence makgopa,65853,right,2000-05-06,183.0,South Africa,transfermarkt,https://www.transfermarkt.com/evidence-makgopa/profil/spieler/746781,
teboho mokoena,66716,right,1997-01-24,177.0,South Africa,transfermarkt,https://www.transfermarkt.com/teboho-mokoena/profil/spieler/436372,
ronwen williams,66721,right,1992-01-21,184.0,South Africa,transfermarkt,https://www.transfermarkt.com/ronwen-williams/profil/spieler/175577,
oswin reagan appollis,66725,right,2001-08-25,171.0,South Africa,transfermarkt,https://www.transfermarkt.com/oswin-appollis/profil/spieler/673381,
nkosinathi sibisi,67974,right,1995-09-22,,South Africa,transfermarkt,https://www.transfermarkt.com/nkosinathi-sibisi/profil/spieler/399068,
siyanda xulu,102722,right,1991-12-30,188.0,South Africa,transfermarkt,https://www.transfermarkt.com/siyanda-xulu/profil/spieler/129363,
mihlali samson mayambela,133003,,,,South Africa,unresolved,,
babacar niasse,36951,right,1996-12-20,196.0,Senegal,transfermarkt,https://www.transfermarkt.com/babacar-niasse/profil/spieler/176573,
nicolas pepe,3013,left,1995-05-29,183.0,France,transfermarkt,https://www.transfermarkt.com/nicolas-pepe/profil/spieler/343052,fbref_name::nicolas pepe
franck yannick kessie,7023,,,,Côte d'Ivoire,unresolved,,
christian kouame,12496,right,1997-06-12,193.0,Italy,transfermarkt,https://www.transfermarkt.com/christian-kouame/profil/spieler/337725,fbref_name::christian kouame
yahia fofana,36629,right,2000-08-21,194.0,France,transfermarkt,https://www.transfermarkt.com/yahia-fofana/profil/spieler/418651,fbref_name::yahia fofana
william troost-ekong,5455,right,1993-01-09,191.0,Nigeria,transfermarkt,https://www.transfermarkt.com/william-troost-ekong/profil/spieler/192875,fbref_name::william troost-ekong
temitayo olufisayo olaoluwa aina,11492,right,1996-08-10,184.0,Nigeria,transfermarkt,https://www.transfermarkt.com/ola-aina/profil/spieler/236490,
terem igobor moffi,34335,left,1999-05-25,188.0,Nigeria,transfermarkt,https://www.transfermarkt.com/terem-moffi/profil/spieler/538874,
stanley bobo nwabali,358410,right,1996-10-06,,Nigeria,transfermarkt,https://www.transfermarkt.com/stanley-nwabali/profil/spieler/677856,
arthur masuaku,3587,left,1993-07-11,179.0,DR Congo,transfermarkt,https://www.transfermarkt.com/arthur-masuaku/profil/spieler/181380,
samuel moutoussamy,4412,left,1996-12-08,176.0,DR Congo,transfermarkt,https://www.transfermarkt.com/samuel-moutoussamy/profil/spieler/353403,
aaron tshibola,4753,right,1995-02-01,184.0,DR Congo,transfermarkt,https://www.transfermarkt.com/aaron-tshibola/profil/spieler/243633,
joris kayembe ditu,4939,,,,"Congo, (Kinshasa)",unresolved,,
yoane wissa,7294,right,1996-03-09,176.0,DR Congo,transfermarkt,https://www.transfermarkt.com/yoane-wissa/profil/spieler/388165,
silas katompa mvumpa,13329,,,,"Congo, (Kinshasa)",unresolved,,
grady diangana,18244,left,1998-04-19,180.0,DR Congo,transfermarkt,https://www.transfermarkt.com/grady-diangana/profil/spieler/342048,
gedeon kalulu kyatengwa,30193,,,,"Congo, (Kinshasa)",unresolved,,
lionel mpasi-nzau,35413,right,1994-01-08,182.0,DR Congo,transfermarkt,https://www.transfermarkt.com/lionel-mpasi-nzau/profil/spieler/164915,
meschak elia,35684,,,,"Congo, (Kinshasa)",unresolved,,
henoc inonga baka,105946,,,,"Congo, (Kinshasa)",unresolved,,
lloyd junior kazapua,125324,,,,Namibia,unresolved,,
richard ofori antwi,68757,right,1993-01-11,190.0,Ghana,transfermarkt,https://www.transfermarkt.com/richard-ofori/profil/spieler/274756,
geny cipriano catamo,127300,left,2001-01-26,172.0,Mozambique,transfermarkt,https://www.transfermarkt.com/geny-catamo/profil/spieler/701979,
ibrahim kone,182573,right,1989-05-12,190.0,Guinea,transfermarkt,https://www.transfermarkt.com/ibrahim-kone/profil/spieler/70348,
mahmoud hamada,67728,right,1994-01-06,186.0,Egypt,transfermarkt,https://www.transfermarkt.com/mahmoud-hamada/profil/spieler/471117,
willy afonso semedo johnson,28413,,,,Cape Verde,unresolved,,
bryan alberto silva teixeira jr.,32868,,,,Cape Verde,unresolved,,
ryan isaac mendes da graca,40485,,,,Cape Verde,unresolved,,
erickson patrick correia andrade,50968,,,,Cape Verde,unresolved,,
josimar jose evora dias,105932,right,1986-03-06,189.0,Cape Verde,transfermarkt,https://www.transfermarkt.com/vozinha/profil/spieler/242277,
moussa niakhate,3198,left,1996-08-03,190.0,Senegal,transfermarkt,https://www.transfermarkt.com/moussa-niakhate/profil/spieler/291200,
sebastien haller,8673,right,1994-06-22,190.0,France,transfermarkt,https://www.transfermarkt.com/sebastien-haller/profil/spieler/181375,fbref_name::sebastien haller
laros duarte,21173,right,1997-02-28,180.0,Cape Verde,transfermarkt,https://www.transfermarkt.com/laros-duarte/profil/spieler/258513,
annahita zamanian,32413,,,,France,unresolved,,
angus gunn,22379,right,1996-01-22,196.0,Scotland,transfermarkt,https://www.transfermarkt.com/angus-gunn/profil/spieler/201574,fbref_name::angus gunn
razvan gabriel marin,16344,right,1996-05-23,178.0,Romania,transfermarkt,https://www.transfermarkt.com/razvan-marin/profil/spieler/295183,
georges mikautadze,33234,right,2000-10-31,176.0,Georgia,transfermarkt,https://www.transfermarkt.com/georges-mikautadze/profil/spieler/729814,fbref_name::georges mikautadze
jhonder leonel cadiz fernandez,11162,right,1995-07-29,190.0,Venezuela,transfermarkt,https://www.transfermarkt.com/jhonder-cadiz/profil/spieler/271256,
jefferson david savarino quintero,13025,right,1996-11-11,168.0,Venezuela,transfermarkt,https://www.transfermarkt.com/jefferson-savarino/profil/spieler/309193,
wilker jose angel romero,47822,right,1993-03-18,190.0,Venezuela,transfermarkt,https://www.transfermarkt.com/wilker-angel/profil/spieler/178400,
julio jose gonzalez vela-alvizu,36949,,,,Mexico,unresolved,,
jahmali waite,226523,right,1998-12-24,185.0,Jamaica,transfermarkt,https://www.transfermarkt.com/jahmali-waite/profil/spieler/498896,
john yeboah zamora,21131,,,,Ecuador,unresolved,,
jordy josue caicedo medina,123554,right,1997-11-18,186.0,Ecuador,transfermarkt,https://www.transfermarkt.com/jordy-caicedo/profil/spieler/360412,
alan steve minda garcia,123625,right,2003-05-14,174.0,Ecuador,transfermarkt,https://www.transfermarkt.com/alan-minda/profil/spieler/897051,
ray kendry paez andrade,384888,left,2007-04-05,178.0,Ecuador,transfermarkt,https://www.transfermarkt.com/kendry-paez/profil/spieler/1052439,
rodrigo mario morinigo acosta,62016,right,1998-07-10,187.0,Paraguay,transfermarkt,https://www.transfermarkt.com/rodrigo-morinigo/profil/spieler/585479,
douglas luiz soares de paulo,6574,right,1998-09-05,177.0,Brazil,transfermarkt,https://www.transfermarkt.com/douglas-luiz/profil/spieler/447661,
andres mateus uribe villa,6193,right,1991-03-21,182.0,Colombia,transfermarkt,https://www.transfermarkt.com/matheus-uribe/profil/spieler/214538,
miguel angel borja hernandez,6333,right,1993-01-26,184.0,Colombia,transfermarkt,https://www.transfermarkt.com/miguel-borja/profil/spieler/211397,
luis fernando diaz marulanda,27158,right,1997-01-13,179.0,Colombia,transfermarkt,https://www.transfermarkt.com/luis-diaz/profil/spieler/480692,
christian alberto cueva bravo,5519,right,1991-11-23,169.0,Peru,transfermarkt,https://www.transfermarkt.com/christian-cueva/profil/spieler/95280,
pedro david gallese quiroz,5528,left,1990-02-23,189.0,Peru,transfermarkt,https://www.transfermarkt.com/pedro-gallese/profil/spieler/95172,
benjamin verbic,16510,right,1993-11-27,183.0,Slovenia,transfermarkt,https://www.transfermarkt.com/benjamin-verbic/profil/spieler/188180,fbref_name::benjamin verbic
jure balkovec,30940,left,1994-09-09,185.0,Slovenia,transfermarkt,https://www.transfermarkt.com/jure-balkovec/profil/spieler/181410,fbref_name::jure balkovec
cole palmer,39461,left,2002-06-05,185.0,England,transfermarkt,https://www.transfermarkt.com/cole-palmer/profil/spieler/568177,fbref_name::cole palmer
mohamed zeki amdouni,48335,right,2000-04-12,183.0,Switzerland,transfermarkt,https://www.transfermarkt.com/zeki-amdouni/profil/spieler/548729,
mathieu choiniere,18639,right,1999-07-02,173.0,Canada,transfermarkt,https://www.transfermarkt.com/mathieu-choiniere/profil/spieler/589006,
maxime crepeau,23758,right,1994-11-05,180.0,Canada,transfermarkt,https://www.transfermarkt.com/maxime-crepeau/profil/spieler/189014,
moise bombito,383250,right,2000-03-30,190.0,DR Congo,transfermarkt,https://www.transfermarkt.com/moise-bombito/profil/spieler/1089202,
orlando mosquera,104179,right,1994-12-25,191.0,Panama,transfermarkt,https://www.transfermarkt.com/orlando-mosquera/profil/spieler/402979,
bart verbruggen,37274,right,2002-08-18,193.0,Netherlands,transfermarkt,https://www.transfermarkt.com/bart-verbruggen/profil/spieler/565093,fbref_name::bart verbruggen
rebecca knaak,46885,,,,Germany,unresolved,,
oriane jean-francois,31633,,,,France,unresolved,,
alice sombath,49583,,,,France,unresolved,,
melween ndongala,97854,,,,France,unresolved,,
smilla holmberg,237526,,,,Sweden,unresolved,,
marta vieira da silva,5082,,,,,unresolved,,
lynn raenie williams,5055,,,,,unresolved,,
ferjani sassi,5650,right,1992-03-18,185.0,Tunisia,transfermarkt,https://www.transfermarkt.com/ferjani-sassi/profil/spieler/191903,fbref_name::ferjani sassi
andreas granqvist,5607,right,1985-04-16,192.0,Sweden,transfermarkt,https://www.transfermarkt.com/andreas-granqvist/profil/spieler/29213,fbref_name::andreas granqvist
fahad mosaed al muwallad al harbi,5190,,,,,unresolved,,
lasse schone,5520,right,1986-05-27,178.0,Denmark,transfermarkt,https://www.transfermarkt.com/lasse-schone/profil/spieler/34784,fbref_name::lasse schone
josip pivaric,6308,left,1989-01-30,175.0,Croatia,transfermarkt,https://www.transfermarkt.com/josip-pivaric/profil/spieler/45826,fbref_name::josip pivaric
nicolai jorgensen,5522,right,1991-01-15,190.0,Denmark,transfermarkt,https://www.transfermarkt.com/nicolai-jorgensen/profil/spieler/100399,fbref_name::nicolai jorgensen
fyodor smolov,5194,,,,,unresolved,,fbref_name::fyodor smolov
sergei ignashevich,5174,,,,,unresolved,,fbref_name::sergei ignashevich
alan dzagoev,5180,right,1990-06-17,179.0,UdSSR,transfermarkt,https://www.transfermarkt.com/alan-dzagoev/profil/spieler/69683,fbref_name::alan dzagoev
jonathan calleri,6930,right,1993-09-23,181.0,Italy,transfermarkt,https://www.transfermarkt.com/jonathan-calleri/profil/spieler/284727,fbref_name::jonathan calleri
ronaldo de assis moreira,25879,,,,,unresolved,,
samuel eto''o fils,19298,,,,,unresolved,,
francisco javier casquero paredes,26144,,,,,unresolved,,
rahamat riga mustapha,26181,,,,,unresolved,,
marcos antonio senna da silva,20135,,,,,unresolved,,
emilio jose viqueira moure,26399,,,,,unresolved,,
janine elizabeth sonis,4992,,,,,unresolved,,
fabian larry estoyanoff poggio,25947,,,,,unresolved,,
diego alberto milito,19294,,,,,unresolved,,
ivan daniel alonso vallejo,26243,,,,,unresolved,,
nikola zigic,26074,right,1980-09-25,202.0,Serbia,transfermarkt,https://www.transfermarkt.com/nikola-zigic/profil/spieler/19729,
andoni iraola sagarna,26031,,,,,unresolved,,
mohamed gasana tchite,26490,,,,,unresolved,,
jose javier barkero saludes,26226,,,,,unresolved,,
