match_id,match_date,kick_off,competition_id,season_id,competition_name,season_name,country_name,competition_stage_name,home_team_id,home_team_name,away_team_id,away_team_name,home_score,away_score,match_week,match_status,stadium_name,referee_name
3895292,2024-04-06,15:30:00.000,9,281,1. Bundesliga,2023/2024,Germany,Regular Season,190,Union Berlin,904,Bayer Leverkusen,0,1,28,available,Stadion An der Alten Försterei,Benjamin Brand
3895320,2024-04-27,19:30:00.000,9,281,1. Bundesliga,2023/2024,Germany,Regular Season,904,Bayer Leverkusen,174,VfB Stuttgart,2,2,31,available,BayArena,Felix Zwayer
3895158,2023-12-03,18:30:00.000,9,281,1. Bundesliga,2023/2024,Germany,Regular Season,904,Bayer Leverkusen,180,Borussia Dortmund,1,1,13,available,BayArena,Daniel Siebert
3895107,2023-10-08,16:30:00.000,9,281,1. Bundesliga,2023/2024,Germany,Regular Season,904,Bayer Leverkusen,186,FC Köln,3,0,7,available,BayArena,Felix Zwayer
3895340,2024-05-12,20:30:00.000,9,281,1. Bundesliga,2023/2024,Germany,Regular Season,868,Bochum,904,Bayer Leverkusen,0,5,33,available,Vonovia Ruhrstadion,Benjamin Brand
3895286,2024-03-30,16:30:00.000,9,281,1. Bundesliga,2023/2024,Germany,Regular Season,904,Bayer Leverkusen,175,Hoffenheim,2,1,27,available,BayArena,Deniz Aytekin
3895302,2024-04-14,17:30:00.000,9,281,1. Bundesliga,2023/2024,Germany,Regular Season,904,Bayer Leverkusen,176,Werder Bremen,5,0,29,available,BayArena,Harm Osmers
3895333,2024-05-05,18:30:00.000,9,281,1. Bundesliga,2023/2024,Germany,Regular Season,184,Eintracht Frankfurt,904,Bayer Leverkusen,1,5,32,available,Deutsche Bank Park,Christian Dingert
3895348,2024-05-18,16:30:00.000,9,281,1. Bundesliga,2023/2024,Germany,Regular Season,904,Bayer Leverkusen,172,Augsburg,2,1,34,available,BayArena,Matthias Jöllenbeck
3895220,2024-02-03,16:30:00.000,9,281,1. Bundesliga,2023/2024,Germany,Regular Season,872,Darmstadt 98,904,Bayer Leverkusen,0,2,20,available,Merck-Stadion am Böllenfalltor,Tobias Reichel
3895250,2024-02-23,21:30:00.000,9,281,1. Bundesliga,2023/2024,Germany,Regular Season,904,Bayer Leverkusen,177,FSV Mainz 05,2,1,23,available,BayArena,Timo Gerach
3895266,2024-03-10,20:30:00.000,9,281,1. Bundesliga,2023/2024,Germany,Regular Season,904,Bayer Leverkusen,179,Wolfsburg,2,0,25,available,BayArena,Daniel Siebert
3895275,2024-03-17,16:30:00.000,9,281,1. Bundesliga,2023/2024,Germany,Regular Season,183,Freiburg,904,Bayer Leverkusen,2,3,26,available,Europa-Park Stadion,Harm Osmers
3895180,2023-12-17,18:30:00.000,9,281,1. Bundesliga,2023/2024,Germany,Regular Season,904,Bayer Leverkusen,184,Eintracht Frankfurt,3,0,15,available,BayArena,Christian Dingert
3895134,2023-11-04,16:30:00.000,9,281,1. Bundesliga,2023/2024,Germany,Regular Season,175,Hoffenheim,904,Bayer Leverkusen,2,3,10,available,PreZero Arena,Frank Willenborg
3895121,2023-10-29,18:30:00.000,9,281,1. Bundesliga,2023/2024,Germany,Regular Season,904,Bayer Leverkusen,183,Freiburg,2,1,9,available,BayArena,Daniel Siebert
3895074,2023-09-15,21:30:00.000,9,281,1. Bundesliga,2023/2024,Germany,Regular Season,169,Bayern Munich,904,Bayer Leverkusen,2,2,4,available,Allianz Arena,Daniel Schlager
3895139,2023-11-12,16:30:00.000,9,281,1. Bundesliga,2023/2024,Germany,Regular Season,904,Bayer Leverkusen,190,Union Berlin,4,0,11,available,BayArena,Timo Gerach
3895086,2023-09-24,16:30:00.000,9,281,1. Bundesliga,2023/2024,Germany,Regular Season,904,Bayer Leverkusen,201,FC Heidenheim,4,1,5,available,BayArena,Christian Dingert
3895309,2024-04-21,17:30:00.000,9,281,1. Bundesliga,2023/2024,Germany,Regular Season,180,Borussia Dortmund,904,Bayer Leverkusen,1,1,30,available,Signal-Iduna-Park,Daniel Siebert
3895258,2024-03-03,16:30:00.000,9,281,1. Bundesliga,2023/2024,Germany,Regular Season,186,FC Köln,904,Bayer Leverkusen,0,2,24,available,RheinEnergieStadion,Tobias Stieler
3895244,2024-02-17,16:30:00.000,9,281,1. Bundesliga,2023/2024,Germany,Regular Season,201,FC Heidenheim,904,Bayer Leverkusen,1,2,22,available,Voith-Arena,Harm Osmers
3895232,2024-02-10,19:30:00.000,9,281,1. Bundesliga,2023/2024,Germany,Regular Season,904,Bayer Leverkusen,169,Bayern Munich,3,0,21,available,BayArena,Felix Zwayer
3895210,2024-01-27,19:30:00.000,9,281,1. Bundesliga,2023/2024,Germany,Regular Season,904,Bayer Leverkusen,185,Borussia Mönchengladbach,0,0,19,available,BayArena,Deniz Aytekin
3895202,2024-01-20,19:30:00.000,9,281,1. Bundesliga,2023/2024,Germany,Regular Season,182,RB Leipzig,904,Bayer Leverkusen,2,3,18,available,Red Bull Arena,Matthias Jöllenbeck
3895194,2024-01-13,16:30:00.000,9,281,1. Bundesliga,2023/2024,Germany,Regular Season,172,Augsburg,904,Bayer Leverkusen,0,1,17,available,WWK Arena,Sven Jablonski
3895182,2023-12-20,21:30:00.000,9,281,1. Bundesliga,2023/2024,Germany,Regular Season,904,Bayer Leverkusen,868,Bochum,4,0,16,available,BayArena,Daniel Schlager
3895167,2023-12-10,16:30:00.000,9,281,1. Bundesliga,2023/2024,Germany,Regular Season,174,VfB Stuttgart,904,Bayer Leverkusen,1,1,14,available,MHPArena,Deniz Aytekin
3895153,2023-11-25,16:30:00.000,9,281,1. Bundesliga,2023/2024,Germany,Regular Season,176,Werder Bremen,904,Bayer Leverkusen,0,3,12,available,Wohninvest Weserstadion ,Martin Petersen
3895113,2023-10-21,16:30:00.000,9,281,1. Bundesliga,2023/2024,Germany,Regular Season,179,Wolfsburg,904,Bayer Leverkusen,1,2,8,available,Volkswagen Arena,Marco Fritz
3895095,2023-09-30,16:30:00.000,9,281,1. Bundesliga,2023/2024,Germany,Regular Season,177,FSV Mainz 05,904,Bayer Leverkusen,0,3,6,available,Mewa Arena,Benjamin Brand
3895067,2023-09-02,16:30:00.000,9,281,1. Bundesliga,2023/2024,Germany,Regular Season,904,Bayer Leverkusen,872,Darmstadt 98,5,1,3,available,BayArena,Sven Jablonski
3895060,2023-08-26,19:30:00.000,9,281,1. Bundesliga,2023/2024,Germany,Regular Season,185,Borussia Mönchengladbach,904,Bayer Leverkusen,0,3,2,available,Stadion im BORUSSIA-PARK,Christian Dingert
3895052,2023-08-19,16:30:00.000,9,281,1. Bundesliga,2023/2024,Germany,Regular Season,904,Bayer Leverkusen,182,RB Leipzig,3,2,1,available,BayArena,Felix Brych
3890563,2016-05-14,15:30:00.000,9,27,1. Bundesliga,2015/2016,Germany,Regular Season,904,Bayer Leverkusen,189,Ingolstadt,3,2,34,available,BayArena,Guido Winkmann
3890550,2016-05-07,15:30:00.000,9,27,1. Bundesliga,2015/2016,Germany,Regular Season,185,Borussia Mönchengladbach,904,Bayer Leverkusen,2,1,33,available,Stadion im BORUSSIA-PARK,Bastian Dankert
3890540,2016-04-30,18:30:00.000,9,27,1. Bundesliga,2015/2016,Germany,Regular Season,904,Bayer Leverkusen,173,Hertha Berlin,2,1,32,available,BayArena,Tobias Stieler
3890534,2016-04-23,18:30:00.000,9,27,1. Bundesliga,2015/2016,Germany,Regular Season,181,Schalke 04,904,Bayer Leverkusen,2,3,31,available,VELTINS-Arena,Wolfgang Stark
3890521,2016-04-16,15:30:00.000,9,27,1. Bundesliga,2015/2016,Germany,Regular Season,904,Bayer Leverkusen,184,Eintracht Frankfurt,3,0,30,available,BayArena,Deniz Aytekin
3890519,2016-04-10,17:30:00.000,9,27,1. Bundesliga,2015/2016,Germany,Regular Season,186,FC Köln,904,Bayer Leverkusen,0,2,29,available,RheinEnergieStadion,Manuel Gräfe
3890502,2016-04-01,20:30:00.000,9,27,1. Bundesliga,2015/2016,Germany,Regular Season,904,Bayer Leverkusen,179,Wolfsburg,3,0,28,available,BayArena,Felix Brych
3890500,2016-03-20,16:30:00.000,9,27,1. Bundesliga,2015/2016,Germany,Regular Season,174,VfB Stuttgart,904,Bayer Leverkusen,0,2,27,available,MHPArena,Daniel Siebert
3890492,2016-03-13,16:30:00.000,9,27,1. Bundesliga,2015/2016,Germany,Regular Season,904,Bayer Leverkusen,171,Hamburger SV,1,0,26,available,BayArena,Christian Dingert
3890477,2016-03-05,16:30:00.000,9,27,1. Bundesliga,2015/2016,Germany,Regular Season,172,Augsburg,904,Bayer Leverkusen,3,3,25,available,WWK Arena,Markus Schmidt
3890472,2016-03-02,21:00:00.000,9,27,1. Bundesliga,2015/2016,Germany,Regular Season,904,Bayer Leverkusen,176,Werder Bremen,1,4,24,available,BayArena,Marco Fritz
3890463,2016-02-28,18:30:00.000,9,27,1. Bundesliga,2015/2016,Germany,Regular Season,177,FSV Mainz 05,904,Bayer Leverkusen,3,1,23,available,Mewa Arena,Deniz Aytekin
3890456,2016-02-21,16:30:00.000,9,27,1. Bundesliga,2015/2016,Germany,Regular Season,904,Bayer Leverkusen,180,Borussia Dortmund,0,1,22,available,BayArena,Felix Zwayer
3890444,2016-02-13,16:30:00.000,9,27,1. Bundesliga,2015/2016,Germany,Regular Season,872,Darmstadt 98,904,Bayer Leverkusen,1,2,21,available,Merck-Stadion am Böllenfalltor,Jochen Drees
3890431,2016-02-06,19:30:00.000,9,27,1. Bundesliga,2015/2016,Germany,Regular Season,904,Bayer Leverkusen,169,Bayern Munich,0,0,20,available,BayArena,Knut Kircher
3890427,2016-01-30,16:30:00.000,9,27,1. Bundesliga,2015/2016,Germany,Regular Season,904,Bayer Leverkusen,178,Hannover 96,3,0,19,available,BayArena,Tobias Welz
3890415,2016-01-23,16:30:00.000,9,27,1. Bundesliga,2015/2016,Germany,Regular Season,175,Hoffenheim,904,Bayer Leverkusen,1,1,18,available,PreZero Arena,Marco Fritz
3890409,2015-12-19,16:30:00.000,9,27,1. Bundesliga,2015/2016,Germany,Regular Season,189,Ingolstadt,904,Bayer Leverkusen,0,1,17,available,Audi-Sportpark,Felix Zwayer
3890395,2015-12-12,19:30:00.000,9,27,1. Bundesliga,2015/2016,Germany,Regular Season,904,Bayer Leverkusen,185,Borussia Mönchengladbach,5,0,16,available,BayArena,Tobias Stieler
3890390,2015-12-05,16:30:00.000,9,27,1. Bundesliga,2015/2016,Germany,Regular Season,173,Hertha Berlin,904,Bayer Leverkusen,2,1,15,available,Olympiastadion Berlin,Robert Hartmann
3890382,2015-11-29,18:30:00.000,9,27,1. Bundesliga,2015/2016,Germany,Regular Season,904,Bayer Leverkusen,181,Schalke 04,1,1,14,available,BayArena,Marco Fritz
3890370,2015-11-21,16:30:00.000,9,27,1. Bundesliga,2015/2016,Germany,Regular Season,184,Eintracht Frankfurt,904,Bayer Leverkusen,1,3,13,available,Deutsche Bank Park,Deniz Aytekin
3890359,2015-11-07,16:30:00.000,9,27,1. Bundesliga,2015/2016,Germany,Regular Season,904,Bayer Leverkusen,186,FC Köln,1,2,12,available,BayArena,Felix Zwayer
3890350,2015-10-31,19:30:00.000,9,27,1. Bundesliga,2015/2016,Germany,Regular Season,179,Wolfsburg,904,Bayer Leverkusen,2,1,11,available,Volkswagen Arena,Manuel Gräfe
3890346,2015-10-24,15:30:00.000,9,27,1. Bundesliga,2015/2016,Germany,Regular Season,904,Bayer Leverkusen,174,VfB Stuttgart,4,3,10,available,BayArena,Felix Brych
3890337,2015-10-17,15:30:00.000,9,27,1. Bundesliga,2015/2016,Germany,Regular Season,171,Hamburger SV,904,Bayer Leverkusen,0,0,9,available,Volksparkstadion,Tobias Welz
3890330,2015-10-04,17:30:00.000,9,27,1. Bundesliga,2015/2016,Germany,Regular Season,904,Bayer Leverkusen,172,Augsburg,1,1,8,available,BayArena,Tobias Stieler
3890315,2015-09-26,15:30:00.000,9,27,1. Bundesliga,2015/2016,Germany,Regular Season,176,Werder Bremen,904,Bayer Leverkusen,0,3,7,available,Wohninvest Weserstadion ,Wolfgang Stark
3890312,2015-09-23,20:00:00.000,9,27,1. Bundesliga,2015/2016,Germany,Regular Season,904,Bayer Leverkusen,177,FSV Mainz 05,1,0,6,available,BayArena,Marco Fritz
3890301,2015-09-20,17:30:00.000,9,27,1. Bundesliga,2015/2016,Germany,Regular Season,180,Borussia Dortmund,904,Bayer Leverkusen,3,0,5,available,Signal-Iduna-Park,Deniz Aytekin
3890288,2015-09-12,15:30:00.000,9,27,1. Bundesliga,2015/2016,Germany,Regular Season,904,Bayer Leverkusen,872,Darmstadt 98,0,1,4,available,BayArena,Peter Sippel
3890278,2015-08-29,18:30:00.000,9,27,1. Bundesliga,2015/2016,Germany,Regular Season,169,Bayern Munich,904,Bayer Leverkusen,3,0,3,available,Allianz Arena,Florian Meyer
3890273,2015-08-22,15:30:00.000,9,27,1. Bundesliga,2015/2016,Germany,Regular Season,178,Hannover 96,904,Bayer Leverkusen,0,1,2,available,Heinz von Heiden-Arena,Wolfgang Stark
3890260,2015-08-15,15:30:00.000,9,27,1. Bundesliga,2015/2016,Germany,Regular Season,904,Bayer Leverkusen,175,Hoffenheim,2,1,1,available,BayArena,Robert Hartmann
3922240,2024-01-28,20:00:00.000,1267,107,African Cup of Nations,2023,Africa,Round of 16,774,Egypt,4881,Congo DR,1,1,4,available,Stade Laurent Pokou,Abongile Tom
3920399,2024-01-19,14:00:00.000,1267,107,African Cup of Nations,2023,Africa,Group Stage,4924,Cape Verde Islands,4978,Mozambique,3,0,2,available,Stade Félix Houphouët-Boigny      ,Samir Guezzaz
3920413,2024-01-23,17:00:00.000,1267,107,African Cup of Nations,2023,Africa,Group Stage,4934,Gambia,2722,Cameroon,2,3,3,available,Stade de Bouaké,Bamlak Tessema Weyesa
3920400,2024-01-19,17:00:00.000,1267,107,African Cup of Nations,2023,Africa,Group Stage,787,Senegal,2722,Cameroon,3,1,2,available,Stade Charles Konan Banny de Yamoussoukro,Mahmood Ali Mahmood Ismail
3920409,2024-01-22,17:00:00.000,1267,107,African Cup of Nations,2023,Africa,Group Stage,4894,Guinea-Bissau,775,Nigeria,0,1,3,available,Stade Félix Houphouët-Boigny      ,Bouchra Karboubi
3920417,2024-01-24,17:00:00.000,1267,107,African Cup of Nations,2023,Africa,Group Stage,4980,Namibia,4930,Mali,0,0,3,available,Stade Laurent Pokou,Samuel Uwikunda
3920395,2024-01-17,20:00:00.000,1267,107,African Cup of Nations,2023,Africa,Group Stage,4881,Congo DR,4963,Zambia,1,1,1,available,Stade Laurent Pokou,Bamlak Tessema Weyesa
3920407,2024-01-21,20:00:00.000,1267,107,African Cup of Nations,2023,Africa,Group Stage,4976,South Africa,4980,Namibia,4,0,2,available,Stade Amadou Gon Coulibaly,Youcef Gamouh
3920412,2024-01-23,17:00:00.000,1267,107,African Cup of Nations,2023,Africa,Group Stage,4892,Guinea,787,Senegal,0,2,3,available,Stade Charles Konan Banny de Yamoussoukro,Pacifique Ndabihawenimana
3920415,2024-01-23,20:00:00.000,1267,107,African Cup of Nations,2023,Africa,Group Stage,4932,Mauritania,4898,Algeria,1,0,3,available,Stade de Bouaké,Omar Abdulkadir Artan
3920404,2024-01-20,20:00:00.000,1267,107,African Cup of Nations,2023,Africa,Group Stage,777,Tunisia,4930,Mali,1,1,2,available,Stade Amadou Gon Coulibaly,Daniel Nii Ayi Laryea
3920389,2024-01-15,17:00:00.000,1267,107,African Cup of Nations,2023,Africa,Group Stage,2722,Cameroon,4892,Guinea,1,1,1,available,Stade Charles Konan Banny de Yamoussoukro,Ibrahim Mutaz
3920393,2024-01-16,17:00:00.000,1267,107,African Cup of Nations,2023,Africa,Group Stage,777,Tunisia,4980,Namibia,0,1,1,available,Stade Amadou Gon Coulibaly,Abdulkadir Artan
3920403,2024-01-20,17:00:00.000,1267,107,African Cup of Nations,2023,Africa,Group Stage,4932,Mauritania,4901,Angola,2,3,2,available,Stade de Bouaké,Mohamed Maarouf Eid Mansour
3920394,2024-01-17,17:00:00.000,1267,107,African Cup of Nations,2023,Africa,Group Stage,788,Morocco,4953,Tanzania,3,0,1,available,Stade Laurent Pokou,Alhadi Allaou Mahamat
3920402,2024-01-20,14:00:00.000,1267,107,African Cup of Nations,2023,Africa,Group Stage,4898,Algeria,4921,Burkina Faso,2,2,2,available,Stade de Bouaké,Abongile Tom
3920414,2024-01-23,20:00:00.000,1267,107,African Cup of Nations,2023,Africa,Group Stage,4901,Angola,4921,Burkina Faso,2,0,3,available,Stade Charles Konan Banny de Yamoussoukro,Jean Jacques Ndala Ngambo
3920405,2024-01-21,14:00:00.000,1267,107,African Cup of Nations,2023,Africa,Group Stage,788,Morocco,4881,Congo DR,1,1,2,available,Stade Laurent Pokou,Peter Waweru Kamaku
3920416,2024-01-24,17:00:00.000,1267,107,African Cup of Nations,2023,Africa,Group Stage,4976,South Africa,777,Tunisia,0,0,3,available,Stade Amadou Gon Coulibaly,Issa Sy
3922658,2024-02-03,20:00:00.000,1267,107,African Cup of Nations,2023,Africa,Quarter-finals,4924,Cape Verde Islands,4976,South Africa,0,0,5,available,Stade Charles Konan Banny de Yamoussoukro,Jean Jacques Ndala Ngambo
3920386,2024-01-14,14:00:00.000,1267,107,African Cup of Nations,2023,Africa,Group Stage,775,Nigeria,4992,Equatorial Guinea,1,1,1,available,Stade Olympique Alassane Ouattara,Abongile Tom
3920408,2024-01-22,17:00:00.000,1267,107,African Cup of Nations,2023,Africa,Group Stage,4992,Equatorial Guinea,3374,Côte d'Ivoire,4,0,3,available,Stade Olympique Alassane Ouattara,Mahmood Ali Mahmood Ismail
3920397,2024-01-18,14:00:00.000,1267,107,African Cup of Nations,2023,Africa,Group Stage,4992,Equatorial Guinea,4894,Guinea-Bissau,4,2,2,available,Stade Olympique Alassane Ouattara,Samuel Uwikunda
3920410,2024-01-22,20:00:00.000,1267,107,African Cup of Nations,2023,Africa,Group Stage,4978,Mozambique,4885,Ghana,2,2,3,available,Stade Olympique Alassane Ouattara,Ibrahim Mutaz
3923881,2024-02-11,20:00:00.000,1267,107,African Cup of Nations,2023,Africa,Final,775,Nigeria,3374,Côte d'Ivoire,1,2,8,available,Stade Olympique Alassane Ouattara,Dahane Beida
3923880,2024-02-10,20:00:00.000,1267,107,African Cup of Nations,2023,Africa,3rd Place Final,4976,South Africa,4881,Congo DR,0,0,7,available,Stade Félix Houphouët-Boigny      ,Bamlak Tessema Weyesa
3922838,2024-02-07,22:00:00.000,1267,107,African Cup of Nations,2023,Africa,Semi-finals,3374,Côte d'Ivoire,4881,Congo DR,1,0,6,available,Stade Olympique Alassane Ouattara,Ibrahim Mutaz
3922837,2024-02-07,17:00:00.000,1267,107,African Cup of Nations,2023,Africa,Semi-finals,775,Nigeria,4976,South Africa,1,1,6,available,Stade de Bouaké,Amin Mohamed Omar
3922242,2024-01-29,20:00:00.000,1267,107,African Cup of Nations,2023,Africa,Round of 16,787,Senegal,3374,Côte d'Ivoire,1,1,4,available,Stade Charles Konan Banny de Yamoussoukro,Pierre Ghislain Atcho
3922239,2024-01-28,17:00:00.000,1267,107,African Cup of Nations,2023,Africa,Round of 16,4992,Equatorial Guinea,4892,Guinea,0,1,4,available,Stade Olympique Alassane Ouattara,Omar Abdulkadir Artan
3922659,2024-02-03,17:00:00.000,1267,107,African Cup of Nations,2023,Africa,Quarter-finals,4930,Mali,3374,Côte d'Ivoire,1,2,5,available,Stade de Bouaké,Mohamed Adel Elsaid
3922244,2024-01-30,17:00:00.000,1267,107,African Cup of Nations,2023,Africa,Round of 16,4930,Mali,4921,Burkina Faso,2,1,4,available,Stade Amadou Gon Coulibaly,Ibrahim Mutaz
3922356,2024-02-02,20:00:00.000,1267,107,African Cup of Nations,2023,Africa,Quarter-finals,4881,Congo DR,4892,Guinea,3,1,5,available,Stade Olympique Alassane Ouattara,Mustapha Ghorbal
3922321,2024-02-02,17:00:00.000,1267,107,African Cup of Nations,2023,Africa,Quarter-finals,775,Nigeria,4901,Angola,1,0,5,available,Stade Félix Houphouët-Boigny      ,Issa Sy
3922237,2024-01-27,17:00:00.000,1267,107,African Cup of Nations,2023,Africa,Round of 16,4901,Angola,4980,Namibia,3,0,4,available,Stade de Bouaké,Dahane Beida
3922243,2024-01-30,20:00:00.000,1267,107,African Cup of Nations,2023,Africa,Round of 16,788,Morocco,4976,South Africa,0,2,4,available,Stade Laurent Pokou,Mahmood Ali Mahmood Ismail
3922241,2024-01-29,17:00:00.000,1267,107,African Cup of Nations,2023,Africa,Round of 16,4924,Cape Verde Islands,4932,Mauritania,1,0,4,available,Stade Félix Houphouët-Boigny      ,Mohamed Adel Elsaid
3922238,2024-01-27,20:00:00.000,1267,107,African Cup of Nations,2023,Africa,Round of 16,775,Nigeria,2722,Cameroon,2,0,4,available,Stade Félix Houphouët-Boigny      ,Redouane Jiyed
3920396,2024-01-18,20:00:00.000,1267,107,African Cup of Nations,2023,Africa,Group Stage,774,Egypt,4885,Ghana,2,2,2,available,Stade Félix Houphouët-Boigny      ,Pierre Ghislain Atcho
3920385,2024-01-14,17:00:00.000,1267,107,African Cup of Nations,2023,Africa,Group Stage,774,Egypt,4978,Mozambique,2,2,1,available,Stade Félix Houphouët-Boigny      ,Dahane Beida
3920387,2024-01-14,20:00:00.000,1267,107,African Cup of Nations,2023,Africa,Group Stage,4885,Ghana,4924,Cape Verde Islands,1,2,1,available,Stade Félix Houphouët-Boigny      ,Jean Jacques Ndala Ngambo
3920419,2024-01-24,20:00:00.000,1267,107,African Cup of Nations,2023,Africa,Group Stage,4963,Zambia,788,Morocco,0,1,3,available,Stade Laurent Pokou,Patrice Tanguy Mebiame
3920418,2024-01-24,20:00:00.000,1267,107,African Cup of Nations,2023,Africa,Group Stage,4953,Tanzania,4881,Congo DR,0,0,3,available,Stade Amadou Gon Coulibaly,Amin Mohamed Omar
3920411,2024-01-22,20:00:00.000,1267,107,African Cup of Nations,2023,Africa,Group Stage,4924,Cape Verde Islands,774,Egypt,2,2,3,available,Stade Félix Houphouët-Boigny      ,Alhadi Allaou Mahamat
3920406,2024-01-21,17:00:00.000,1267,107,African Cup of Nations,2023,Africa,Group Stage,4963,Zambia,4953,Tanzania,1,1,2,available,Stade Laurent Pokou,Djindo Louis Houngnandande
3920401,2024-01-19,20:00:00.000,1267,107,African Cup of Nations,2023,Africa,Group Stage,4892,Guinea,4934,Gambia,1,0,2,available,Stade Charles Konan Banny de Yamoussoukro,Abdel Aziz Mohamed Bouh
3920398,2024-01-18,19:00:00.000,1267,107,African Cup of Nations,2023,Africa,Group Stage,3374,Côte d'Ivoire,775,Nigeria,0,1,2,available,Stade Olympique Alassane Ouattara,Mustapha Ghorbal
3920392,2024-01-16,14:00:00.000,1267,107,African Cup of Nations,2023,Africa,Group Stage,4921,Burkina Faso,4932,Mauritania,1,0,1,available,Stade de Bouaké,Jalal Jayed
3920391,2024-01-16,20:00:00.000,1267,107,African Cup of Nations,2023,Africa,Group Stage,4930,Mali,4976,South Africa,2,0,1,available,Stade Amadou Gon Coulibaly,Mohamed Adel Hussein
3920390,2024-01-15,20:00:00.000,1267,107,African Cup of Nations,2023,Africa,Group Stage,4898,Algeria,4901,Angola,1,1,1,available,Stade de Bouaké,Issa Sy
3920388,2024-01-15,14:00:00.000,1267,107,African Cup of Nations,2023,Africa,Group Stage,787,Senegal,4934,Gambia,3,0,1,available,Stade Charles Konan Banny de Yamoussoukro,Redouane Jiyed
3920384,2024-01-13,22:00:00.000,1267,107,African Cup of Nations,2023,Africa,Group Stage,3374,Côte d'Ivoire,4894,Guinea-Bissau,2,0,1,available,Stade Olympique Alassane Ouattara,Amin Mohamed Omar
22912,2019-06-01,21:00:00.000,16,4,Champions League,2018/2019,Europe,Final,38,Tottenham Hotspur,24,Liverpool,0,2,13,available,Estádio Cívitas Metropolitano,Damir Skomina
18245,2018-05-26,20:45:00.000,16,1,Champions League,2017/2018,Europe,Final,220,Real Madrid,24,Liverpool,3,1,7,available,Olympic Stadium,Milorad Mažić
18244,2017-06-03,20:45:00.000,16,2,Champions League,2016/2017,Europe,Final,224,Juventus,220,Real Madrid,1,4,7,available,Principality Stadium,Felix Brych
18243,2016-05-28,20:45:00.000,16,27,Champions League,2015/2016,Europe,Final,220,Real Madrid,212,Atlético Madrid,1,1,1,available,Stadio Giuseppe Meazza    ,Mark Clattenburg
18242,2015-06-06,20:45:00.000,16,26,Champions League,2014/2015,Europe,Final,224,Juventus,217,Barcelona,1,3,1,available,Olympiastadion Berlin,Cüneyt Çakιr
18241,2014-05-24,20:45:00.000,16,25,Champions League,2013/2014,Europe,Final,220,Real Madrid,212,Atlético Madrid,4,1,1,available,Estádio da Luz,Björn Kuipers
18240,2013-05-25,20:45:00.000,16,24,Champions League,2012/2013,Europe,Final,180,Borussia Dortmund,169,Bayern Munich,1,2,1,available,Wembley Stadium,Nicola Rizzoli
18237,2012-05-19,20:45:00.000,16,23,Champions League,2011/2012,Europe,Final,169,Bayern Munich,33,Chelsea,1,1,1,available,Allianz Arena,Pedro Proença
18236,2011-05-28,20:45:00.000,16,22,Champions League,2010/2011,Europe,Final,217,Barcelona,39,Manchester United,3,1,1,available,Wembley Stadium,Viktor Kassai
18235,2010-05-22,20:45:00.000,16,21,Champions League,2009/2010,Europe,Final,169,Bayern Munich,238,Inter Milan,0,2,1,available,Bernabéu,Howard Webb
3750201,2009-05-27,20:45:00.000,16,41,Champions League,2008/2009,Europe,Final,217,Barcelona,39,Manchester United,2,0,1,available,Estadio Olímpico,Massimo Busacca
3750200,2007-05-23,20:45:00.000,16,39,Champions League,2006/2007,Europe,Final,243,AC Milan,24,Liverpool,2,1,1,available,Olympiako Stadio Spyros Louis,Herbert Fandel
2302764,2005-05-25,,16,37,Champions League,2004/2005,Europe,Final,243,AC Milan,24,Liverpool,3,3,1,available,Atatürk Olimpiyat Stadı,
3752619,2004-05-26,,16,44,Champions League,2003/2004,Europe,Final,129,AS Monaco,256,FC Porto,0,3,1,available,VELTINS-Arena,
3750240,1999-11-23,,16,76,Champions League,1999/2000,Europe,1st Round,239,Fiorentina,39,Manchester United,2,0,1,available,Stadio Artemio Franchi    	,Bernd  Heynemann
3888706,1973-05-30,22:30:00.000,16,277,Champions League,1972/1973,Europe,Final,806,Ajax,224,Juventus,1,0,1,available,Stadion Rajko Mitić,
3750235,1972-05-31,,16,71,Champions League,1971/1972,Europe,Final,806,Ajax,238,Inter Milan,2,0,13,available,Stadion Feijenoord (De Kuip),Robert Helies
3888711,1971-06-02,22:45:00.000,16,276,Champions League,1970/1971,Europe,Final,806,Ajax,952,Panathinaikos,2,0,1,available,Wembley Stadium,Jack Taylor
3939991,2024-07-03,01:00:00.000,223,282,Copa America,2024,South America,Group Stage,781,Brazil,769,Colombia,1,1,3,available,Levi''s Stadium,Jesús Valenzuela Sáez
3939987,2024-07-01,00:00:00.000,223,282,Copa America,2024,South America,Group Stage,2305,Jamaica,3563,Venezuela,0,3,3,available,Q2 Stadium,Maurizio Mariani
3939982,2024-06-28,01:00:00.000,223,282,Copa America,2024,South America,Group Stage,783,Uruguay,3564,Bolivia,5,0,2,available,MetLife Stadium,Juan Gabriel Benítez
3939970,2024-06-22,00:00:00.000,223,282,Copa America,2024,South America,Group Stage,784,Peru,3562,Chile,0,0,1,available,AT&T Stadium,Wilton Pereira Sampaio
3939980,2024-06-26,22:00:00.000,223,282,Copa America,2024,South America,Group Stage,3565,Ecuador,2305,Jamaica,3,1,2,available,Allegiant Stadium,Cristián Marcelo Garay Reyes
3939977,2024-06-26,01:00:00.000,223,282,Copa America,2024,South America,Group Stage,3562,Chile,779,Argentina,0,1,2,available,MetLife Stadium,Andrés Matonte
3939975,2024-06-24,22:00:00.000,223,282,Copa America,2024,South America,Group Stage,769,Colombia,3567,Paraguay,2,1,1,available,NRG Stadium,Darío Herrera
3939974,2024-06-23,22:00:00.000,223,282,Copa America,2024,South America,Group Stage,1839,United States,3564,Bolivia,2,0,1,available,AT&T Stadium,Maurizio Mariani
3939986,2024-06-30,00:00:00.000,223,282,Copa America,2024,South America,Group Stage,779,Argentina,784,Peru,2,0,3,available,Hard Rock Stadium,César Arturo Ramos Palazuelos
3939971,2024-06-23,01:00:00.000,223,282,Copa America,2024,South America,Group Stage,794,Mexico,2305,Jamaica,1,0,1,available,NRG Stadium,Ismail Elfath
3939979,2024-06-27,01:00:00.000,223,282,Copa America,2024,South America,Group Stage,3563,Venezuela,794,Mexico,1,0,2,available,SoFi Stadium,Raphael Claus
3939988,2024-07-01,00:00:00.000,223,282,Copa America,2024,South America,Group Stage,794,Mexico,3565,Ecuador,0,0,3,available,State Farm Stadium,Mario Alberto Escobar Toca
3939990,2024-07-02,01:00:00.000,223,282,Copa America,2024,South America,Group Stage,1839,United States,783,Uruguay,0,1,3,available,Arrowhead Stadium,Kevin Ortega
3939983,2024-06-29,01:00:00.000,223,282,Copa America,2024,South America,Group Stage,3567,Paraguay,781,Brazil,1,4,2,available,Allegiant Stadium,Piero Maza Gomez
3939972,2024-06-22,22:00:00.000,223,282,Copa America,2024,South America,Group Stage,3565,Ecuador,3563,Venezuela,1,2,1,available,Levi''s Stadium,Wilmar Alexander Roldán Pérez
3939978,2024-06-25,22:00:00.000,223,282,Copa America,2024,South America,Group Stage,784,Peru,1833,Canada,0,1,2,available,Children''s Mercy Park,Mario Alberto Escobar Toca
3939976,2024-06-25,01:00:00.000,223,282,Copa America,2024,South America,Group Stage,781,Brazil,795,Costa Rica,0,0,1,available,SoFi Stadium,César Arturo Ramos Palazuelos
3939992,2024-07-03,01:00:00.000,223,282,Copa America,2024,South America,Group Stage,795,Costa Rica,3567,Paraguay,2,1,3,available,Q2 Stadium,Yael Falcón Pérez
3942416,2024-07-06,22:00:00.000,223,282,Copa America,2024,South America,Quarter-finals,769,Colombia,798,Panama,5,0,4,available,State Farm Stadium,Maurizio Mariani
3943077,2024-07-15,01:15:00.000,223,282,Copa America,2024,South America,Final,779,Argentina,769,Colombia,1,0,6,available,Hard Rock Stadium,Raphael Claus
3943076,2024-07-14,00:00:00.000,223,282,Copa America,2024,South America,3rd Place Final,1833,Canada,783,Uruguay,2,2,6,available,Bank of America Stadium,Alexis Herrera
3942852,2024-07-11,00:00:00.000,223,282,Copa America,2024,South America,Semi-finals,783,Uruguay,769,Colombia,0,1,5,available,Bank of America Stadium,César Arturo Ramos Palazuelos
3942785,2024-07-10,00:00:00.000,223,282,Copa America,2024,South America,Semi-finals,779,Argentina,1833,Canada,2,0,5,available,MetLife Stadium,Piero Maza Gomez
3942415,2024-07-07,01:00:00.000,223,282,Copa America,2024,South America,Quarter-finals,783,Uruguay,781,Brazil,0,0,4,available,Allegiant Stadium,Darío Herrera
3939973,2024-06-24,01:00:00.000,223,282,Copa America,2024,South America,Group Stage,783,Uruguay,798,Panama,3,1,1,available,Hard Rock Stadium,Piero Maza Gomez
3942229,2024-07-06,01:00:00.000,223,282,Copa America,2024,South America,Quarter-finals,3563,Venezuela,1833,Canada,1,1,4,available,AT&T Stadium,Wilton Pereira Sampaio
3942228,2024-07-05,01:00:00.000,223,282,Copa America,2024,South America,Quarter-finals,779,Argentina,3565,Ecuador,1,1,4,available,NRG Stadium,Andrés Matonte
3939985,2024-06-30,00:00:00.000,223,282,Copa America,2024,South America,Group Stage,1833,Canada,3562,Chile,0,0,3,available,Inter&Co Stadium,Wilmar Alexander Roldán Pérez
3939984,2024-06-28,22:00:00.000,223,282,Copa America,2024,South America,Group Stage,769,Colombia,795,Costa Rica,3,0,2,available,State Farm Stadium,Gustavo Tejera
3939981,2024-06-27,22:00:00.000,223,282,Copa America,2024,South America,Group Stage,798,Panama,1839,United States,2,1,2,available,Mercedes-Benz Stadium,Ivan Arcides Barton Cisneros
3939989,2024-07-02,01:00:00.000,223,282,Copa America,2024,South America,Group Stage,3564,Bolivia,798,Panama,1,3,3,available,Inter&Co Stadium,Edina Alves Batista
3939969,2024-06-21,00:00:00.000,223,282,Copa America,2024,South America,Group Stage,779,Argentina,1833,Canada,2,0,1,available,Mercedes-Benz Stadium,Jesús Valenzuela Sáez
3750248,1984-05-05,20:15:00.000,87,84,Copa del Rey,1983/1984,Spain,Final,215,Athletic Club,217,Barcelona,1,0,12,available,Bernabéu,Ángel Franco Martínez
3888721,1983-06-04,22:15:00.000,87,268,Copa del Rey,1982/1983,Spain,Final,217,Barcelona,220,Real Madrid,2,1,1,available,Estadio de la Romareda,José Luis García Carrión
3888754,1978-04-19,21:00:00.000,87,279,Copa del Rey,1977/1978,Spain,Final,217,Barcelona,208,Las Palmas,3,1,1,available,Bernabéu,Ángel Franco Martínez
3913082,2023-11-05,18:45:00.000,37,281,FA Women's Super League,2023/2024,England,Regular Season,965,Brighton & Hove Albion WFC,1475,Manchester United W,2,2,5,available,Broadfield Stadium,Elizabeth Simms
3913155,2024-03-23,12:30:00.000,37,281,FA Women's Super League,2023/2024,England,Regular Season,746,Manchester City WFC,1475,Manchester United W,3,1,17,available,Etihad Stadium,Abigail Byrne
3913167,2024-04-21,11:00:00.000,37,281,FA Women's Super League,2023/2024,England,Regular Season,1475,Manchester United W,749,Tottenham Hotspur Women,2,2,19,available,Leigh Sports Village Stadium,Rebecca Welch
3913175,2024-04-28,13:00:00.000,37,281,FA Women's Super League,2023/2024,England,Regular Season,2647,Aston Villa W,972,West Ham United LFC,1,1,20,available,Villa Park,Emily Heaslip
3913107,2023-12-09,12:00:00.000,37,281,FA Women's Super League,2023/2024,England,Regular Season,746,Manchester City WFC,2647,Aston Villa W,2,1,9,available,Joie Stadium,Abigail Byrne
3913165,2024-04-17,18:00:00.000,37,281,FA Women's Super League,2023/2024,England,Regular Season,971,Chelsea FCW,2647,Aston Villa W,3,0,19,available,Kingsmeadow,Melissa Burgin
3913115,2023-12-17,18:45:00.000,37,281,FA Women's Super League,2023/2024,England,Regular Season,2647,Aston Villa W,965,Brighton & Hove Albion WFC,1,0,10,available,Poundland Bescot Stadium,Emily Heaslip
3913147,2024-03-16,13:00:00.000,37,281,FA Women's Super League,2023/2024,England,Regular Season,967,Everton LFC,2647,Aston Villa W,1,2,16,available,Walton Hall Park,Phoebe Cross
3913129,2024-02-03,12:30:00.000,37,281,FA Women's Super League,2023/2024,England,Regular Season,2647,Aston Villa W,973,Bristol City WFC,2,2,13,available,Poundland Bescot Stadium,Stacey Pearson
3912603,2023-10-08,17:45:00.000,37,281,FA Women's Super League,2023/2024,England,Regular Season,966,Liverpool WFC,2647,Aston Villa W,2,0,2,available,Prenton Park,Melissa Burgin
3913134,2024-02-04,18:45:00.000,37,281,FA Women's Super League,2023/2024,England,Regular Season,971,Chelsea FCW,967,Everton LFC,3,0,13,available,Stamford Bridge,Emily Heaslip
3913069,2023-10-14,19:30:00.000,37,281,FA Women's Super League,2023/2024,England,Regular Season,971,Chelsea FCW,972,West Ham United LFC,2,0,3,available,Kingsmeadow,Stacey Pearson
3912599,2023-10-08,14:00:00.000,37,281,FA Women's Super League,2023/2024,England,Regular Season,965,Brighton & Hove Albion WFC,972,West Ham United LFC,0,2,2,available,Broadfield Stadium,Amy Fearn
3913131,2024-02-04,16:00:00.000,37,281,FA Women's Super League,2023/2024,England,Regular Season,966,Liverpool WFC,749,Tottenham Hotspur Women,1,1,13,available,Prenton Park,Lauren Impey
3913137,2024-02-18,14:00:00.000,37,281,FA Women's Super League,2023/2024,England,Regular Season,965,Brighton & Hove Albion WFC,966,Liverpool WFC,0,1,14,available,Broadfield Stadium,Phoebe Cross
3913174,2024-04-28,20:45:00.000,37,281,FA Women's Super League,2023/2024,England,Regular Season,973,Bristol City WFC,746,Manchester City WFC,0,4,20,available,Ashton Gate,Cheryl Foster
3913186,2024-05-18,17:00:00.000,37,281,FA Women's Super League,2023/2024,England,Regular Season,2652,Leicester City WFC,966,Liverpool WFC,0,4,22,available,King Power Stadium ,Constantine Hatzidakis
3913185,2024-05-18,17:00:00.000,37,281,FA Women's Super League,2023/2024,England,Regular Season,968,Arsenal WFC,965,Brighton & Hove Albion WFC,5,0,22,available,Meadow Park ,Lauren Impey
3913180,2024-05-05,20:45:00.000,37,281,FA Women's Super League,2023/2024,England,Regular Season,971,Chelsea FCW,973,Bristol City WFC,8,0,21,available,Kingsmeadow,Stacey Fullicks
3913181,2024-05-04,14:00:00.000,37,281,FA Women's Super League,2023/2024,England,Regular Season,967,Everton LFC,749,Tottenham Hotspur Women,2,2,21,available,Walton Hall Park,Lauren Impey
3913171,2024-04-28,14:00:00.000,37,281,FA Women's Super League,2023/2024,England,Regular Season,2652,Leicester City WFC,1475,Manchester United W,0,1,20,available,King Power Stadium ,Megan Wilson
3913168,2024-04-21,15:15:00.000,37,281,FA Women's Super League,2023/2024,England,Regular Season,746,Manchester City WFC,972,West Ham United LFC,5,0,19,available,Joie Stadium,Abigail Byrne
3913169,2024-04-21,15:00:00.000,37,281,FA Women's Super League,2023/2024,England,Regular Season,968,Arsenal WFC,2652,Leicester City WFC,3,0,19,available,Emirates Stadium,Adewunmi Soneye
3913182,2024-05-04,12:00:00.000,37,281,FA Women's Super League,2023/2024,England,Regular Season,965,Brighton & Hove Albion WFC,2647,Aston Villa W,0,1,21,available,Broadfield Stadium,Elizabeth Simms
3913173,2024-05-01,21:00:00.000,37,281,FA Women's Super League,2023/2024,England,Regular Season,966,Liverpool WFC,971,Chelsea FCW,4,3,20,available,Prenton Park,Lisa Benn
3913166,2024-04-19,20:00:00.000,37,281,FA Women's Super League,2023/2024,England,Regular Season,965,Brighton & Hove Albion WFC,967,Everton LFC,1,2,19,available,The American Express Community Stadium,Kirsty Dowle
3913157,2024-03-24,17:00:00.000,37,281,FA Women's Super League,2023/2024,England,Regular Season,2652,Leicester City WFC,965,Brighton & Hove Albion WFC,2,3,17,available,King Power Stadium ,Cheryl Foster
3913161,2024-03-31,11:00:00.000,37,281,FA Women's Super League,2023/2024,England,Regular Season,1475,Manchester United W,967,Everton LFC,4,1,18,available,Leigh Sports Village Stadium,Lauren Impey
3913162,2024-03-30,14:30:00.000,37,281,FA Women's Super League,2023/2024,England,Regular Season,966,Liverpool WFC,746,Manchester City WFC,1,4,18,available,Prenton Park,Phoebe Cross
3913153,2024-03-24,15:00:00.000,37,281,FA Women's Super League,2023/2024,England,Regular Season,967,Everton LFC,966,Liverpool WFC,0,0,17,available,Goodison Park,Kirsty Dowle
3913160,2024-04-14,19:45:00.000,37,281,FA Women's Super League,2023/2024,England,Regular Season,968,Arsenal WFC,973,Bristol City WFC,5,0,18,available,Meadow Park ,Lisa Benn
3913163,2024-05-15,21:15:00.000,37,281,FA Women's Super League,2023/2024,England,Regular Season,749,Tottenham Hotspur Women,971,Chelsea FCW,0,1,18,available,Brisbane Road,Emily Heaslip
3913150,2024-03-17,14:30:00.000,37,281,FA Women's Super League,2023/2024,England,Regular Season,965,Brighton & Hove Albion WFC,746,Manchester City WFC,1,4,16,available,Broadfield Stadium,Megan Wilson
3913151,2024-03-17,12:00:00.000,37,281,FA Women's Super League,2023/2024,England,Regular Season,1475,Manchester United W,973,Bristol City WFC,2,0,16,available,Leigh Sports Village Stadium,Elizabeth Simms
3913148,2024-03-17,14:00:00.000,37,281,FA Women's Super League,2023/2024,England,Regular Season,966,Liverpool WFC,972,West Ham United LFC,3,1,16,available,Prenton Park,Emily Heaslip
3913156,2024-03-24,19:30:00.000,37,281,FA Women's Super League,2023/2024,England,Regular Season,2647,Aston Villa W,968,Arsenal WFC,1,3,17,available,Villa Park,Stacey Pearson
3913144,2024-03-03,15:00:00.000,37,281,FA Women's Super League,2023/2024,England,Regular Season,972,West Ham United LFC,1475,Manchester United W,1,1,15,available,Chigwell Construction Stadium,
3913146,2024-03-03,16:00:00.000,37,281,FA Women's Super League,2023/2024,England,Regular Season,973,Bristol City WFC,965,Brighton & Hove Albion WFC,3,7,15,available,Ashton Gate,Adewunmi Soneye
3913141,2024-03-03,14:00:00.000,37,281,FA Women's Super League,2023/2024,England,Regular Season,2647,Aston Villa W,966,Liverpool WFC,1,4,15,available,Poundland Bescot Stadium,Lisa Benn
3913152,2024-03-15,21:00:00.000,37,281,FA Women's Super League,2023/2024,England,Regular Season,971,Chelsea FCW,968,Arsenal WFC,3,1,16,available,Stamford Bridge,Rebecca Welch
3913130,2024-02-04,14:30:00.000,37,281,FA Women's Super League,2023/2024,England,Regular Season,972,West Ham United LFC,968,Arsenal WFC,2,1,13,available,Chigwell Construction Stadium,Melissa Burgin
3913135,2024-02-17,12:30:00.000,37,281,FA Women's Super League,2023/2024,England,Regular Season,968,Arsenal WFC,1475,Manchester United W,3,1,14,available,Emirates Stadium,Kirsty Dowle
3913138,2024-02-16,21:15:00.000,37,281,FA Women's Super League,2023/2024,England,Regular Season,971,Chelsea FCW,746,Manchester City WFC,0,1,14,available,Kingsmeadow,Abigail Byrne
3913128,2024-01-28,14:30:00.000,37,281,FA Women's Super League,2023/2024,England,Regular Season,967,Everton LFC,2652,Leicester City WFC,0,1,12,available,Walton Hall Park,Cheryl Foster
3913125,2024-01-28,18:30:00.000,37,281,FA Women's Super League,2023/2024,England,Regular Season,966,Liverpool WFC,968,Arsenal WFC,0,2,12,available,Prenton Park,Rebecca Welch
3913121,2024-01-21,12:30:00.000,37,281,FA Women's Super League,2023/2024,England,Regular Season,971,Chelsea FCW,1475,Manchester United W,3,1,11,available,Stamford Bridge,Abigail Byrne
3913122,2024-01-21,16:00:00.000,37,281,FA Women's Super League,2023/2024,England,Regular Season,965,Brighton & Hove Albion WFC,973,Bristol City WFC,3,2,11,available,Broadfield Stadium,Lisa Benn
3913117,2024-01-20,16:00:00.000,37,281,FA Women's Super League,2023/2024,England,Regular Season,968,Arsenal WFC,967,Everton LFC,2,1,11,available,Meadow Park ,Melissa Burgin
3913112,2023-12-17,16:00:00.000,37,281,FA Women's Super League,2023/2024,England,Regular Season,973,Bristol City WFC,971,Chelsea FCW,0,3,10,available,Ashton Gate,Amy Fearn
3913113,2023-12-16,14:00:00.000,37,281,FA Women's Super League,2023/2024,England,Regular Season,749,Tottenham Hotspur Women,968,Arsenal WFC,1,0,10,available,Tottenham Hotspur Stadium,Cheryl Foster
3913110,2023-12-10,17:00:00.000,37,281,FA Women's Super League,2023/2024,England,Regular Season,972,West Ham United LFC,967,Everton LFC,0,1,9,available,Chigwell Construction Stadium,Adewunmi Soneye
3913106,2023-12-10,16:00:00.000,37,281,FA Women's Super League,2023/2024,England,Regular Season,965,Brighton & Hove Albion WFC,2652,Leicester City WFC,2,2,9,available,Broadfield Stadium,Melissa Burgin
3913105,2023-12-10,14:30:00.000,37,281,FA Women's Super League,2023/2024,England,Regular Season,968,Arsenal WFC,971,Chelsea FCW,4,1,9,available,Emirates Stadium,Rebecca Welch
3913111,2023-12-17,12:15:00.000,37,281,FA Women's Super League,2023/2024,England,Regular Season,1475,Manchester United W,966,Liverpool WFC,1,2,10,available,Leigh Sports Village Stadium,Lauren Impey
3913103,2023-11-26,16:00:00.000,37,281,FA Women's Super League,2023/2024,England,Regular Season,971,Chelsea FCW,2652,Leicester City WFC,5,2,8,available,Kingsmeadow,Megan Wilson
3913104,2023-11-26,12:30:00.000,37,281,FA Women's Super League,2023/2024,England,Regular Season,973,Bristol City WFC,1475,Manchester United W,0,2,8,available,Ashton Gate,Stacey Fullicks
3912594,2023-10-01,16:00:00.000,37,281,FA Women's Super League,2023/2024,England,Regular Season,973,Bristol City WFC,2652,Leicester City WFC,2,4,1,available,Ashton Gate,Elizabeth Simms
3913079,2023-10-22,20:45:00.000,37,281,FA Women's Super League,2023/2024,England,Regular Season,973,Bristol City WFC,968,Arsenal WFC,1,2,4,available,Ashton Gate,Adewunmi Soneye
3913075,2023-10-21,11:30:00.000,37,281,FA Women's Super League,2023/2024,England,Regular Season,2647,Aston Villa W,749,Tottenham Hotspur Women,2,4,4,available,Poundland Bescot Stadium,Lauren Impey
3913077,2023-10-22,16:00:00.000,37,281,FA Women's Super League,2023/2024,England,Regular Season,971,Chelsea FCW,965,Brighton & Hove Albion WFC,4,2,4,available,Kingsmeadow,Stacey Fullicks
3913081,2023-11-04,12:30:00.000,37,281,FA Women's Super League,2023/2024,England,Regular Season,2647,Aston Villa W,971,Chelsea FCW,0,6,5,available,Poundland Bescot Stadium,Abigail Byrne
3913078,2023-10-22,12:00:00.000,37,281,FA Women's Super League,2023/2024,England,Regular Season,967,Everton LFC,1475,Manchester United W,0,5,4,available,Walton Hall Park,Adam Herczeg
3913080,2023-10-22,17:00:00.000,37,281,FA Women's Super League,2023/2024,England,Regular Season,972,West Ham United LFC,966,Liverpool WFC,1,1,4,available,Chigwell Construction Stadium,Steven Hughes
3913076,2023-10-21,19:15:00.000,37,281,FA Women's Super League,2023/2024,England,Regular Season,2652,Leicester City WFC,746,Manchester City WFC,0,1,4,available,King Power Stadium ,Farai Hallam
3913071,2023-10-15,11:00:00.000,37,281,FA Women's Super League,2023/2024,England,Regular Season,1475,Manchester United W,2652,Leicester City WFC,1,1,3,available,Leigh Sports Village Stadium,Adewunmi Soneye
3913073,2023-10-15,13:00:00.000,37,281,FA Women's Super League,2023/2024,England,Regular Season,968,Arsenal WFC,2647,Aston Villa W,2,1,3,available,Emirates Stadium,Amy Fearn
3913072,2023-10-15,15:00:00.000,37,281,FA Women's Super League,2023/2024,England,Regular Season,746,Manchester City WFC,973,Bristol City WFC,5,0,3,available,Joie Stadium,Stacey Fullicks
3912593,2023-10-01,17:00:00.000,37,281,FA Women's Super League,2023/2024,England,Regular Season,972,West Ham United LFC,746,Manchester City WFC,0,2,1,available,Chigwell Construction Stadium,Abigail Byrne
3913074,2023-10-15,18:00:00.000,37,281,FA Women's Super League,2023/2024,England,Regular Season,965,Brighton & Hove Albion WFC,749,Tottenham Hotspur Women,1,3,3,available,The American Express Community Stadium,Kirsty Dowle
3912602,2023-10-08,17:00:00.000,37,281,FA Women's Super League,2023/2024,England,Regular Season,2652,Leicester City WFC,967,Everton LFC,1,0,2,available,King Power Stadium ,Stacey Fullicks
3912600,2023-10-08,14:30:00.000,37,281,FA Women's Super League,2023/2024,England,Regular Season,746,Manchester City WFC,971,Chelsea FCW,1,1,2,available,Joie Stadium,Emily Heaslip
3912601,2023-10-08,16:00:00.000,37,281,FA Women's Super League,2023/2024,England,Regular Season,749,Tottenham Hotspur Women,973,Bristol City WFC,3,1,2,available,Brisbane Road,Lauren Impey
3913188,2024-05-18,17:00:00.000,37,281,FA Women's Super League,2023/2024,England,Regular Season,749,Tottenham Hotspur Women,972,West Ham United LFC,3,1,22,available,Tottenham Hotspur Stadium,Phoebe Cross
3913187,2024-05-18,14:00:00.000,37,281,FA Women's Super League,2023/2024,England,Regular Season,1475,Manchester United W,971,Chelsea FCW,0,6,22,available,Old Trafford,Rebecca Welch
3913184,2024-05-18,14:00:00.000,37,281,FA Women's Super League,2023/2024,England,Regular Season,2647,Aston Villa W,746,Manchester City WFC,1,2,22,available,Villa Park,Kirsty Dowle
3913183,2024-05-18,17:00:00.000,37,281,FA Women's Super League,2023/2024,England,Regular Season,973,Bristol City WFC,967,Everton LFC,0,4,22,available,Ashton Gate,Grace Lowe
3913179,2024-05-05,13:00:00.000,37,281,FA Women's Super League,2023/2024,England,Regular Season,966,Liverpool WFC,1475,Manchester United W,1,0,21,available,Prenton Park,Melissa Burgin
3913178,2024-05-05,17:00:00.000,37,281,FA Women's Super League,2023/2024,England,Regular Season,972,West Ham United LFC,2652,Leicester City WFC,1,1,21,available,Chigwell Construction Stadium,Abigail Byrne
3913177,2024-05-05,16:15:00.000,37,281,FA Women's Super League,2023/2024,England,Regular Season,746,Manchester City WFC,968,Arsenal WFC,1,2,21,available,Joie Stadium,Rebecca Welch
3913176,2024-04-28,14:30:00.000,37,281,FA Women's Super League,2023/2024,England,Regular Season,967,Everton LFC,968,Arsenal WFC,1,1,20,available,Walton Hall Park,Phoebe Cross
3913172,2024-04-28,16:00:00.000,37,281,FA Women's Super League,2023/2024,England,Regular Season,749,Tottenham Hotspur Women,965,Brighton & Hove Albion WFC,1,1,20,available,Brisbane Road,Melissa Burgin
3913170,2024-04-20,13:30:00.000,37,281,FA Women's Super League,2023/2024,England,Regular Season,973,Bristol City WFC,966,Liverpool WFC,0,1,19,available,Ashton Gate,Phoebe Cross
3913164,2024-03-31,16:00:00.000,37,281,FA Women's Super League,2023/2024,England,Regular Season,972,West Ham United LFC,965,Brighton & Hove Albion WFC,0,0,18,available,Chigwell Construction Stadium,Kirsty Dowle
3913159,2024-03-30,12:30:00.000,37,281,FA Women's Super League,2023/2024,England,Regular Season,2647,Aston Villa W,2652,Leicester City WFC,2,2,18,available,Poundland Bescot Stadium,Elizabeth Simms
3913158,2024-03-24,18:30:00.000,37,281,FA Women's Super League,2023/2024,England,Regular Season,972,West Ham United LFC,971,Chelsea FCW,0,2,17,available,Chigwell Construction Stadium,Megan Wilson
3913154,2024-03-24,16:00:00.000,37,281,FA Women's Super League,2023/2024,England,Regular Season,973,Bristol City WFC,749,Tottenham Hotspur Women,0,1,17,available,Ashton Gate,Phoebe Cross
3913149,2024-03-17,16:00:00.000,37,281,FA Women's Super League,2023/2024,England,Regular Season,749,Tottenham Hotspur Women,2652,Leicester City WFC,1,0,16,available,Brisbane Road,Adewunmi Soneye
3913145,2024-03-03,20:00:00.000,37,281,FA Women's Super League,2023/2024,England,Regular Season,2652,Leicester City WFC,971,Chelsea FCW,0,4,15,available,King Power Stadium ,Phoebe Cross
3913143,2024-03-02,14:00:00.000,37,281,FA Women's Super League,2023/2024,England,Regular Season,746,Manchester City WFC,967,Everton LFC,2,1,15,available,Joie Stadium,Lauren Impey
3913142,2024-03-03,14:30:00.000,37,281,FA Women's Super League,2023/2024,England,Regular Season,968,Arsenal WFC,749,Tottenham Hotspur Women,1,0,15,available,Emirates Stadium,Abigail Byrne
3913140,2024-02-18,17:00:00.000,37,281,FA Women's Super League,2023/2024,England,Regular Season,2652,Leicester City WFC,973,Bristol City WFC,5,2,14,available,King Power Stadium ,Stacey Pearson
3913139,2024-02-18,14:00:00.000,37,281,FA Women's Super League,2023/2024,England,Regular Season,749,Tottenham Hotspur Women,2647,Aston Villa W,1,2,14,available,Brisbane Road,Adewunmi Soneye
3913136,2024-02-18,15:00:00.000,37,281,FA Women's Super League,2023/2024,England,Regular Season,967,Everton LFC,972,West Ham United LFC,2,0,14,available,Walton Hall Park,Anthony Backhouse
3913133,2024-02-04,12:00:00.000,37,281,FA Women's Super League,2023/2024,England,Regular Season,1475,Manchester United W,965,Brighton & Hove Albion WFC,2,0,13,available,Leigh Sports Village Stadium,Megan Wilson
3913132,2024-02-04,15:00:00.000,37,281,FA Women's Super League,2023/2024,England,Regular Season,746,Manchester City WFC,2652,Leicester City WFC,2,0,13,available,Joie Stadium,Lisa Benn
3913127,2024-01-28,12:00:00.000,37,281,FA Women's Super League,2023/2024,England,Regular Season,1475,Manchester United W,2647,Aston Villa W,2,1,12,available,Leigh Sports Village Stadium,Adewunmi Soneye
3913126,2024-01-28,16:00:00.000,37,281,FA Women's Super League,2023/2024,England,Regular Season,749,Tottenham Hotspur Women,746,Manchester City WFC,0,2,12,available,Brisbane Road,Melissa Burgin
3913124,2024-01-28,16:00:00.000,37,281,FA Women's Super League,2023/2024,England,Regular Season,973,Bristol City WFC,972,West Ham United LFC,1,2,12,available,Ashton Gate,Lauren Impey
3913123,2024-01-27,19:30:00.000,37,281,FA Women's Super League,2023/2024,England,Regular Season,965,Brighton & Hove Albion WFC,971,Chelsea FCW,0,3,12,available,Broadfield Stadium,Amy Fearn
3913120,2024-01-21,16:30:00.000,37,281,FA Women's Super League,2023/2024,England,Regular Season,746,Manchester City WFC,966,Liverpool WFC,5,1,11,available,Joie Stadium,Kirsty Dowle
3913119,2024-01-19,19:00:00.000,37,281,FA Women's Super League,2023/2024,England,Regular Season,2652,Leicester City WFC,2647,Aston Villa W,0,1,11,available,Pirelli Stadium,Elizabeth Simms
3913118,2024-01-21,20:45:00.000,37,281,FA Women's Super League,2023/2024,England,Regular Season,972,West Ham United LFC,749,Tottenham Hotspur Women,3,4,11,available,Chigwell Construction Stadium,Stacey Pearson
3913116,2023-12-17,15:00:00.000,37,281,FA Women's Super League,2023/2024,England,Regular Season,967,Everton LFC,746,Manchester City WFC,1,4,10,available,Walton Hall Park,Stacey Pearson
3913114,2023-12-17,17:00:00.000,37,281,FA Women's Super League,2023/2024,England,Regular Season,2652,Leicester City WFC,972,West Ham United LFC,1,1,10,available,King Power Stadium ,Abigail Byrne
3913109,2023-12-10,18:45:00.000,37,281,FA Women's Super League,2023/2024,England,Regular Season,749,Tottenham Hotspur Women,1475,Manchester United W,0,4,9,available,Brisbane Road,Kirsty Dowle
3913108,2023-12-10,16:00:00.000,37,281,FA Women's Super League,2023/2024,England,Regular Season,966,Liverpool WFC,973,Bristol City WFC,1,1,9,available,Prenton Park,Stacey Fullicks
3913102,2023-11-26,20:45:00.000,37,281,FA Women's Super League,2023/2024,England,Regular Season,746,Manchester City WFC,749,Tottenham Hotspur Women,7,0,8,available,Joie Stadium,Joshua Watkins
3913101,2023-11-26,16:00:00.000,37,281,FA Women's Super League,2023/2024,England,Regular Season,968,Arsenal WFC,972,West Ham United LFC,3,0,8,available,Meadow Park ,Lisa Benn
3913100,2023-11-26,16:30:00.000,37,281,FA Women's Super League,2023/2024,England,Regular Season,2647,Aston Villa W,967,Everton LFC,1,2,8,available,Villa Park,Stacey Pearson
3913099,2023-11-26,16:00:00.000,37,281,FA Women's Super League,2023/2024,England,Regular Season,966,Liverpool WFC,965,Brighton & Hove Albion WFC,4,0,8,available,Prenton Park,Adewunmi Soneye
3913098,2023-11-19,16:30:00.000,37,281,FA Women's Super League,2023/2024,England,Regular Season,1475,Manchester United W,746,Manchester City WFC,1,3,7,available,Old Trafford,Cheryl Foster
3913097,2023-11-19,16:00:00.000,37,281,FA Women's Super League,2023/2024,England,Regular Season,965,Brighton & Hove Albion WFC,968,Arsenal WFC,0,3,7,available,Broadfield Stadium,Tim Robinson
3913096,2023-11-19,15:00:00.000,37,281,FA Women's Super League,2023/2024,England,Regular Season,972,West Ham United LFC,2647,Aston Villa W,2,3,7,available,Chigwell Construction Stadium,Keith Stroud
3913095,2023-11-19,17:00:00.000,37,281,FA Women's Super League,2023/2024,England,Regular Season,2652,Leicester City WFC,749,Tottenham Hotspur Women,1,1,7,available,King Power Stadium ,Andy Madley
3913094,2023-11-19,15:00:00.000,37,281,FA Women's Super League,2023/2024,England,Regular Season,967,Everton LFC,973,Bristol City WFC,2,2,7,available,Walton Hall Park,Adewunmi Soneye
3913093,2023-11-18,15:30:00.000,37,281,FA Women's Super League,2023/2024,England,Regular Season,971,Chelsea FCW,966,Liverpool WFC,5,1,7,available,Stamford Bridge,Kirsty Dowle
3913092,2023-11-12,14:30:00.000,37,281,FA Women's Super League,2023/2024,England,Regular Season,749,Tottenham Hotspur Women,966,Liverpool WFC,1,1,6,available,Brisbane Road,Abigail Byrne
3913091,2023-11-12,20:45:00.000,37,281,FA Women's Super League,2023/2024,England,Regular Season,2652,Leicester City WFC,968,Arsenal WFC,2,6,6,available,King Power Stadium ,Stacey Fullicks
3913090,2023-11-12,12:00:00.000,37,281,FA Women's Super League,2023/2024,England,Regular Season,1475,Manchester United W,972,West Ham United LFC,5,0,6,available,Leigh Sports Village Stadium,Phoebe Cross
3913089,2023-11-12,15:00:00.000,37,281,FA Women's Super League,2023/2024,England,Regular Season,967,Everton LFC,971,Chelsea FCW,0,3,6,available,Walton Hall Park,Lauren Impey
3913088,2023-11-12,15:00:00.000,37,281,FA Women's Super League,2023/2024,England,Regular Season,746,Manchester City WFC,965,Brighton & Hove Albion WFC,0,1,6,available,Joie Stadium,Adam Herczeg
3913087,2023-11-12,14:00:00.000,37,281,FA Women's Super League,2023/2024,England,Regular Season,973,Bristol City WFC,2647,Aston Villa W,0,2,6,available,Ashton Gate,Melissa Burgin
3913086,2023-11-05,17:00:00.000,37,281,FA Women's Super League,2023/2024,England,Regular Season,972,West Ham United LFC,973,Bristol City WFC,2,3,5,available,Chigwell Construction Stadium,Kirsty Dowle
3913085,2023-11-05,16:00:00.000,37,281,FA Women's Super League,2023/2024,England,Regular Season,749,Tottenham Hotspur Women,967,Everton LFC,1,1,5,available,Brisbane Road,Emily Heaslip
3913084,2023-11-05,16:00:00.000,37,281,FA Women's Super League,2023/2024,England,Regular Season,966,Liverpool WFC,2652,Leicester City WFC,2,1,5,available,Prenton Park,Phoebe Cross
3913083,2023-11-05,14:30:00.000,37,281,FA Women's Super League,2023/2024,England,Regular Season,968,Arsenal WFC,746,Manchester City WFC,2,1,5,available,Meadow Park ,Rebecca Welch
3913070,2023-10-15,18:30:00.000,37,281,FA Women's Super League,2023/2024,England,Regular Season,966,Liverpool WFC,967,Everton LFC,0,1,3,available,Anfield ,Abigail Byrne
3912597,2023-10-01,19:30:00.000,37,281,FA Women's Super League,2023/2024,England,Regular Season,971,Chelsea FCW,749,Tottenham Hotspur Women,2,1,1,available,Stamford Bridge,Cheryl Foster
3912592,2023-10-01,11:30:00.000,37,281,FA Women's Super League,2023/2024,England,Regular Season,2647,Aston Villa W,1475,Manchester United W,1,2,1,available,Villa Park,Rebecca Welch
3912595,2023-10-01,16:00:00.000,37,281,FA Women's Super League,2023/2024,England,Regular Season,968,Arsenal WFC,966,Liverpool WFC,0,1,1,available,Emirates Stadium,Emily Heaslip
3912596,2023-10-01,15:00:00.000,37,281,FA Women's Super League,2023/2024,England,Regular Season,967,Everton LFC,965,Brighton & Hove Albion WFC,1,2,1,available,Walton Hall Park,Kirsty Dowle
3912598,2023-10-06,18:30:00.000,37,281,FA Women's Super League,2023/2024,England,Regular Season,1475,Manchester United W,968,Arsenal WFC,2,2,2,available,Leigh Sports Village Stadium,Kirsty Dowle
3775563,2021-05-09,13:30:00.000,37,90,FA Women's Super League,2020/2021,England,Regular Season,1475,Manchester United W,967,Everton LFC,2,0,22,available,Leigh Sports Village Stadium,Louise Saunders
3775628,2021-03-27,10:30:00.000,37,90,FA Women's Super League,2020/2021,England,Regular Season,1475,Manchester United W,972,West Ham United LFC,2,0,18,available,Old Trafford,Lisa Benn
3775638,2021-03-07,13:00:00.000,37,90,FA Women's Super League,2020/2021,England,Regular Season,965,Brighton & Hove Albion WFC,749,Tottenham Hotspur Women,2,0,16,available,Broadfield Stadium,Stacey Pearson
3775568,2021-04-28,20:00:00.000,37,90,FA Women's Super League,2020/2021,England,Regular Season,969,Birmingham City WFC,2647,Aston Villa W,1,1,15,available,ARMCO Arena,Jane Simms
3775629,2021-01-24,15:00:00.000,37,90,FA Women's Super League,2020/2021,England,Regular Season,965,Brighton & Hove Albion WFC,746,Manchester City WFC,1,7,13,available,American Express Elite Football Performance Centre,Lisa Benn
3775648,2021-02-28,15:00:00.000,37,90,FA Women's Super League,2020/2021,England,Regular Season,2647,Aston Villa W,968,Arsenal WFC,0,4,11,available,Poundland Bescot Stadium,Lisa Benn
3775609,2021-04-28,20:30:00.000,37,90,FA Women's Super League,2020/2021,England,Regular Season,968,Arsenal WFC,972,West Ham United LFC,2,0,13,available,Meadow Park ,Emily Heaslip
3775633,2021-02-06,13:30:00.000,37,90,FA Women's Super League,2020/2021,England,Regular Season,2647,Aston Villa W,749,Tottenham Hotspur Women,1,0,14,available,Poundland Bescot Stadium,Jane Simms
3775570,2021-03-28,13:30:00.000,37,90,FA Women's Super League,2020/2021,England,Regular Season,965,Brighton & Hove Albion WFC,967,Everton LFC,0,5,18,available,Broadfield Stadium,Christina Hattersley
3775581,2021-03-28,15:30:00.000,37,90,FA Women's Super League,2020/2021,England,Regular Season,971,Chelsea FCW,2647,Aston Villa W,2,0,18,available,Kingsmeadow,Sarah Garratt
3775579,2021-05-02,15:00:00.000,37,90,FA Women's Super League,2020/2021,England,Regular Season,974,Reading WFC,965,Brighton & Hove Albion WFC,3,2,21,available,Madejski Stadium,Jane Simms
3775544,2021-05-02,13:30:00.000,37,90,FA Women's Super League,2020/2021,England,Regular Season,2647,Aston Villa W,972,West Ham United LFC,0,0,21,available,Villa Park,Rebecca Welch
3775622,2021-04-25,11:30:00.000,37,90,FA Women's Super League,2020/2021,England,Regular Season,1475,Manchester United W,749,Tottenham Hotspur Women,4,1,20,available,Leigh Sports Village Stadium,Christina Hattersley
3775553,2020-11-08,15:00:00.000,37,90,FA Women's Super League,2020/2021,England,Regular Season,969,Birmingham City WFC,972,West Ham United LFC,1,2,6,available,ARMCO Arena,Richie Watkins
3775584,2020-12-06,15:00:00.000,37,90,FA Women's Super League,2020/2021,England,Regular Season,968,Arsenal WFC,969,Birmingham City WFC,3,0,8,available,Meadow Park ,Christina Hattersley
3775618,2020-10-11,15:00:00.000,37,90,FA Women's Super League,2020/2021,England,Regular Season,974,Reading WFC,969,Birmingham City WFC,0,1,4,available,Madejski Stadium,Sarah Garratt
3775641,2020-11-14,15:30:00.000,37,90,FA Women's Super League,2020/2021,England,Regular Season,2647,Aston Villa W,969,Birmingham City WFC,0,1,7,available,Villa Park,Rebecca Welch
3775636,2020-10-18,15:00:00.000,37,90,FA Women's Super League,2020/2021,England,Regular Season,973,Bristol City WFC,969,Birmingham City WFC,0,4,5,available,Twerton Park Stadium,Stacey Pearson
3775653,2021-03-11,20:00:00.000,37,90,FA Women's Super League,2020/2021,England,Regular Season,969,Birmingham City WFC,967,Everton LFC,0,4,9,available,St George's Park National Football Centre,Lisa Benn
3775654,2021-03-28,17:00:00.000,37,90,FA Women's Super League,2020/2021,England,Regular Season,969,Birmingham City WFC,973,Bristol City WFC,1,1,18,available,ARMCO Arena,Kirsty Dowle
3775643,2021-03-17,20:30:00.000,37,90,FA Women's Super League,2020/2021,England,Regular Season,972,West Ham United LFC,969,Birmingham City WFC,2,2,17,available,Chigwell Construction Stadium,Stacey Pearson
3764237,2020-09-13,15:00:00.000,37,90,FA Women's Super League,2020/2021,England,Regular Season,969,Birmingham City WFC,1475,Manchester United W,2,5,2,available,ARMCO Arena,Lucy Oliver
3775594,2021-01-24,11:00:00.000,37,90,FA Women's Super League,2020/2021,England,Regular Season,1475,Manchester United W,969,Birmingham City WFC,2,0,13,available,Leigh Sports Village Stadium,Stacey Pearson
3775560,2021-05-09,15:30:00.000,37,90,FA Women's Super League,2020/2021,England,Regular Season,968,Arsenal WFC,2647,Aston Villa W,0,0,22,available,Meadow Park ,Abigail Byrne
3775624,2020-11-14,11:30:00.000,37,90,FA Women's Super League,2020/2021,England,Regular Season,1475,Manchester United W,746,Manchester City WFC,2,2,7,available,Leigh Sports Village Stadium,Amy Fearn
3764240,2020-09-06,15:00:00.000,37,90,FA Women's Super League,2020/2021,England,Regular Season,973,Bristol City WFC,967,Everton LFC,0,4,1,available,Twerton Park Stadium,Scott Jackson
3764233,2020-09-06,13:30:00.000,37,90,FA Women's Super League,2020/2021,England,Regular Season,968,Arsenal WFC,974,Reading WFC,6,1,1,available,Meadow Park ,Amy Fearn
3775585,2021-05-09,15:30:00.000,37,90,FA Women's Super League,2020/2021,England,Regular Season,965,Brighton & Hove Albion WFC,973,Bristol City WFC,3,1,22,available,Broadfield Stadium,Amy Fearn
3775593,2021-05-09,15:30:00.000,37,90,FA Women's Super League,2020/2021,England,Regular Season,971,Chelsea FCW,974,Reading WFC,5,0,22,available,Kingsmeadow,Stacey Pearson
3775602,2020-10-04,16:00:00.000,37,90,FA Women's Super League,2020/2021,England,Regular Season,972,West Ham United LFC,974,Reading WFC,0,1,3,available,Chigwell Construction Stadium,Rob Whitton
3775620,2020-10-11,14:00:00.000,37,90,FA Women's Super League,2020/2021,England,Regular Season,967,Everton LFC,972,West Ham United LFC,3,1,4,available,Walton Hall Park,Edward Duckworth
3764232,2020-09-06,13:30:00.000,37,90,FA Women's Super League,2020/2021,England,Regular Season,1475,Manchester United W,971,Chelsea FCW,1,1,1,available,Leigh Sports Village Stadium,Rebecca Welch
3775559,2020-12-20,13:30:00.000,37,90,FA Women's Super League,2020/2021,England,Regular Season,968,Arsenal WFC,967,Everton LFC,4,0,10,available,Meadow Park ,Helen Conley
3775606,2021-01-10,15:00:00.000,37,90,FA Women's Super League,2020/2021,England,Regular Season,974,Reading WFC,971,Chelsea FCW,0,5,11,available,Madejski Stadium,Abigail Byrne
3775567,2021-01-17,15:30:00.000,37,90,FA Women's Super League,2020/2021,England,Regular Season,971,Chelsea FCW,1475,Manchester United W,2,1,12,available,Kingsmeadow,Rebecca Welch
3775607,2021-03-08,21:15:00.000,37,90,FA Women's Super League,2020/2021,England,Regular Season,973,Bristol City WFC,974,Reading WFC,3,2,16,available,Ashton Gate,Rebecca Welch
3764230,2020-09-06,15:00:00.000,37,90,FA Women's Super League,2020/2021,England,Regular Season,749,Tottenham Hotspur Women,972,West Ham United LFC,1,1,1,available,The Hive Stadium,Kirsty Dowle
3764241,2020-09-13,15:00:00.000,37,90,FA Women's Super League,2020/2021,England,Regular Season,746,Manchester City WFC,965,Brighton & Hove Albion WFC,0,0,2,available,Joie Stadium,Helen Conley
3764235,2020-09-13,13:30:00.000,37,90,FA Women's Super League,2020/2021,England,Regular Season,971,Chelsea FCW,973,Bristol City WFC,9,0,2,available,Kingsmeadow,Stacey Pearson
3764239,2020-09-13,14:00:00.000,37,90,FA Women's Super League,2020/2021,England,Regular Season,967,Everton LFC,749,Tottenham Hotspur Women,1,0,2,available,Walton Hall Park,Robert Massey Ellis
3764236,2020-09-13,15:00:00.000,37,90,FA Women's Super League,2020/2021,England,Regular Season,974,Reading WFC,2647,Aston Villa W,3,1,2,available,Madejski Stadium,Emily Heaslip
3764231,2020-09-06,15:00:00.000,37,90,FA Women's Super League,2020/2021,England,Regular Season,965,Brighton & Hove Albion WFC,969,Birmingham City WFC,2,0,1,available,Broadfield Stadium,Rob Whitton
3764234,2020-09-05,15:30:00.000,37,90,FA Women's Super League,2020/2021,England,Regular Season,2647,Aston Villa W,746,Manchester City WFC,0,2,1,available,Villa Park,Abigail Byrne
3775543,2020-10-11,13:30:00.000,37,90,FA Women's Super League,2020/2021,England,Regular Season,965,Brighton & Hove Albion WFC,968,Arsenal WFC,0,5,4,available,Broadfield Stadium,Kirsty Dowle
3775551,2020-11-08,13:30:00.000,37,90,FA Women's Super League,2020/2021,England,Regular Season,1475,Manchester United W,968,Arsenal WFC,1,0,6,available,Leigh Sports Village Stadium,Peter Shacklady
3775540,2021-04-24,13:30:00.000,37,90,FA Women's Super League,2020/2021,England,Regular Season,2647,Aston Villa W,973,Bristol City WFC,2,2,20,available,Poundland Bescot Stadium,Emily Heaslip
3775550,2021-03-17,20:00:00.000,37,90,FA Women's Super League,2020/2021,England,Regular Season,967,Everton LFC,971,Chelsea FCW,0,3,17,available,Walton Hall Park,Emily Heaslip
3775545,2020-10-04,13:30:00.000,37,90,FA Women's Super League,2020/2021,England,Regular Season,746,Manchester City WFC,749,Tottenham Hotspur Women,4,1,3,available,Joie Stadium,Stacey Pearson
3775556,2020-11-08,15:00:00.000,37,90,FA Women's Super League,2020/2021,England,Regular Season,965,Brighton & Hove Albion WFC,2647,Aston Villa W,0,2,6,available,Broadfield Stadium,Stacey Pearson
3775575,2020-10-03,13:30:00.000,37,90,FA Women's Super League,2020/2021,England,Regular Season,2647,Aston Villa W,967,Everton LFC,0,6,3,available,Poundland Bescot Stadium,Kirsty Dowle
3775562,2020-10-04,11:00:00.000,37,90,FA Women's Super League,2020/2021,England,Regular Season,1475,Manchester United W,965,Brighton & Hove Albion WFC,3,0,3,available,Leigh Sports Village Stadium,Elliot Swallow
3775561,2020-10-18,13:30:00.000,37,90,FA Women's Super League,2020/2021,England,Regular Season,972,West Ham United LFC,1475,Manchester United W,2,4,5,available,Chigwell Construction Stadium,Ryan Atkin
3775582,2020-10-18,14:00:00.000,37,90,FA Women's Super League,2020/2021,England,Regular Season,967,Everton LFC,965,Brighton & Hove Albion WFC,2,2,5,available,Walton Hall Park,Lucy Oliver
3775558,2020-12-13,13:30:00.000,37,90,FA Women's Super League,2020/2021,England,Regular Season,974,Reading WFC,1475,Manchester United W,1,2,9,available,Madejski Stadium,Helen Conley
3775552,2021-02-28,15:00:00.000,37,90,FA Women's Super League,2020/2021,England,Regular Season,749,Tottenham Hotspur Women,967,Everton LFC,2,3,13,available,The Hive Stadium,Abigail Byrne
3775557,2021-04-25,15:00:00.000,37,90,FA Women's Super League,2020/2021,England,Regular Season,968,Arsenal WFC,965,Brighton & Hove Albion WFC,2,0,20,available,Meadow Park ,Lisa Benn
3775564,2021-03-27,18:30:00.000,37,90,FA Women's Super League,2020/2021,England,Regular Season,746,Manchester City WFC,974,Reading WFC,1,0,18,available,Joie Stadium,Stacey Pearson
3775569,2021-04-04,15:00:00.000,37,90,FA Women's Super League,2020/2021,England,Regular Season,973,Bristol City WFC,968,Arsenal WFC,0,4,19,available,Twerton Park Stadium,Sarah Garratt
3775548,2021-02-10,20:00:00.000,37,90,FA Women's Super League,2020/2021,England,Regular Season,971,Chelsea FCW,968,Arsenal WFC,3,0,15,available,Kingsmeadow,Amy Fearn
3775555,2021-05-05,18:30:00.000,37,90,FA Women's Super League,2020/2021,England,Regular Season,749,Tottenham Hotspur Women,971,Chelsea FCW,0,2,21,available,The Hive Stadium,Amy Fearn
3775549,2021-05-09,15:30:00.000,37,90,FA Women's Super League,2020/2021,England,Regular Season,969,Birmingham City WFC,749,Tottenham Hotspur Women,0,1,22,available,ARMCO Arena,Lisa Benn
3775572,2020-10-04,15:30:00.000,37,90,FA Women's Super League,2020/2021,England,Regular Season,969,Birmingham City WFC,971,Chelsea FCW,0,1,3,available,ARMCO Arena,Abigail Byrne
3775577,2021-05-02,14:00:00.000,37,90,FA Women's Super League,2020/2021,England,Regular Season,967,Everton LFC,968,Arsenal WFC,1,2,21,available,Walton Hall Park,Sarah Garratt
3775541,2021-03-07,11:00:00.000,37,90,FA Women's Super League,2020/2021,England,Regular Season,1475,Manchester United W,2647,Aston Villa W,3,0,16,available,Leigh Sports Village Stadium,Helen Conley
3775588,2020-12-06,15:00:00.000,37,90,FA Women's Super League,2020/2021,England,Regular Season,749,Tottenham Hotspur Women,965,Brighton & Hove Albion WFC,3,1,8,available,The Hive Stadium,Emily Heaslip
3775586,2020-10-18,15:30:00.000,37,90,FA Women's Super League,2020/2021,England,Regular Season,968,Arsenal WFC,749,Tottenham Hotspur Women,6,1,5,available,Meadow Park ,Abigail Byrne
3775592,2020-11-07,15:00:00.000,37,90,FA Women's Super League,2020/2021,England,Regular Season,749,Tottenham Hotspur Women,974,Reading WFC,1,1,6,available,The Hive Stadium,Helen Conley
3775580,2020-12-13,15:00:00.000,37,90,FA Women's Super League,2020/2021,England,Regular Season,965,Brighton & Hove Albion WFC,971,Chelsea FCW,0,1,9,available,Broadfield Stadium,Lisa Benn
3775591,2021-03-07,16:00:00.000,37,90,FA Women's Super League,2020/2021,England,Regular Season,972,West Ham United LFC,971,Chelsea FCW,0,2,16,available,Chigwell Construction Stadium,Rob Whitton
3775590,2021-02-07,13:00:00.000,37,90,FA Women's Super League,2020/2021,England,Regular Season,967,Everton LFC,969,Birmingham City WFC,1,1,14,available,Walton Hall Park,Lisa Benn
3775571,2021-01-23,13:30:00.000,37,90,FA Women's Super League,2020/2021,England,Regular Season,2647,Aston Villa W,974,Reading WFC,2,2,13,available,Poundland Bescot Stadium,Kirsty Dowle
3775589,2021-01-17,15:00:00.000,37,90,FA Women's Super League,2020/2021,England,Regular Season,974,Reading WFC,968,Arsenal WFC,1,1,12,available,Madejski Stadium,Lisa Benn
3775578,2021-02-14,15:00:00.000,37,90,FA Women's Super League,2020/2021,England,Regular Season,974,Reading WFC,967,Everton LFC,1,1,15,available,Madejski Stadium,Stacey Pearson
3775596,2021-03-17,20:30:00.000,37,90,FA Women's Super League,2020/2021,England,Regular Season,973,Bristol City WFC,746,Manchester City WFC,0,3,17,available,Twerton Park Stadium,Scott Jackson
3775576,2021-04-21,19:00:00.000,37,90,FA Women's Super League,2020/2021,England,Regular Season,746,Manchester City WFC,971,Chelsea FCW,2,2,20,available,Joie Stadium,Rebecca Welch
3775574,2021-05-02,16:00:00.000,37,90,FA Women's Super League,2020/2021,England,Regular Season,746,Manchester City WFC,969,Birmingham City WFC,4,0,21,available,Joie Stadium,Emily Heaslip
3775573,2021-05-09,15:30:00.000,37,90,FA Women's Super League,2020/2021,England,Regular Season,972,West Ham United LFC,746,Manchester City WFC,0,1,22,available,Chigwell Construction Stadium,Kirsty Dowle
3775597,2021-03-19,19:30:00.000,37,90,FA Women's Super League,2020/2021,England,Regular Season,968,Arsenal WFC,1475,Manchester United W,2,0,17,available,Meadow Park ,Amy Fearn
3775611,2020-10-11,15:30:00.000,37,90,FA Women's Super League,2020/2021,England,Regular Season,971,Chelsea FCW,746,Manchester City WFC,3,1,4,available,Kingsmeadow,Rebecca Welch
3775612,2021-04-25,15:00:00.000,37,90,FA Women's Super League,2020/2021,England,Regular Season,969,Birmingham City WFC,974,Reading WFC,1,1,20,available,ARMCO Arena,
3775627,2020-11-15,15:30:00.000,37,90,FA Women's Super League,2020/2021,England,Regular Season,968,Arsenal WFC,971,Chelsea FCW,1,1,7,available,Meadow Park ,Kirsty Dowle
3775644,2020-10-10,13:30:00.000,37,90,FA Women's Super League,2020/2021,England,Regular Season,749,Tottenham Hotspur Women,1475,Manchester United W,0,1,4,available,The Hive Stadium,Amy Fearn
3775637,2020-12-09,20:30:00.000,37,90,FA Women's Super League,2020/2021,England,Regular Season,973,Bristol City WFC,2647,Aston Villa W,0,4,4,available,Twerton Park Stadium,Amy Fearn
3775631,2020-11-14,19:30:00.000,37,90,FA Women's Super League,2020/2021,England,Regular Season,973,Bristol City WFC,749,Tottenham Hotspur Women,2,2,7,available,Twerton Park Stadium,Lisa Benn
3775621,2020-12-06,15:00:00.000,37,90,FA Women's Super League,2020/2021,England,Regular Season,974,Reading WFC,973,Bristol City WFC,1,1,8,available,Madejski Stadium,Lucy Oliver
3775615,2020-12-13,15:00:00.000,37,90,FA Women's Super League,2020/2021,England,Regular Season,749,Tottenham Hotspur Women,2647,Aston Villa W,3,1,9,available,The Hive Stadium,Sarah Garratt
3775610,2020-12-20,11:00:00.000,37,90,FA Women's Super League,2020/2021,England,Regular Season,1475,Manchester United W,973,Bristol City WFC,6,1,10,available,Leigh Sports Village Stadium,Lisa Benn
3775616,2020-12-13,15:00:00.000,37,90,FA Women's Super League,2020/2021,England,Regular Season,973,Bristol City WFC,972,West Ham United LFC,0,4,9,available,Twerton Park Stadium,Jane Simms
3775632,2020-12-06,15:30:00.000,37,90,FA Women's Super League,2020/2021,England,Regular Season,967,Everton LFC,746,Manchester City WFC,0,3,8,available,Walton Hall Park,Stacey Pearson
3775619,2020-12-20,15:30:00.000,37,90,FA Women's Super League,2020/2021,England,Regular Season,965,Brighton & Hove Albion WFC,974,Reading WFC,1,3,10,available,Broadfield Stadium,Abigail Byrne
3775600,2021-02-07,15:30:00.000,37,90,FA Women's Super League,2020/2021,England,Regular Season,968,Arsenal WFC,746,Manchester City WFC,1,2,14,available,Meadow Park ,Kirsty Dowle
3775605,2021-01-31,13:30:00.000,37,90,FA Women's Super League,2020/2021,England,Regular Season,971,Chelsea FCW,749,Tottenham Hotspur Women,4,0,10,available,Kingsmeadow,Sarah Garratt
3775626,2021-01-17,13:30:00.000,37,90,FA Women's Super League,2020/2021,England,Regular Season,746,Manchester City WFC,2647,Aston Villa W,7,0,12,available,Joie Stadium,Amy Fearn
3775614,2021-02-14,16:00:00.000,37,90,FA Women's Super League,2020/2021,England,Regular Season,973,Bristol City WFC,971,Chelsea FCW,0,5,13,available,Twerton Park Stadium,Emily Heaslip
3775603,2021-02-10,20:00:00.000,37,90,FA Women's Super League,2020/2021,England,Regular Season,965,Brighton & Hove Albion WFC,972,West Ham United LFC,1,0,15,available,Broadfield Stadium,Isaac Searle
3775625,2020-11-07,16:00:00.000,37,90,FA Women's Super League,2020/2021,England,Regular Season,746,Manchester City WFC,973,Bristol City WFC,8,1,6,available,Joie Stadium,Christina Hattersley
3775613,2021-03-27,16:30:00.000,37,90,FA Women's Super League,2020/2021,England,Regular Season,749,Tottenham Hotspur Women,968,Arsenal WFC,0,3,18,available,Tottenham Hotspur Stadium,Helen Conley
3775598,2021-03-14,13:30:00.000,37,90,FA Women's Super League,2020/2021,England,Regular Season,974,Reading WFC,749,Tottenham Hotspur Women,0,0,17,available,Madejski Stadium,Christina Hattersley
3775601,2021-05-02,15:00:00.000,37,90,FA Women's Super League,2020/2021,England,Regular Season,973,Bristol City WFC,1475,Manchester United W,0,1,21,available,Twerton Park Stadium,Lisa Benn
3775630,2021-03-07,15:00:00.000,37,90,FA Women's Super League,2020/2021,England,Regular Season,969,Birmingham City WFC,968,Arsenal WFC,0,4,16,available,St George's Park National Football Centre,Jane Simms
3775651,2021-01-31,15:00:00.000,37,90,FA Women's Super League,2020/2021,England,Regular Season,746,Manchester City WFC,972,West Ham United LFC,4,0,11,available,Joie Stadium,Jane Simms
3775635,2021-04-25,16:00:00.000,37,90,FA Women's Super League,2020/2021,England,Regular Season,972,West Ham United LFC,967,Everton LFC,0,0,20,available,Chigwell Construction Stadium,Helen Conley
3775650,2020-12-06,13:30:00.000,37,90,FA Women's Super League,2020/2021,England,Regular Season,971,Chelsea FCW,972,West Ham United LFC,3,2,8,available,Kingsmeadow,Rebecca Welch
3775647,2021-01-17,15:00:00.000,37,90,FA Women's Super League,2020/2021,England,Regular Season,969,Birmingham City WFC,965,Brighton & Hove Albion WFC,0,0,12,available,ARMCO Arena,Helen Conley
3775659,2020-10-18,15:00:00.000,37,90,FA Women's Super League,2020/2021,England,Regular Season,974,Reading WFC,746,Manchester City WFC,1,1,5,available,Madejski Stadium,Savvas Yianni
3775657,2020-10-04,15:00:00.000,37,90,FA Women's Super League,2020/2021,England,Regular Season,968,Arsenal WFC,973,Bristol City WFC,3,1,3,available,Meadow Park ,Emily Heaslip
3775649,2021-04-03,15:00:00.000,37,90,FA Women's Super League,2020/2021,England,Regular Season,974,Reading WFC,972,West Ham United LFC,0,5,19,available,Madejski Stadium,Kirsty Dowle
3775645,2020-11-08,13:00:00.000,37,90,FA Women's Super League,2020/2021,England,Regular Season,971,Chelsea FCW,967,Everton LFC,4,0,6,available,Kingsmeadow,Abigail Byrne
3775639,2021-03-07,15:00:00.000,37,90,FA Women's Super League,2020/2021,England,Regular Season,746,Manchester City WFC,967,Everton LFC,1,0,16,available,Joie Stadium,Sarah Garratt
3775642,2021-03-17,20:30:00.000,37,90,FA Women's Super League,2020/2021,England,Regular Season,2647,Aston Villa W,965,Brighton & Hove Albion WFC,0,2,17,available,Poundland Bescot Stadium,Helen Conley
3775646,2021-01-27,20:00:00.000,37,90,FA Women's Super League,2020/2021,England,Regular Season,2647,Aston Villa W,971,Chelsea FCW,0,4,5,available,Poundland Bescot Stadium,Helen Conley
3775655,2021-02-07,16:00:00.000,37,90,FA Women's Super League,2020/2021,England,Regular Season,972,West Ham United LFC,973,Bristol City WFC,1,1,14,available,Chigwell Construction Stadium,Sarah Garratt
3775640,2021-02-07,11:30:00.000,37,90,FA Women's Super League,2020/2021,England,Regular Season,1475,Manchester United W,974,Reading WFC,0,2,14,available,Leigh Sports Village Stadium,Edward Duckworth
3775658,2021-02-12,20:00:00.000,37,90,FA Women's Super League,2020/2021,England,Regular Season,746,Manchester City WFC,1475,Manchester United W,3,0,15,available,Joie Stadium,Abigail Byrne
3775623,2020-11-15,13:30:00.000,37,90,FA Women's Super League,2020/2021,England,Regular Season,972,West Ham United LFC,965,Brighton & Hove Albion WFC,0,1,7,available,Chigwell Construction Stadium,Abigail Byrne
3775566,2020-12-05,13:30:00.000,37,90,FA Women's Super League,2020/2021,England,Regular Season,2647,Aston Villa W,1475,Manchester United W,0,2,8,available,Poundland Bescot Stadium,Abigail Byrne
3775546,2021-03-21,15:00:00.000,37,90,FA Women's Super League,2020/2021,England,Regular Season,749,Tottenham Hotspur Women,973,Bristol City WFC,1,1,15,available,The Hive Stadium,Rebecca Welch
3775547,2021-02-28,15:00:00.000,37,90,FA Women's Super League,2020/2021,England,Regular Season,969,Birmingham City WFC,746,Manchester City WFC,0,4,10,available,St George's Park National Football Centre,Helen Conley
3775587,2021-01-31,15:30:00.000,37,90,FA Women's Super League,2020/2021,England,Regular Season,967,Everton LFC,1475,Manchester United W,0,2,11,available,Walton Hall Park,Kirsty Dowle
3775595,2021-01-30,15:00:00.000,37,90,FA Women's Super League,2020/2021,England,Regular Season,973,Bristol City WFC,965,Brighton & Hove Albion WFC,3,0,11,available,Twerton Park Stadium,Lucy Oliver
3775604,2021-04-04,15:00:00.000,37,90,FA Women's Super League,2020/2021,England,Regular Season,749,Tottenham Hotspur Women,746,Manchester City WFC,0,3,19,available,The Hive Stadium,Amy Fearn
3775634,2021-04-04,14:00:00.000,37,90,FA Women's Super League,2020/2021,England,Regular Season,967,Everton LFC,2647,Aston Villa W,3,1,19,available,Walton Hall Park,Stacey Pearson
3775617,2021-04-04,15:00:00.000,37,90,FA Women's Super League,2020/2021,England,Regular Season,965,Brighton & Hove Albion WFC,1475,Manchester United W,1,0,19,available,Broadfield Stadium,Abigail Byrne
3775565,2021-04-04,13:30:00.000,37,90,FA Women's Super League,2020/2021,England,Regular Season,971,Chelsea FCW,969,Birmingham City WFC,6,0,19,available,Kingsmeadow,Jane Simms
3775583,2020-12-13,15:30:00.000,37,90,FA Women's Super League,2020/2021,England,Regular Season,746,Manchester City WFC,968,Arsenal WFC,2,1,9,available,Joie Stadium,Emily Heaslip
3775542,2021-01-17,14:00:00.000,37,90,FA Women's Super League,2020/2021,England,Regular Season,967,Everton LFC,973,Bristol City WFC,4,0,12,available,Walton Hall Park,Christina Hattersley
3775608,2021-01-17,16:00:00.000,37,90,FA Women's Super League,2020/2021,England,Regular Season,972,West Ham United LFC,749,Tottenham Hotspur Women,0,1,12,available,Chigwell Construction Stadium,Lucy Oliver
3775599,2021-04-20,19:00:00.000,37,90,FA Women's Super League,2020/2021,England,Regular Season,972,West Ham United LFC,2647,Aston Villa W,0,0,10,available,Chigwell Construction Stadium,Amy Fearn
3775554,2020-11-14,17:30:00.000,37,90,FA Women's Super League,2020/2021,England,Regular Season,967,Everton LFC,974,Reading WFC,1,1,7,available,Walton Hall Park,Emily Heaslip
3775652,2021-02-07,15:00:00.000,37,90,FA Women's Super League,2020/2021,England,Regular Season,971,Chelsea FCW,965,Brighton & Hove Albion WFC,1,2,14,available,Kingsmeadow,Christina Hattersley
3764238,2020-09-12,18:20:00.000,37,90,FA Women's Super League,2020/2021,England,Regular Season,972,West Ham United LFC,968,Arsenal WFC,1,9,2,available,Chigwell Construction Stadium,Abigail Byrne
2275078,2020-01-11,18:30:00.000,37,42,FA Women's Super League,2019/2020,England,Regular Season,746,Manchester City WFC,967,Everton LFC,3,1,12,available,Joie Stadium,Amy Fearn
2275127,2019-10-13,15:00:00.000,37,42,FA Women's Super League,2019/2020,England,Regular Season,974,Reading WFC,967,Everton LFC,3,2,4,available,Adams Park ,Alan Dale
2275136,2019-09-07,16:00:00.000,37,42,FA Women's Super League,2019/2020,England,Regular Season,746,Manchester City WFC,1475,Manchester United W,1,0,1,available,Etihad Stadium,Rebecca Welch
2275154,2019-11-17,15:00:00.000,37,42,FA Women's Super League,2019/2020,England,Regular Season,971,Chelsea FCW,1475,Manchester United W,1,0,6,available,Kingsmeadow,Jack Packman
2275150,2019-12-01,16:00:00.000,37,42,FA Women's Super League,2019/2020,England,Regular Season,972,West Ham United LFC,1475,Manchester United W,3,2,8,available,The Rush Green Stadium,Amy Fearn
2275146,2019-12-08,13:00:00.000,37,42,FA Women's Super League,2019/2020,England,Regular Season,1475,Manchester United W,967,Everton LFC,3,1,9,available,Leigh Sports Village Stadium,Joe Hull
2275142,2020-01-05,13:00:00.000,37,42,FA Women's Super League,2019/2020,England,Regular Season,1475,Manchester United W,973,Bristol City WFC,0,1,11,available,Leigh Sports Village Stadium,Lucy Oliver
2275137,2020-01-19,13:00:00.000,37,42,FA Women's Super League,2019/2020,England,Regular Season,1475,Manchester United W,749,Tottenham Hotspur Women,3,0,13,available,Leigh Sports Village Stadium,Edward Duckworth
2275153,2020-02-02,15:00:00.000,37,42,FA Women's Super League,2019/2020,England,Regular Season,974,Reading WFC,1475,Manchester United W,1,1,14,available,Adams Park ,Kirsty Dowle
2275151,2020-02-12,20:45:00.000,37,42,FA Women's Super League,2019/2020,England,Regular Season,965,Brighton & Hove Albion WFC,1475,Manchester United W,1,1,16,available,Broadfield Stadium,Savvas Yianni
2275144,2020-02-23,13:30:00.000,37,42,FA Women's Super League,2019/2020,England,Regular Season,967,Everton LFC,1475,Manchester United W,2,3,17,available,Walton Hall Park,Andrew Sykes
2275088,2019-12-08,16:00:00.000,37,42,FA Women's Super League,2019/2020,England,Regular Season,973,Bristol City WFC,969,Birmingham City WFC,0,2,9,available,Stoke Gifford Stadium,Samuel Allison
2275110,2019-10-27,15:00:00.000,37,42,FA Women's Super League,2019/2020,England,Regular Season,969,Birmingham City WFC,966,Liverpool WFC,2,0,5,available,ARMCO Arena,Lisa Benn
2275044,2019-10-27,15:30:00.000,37,42,FA Women's Super League,2019/2020,England,Regular Season,968,Arsenal WFC,746,Manchester City WFC,1,0,5,available,Meadow Park ,Rebecca Welch
2275105,2020-02-23,15:00:00.000,37,42,FA Women's Super League,2019/2020,England,Regular Season,746,Manchester City WFC,971,Chelsea FCW,3,3,17,available,Joie Stadium,Rebecca Welch
2275063,2019-10-13,16:00:00.000,37,42,FA Women's Super League,2019/2020,England,Regular Season,971,Chelsea FCW,968,Arsenal WFC,2,1,4,available,Kingsmeadow,Rebecca Welch
2275054,2020-01-05,15:00:00.000,37,42,FA Women's Super League,2019/2020,England,Regular Season,965,Brighton & Hove Albion WFC,966,Liverpool WFC,1,0,11,available,Broadfield Stadium,Amy Fearn
2275072,2020-01-05,13:30:00.000,37,42,FA Women's Super League,2019/2020,England,Regular Season,971,Chelsea FCW,974,Reading WFC,3,1,11,available,Kingsmeadow,Stacey Pearson
2275085,2020-01-05,15:00:00.000,37,42,FA Women's Super League,2019/2020,England,Regular Season,749,Tottenham Hotspur Women,746,Manchester City WFC,1,4,11,available,The Hive Stadium,Helen Conley
2275113,2020-01-19,16:00:00.000,37,42,FA Women's Super League,2019/2020,England,Regular Season,972,West Ham United LFC,965,Brighton & Hove Albion WFC,2,1,13,available,The Rush Green Stadium,Ryan Atkin
2275099,2019-09-08,15:00:00.000,37,42,FA Women's Super League,2019/2020,England,Regular Season,966,Liverpool WFC,974,Reading WFC,0,1,1,available,Prenton Park,Samuel Barrott
2275057,2020-02-02,15:00:00.000,37,42,FA Women's Super League,2019/2020,England,Regular Season,971,Chelsea FCW,972,West Ham United LFC,8,0,14,available,Kingsmeadow,Amy Fearn
2275075,2019-12-15,15:00:00.000,37,42,FA Women's Super League,2019/2020,England,Regular Season,974,Reading WFC,749,Tottenham Hotspur Women,3,1,10,available,Adams Park ,Stacey Pearson
2275077,2020-01-12,15:00:00.000,37,42,FA Women's Super League,2019/2020,England,Regular Season,749,Tottenham Hotspur Women,972,West Ham United LFC,2,1,12,available,The Hive Stadium,Lucy Oliver
2275036,2020-01-19,15:00:00.000,37,42,FA Women's Super League,2019/2020,England,Regular Season,967,Everton LFC,974,Reading WFC,3,1,13,available,DCBL Stadium,Peter Shacklady
2275117,2019-12-15,13:30:00.000,37,42,FA Women's Super League,2019/2020,England,Regular Season,967,Everton LFC,968,Arsenal WFC,1,3,10,available,Haig Avenue,Ben Speedie
2275092,2020-01-19,13:00:00.000,37,42,FA Women's Super League,2019/2020,England,Regular Season,969,Birmingham City WFC,746,Manchester City WFC,0,2,13,available,ARMCO Arena,Helen Conley
2275040,2019-10-13,15:00:00.000,37,42,FA Women's Super League,2019/2020,England,Regular Season,965,Brighton & Hove Albion WFC,972,West Ham United LFC,1,3,4,available,Broadfield Stadium,Lisa Benn
2275122,2019-11-17,15:00:00.000,37,42,FA Women's Super League,2019/2020,England,Regular Season,974,Reading WFC,973,Bristol City WFC,3,3,6,available,Madejski Stadium,Kirsty Dowle
2275045,2019-12-15,15:00:00.000,37,42,FA Women's Super League,2019/2020,England,Regular Season,966,Liverpool WFC,971,Chelsea FCW,1,1,10,available,Prenton Park,Louise Saunders
2275093,2019-11-24,15:45:00.000,37,42,FA Women's Super League,2019/2020,England,Regular Season,969,Birmingham City WFC,971,Chelsea FCW,0,6,7,available,ARMCO Arena,Stacey Pearson
2275097,2019-12-15,13:30:00.000,37,42,FA Women's Super League,2019/2020,England,Regular Season,746,Manchester City WFC,965,Brighton & Hove Albion WFC,5,0,10,available,Joie Stadium,Lucy Oliver
2275084,2019-10-27,16:00:00.000,37,42,FA Women's Super League,2019/2020,England,Regular Season,972,West Ham United LFC,971,Chelsea FCW,1,3,5,available,The Rush Green Stadium,Rob Whitton
2275089,2020-01-05,15:00:00.000,37,42,FA Women's Super League,2019/2020,England,Regular Season,968,Arsenal WFC,969,Birmingham City WFC,2,0,11,available,Meadow Park ,Elizabeth Simms
2275116,2019-12-01,15:00:00.000,37,42,FA Women's Super League,2019/2020,England,Regular Season,746,Manchester City WFC,966,Liverpool WFC,1,0,8,available,Joie Stadium,Kirsty Dowle
2275104,2019-12-01,13:30:00.000,37,42,FA Women's Super League,2019/2020,England,Regular Season,968,Arsenal WFC,973,Bristol City WFC,11,1,8,available,Meadow Park ,Helen Conley
2275052,2019-09-15,15:00:00.000,37,42,FA Women's Super League,2019/2020,England,Regular Season,965,Brighton & Hove Albion WFC,971,Chelsea FCW,1,1,2,available,Broadfield Stadium,Lee Collins
2275037,2020-02-02,15:00:00.000,37,42,FA Women's Super League,2019/2020,England,Regular Season,746,Manchester City WFC,968,Arsenal WFC,2,1,14,available,Joie Stadium,Stacey Pearson
2275027,2020-02-02,15:00:00.000,37,42,FA Women's Super League,2019/2020,England,Regular Season,965,Brighton & Hove Albion WFC,967,Everton LFC,1,0,14,available,Broadfield Stadium,Abigail Byrne
2275080,2020-01-12,15:00:00.000,37,42,FA Women's Super League,2019/2020,England,Regular Season,971,Chelsea FCW,973,Bristol City WFC,6,1,12,available,Kingsmeadow,Emily Heaslip
2275098,2020-01-12,13:30:00.000,37,42,FA Women's Super League,2019/2020,England,Regular Season,965,Brighton & Hove Albion WFC,968,Arsenal WFC,0,4,12,available,Broadfield Stadium,Kirsty Dowle
2275156,2019-09-16,18:30:00.000,37,42,FA Women's Super League,2019/2020,England,Regular Season,1475,Manchester United W,968,Arsenal WFC,0,1,2,available,Leigh Sports Village Stadium,Abigail Byrne
2275139,2019-10-13,13:30:00.000,37,42,FA Women's Super League,2019/2020,England,Regular Season,749,Tottenham Hotspur Women,1475,Manchester United W,0,3,4,available,The Hive Stadium,Kirsty Dowle
2275070,2019-10-13,13:00:00.000,37,42,FA Women's Super League,2019/2020,England,Regular Season,966,Liverpool WFC,973,Bristol City WFC,1,1,4,available,Prenton Park,Martin Woods
2275051,2019-10-27,13:30:00.000,37,42,FA Women's Super League,2019/2020,England,Regular Season,967,Everton LFC,965,Brighton & Hove Albion WFC,2,0,5,available,Haig Avenue,Jane Simms
2275050,2020-01-12,15:00:00.000,37,42,FA Women's Super League,2019/2020,England,Regular Season,974,Reading WFC,969,Birmingham City WFC,1,0,12,available,Adams Park ,Tom Bishop
2275029,2020-01-19,16:00:00.000,37,42,FA Women's Super League,2019/2020,England,Regular Season,973,Bristol City WFC,966,Liverpool WFC,0,1,13,available,Stoke Gifford Stadium,Savvas Yianni
2275090,2020-01-19,15:00:00.000,37,42,FA Women's Super League,2019/2020,England,Regular Season,968,Arsenal WFC,971,Chelsea FCW,1,4,13,available,Meadow Park ,Abigail Byrne
2275042,2019-11-17,13:30:00.000,37,42,FA Women's Super League,2019/2020,England,Regular Season,746,Manchester City WFC,972,West Ham United LFC,5,0,6,available,Joie Stadium,Stacey Pearson
2275157,2019-10-27,11:30:00.000,37,42,FA Women's Super League,2019/2020,England,Regular Season,1475,Manchester United W,974,Reading WFC,2,0,5,available,Leigh Sports Village Stadium,Helen Conley
2275108,2019-09-29,16:00:00.000,37,42,FA Women's Super League,2019/2020,England,Regular Season,973,Bristol City WFC,971,Chelsea FCW,0,4,3,available,Stoke Gifford Stadium,Lisa Benn
2275082,2019-11-17,16:00:00.000,37,42,FA Women's Super League,2019/2020,England,Regular Season,749,Tottenham Hotspur Women,968,Arsenal WFC,0,2,6,available,Tottenham Hotspur Stadium,Abigail Byrne
2275138,2019-09-28,13:00:00.000,37,42,FA Women's Super League,2019/2020,England,Regular Season,1475,Manchester United W,966,Liverpool WFC,2,0,3,available,Leigh Sports Village Stadium,Lucy Oliver
2275049,2019-11-24,16:00:00.000,37,42,FA Women's Super League,2019/2020,England,Regular Season,972,West Ham United LFC,974,Reading WFC,2,3,7,available,The Rush Green Stadium,Lloyd Wood
2275132,2019-09-08,13:30:00.000,37,42,FA Women's Super League,2019/2020,England,Regular Season,971,Chelsea FCW,749,Tottenham Hotspur Women,1,0,1,available,Stamford Bridge,Amy Fearn
2275061,2019-09-07,16:00:00.000,37,42,FA Women's Super League,2019/2020,England,Regular Season,973,Bristol City WFC,965,Brighton & Hove Albion WFC,0,0,1,available,Ashton Gate,Abigail Byrne
2275096,2019-09-08,15:30:00.000,37,42,FA Women's Super League,2019/2020,England,Regular Season,968,Arsenal WFC,972,West Ham United LFC,2,1,1,available,Meadow Park ,Stacey Pearson
2275033,2019-10-27,16:00:00.000,37,42,FA Women's Super League,2019/2020,England,Regular Season,973,Bristol City WFC,749,Tottenham Hotspur Women,1,2,5,available,Stoke Gifford Stadium,Daniel Lamport
2275107,2019-09-15,13:30:00.000,37,42,FA Women's Super League,2019/2020,England,Regular Season,974,Reading WFC,746,Manchester City WFC,0,2,2,available,Adams Park ,Stacey Pearson
2275130,2019-12-08,13:00:00.000,37,42,FA Women's Super League,2019/2020,England,Regular Season,971,Chelsea FCW,746,Manchester City WFC,2,1,9,available,Kingsmeadow,Amy Fearn
2275034,2019-09-15,15:00:00.000,37,42,FA Women's Super League,2019/2020,England,Regular Season,749,Tottenham Hotspur Women,966,Liverpool WFC,1,0,2,available,The Hive Stadium,Ryan Atkin
2275026,2019-11-24,13:30:00.000,37,42,FA Women's Super League,2019/2020,England,Regular Season,973,Bristol City WFC,746,Manchester City WFC,0,5,7,available,Stoke Gifford Stadium,Lucy Oliver
2275041,2019-09-15,13:30:00.000,37,42,FA Women's Super League,2019/2020,England,Regular Season,967,Everton LFC,973,Bristol City WFC,2,0,2,available,Haig Avenue,Amy Fearn
2275094,2019-09-15,16:00:00.000,37,42,FA Women's Super League,2019/2020,England,Regular Season,972,West Ham United LFC,969,Birmingham City WFC,1,0,2,available,The Rush Green Stadium,Paul Howard
2275106,2020-02-12,20:00:00.000,37,42,FA Women's Super League,2019/2020,England,Regular Season,746,Manchester City WFC,973,Bristol City WFC,1,0,16,available,Joie Stadium,Edward Duckworth
2275073,2020-02-12,20:30:00.000,37,42,FA Women's Super League,2019/2020,England,Regular Season,749,Tottenham Hotspur Women,967,Everton LFC,2,2,16,available,The Hive Stadium,Lisa Benn
2275038,2020-02-12,20:30:00.000,37,42,FA Women's Super League,2019/2020,England,Regular Season,974,Reading WFC,972,West Ham United LFC,2,0,16,available,Adams Park ,Abigail Byrne
2275131,2019-09-29,13:30:00.000,37,42,FA Women's Super League,2019/2020,England,Regular Season,967,Everton LFC,746,Manchester City WFC,0,1,3,available,Haig Avenue,Lewis Smith
2275062,2020-02-13,20:00:00.000,37,42,FA Women's Super League,2019/2020,England,Regular Season,966,Liverpool WFC,968,Arsenal WFC,2,3,16,available,Lookers Vauxhall Stadium,Rebecca Welch
2275048,2019-09-29,15:30:00.000,37,42,FA Women's Super League,2019/2020,England,Regular Season,972,West Ham United LFC,749,Tottenham Hotspur Women,0,2,3,available,London Stadium ,Abigail Byrne
2275121,2019-09-29,13:30:00.000,37,42,FA Women's Super League,2019/2020,England,Regular Season,968,Arsenal WFC,965,Brighton & Hove Albion WFC,4,0,3,available,Meadow Park ,Elliot Swallow
2275065,2019-11-17,15:00:00.000,37,42,FA Women's Super League,2019/2020,England,Regular Season,965,Brighton & Hove Albion WFC,969,Birmingham City WFC,3,0,6,available,The American Express Community Stadium,Helen Conley
2275079,2019-11-24,15:00:00.000,37,42,FA Women's Super League,2019/2020,England,Regular Season,968,Arsenal WFC,966,Liverpool WFC,1,0,7,available,Meadow Park ,Elizabeth Simms
2275103,2019-12-08,15:00:00.000,37,42,FA Women's Super League,2019/2020,England,Regular Season,966,Liverpool WFC,972,West Ham United LFC,1,1,9,available,Prenton Park,Peter Gibbons
2275140,2019-11-24,11:00:00.000,37,42,FA Women's Super League,2019/2020,England,Regular Season,1475,Manchester United W,965,Brighton & Hove Albion WFC,4,0,7,available,Leigh Sports Village Stadium,Steven Copeland
2275126,2019-11-24,13:30:00.000,37,42,FA Women's Super League,2019/2020,England,Regular Season,967,Everton LFC,749,Tottenham Hotspur Women,3,1,7,available,Haig Avenue,Michael Barlow
2275102,2019-11-29,20:45:00.000,37,42,FA Women's Super League,2019/2020,England,Regular Season,965,Brighton & Hove Albion WFC,974,Reading WFC,2,2,8,available,Broadfield Stadium,Matthew Russell
2275109,2019-12-04,20:30:00.000,37,42,FA Women's Super League,2019/2020,England,Regular Season,969,Birmingham City WFC,749,Tottenham Hotspur Women,1,1,8,available,ARMCO Arena,Jane Simms
2275091,2019-12-08,15:00:00.000,37,42,FA Women's Super League,2019/2020,England,Regular Season,749,Tottenham Hotspur Women,965,Brighton & Hove Albion WFC,1,0,9,available,The Hive Stadium,Emily Heaslip
2275030,2020-02-23,15:00:00.000,37,42,FA Women's Super League,2019/2020,England,Regular Season,965,Brighton & Hove Albion WFC,749,Tottenham Hotspur Women,0,1,17,available,Broadfield Stadium,Louise Saunders
2275133,2020-02-23,16:00:00.000,37,42,FA Women's Super League,2019/2020,England,Regular Season,972,West Ham United LFC,966,Liverpool WFC,4,2,17,available,The Rush Green Stadium,Matthew Russell
2275083,2020-02-23,15:00:00.000,37,42,FA Women's Super League,2019/2020,England,Regular Season,969,Birmingham City WFC,973,Bristol City WFC,0,1,17,available,ARMCO Arena,Stacey Pearson
2275120,2019-09-08,15:00:00.000,37,42,FA Women's Super League,2019/2020,England,Regular Season,969,Birmingham City WFC,967,Everton LFC,0,1,1,available,ARMCO Arena,Elliot Swallow
2275028,2019-10-12,15:00:00.000,37,42,FA Women's Super League,2019/2020,England,Regular Season,746,Manchester City WFC,969,Birmingham City WFC,3,0,4,available,Joie Stadium,Helen Conley
2275086,2019-12-08,15:30:00.000,37,42,FA Women's Super League,2019/2020,England,Regular Season,974,Reading WFC,968,Arsenal WFC,0,3,9,available,Adams Park ,Richard Hulme
2275056,2019-11-17,16:00:00.000,37,42,FA Women's Super League,2019/2020,England,Regular Season,966,Liverpool WFC,967,Everton LFC,0,1,6,available,Anfield ,Amy Fearn
2275074,2020-02-12,20:00:00.000,37,42,FA Women's Super League,2019/2020,England,Regular Season,971,Chelsea FCW,969,Birmingham City WFC,2,0,16,available,Kingsmeadow,Rob Whitton
19770,2018-12-02,13:30:00.000,37,4,FA Women's Super League,2018/2019,England,Regular Season,746,Manchester City WFC,968,Arsenal WFC,2,0,11,available,Joie Stadium,Abigail Marriott
19820,2019-05-11,13:30:00.000,37,4,FA Women's Super League,2018/2019,England,Regular Season,974,Reading WFC,971,Chelsea FCW,2,3,22,available,Adams Park ,Abigail Byrne
19772,2018-12-02,15:00:00.000,37,4,FA Women's Super League,2018/2019,England,Regular Season,971,Chelsea FCW,974,Reading WFC,1,0,11,available,Kingsmeadow,Lucy Oliver
19769,2018-12-02,15:00:00.000,37,4,FA Women's Super League,2018/2019,England,Regular Season,965,Brighton & Hove Albion WFC,972,West Ham United LFC,0,1,11,available,Broadfield Stadium,Kirsty Dowle
19746,2018-10-28,15:00:00.000,37,4,FA Women's Super League,2018/2019,England,Regular Season,967,Everton LFC,972,West Ham United LFC,1,2,7,available,Haig Avenue,Aaron Jackson
19778,2018-12-09,13:15:00.000,37,4,FA Women's Super League,2018/2019,England,Regular Season,746,Manchester City WFC,969,Birmingham City WFC,1,0,12,available,Joie Stadium,Rebecca Welch
19771,2018-12-02,15:00:00.000,37,4,FA Women's Super League,2018/2019,England,Regular Season,969,Birmingham City WFC,970,Yeovil Town LFC,2,1,11,available,ARMCO Arena,Jane Simms
19736,2018-10-14,15:00:00.000,37,4,FA Women's Super League,2018/2019,England,Regular Season,971,Chelsea FCW,968,Arsenal WFC,0,5,5,available,Kingsmeadow,Sam Purkiss
19745,2018-10-28,15:00:00.000,37,4,FA Women's Super League,2018/2019,England,Regular Season,965,Brighton & Hove Albion WFC,970,Yeovil Town LFC,2,1,7,available,Broadfield Stadium,Jacob Miles
19730,2018-09-30,15:00:00.000,37,4,FA Women's Super League,2018/2019,England,Regular Season,971,Chelsea FCW,965,Brighton & Hove Albion WFC,2,0,4,available,Kingsmeadow,Abigail Marriott
19794,2019-02-20,20:30:00.000,37,4,FA Women's Super League,2018/2019,England,Regular Season,971,Chelsea FCW,973,Bristol City WFC,6,0,17,available,Kingsmeadow,Tom Bishop
19766,2018-11-25,13:30:00.000,37,4,FA Women's Super League,2018/2019,England,Regular Season,968,Arsenal WFC,965,Brighton & Hove Albion WFC,4,1,10,available,Meadow Park ,Rob Whitton
19734,2018-10-14,15:00:00.000,37,4,FA Women's Super League,2018/2019,England,Regular Season,967,Everton LFC,965,Brighton & Hove Albion WFC,3,3,5,available,Haig Avenue,Steven Copeland
19717,2018-09-09,13:30:00.000,37,4,FA Women's Super League,2018/2019,England,Regular Season,968,Arsenal WFC,966,Liverpool WFC,5,0,1,available,Meadow Park ,Jason Richardson
19718,2018-09-09,15:00:00.000,37,4,FA Women's Super League,2018/2019,England,Regular Season,969,Birmingham City WFC,967,Everton LFC,1,0,1,available,ARMCO Arena,James Bell
19810,2019-04-21,15:00:00.000,37,4,FA Women's Super League,2018/2019,England,Regular Season,966,Liverpool WFC,973,Bristol City WFC,5,2,20,available,Prenton Park,Lucy Oliver
19743,2018-10-21,13:30:00.000,37,4,FA Women's Super League,2018/2019,England,Regular Season,969,Birmingham City WFC,971,Chelsea FCW,0,0,6,available,ARMCO Arena,Amy Fearn
19740,2018-10-21,16:00:00.000,37,4,FA Women's Super League,2018/2019,England,Regular Season,972,West Ham United LFC,966,Liverpool WFC,0,1,6,available,The Rush Green Stadium,Jack Packman
19716,2018-09-09,15:00:00.000,37,4,FA Women's Super League,2018/2019,England,Regular Season,974,Reading WFC,970,Yeovil Town LFC,4,0,1,available,Adams Park ,Helen Conley
19800,2019-03-14,20:30:00.000,37,4,FA Women's Super League,2018/2019,England,Regular Season,968,Arsenal WFC,973,Bristol City WFC,4,0,18,available,Meadow Park ,Rob Whitton
19739,2018-10-21,15:00:00.000,37,4,FA Women's Super League,2018/2019,England,Regular Season,965,Brighton & Hove Albion WFC,746,Manchester City WFC,0,6,6,available,Broadfield Stadium,Lucy Oliver
19748,2018-10-28,13:30:00.000,37,4,FA Women's Super League,2018/2019,England,Regular Season,971,Chelsea FCW,966,Liverpool WFC,1,0,7,available,Kingsmeadow,Stacey Pearson
19822,2019-05-11,13:30:00.000,37,4,FA Women's Super League,2018/2019,England,Regular Season,970,Yeovil Town LFC,969,Birmingham City WFC,0,2,22,available,Clayson Stadium,Kirsty Dowle
19785,2019-01-13,13:30:00.000,37,4,FA Women's Super League,2018/2019,England,Regular Season,968,Arsenal WFC,971,Chelsea FCW,1,2,14,available,Meadow Park ,Rebecca Welch
19749,2018-11-04,13:30:00.000,37,4,FA Women's Super League,2018/2019,England,Regular Season,968,Arsenal WFC,969,Birmingham City WFC,3,1,8,available,Meadow Park ,Rebecca Welch
19751,2018-11-04,16:00:00.000,37,4,FA Women's Super League,2018/2019,England,Regular Season,972,West Ham United LFC,971,Chelsea FCW,0,2,8,available,The Rush Green Stadium,Paul Howard
19764,2018-11-25,16:00:00.000,37,4,FA Women's Super League,2018/2019,England,Regular Season,970,Yeovil Town LFC,746,Manchester City WFC,0,4,10,available,Clayson Stadium,Lewis Sandoe
19773,2018-12-02,13:00:00.000,37,4,FA Women's Super League,2018/2019,England,Regular Season,967,Everton LFC,966,Liverpool WFC,2,1,11,available,Haig Avenue,Simon Mather
19783,2019-01-06,15:00:00.000,37,4,FA Women's Super League,2018/2019,England,Regular Season,971,Chelsea FCW,967,Everton LFC,3,0,13,available,Kingsmeadow,Lee Brennan
19747,2018-10-26,20:00:00.000,37,4,FA Women's Super League,2018/2019,England,Regular Season,746,Manchester City WFC,974,Reading WFC,1,1,7,available,Joie Stadium,David McNamara
19757,2019-02-10,16:00:00.000,37,4,FA Women's Super League,2018/2019,England,Regular Season,973,Bristol City WFC,965,Brighton & Hove Albion WFC,0,0,16,available,Stoke Gifford Stadium,Sarah Garratt
19742,2018-10-21,16:00:00.000,37,4,FA Women's Super League,2018/2019,England,Regular Season,970,Yeovil Town LFC,973,Bristol City WFC,1,2,6,available,Clayson Stadium,Scott Jackson
19777,2018-12-09,16:00:00.000,37,4,FA Women's Super League,2018/2019,England,Regular Season,970,Yeovil Town LFC,972,West Ham United LFC,0,5,12,available,Clayson Stadium,Matthew Russell
19758,2019-04-17,20:45:00.000,37,4,FA Women's Super League,2018/2019,England,Regular Season,970,Yeovil Town LFC,974,Reading WFC,0,5,16,available,Clayson Stadium,Scott Jackson
19802,2019-03-13,20:45:00.000,37,4,FA Women's Super League,2018/2019,England,Regular Season,970,Yeovil Town LFC,965,Brighton & Hove Albion WFC,1,1,18,available,Clayson Stadium,James Durkin
19803,2019-03-13,20:45:00.000,37,4,FA Women's Super League,2018/2019,England,Regular Season,972,West Ham United LFC,967,Everton LFC,0,1,18,available,The Rush Green Stadium,Dean Skipper
19811,2019-04-21,13:30:00.000,37,4,FA Women's Super League,2018/2019,England,Regular Season,968,Arsenal WFC,967,Everton LFC,2,1,20,available,Meadow Park ,Stacey Pearson
19805,2019-03-31,15:00:00.000,37,4,FA Women's Super League,2018/2019,England,Regular Season,971,Chelsea FCW,972,West Ham United LFC,1,1,19,available,Kingsmeadow,Stacey Pearson
19752,2018-11-04,15:00:00.000,37,4,FA Women's Super League,2018/2019,England,Regular Season,966,Liverpool WFC,746,Manchester City WFC,0,3,8,available,Prenton Park,Thomas Parsons
19775,2018-12-09,15:00:00.000,37,4,FA Women's Super League,2018/2019,England,Regular Season,974,Reading WFC,966,Liverpool WFC,2,2,12,available,Adams Park ,Joshua Smith
19760,2018-11-18,15:00:00.000,37,4,FA Women's Super League,2018/2019,England,Regular Season,971,Chelsea FCW,970,Yeovil Town LFC,5,0,9,available,Kingsmeadow,Kirsty Dowle
19787,2019-01-13,15:00:00.000,37,4,FA Women's Super League,2018/2019,England,Regular Season,969,Birmingham City WFC,973,Bristol City WFC,0,1,14,available,ARMCO Arena,Lisa Benn
19733,2018-09-30,13:30:00.000,37,4,FA Women's Super League,2018/2019,England,Regular Season,969,Birmingham City WFC,746,Manchester City WFC,2,3,4,available,ARMCO Arena,Wayne Cartmel
19765,2018-11-25,15:00:00.000,37,4,FA Women's Super League,2018/2019,England,Regular Season,966,Liverpool WFC,969,Birmingham City WFC,0,2,10,available,Prenton Park,Sam Mulhall
19792,2019-01-27,16:00:00.000,37,4,FA Women's Super League,2018/2019,England,Regular Season,973,Bristol City WFC,970,Yeovil Town LFC,2,1,15,available,Stoke Gifford Stadium,Kirsty Dowle
19732,2018-09-30,15:00:00.000,37,4,FA Women's Super League,2018/2019,England,Regular Season,966,Liverpool WFC,974,Reading WFC,0,1,4,available,Prenton Park,David McNamara
19744,2018-10-28,16:00:00.000,37,4,FA Women's Super League,2018/2019,England,Regular Season,973,Bristol City WFC,968,Arsenal WFC,0,4,7,available,Stoke Gifford Stadium,Daniel Lamport
19799,2019-03-13,20:00:00.000,37,4,FA Women's Super League,2018/2019,England,Regular Season,966,Liverpool WFC,971,Chelsea FCW,0,4,18,available,Prenton Park,Joe Hull
19753,2018-11-04,15:00:00.000,37,4,FA Women's Super League,2018/2019,England,Regular Season,974,Reading WFC,973,Bristol City WFC,3,0,8,available,Adams Park ,Abigail Marnot
19735,2018-10-14,13:30:00.000,37,4,FA Women's Super League,2018/2019,England,Regular Season,746,Manchester City WFC,972,West Ham United LFC,7,1,5,available,Joie Stadium,Rebecca Welch
19720,2018-09-19,20:00:00.000,37,4,FA Women's Super League,2018/2019,England,Regular Season,973,Bristol City WFC,971,Chelsea FCW,0,0,2,available,Stoke Gifford Stadium,Stacey Pearson
19719,2018-09-19,20:45:00.000,37,4,FA Women's Super League,2018/2019,England,Regular Season,972,West Ham United LFC,974,Reading WFC,0,0,2,available,The Rush Green Stadium,Abigail Marriott
19715,2018-09-09,15:00:00.000,37,4,FA Women's Super League,2018/2019,England,Regular Season,965,Brighton & Hove Albion WFC,973,Bristol City WFC,0,1,1,available,Broadfield Stadium,Jack Packman
19723,2018-09-20,20:00:00.000,37,4,FA Women's Super League,2018/2019,England,Regular Season,967,Everton LFC,746,Manchester City WFC,0,4,2,available,Haig Avenue,Lucy Oliver
19722,2018-09-19,20:45:00.000,37,4,FA Women's Super League,2018/2019,England,Regular Season,970,Yeovil Town LFC,968,Arsenal WFC,0,7,2,available,Clayson Stadium,Scott Jackson
19727,2018-09-23,15:00:00.000,37,4,FA Women's Super League,2018/2019,England,Regular Season,974,Reading WFC,969,Birmingham City WFC,0,1,3,available,Adams Park ,Jacob Miles
19731,2018-09-30,16:00:00.000,37,4,FA Women's Super League,2018/2019,England,Regular Season,972,West Ham United LFC,970,Yeovil Town LFC,2,1,4,available,The Rush Green Stadium,David Spain
19714,2018-09-09,15:00:00.000,37,4,FA Women's Super League,2018/2019,England,Regular Season,971,Chelsea FCW,746,Manchester City WFC,0,0,1,available,Kingsmeadow,Rebecca Welch
19728,2018-09-23,15:00:00.000,37,4,FA Women's Super League,2018/2019,England,Regular Season,746,Manchester City WFC,973,Bristol City WFC,2,2,3,available,Joie Stadium,Asaka Koizumi
19726,2018-09-23,15:00:00.000,37,4,FA Women's Super League,2018/2019,England,Regular Season,967,Everton LFC,971,Chelsea FCW,0,0,3,available,Haig Avenue,Helen Conley
19725,2018-09-23,13:15:00.000,37,4,FA Women's Super League,2018/2019,England,Regular Season,965,Brighton & Hove Albion WFC,966,Liverpool WFC,0,1,3,available,Broadfield Stadium,Amy Fearn
19738,2018-10-14,16:00:00.000,37,4,FA Women's Super League,2018/2019,England,Regular Season,973,Bristol City WFC,969,Birmingham City WFC,0,1,5,available,Stoke Gifford Stadium,Samuel Allison
19759,2018-11-18,13:30:00.000,37,4,FA Women's Super League,2018/2019,England,Regular Season,967,Everton LFC,968,Arsenal WFC,0,4,9,available,Haig Avenue,Lucy Oliver
19750,2018-11-04,16:00:00.000,37,4,FA Women's Super League,2018/2019,England,Regular Season,970,Yeovil Town LFC,967,Everton LFC,1,0,8,available,Clayson Stadium,Phillip Staynings
19761,2018-11-17,16:00:00.000,37,4,FA Women's Super League,2018/2019,England,Regular Season,973,Bristol City WFC,966,Liverpool WFC,2,1,9,available,Stoke Gifford Stadium,Richard Gardner
19762,2018-11-18,15:00:00.000,37,4,FA Women's Super League,2018/2019,England,Regular Season,965,Brighton & Hove Albion WFC,974,Reading WFC,1,4,9,available,Broadfield Stadium,Ryan Atkin
19763,2018-11-18,15:00:00.000,37,4,FA Women's Super League,2018/2019,England,Regular Season,969,Birmingham City WFC,972,West Ham United LFC,3,0,9,available,ARMCO Arena,Stacey Pearson
19768,2018-11-25,16:00:00.000,37,4,FA Women's Super League,2018/2019,England,Regular Season,972,West Ham United LFC,973,Bristol City WFC,2,0,10,available,The Rush Green Stadium,Helen Conley
19767,2018-11-25,15:00:00.000,37,4,FA Women's Super League,2018/2019,England,Regular Season,974,Reading WFC,967,Everton LFC,2,1,10,available,Adams Park ,Amy Fearn
19776,2018-12-09,15:30:00.000,37,4,FA Women's Super League,2018/2019,England,Regular Season,965,Brighton & Hove Albion WFC,971,Chelsea FCW,0,4,12,available,Broadfield Stadium,David Rick
19737,2018-10-14,15:00:00.000,37,4,FA Women's Super League,2018/2019,England,Regular Season,966,Liverpool WFC,970,Yeovil Town LFC,2,1,5,available,Prenton Park,Helen Conley
19790,2019-01-27,15:00:00.000,37,4,FA Women's Super League,2018/2019,England,Regular Season,746,Manchester City WFC,965,Brighton & Hove Albion WFC,3,0,15,available,Joie Stadium,Amy Fearn
19793,2019-01-28,20:00:00.000,37,4,FA Women's Super League,2018/2019,England,Regular Season,966,Liverpool WFC,972,West Ham United LFC,1,0,15,available,Prenton Park,Rebecca Welch
19789,2019-01-27,15:00:00.000,37,4,FA Women's Super League,2018/2019,England,Regular Season,971,Chelsea FCW,969,Birmingham City WFC,2,3,15,available,Kingsmeadow,Helen Conley
19791,2019-01-27,13:30:00.000,37,4,FA Women's Super League,2018/2019,England,Regular Season,974,Reading WFC,968,Arsenal WFC,0,3,15,available,Adams Park ,Lucy Oliver
19795,2019-02-20,20:30:00.000,37,4,FA Women's Super League,2018/2019,England,Regular Season,974,Reading WFC,972,West Ham United LFC,1,2,17,available,Madejski Stadium,Rebecca Welch
19797,2019-02-20,20:30:00.000,37,4,FA Women's Super League,2018/2019,England,Regular Season,968,Arsenal WFC,970,Yeovil Town LFC,3,0,17,available,Meadow Park ,Kirsty Dowle
19780,2019-01-06,15:00:00.000,37,4,FA Women's Super League,2018/2019,England,Regular Season,966,Liverpool WFC,965,Brighton & Hove Albion WFC,0,2,13,available,Prenton Park,Elizabeth Simms
19781,2019-01-06,13:30:00.000,37,4,FA Women's Super League,2018/2019,England,Regular Season,972,West Ham United LFC,968,Arsenal WFC,2,4,13,available,The Rush Green Stadium,Will Finnie
19779,2019-01-06,16:00:00.000,37,4,FA Women's Super League,2018/2019,England,Regular Season,973,Bristol City WFC,746,Manchester City WFC,1,1,13,available,Stoke Gifford Stadium,James Durkin
19798,2019-02-20,20:00:00.000,37,4,FA Women's Super League,2018/2019,England,Regular Season,746,Manchester City WFC,967,Everton LFC,3,1,17,available,Joie Stadium,Elizabeth Simms
19782,2019-01-06,15:00:00.000,37,4,FA Women's Super League,2018/2019,England,Regular Season,969,Birmingham City WFC,974,Reading WFC,2,1,13,available,ARMCO Arena,Robert Massey Ellis
19784,2019-01-13,15:00:00.000,37,4,FA Women's Super League,2018/2019,England,Regular Season,965,Brighton & Hove Albion WFC,967,Everton LFC,0,0,14,available,Broadfield Stadium,Sunny Sukhvir Gill
19786,2019-01-13,16:00:00.000,37,4,FA Women's Super League,2018/2019,England,Regular Season,972,West Ham United LFC,746,Manchester City WFC,1,3,14,available,The Rush Green Stadium,Jason Richardson
19774,2018-12-09,15:00:00.000,37,4,FA Women's Super League,2018/2019,England,Regular Season,967,Everton LFC,973,Bristol City WFC,0,2,12,available,Haig Avenue,Jane Simms
19755,2019-02-10,14:00:00.000,37,4,FA Women's Super League,2018/2019,England,Regular Season,746,Manchester City WFC,971,Chelsea FCW,2,2,16,available,Joie Stadium,Matthew Dicicco
19806,2019-03-31,16:00:00.000,37,4,FA Women's Super League,2018/2019,England,Regular Season,973,Bristol City WFC,974,Reading WFC,0,1,19,available,Stoke Gifford Stadium,Samuel Allison
19807,2019-03-31,15:00:00.000,37,4,FA Women's Super League,2018/2019,England,Regular Season,746,Manchester City WFC,966,Liverpool WFC,2,1,19,available,Joie Stadium,Lucy Oliver
19788,2019-01-13,16:00:00.000,37,4,FA Women's Super League,2018/2019,England,Regular Season,970,Yeovil Town LFC,966,Liverpool WFC,1,2,14,available,Clayson Stadium,Marc Whaley
19808,2019-03-31,15:00:00.000,37,4,FA Women's Super League,2018/2019,England,Regular Season,967,Everton LFC,970,Yeovil Town LFC,0,1,19,available,Haig Avenue,Jill Short
19804,2019-03-31,13:30:00.000,37,4,FA Women's Super League,2018/2019,England,Regular Season,969,Birmingham City WFC,968,Arsenal WFC,0,1,19,available,ARMCO Arena,Rebecca Welch
19813,2019-04-21,16:00:00.000,37,4,FA Women's Super League,2018/2019,England,Regular Season,972,West Ham United LFC,969,Birmingham City WFC,1,2,20,available,The Rush Green Stadium,Rob Whitton
19816,2019-04-28,13:00:00.000,37,4,FA Women's Super League,2018/2019,England,Regular Season,969,Birmingham City WFC,966,Liverpool WFC,2,0,21,available,St Andrew's @ Knighthead Park,Abigail Byrne
19809,2019-04-20,14:00:00.000,37,4,FA Women's Super League,2018/2019,England,Regular Season,974,Reading WFC,965,Brighton & Hove Albion WFC,1,0,20,available,Madejski Stadium,Amy Fearn
19815,2019-04-28,13:15:00.000,37,4,FA Women's Super League,2018/2019,England,Regular Season,965,Brighton & Hove Albion WFC,968,Arsenal WFC,0,4,21,available,The American Express Community Stadium,Lucy Oliver
19817,2019-04-28,15:00:00.000,37,4,FA Women's Super League,2018/2019,England,Regular Season,967,Everton LFC,974,Reading WFC,3,2,21,available,Haig Avenue,Andrew Kitchen
19818,2019-04-28,15:00:00.000,37,4,FA Women's Super League,2018/2019,England,Regular Season,746,Manchester City WFC,970,Yeovil Town LFC,2,1,21,available,Joie Stadium,Richard Aspinall
19819,2019-05-11,13:30:00.000,37,4,FA Women's Super League,2018/2019,England,Regular Season,972,West Ham United LFC,965,Brighton & Hove Albion WFC,0,4,22,available,The Rush Green Stadium,Stacey Pearson
19821,2019-05-11,13:30:00.000,37,4,FA Women's Super League,2018/2019,England,Regular Season,968,Arsenal WFC,746,Manchester City WFC,1,0,22,available,Meadow Park ,Rebecca Welch
19801,2019-03-13,20:30:00.000,37,4,FA Women's Super League,2018/2019,England,Regular Season,974,Reading WFC,746,Manchester City WFC,3,4,18,available,Adams Park ,Tom Reeves
19741,2018-10-21,15:00:00.000,37,4,FA Women's Super League,2018/2019,England,Regular Season,968,Arsenal WFC,974,Reading WFC,6,0,6,available,Meadow Park ,Abigail Marriott
19756,2019-04-17,20:00:00.000,37,4,FA Women's Super League,2018/2019,England,Regular Season,967,Everton LFC,969,Birmingham City WFC,1,3,16,available,Haig Avenue,Paul Clarke
19754,2019-03-24,13:30:00.000,37,4,FA Women's Super League,2018/2019,England,Regular Season,966,Liverpool WFC,968,Arsenal WFC,1,5,16,available,Prenton Park,Helen Conley
19724,2018-09-23,15:00:00.000,37,4,FA Women's Super League,2018/2019,England,Regular Season,968,Arsenal WFC,972,West Ham United LFC,4,3,3,available,Meadow Park ,Paul Howard
19814,2019-04-28,16:00:00.000,37,4,FA Women's Super League,2018/2019,England,Regular Season,973,Bristol City WFC,972,West Ham United LFC,1,2,21,available,Stoke Gifford Stadium,Richard Hulme
19729,2019-03-24,16:00:00.000,37,4,FA Women's Super League,2018/2019,England,Regular Season,973,Bristol City WFC,967,Everton LFC,1,0,4,available,Stoke Gifford Stadium,Stacey Pearson
19796,2019-02-20,20:45:00.000,37,4,FA Women's Super League,2018/2019,England,Regular Season,965,Brighton & Hove Albion WFC,969,Birmingham City WFC,2,1,17,available,Broadfield Stadium,Abigail Marnot
3888787,1979-09-07,19:00:00.000,1470,274,FIFA U20 World Cup,1979,International,Final,9763,Argentina U20,17403,Soviet Union U20,3,1,6,available,Japan National Stadium (Tōkyō (Tokyo)),José Roberto Ramiz Wright
3857276,2022-12-01,15:00:00.000,43,106,FIFA World Cup,2022,International,Group Stage,1833,Canada,788,Morocco,1,2,3,available,Al Thumama Stadium,Raphael Claus
3857271,2022-11-21,13:00:00.000,43,106,FIFA World Cup,2022,International,Group Stage,768,England,797,Iran,6,2,1,available,Sheikh Khalifa International Stadium,Raphael Claus
3857296,2022-12-01,15:00:00.000,43,106,FIFA World Cup,2022,International,Group Stage,785,Croatia,782,Belgium,0,0,3,available,Ahmad bin Ali Stadium,Anthony Taylor
3857274,2022-11-25,16:00:00.000,43,106,FIFA World Cup,2022,International,Group Stage,941,Netherlands,3565,Ecuador,1,1,2,available,Sheikh Khalifa International Stadium,Mustapha Ghorbal
3857255,2022-12-01,19:00:00.000,43,106,FIFA World Cup,2022,International,Group Stage,778,Japan,772,Spain,2,1,3,available,Sheikh Khalifa International Stadium,Victor Miguel de Freitas Gomes
3857272,2022-11-25,19:00:00.000,43,106,FIFA World Cup,2022,International,Group Stage,768,England,1839,United States,0,0,2,available,Al Bayt Stadium,Jesús Valenzuela Sáez
3857278,2022-11-29,19:00:00.000,43,106,FIFA World Cup,2022,International,Group Stage,797,Iran,1839,United States,0,1,3,available,Al Thumama Stadium,Antonio Miguel Mateu Lahoz
3857277,2022-11-23,10:00:00.000,43,106,FIFA World Cup,2022,International,Group Stage,788,Morocco,785,Croatia,0,0,1,available,Al Bayt Stadium,Fernando Andrés Rapallini
3857273,2022-11-25,10:00:00.000,43,106,FIFA World Cup,2022,International,Group Stage,907,Wales,797,Iran,0,2,2,available,Ahmad bin Ali Stadium,Mario Alberto Escobar Toca
3857275,2022-11-30,15:00:00.000,43,106,FIFA World Cup,2022,International,Group Stage,777,Tunisia,771,France,1,0,3,available,Education City Stadium ,Matthew Conger
3857261,2022-11-29,19:00:00.000,43,106,FIFA World Cup,2022,International,Group Stage,907,Wales,768,England,0,3,3,available,Ahmad bin Ali Stadium,Slavko Vinčić
3857290,2022-11-24,10:00:00.000,43,106,FIFA World Cup,2022,International,Group Stage,773,Switzerland,2722,Cameroon,1,0,1,available,Al Janoub Stadium   ,Facundo Tello Figueroa
3857298,2022-11-24,16:00:00.000,43,106,FIFA World Cup,2022,International,Group Stage,780,Portugal,4885,Ghana,3,2,1,available,Stadium 974,Ismail Elfath
3857285,2022-11-21,16:00:00.000,43,106,FIFA World Cup,2022,International,Group Stage,787,Senegal,941,Netherlands,0,2,1,available,Al Thumama Stadium,Wilton Pereira Sampaio
3857282,2022-11-21,19:00:00.000,43,106,FIFA World Cup,2022,International,Group Stage,1839,United States,907,Wales,1,1,1,available,Ahmad bin Ali Stadium,Abdulrahman Ibrahim Al Jassim
3857297,2022-11-26,13:00:00.000,43,106,FIFA World Cup,2022,International,Group Stage,789,Poland,799,Saudi Arabia,2,0,2,available,Education City Stadium ,Wilton Pereira Sampaio
3857294,2022-11-29,15:00:00.000,43,106,FIFA World Cup,2022,International,Group Stage,941,Netherlands,3566,Qatar,2,0,3,available,Al Bayt Stadium,Bakary Papa Gassama
3857266,2022-11-26,16:00:00.000,43,106,FIFA World Cup,2022,International,Group Stage,771,France,776,Denmark,2,1,2,available,Stadium 974,Szymon Marciniak
3857284,2022-11-23,13:00:00.000,43,106,FIFA World Cup,2022,International,Group Stage,770,Germany,778,Japan,1,2,1,available,Sheikh Khalifa International Stadium,Ivan Arcides Barton Cisneros
3857254,2022-11-22,13:00:00.000,43,106,FIFA World Cup,2022,International,Group Stage,776,Denmark,777,Tunisia,0,0,1,available,Education City Stadium ,César Arturo Ramos Palazuelos
3857265,2022-11-22,16:00:00.000,43,106,FIFA World Cup,2022,International,Group Stage,794,Mexico,789,Poland,0,0,1,available,Stadium 974,Chris Beath
3857301,2022-11-25,13:00:00.000,43,106,FIFA World Cup,2022,International,Group Stage,3566,Qatar,787,Senegal,1,3,2,available,Al Thumama Stadium,Antonio Miguel Mateu Lahoz
3857268,2022-11-23,19:00:00.000,43,106,FIFA World Cup,2022,International,Group Stage,782,Belgium,1833,Canada,1,0,1,available,Ahmad bin Ali Stadium,Janny Sikazwe
3857269,2022-11-28,16:00:00.000,43,106,FIFA World Cup,2022,International,Group Stage,781,Brazil,773,Switzerland,1,0,2,available,Stadium 974,Ivan Arcides Barton Cisneros
3869321,2022-12-09,19:00:00.000,43,106,FIFA World Cup,2022,International,Quarter-finals,941,Netherlands,779,Argentina,2,2,5,available,Lusail Stadium,Antonio Miguel Mateu Lahoz
3857292,2022-12-01,19:00:00.000,43,106,FIFA World Cup,2022,International,Group Stage,795,Costa Rica,770,Germany,2,4,3,available,Al Bayt Stadium,Stéphanie Frappart
3857295,2022-11-27,10:00:00.000,43,106,FIFA World Cup,2022,International,Group Stage,778,Japan,795,Costa Rica,0,1,2,available,Ahmad bin Ali Stadium,Michael Oliver
3869685,2022-12-18,17:00:00.000,43,106,FIFA World Cup,2022,International,Final,779,Argentina,771,France,3,3,7,available,Lusail Stadium,Szymon Marciniak
3869684,2022-12-17,17:00:00.000,43,106,FIFA World Cup,2022,International,3rd Place Final,785,Croatia,788,Morocco,2,1,7,available,Sheikh Khalifa International Stadium,Abdulrahman Ibrahim Al Jassim
3857256,2022-12-02,19:00:00.000,43,106,FIFA World Cup,2022,International,Group Stage,786,Serbia,773,Switzerland,2,3,3,available,Stadium 974,Fernando Andrés Rapallini
3869151,2022-12-03,21:00:00.000,43,106,FIFA World Cup,2022,International,Round of 16,779,Argentina,792,Australia,2,1,4,available,Ahmad bin Ali Stadium,Szymon Marciniak
3857257,2022-11-30,15:00:00.000,43,106,FIFA World Cup,2022,International,Group Stage,792,Australia,776,Denmark,1,0,3,available,Al Janoub Stadium   ,Mustapha Ghorbal
3857258,2022-11-24,19:00:00.000,43,106,FIFA World Cup,2022,International,Group Stage,781,Brazil,786,Serbia,2,0,1,available,Lusail Stadium,Alireza Faghani
3857288,2022-11-26,10:00:00.000,43,106,FIFA World Cup,2022,International,Group Stage,777,Tunisia,792,Australia,0,1,2,available,Al Janoub Stadium   ,Daniel Siebert
3857267,2022-11-29,15:00:00.000,43,106,FIFA World Cup,2022,International,Group Stage,3565,Ecuador,787,Senegal,1,2,3,available,Sheikh Khalifa International Stadium,Clément Turpin
3857287,2022-11-24,13:00:00.000,43,106,FIFA World Cup,2022,International,Group Stage,783,Uruguay,791,South Korea,0,0,1,available,Education City Stadium ,Clément Turpin
3869486,2022-12-10,17:00:00.000,43,106,FIFA World Cup,2022,International,Quarter-finals,788,Morocco,780,Portugal,1,0,5,available,Al Thumama Stadium,Facundo Tello Figueroa
3857260,2022-11-30,19:00:00.000,43,106,FIFA World Cup,2022,International,Group Stage,799,Saudi Arabia,794,Mexico,1,2,3,available,Lusail Stadium,Michael Oliver
3857264,2022-11-30,19:00:00.000,43,106,FIFA World Cup,2022,International,Group Stage,789,Poland,779,Argentina,0,2,3,available,Stadium 974,Danny Desmond Makkelie
3857289,2022-11-26,19:00:00.000,43,106,FIFA World Cup,2022,International,Group Stage,779,Argentina,794,Mexico,2,0,2,available,Lusail Stadium,Daniele Orsato
3869254,2022-12-06,21:00:00.000,43,106,FIFA World Cup,2022,International,Round of 16,780,Portugal,773,Switzerland,6,1,4,available,Lusail Stadium,César Arturo Ramos Palazuelos
3869118,2022-12-04,21:00:00.000,43,106,FIFA World Cup,2022,International,Round of 16,768,England,787,Senegal,3,0,4,available,Al Bayt Stadium,Ivan Arcides Barton Cisneros
3869519,2022-12-13,21:00:00.000,43,106,FIFA World Cup,2022,International,Semi-finals,779,Argentina,785,Croatia,3,0,6,available,Lusail Stadium,Daniele Orsato
3869354,2022-12-10,21:00:00.000,43,106,FIFA World Cup,2022,International,Quarter-finals,768,England,771,France,1,2,5,available,Al Bayt Stadium,Wilton Pereira Sampaio
3869552,2022-12-14,21:00:00.000,43,106,FIFA World Cup,2022,International,Semi-finals,771,France,788,Morocco,2,0,6,available,Al Bayt Stadium,César Arturo Ramos Palazuelos
3869420,2022-12-09,17:00:00.000,43,106,FIFA World Cup,2022,International,Quarter-finals,785,Croatia,781,Brazil,1,1,5,available,Education City Stadium ,Michael Oliver
3869220,2022-12-06,17:00:00.000,43,106,FIFA World Cup,2022,International,Round of 16,788,Morocco,772,Spain,0,0,4,available,Education City Stadium ,Fernando Andrés Rapallini
3869219,2022-12-05,17:00:00.000,43,106,FIFA World Cup,2022,International,Round of 16,778,Japan,785,Croatia,1,1,4,available,Al Janoub Stadium   ,Ismail Elfath
3869253,2022-12-05,21:00:00.000,43,106,FIFA World Cup,2022,International,Round of 16,781,Brazil,791,South Korea,4,1,4,available,Stadium 974,Clément Turpin
3869152,2022-12-04,17:00:00.000,43,106,FIFA World Cup,2022,International,Round of 16,771,France,789,Poland,3,1,4,available,Al Thumama Stadium,Jesús Valenzuela Sáez
3869117,2022-12-03,17:00:00.000,43,106,FIFA World Cup,2022,International,Round of 16,941,Netherlands,1839,United States,3,1,4,available,Sheikh Khalifa International Stadium,Wilton Pereira Sampaio
3857270,2022-11-28,19:00:00.000,43,106,FIFA World Cup,2022,International,Group Stage,780,Portugal,783,Uruguay,2,0,2,available,Lusail Stadium,Alireza Faghani
3857263,2022-11-27,19:00:00.000,43,106,FIFA World Cup,2022,International,Group Stage,772,Spain,770,Germany,1,1,2,available,Al Bayt Stadium,Danny Desmond Makkelie
3857259,2022-11-28,10:00:00.000,43,106,FIFA World Cup,2022,International,Group Stage,2722,Cameroon,786,Serbia,3,3,2,available,Al Janoub Stadium   ,Mohamed Abdulla Hassan Mohd
3857283,2022-11-27,13:00:00.000,43,106,FIFA World Cup,2022,International,Group Stage,782,Belgium,788,Morocco,0,2,2,available,Al Thumama Stadium,César Arturo Ramos Palazuelos
3857286,2022-11-20,16:00:00.000,43,106,FIFA World Cup,2022,International,Group Stage,3566,Qatar,3565,Ecuador,0,2,1,available,Al Bayt Stadium,Daniele Orsato
3857300,2022-11-22,10:00:00.000,43,106,FIFA World Cup,2022,International,Group Stage,779,Argentina,799,Saudi Arabia,1,2,1,available,Lusail Stadium,Slavko Vinčić
3857299,2022-11-28,13:00:00.000,43,106,FIFA World Cup,2022,International,Group Stage,791,South Korea,4885,Ghana,2,3,2,available,Education City Stadium ,Anthony Taylor
3857293,2022-12-02,15:00:00.000,43,106,FIFA World Cup,2022,International,Group Stage,4885,Ghana,783,Uruguay,0,2,3,available,Al Janoub Stadium   ,Daniel Siebert
3857291,2022-11-23,16:00:00.000,43,106,FIFA World Cup,2022,International,Group Stage,772,Spain,795,Costa Rica,7,0,1,available,Al Thumama Stadium,
3857281,2022-11-27,16:00:00.000,43,106,FIFA World Cup,2022,International,Group Stage,785,Croatia,1833,Canada,4,1,2,available,Sheikh Khalifa International Stadium,Andrés Matonte
3857280,2022-12-02,19:00:00.000,43,106,FIFA World Cup,2022,International,Group Stage,2722,Cameroon,781,Brazil,1,0,3,available,Lusail Stadium,Ismail Elfath
3857279,2022-11-22,19:00:00.000,43,106,FIFA World Cup,2022,International,Group Stage,771,France,792,Australia,4,1,1,available,Al Janoub Stadium   ,Victor Miguel de Freitas Gomes
3857262,2022-12-02,15:00:00.000,43,106,FIFA World Cup,2022,International,Group Stage,791,South Korea,780,Portugal,2,1,3,available,Education City Stadium ,Facundo Tello Figueroa
8650,2018-07-06,18:00:00.000,43,3,FIFA World Cup,2018,International,Quarter-finals,781,Brazil,782,Belgium,1,2,5,available,Ak Bars Arena,Milorad Mažić
7584,2018-07-02,18:00:00.000,43,3,FIFA World Cup,2018,International,Round of 16,782,Belgium,778,Japan,3,2,4,available,Rostov Arena,Malang Diedhiou
7554,2018-06-24,12:00:00.000,43,3,FIFA World Cup,2018,International,Group Stage,768,England,798,Panama,6,1,2,available,Stadion Nizhny Novgorod (Nizhniy Novgorod),Ghead Grisha
7539,2018-06-19,15:00:00.000,43,3,FIFA World Cup,2018,International,Group Stage,789,Poland,787,Senegal,1,2,1,available,Otkritie Bank Arena,Nawaf Abdulla Ghayyath Shukralla
7550,2018-06-22,18:00:00.000,43,3,FIFA World Cup,2018,International,Group Stage,786,Serbia,773,Switzerland,1,2,2,available,Rostec Arena,Felix Brych
7538,2018-06-18,12:00:00.000,43,3,FIFA World Cup,2018,International,Group Stage,790,Sweden,791,South Korea,1,0,1,available,Stadion Nizhny Novgorod (Nizhniy Novgorod),Joel Antonio Aguilar Chicas
7534,2018-06-17,15:00:00.000,43,3,FIFA World Cup,2018,International,Group Stage,770,Germany,794,Mexico,0,1,1,available,Stadion Luzhniki,Alireza Faghani
7543,2018-06-20,18:00:00.000,43,3,FIFA World Cup,2018,International,Group Stage,797,Iran,772,Spain,0,1,2,available,Ak Bars Arena,Andrés Cunha
7544,2018-06-20,15:00:00.000,43,3,FIFA World Cup,2018,International,Group Stage,783,Uruguay,799,Saudi Arabia,1,0,2,available,Rostov Arena,Clément Turpin
7546,2018-06-21,15:00:00.000,43,3,FIFA World Cup,2018,International,Group Stage,771,France,784,Peru,1,0,2,available,Ekaterinburg Arena,Mohamed Abdulla Hassan Mohd
7545,2018-06-21,18:00:00.000,43,3,FIFA World Cup,2018,International,Group Stage,779,Argentina,785,Croatia,0,3,2,available,Stadion Nizhny Novgorod (Nizhniy Novgorod),Ravshan Irmatov
7585,2018-07-03,18:00:00.000,43,3,FIFA World Cup,2018,International,Round of 16,769,Colombia,768,England,1,1,4,available,Otkritie Bank Arena,Mark Geiger
7569,2018-06-28,18:00:00.000,43,3,FIFA World Cup,2018,International,Group Stage,798,Panama,777,Tunisia,1,2,3,available,Mordovia Arena,Nawaf Abdulla Ghayyath Shukralla
7572,2018-06-28,14:00:00.000,43,3,FIFA World Cup,2018,International,Group Stage,778,Japan,789,Poland,0,1,3,available,Volgograd Arena,Janny Sikazwe
7561,2018-06-26,18:00:00.000,43,3,FIFA World Cup,2018,International,Group Stage,793,Iceland,785,Croatia,1,2,3,available,Rostov Arena,Antonio Miguel Mateu Lahoz
7540,2018-06-19,18:00:00.000,43,3,FIFA World Cup,2018,International,Group Stage,796,Russia,774,Egypt,3,1,2,available,Saint-Petersburg Stadium ( Gazprom Arena ),Enrique Cáceres
7531,2018-06-16,13:00:00.000,43,3,FIFA World Cup,2018,International,Group Stage,779,Argentina,793,Iceland,1,1,1,available,Otkritie Bank Arena,Szymon Marciniak
7570,2018-06-28,18:00:00.000,43,3,FIFA World Cup,2018,International,Group Stage,768,England,782,Belgium,0,1,3,available,Rostec Arena,Damir Skomina
7586,2018-07-03,14:00:00.000,43,3,FIFA World Cup,2018,International,Round of 16,790,Sweden,773,Switzerland,1,0,4,available,Saint-Petersburg Stadium ( Gazprom Arena ),Damir Skomina
7557,2018-06-25,18:00:00.000,43,3,FIFA World Cup,2018,International,Group Stage,797,Iran,780,Portugal,1,1,3,available,Mordovia Arena,Enrique Cáceres
7542,2018-06-20,12:00:00.000,43,3,FIFA World Cup,2018,International,Group Stage,780,Portugal,788,Morocco,1,0,2,available,Stadion Luzhniki,Mark Geiger
8656,2018-07-11,18:00:00.000,43,3,FIFA World Cup,2018,International,Semi-finals,785,Croatia,768,England,2,1,6,available,Stadion Luzhniki,Cüneyt Çakιr
7548,2018-06-22,12:00:00.000,43,3,FIFA World Cup,2018,International,Group Stage,781,Brazil,795,Costa Rica,2,0,2,available,Saint-Petersburg Stadium ( Gazprom Arena ),Björn Kuipers
7578,2018-06-15,12:00:00.000,43,3,FIFA World Cup,2018,International,Group Stage,774,Egypt,783,Uruguay,0,1,1,available,Ekaterinburg Arena,Björn Kuipers
7553,2018-06-23,15:00:00.000,43,3,FIFA World Cup,2018,International,Group Stage,791,South Korea,794,Mexico,1,2,2,available,Rostov Arena,Milorad Mažić
7536,2018-06-18,15:00:00.000,43,3,FIFA World Cup,2018,International,Group Stage,782,Belgium,798,Panama,3,0,1,available,Olimpiyskiy Stadion Fisht,Janny Sikazwe
7555,2018-06-24,18:00:00.000,43,3,FIFA World Cup,2018,International,Group Stage,789,Poland,769,Colombia,0,3,2,available,Ak Bars Arena,César Arturo Ramos Palazuelos
7576,2018-06-15,18:00:00.000,43,3,FIFA World Cup,2018,International,Group Stage,780,Portugal,772,Spain,3,3,1,available,Olimpiyskiy Stadion Fisht,Gianluca Rocchi
7565,2018-06-27,18:00:00.000,43,3,FIFA World Cup,2018,International,Group Stage,786,Serbia,781,Brazil,0,2,3,available,Otkritie Bank Arena,Alireza Faghani
7551,2018-06-23,18:00:00.000,43,3,FIFA World Cup,2018,International,Group Stage,770,Germany,790,Sweden,2,1,2,available,Olimpiyskiy Stadion Fisht,Szymon Marciniak
7537,2018-06-18,18:00:00.000,43,3,FIFA World Cup,2018,International,Group Stage,777,Tunisia,768,England,1,2,1,available,Volgograd Arena,Wilmar Alexander Roldán Pérez
7580,2018-06-30,14:00:00.000,43,3,FIFA World Cup,2018,International,Round of 16,771,France,779,Argentina,4,3,4,available,Ak Bars Arena,Alireza Faghani
7581,2018-07-01,18:00:00.000,43,3,FIFA World Cup,2018,International,Round of 16,785,Croatia,776,Denmark,1,1,4,available,Stadion Nizhny Novgorod (Nizhniy Novgorod),Néstor Fabián Pitana
7549,2018-06-22,15:00:00.000,43,3,FIFA World Cup,2018,International,Group Stage,775,Nigeria,793,Iceland,2,0,2,available,Volgograd Arena,Matthew Conger
7529,2018-06-16,19:00:00.000,43,3,FIFA World Cup,2018,International,Group Stage,785,Croatia,775,Nigeria,2,0,1,available,Rostec Arena,Sandro Ricci
7562,2018-06-26,14:00:00.000,43,3,FIFA World Cup,2018,International,Group Stage,792,Australia,784,Peru,0,2,3,available,Olimpiyskiy Stadion Fisht,Sergey Karasev
7571,2018-06-28,14:00:00.000,43,3,FIFA World Cup,2018,International,Group Stage,787,Senegal,769,Colombia,0,1,3,available,Solidarnost Arena,Milorad Mažić
7568,2018-06-27,18:00:00.000,43,3,FIFA World Cup,2018,International,Group Stage,773,Switzerland,795,Costa Rica,2,2,3,available,Stadion Nizhny Novgorod (Nizhniy Novgorod),Clément Turpin
7530,2018-06-16,10:00:00.000,43,3,FIFA World Cup,2018,International,Group Stage,771,France,792,Australia,2,1,1,available,Ak Bars Arena,Andrés Cunha
7558,2018-06-25,14:00:00.000,43,3,FIFA World Cup,2018,International,Group Stage,783,Uruguay,796,Russia,3,0,3,available,Solidarnost Arena,Malang Diedhiou
7583,2018-07-02,14:00:00.000,43,3,FIFA World Cup,2018,International,Round of 16,781,Brazil,794,Mexico,2,0,4,available,Solidarnost Arena,Gianluca Rocchi
7547,2018-06-21,12:00:00.000,43,3,FIFA World Cup,2018,International,Group Stage,776,Denmark,792,Australia,1,1,2,available,Solidarnost Arena,Antonio Miguel Mateu Lahoz
7535,2018-06-17,12:00:00.000,43,3,FIFA World Cup,2018,International,Group Stage,795,Costa Rica,786,Serbia,0,1,1,available,Solidarnost Arena,Malang Diedhiou
8649,2018-07-06,14:00:00.000,43,3,FIFA World Cup,2018,International,Quarter-finals,783,Uruguay,771,France,0,2,5,available,Stadion Nizhny Novgorod (Nizhniy Novgorod),Néstor Fabián Pitana
8658,2018-07-15,17:00:00.000,43,3,FIFA World Cup,2018,International,Final,771,France,785,Croatia,4,2,7,available,Stadion Luzhniki,Néstor Fabián Pitana
7582,2018-07-01,14:00:00.000,43,3,FIFA World Cup,2018,International,Round of 16,772,Spain,796,Russia,1,1,4,available,Stadion Luzhniki,Björn Kuipers
7552,2018-06-23,12:00:00.000,43,3,FIFA World Cup,2018,International,Group Stage,782,Belgium,777,Tunisia,5,2,2,available,Otkritie Bank Arena,Jair Marrufo
7532,2018-06-16,16:00:00.000,43,3,FIFA World Cup,2018,International,Group Stage,784,Peru,776,Denmark,0,1,1,available,Mordovia Arena,Bakary Papa Gassama
7560,2018-06-25,18:00:00.000,43,3,FIFA World Cup,2018,International,Group Stage,772,Spain,788,Morocco,2,2,3,available,Rostec Arena,Ravshan Irmatov
7533,2018-06-17,18:00:00.000,43,3,FIFA World Cup,2018,International,Group Stage,781,Brazil,773,Switzerland,1,1,1,available,Rostov Arena,César Arturo Ramos Palazuelos
7564,2018-06-26,18:00:00.000,43,3,FIFA World Cup,2018,International,Group Stage,775,Nigeria,779,Argentina,1,2,3,available,Saint-Petersburg Stadium ( Gazprom Arena ),Cüneyt Çakιr
7579,2018-06-30,18:00:00.000,43,3,FIFA World Cup,2018,International,Round of 16,783,Uruguay,780,Portugal,2,1,4,available,Olimpiyskiy Stadion Fisht,César Arturo Ramos Palazuelos
7577,2018-06-15,15:00:00.000,43,3,FIFA World Cup,2018,International,Group Stage,788,Morocco,797,Iran,0,1,1,available,Saint-Petersburg Stadium ( Gazprom Arena ),Cüneyt Çakιr
7525,2018-06-14,15:00:00.000,43,3,FIFA World Cup,2018,International,Group Stage,796,Russia,799,Saudi Arabia,5,0,1,available,Stadion Luzhniki,Néstor Fabián Pitana
7566,2018-06-27,14:00:00.000,43,3,FIFA World Cup,2018,International,Group Stage,794,Mexico,790,Sweden,0,3,3,available,Ekaterinburg Arena,Néstor Fabián Pitana
8651,2018-07-07,14:00:00.000,43,3,FIFA World Cup,2018,International,Quarter-finals,790,Sweden,768,England,0,2,5,available,Solidarnost Arena,Björn Kuipers
7567,2018-06-27,14:00:00.000,43,3,FIFA World Cup,2018,International,Group Stage,791,South Korea,770,Germany,2,0,3,available,Ak Bars Arena,Mark Geiger
7541,2018-06-19,12:00:00.000,43,3,FIFA World Cup,2018,International,Group Stage,769,Colombia,778,Japan,1,2,1,available,Mordovia Arena,Damir Skomina
8655,2018-07-10,18:00:00.000,43,3,FIFA World Cup,2018,International,Semi-finals,771,France,782,Belgium,1,0,6,available,Saint-Petersburg Stadium ( Gazprom Arena ),Andrés Cunha
8657,2018-07-14,16:00:00.000,43,3,FIFA World Cup,2018,International,3rd Place Final,782,Belgium,768,England,2,0,7,available,Saint-Petersburg Stadium ( Gazprom Arena ),Alireza Faghani
8652,2018-07-07,18:00:00.000,43,3,FIFA World Cup,2018,International,Quarter-finals,796,Russia,785,Croatia,2,2,5,available,Olimpiyskiy Stadion Fisht,Sandro Ricci
7563,2018-06-26,14:00:00.000,43,3,FIFA World Cup,2018,International,Group Stage,776,Denmark,771,France,0,0,3,available,Stadion Luzhniki,Sandro Ricci
7556,2018-06-24,15:00:00.000,43,3,FIFA World Cup,2018,International,Group Stage,778,Japan,787,Senegal,2,2,2,available,Ekaterinburg Arena,Gianluca Rocchi
7559,2018-06-25,14:00:00.000,43,3,FIFA World Cup,2018,International,Group Stage,799,Saudi Arabia,774,Egypt,2,1,3,available,Volgograd Arena,Wilmar Alexander Roldán Pérez
3793185,1990-06-24,17:00:00.000,43,55,FIFA World Cup,1990,International,Round of 16,781,Brazil,779,Argentina,0,1,1,available,Stadio delle Alpi,Joël Quiniou
3889148,1986-06-25,21:00:00.000,43,54,FIFA World Cup,1986,International,Semi-finals,779,Argentina,782,Belgium,2,0,2,available,Estadio Azteca,Antonio Márquez Ramírez
3889149,1986-06-29,17:00:00.000,43,54,FIFA World Cup,1986,International,Semi-finals,779,Argentina,770,Germany,3,2,3,available,Estadio Azteca,
3750191,1986-06-22,19:00:00.000,43,54,FIFA World Cup,1986,International,Quarter-finals,779,Argentina,768,England,2,1,1,available,Estadio Azteca,Ali Bin Nasser
3888718,1974-06-30,15:00:00.000,43,51,FIFA World Cup,1974,International,1st Group Stage,2721,German DR,941,Netherlands,0,2,5,available,Parkstadion Obenende,Rudolf Scheurer
3888720,1974-07-07,18:00:00.000,43,51,FIFA World Cup,1974,International,Final,941,Netherlands,770,Germany,1,2,7,available,Olympiastadion München ,Jack Taylor
3888719,1974-07-03,18:30:00.000,43,51,FIFA World Cup,1974,International,1st Group Stage,941,Netherlands,781,Brazil,2,0,6,available,Signal-Iduna-Park,Kurt Tschenscher
3888717,1974-06-26,18:30:00.000,43,51,FIFA World Cup,1974,International,1st Group Stage,941,Netherlands,779,Argentina,4,0,4,available,Parkstadion Obenende,Bobby Davidson
3888716,1974-06-19,21:30:00.000,43,51,FIFA World Cup,1974,International,1st Group Stage,941,Netherlands,790,Sweden,0,0,2,available,Signal-Iduna-Park,Werner Winsemann
3750180,1974-06-22,16:30:00.000,43,51,FIFA World Cup,1974,International,1st Group Stage,2721,German DR,770,Germany,1,0,3,available,Volksparkstadion,Ramón Ivanoes Barreto Ruiz
3888700,1970-06-07,18:00:00.000,43,272,FIFA World Cup,1970,International,Group Stage,781,Brazil,768,England,1,0,2,available,Estadio Jalisco,Abraham Klein
3889218,1970-06-14,17:00:00.000,43,272,FIFA World Cup,1970,International,Quarter-finals,781,Brazil,784,Peru,4,2,4,available,Estadio Jalisco,Vital Georges Gilbert Loraux
3889217,1970-06-09,22:00:00.000,43,272,FIFA World Cup,1970,International,Group Stage,781,Brazil,905,Romania,3,2,3,available,Estadio Jalisco,Ferdinand Marschall
3888702,1970-06-21,21:00:00.000,43,272,FIFA World Cup,1970,International,Final,781,Brazil,914,Italy,4,1,6,available,Estadio Azteca,Rudi Glöckner
3888701,1970-06-17,22:00:00.000,43,272,FIFA World Cup,1970,International,Semi-finals,781,Brazil,783,Uruguay,3,1,5,available,Estadio Jalisco,José Maria Ortíz De Mendibil
3888699,1970-06-03,22:00:00.000,43,272,FIFA World Cup,1970,International,Group Stage,781,Brazil,17469,Czechoslovakia,4,1,1,available,Estadio Jalisco,Ramón Ivanoes Barreto Ruiz
3888854,1962-05-30,18:00:00.000,43,270,FIFA World Cup,1962,International,Group Stage,781,Brazil,794,Mexico,2,0,1,available,Estadio Sausalito ,
3888705,1958-06-29,17:00:00.000,43,269,FIFA World Cup,1958,International,Final,781,Brazil,790,Sweden,5,2,7,available,Friends Arena,Maurice Guigue
3888704,1958-06-24,18:00:00.000,43,269,FIFA World Cup,1958,International,Semi-finals,781,Brazil,771,France,5,2,6,available,Friends Arena,Mervyn Griffiths
3911779,2023-11-04,11:00:00.000,135,281,Frauen Bundesliga,2023/2024,Germany,Regular Season,3169,Hoffenheim W,3165,SC Freiburg,2,3,6,available,Dietmar-Hopp-Stadion,Karoline Wacker
3912217,2024-03-09,14:00:00.000,135,281,Frauen Bundesliga,2023/2024,Germany,Regular Season,3169,Hoffenheim W,19106,Nürnberg W,2,0,15,available,Dietmar-Hopp-Stadion,Miriam Schwermer
3912219,2024-03-15,17:30:00.000,135,281,Frauen Bundesliga,2023/2024,Germany,Regular Season,3169,Hoffenheim W,929,VfL Wolfsburg WFC,2,1,16,available,Dietmar-Hopp-Stadion,Annika Kost
3911780,2023-11-06,18:30:00.000,135,281,Frauen Bundesliga,2023/2024,Germany,Regular Season,3168,SV Werder Bremen,3170,Eintracht Frankfurt W,0,1,6,available,Weserstadion Platz 11,Anna-Lena Heidenreich
3911802,2023-12-10,13:00:00.000,135,281,Frauen Bundesliga,2023/2024,Germany,Regular Season,3170,Eintracht Frankfurt W,3169,Hoffenheim W,3,1,9,available,Stadion am Brentanobad,Franziska Wildfeuer
3911778,2023-10-22,16:30:00.000,135,281,Frauen Bundesliga,2023/2024,Germany,Regular Season,19107,RB Leipzig W,1069,Bayern München W,0,3,5,available,Trainingszentrum RB Leipzig Platz 1,Laura Duske
3912190,2024-01-27,13:00:00.000,135,281,Frauen Bundesliga,2023/2024,Germany,Regular Season,1069,Bayern München W,3169,Hoffenheim W,1,0,11,available,FC Bayern Campus Platz 1,Nadine Westerhoff
3911800,2023-12-11,18:30:00.000,135,281,Frauen Bundesliga,2023/2024,Germany,Regular Season,1069,Bayern München W,3166,TSV Bayer 04 Leverkusen,3,0,9,available,FC Bayern Campus Platz 1,Fabienne Michel
3911768,2023-10-14,15:55:00.000,135,281,Frauen Bundesliga,2023/2024,Germany,Regular Season,1069,Bayern München W,3170,Eintracht Frankfurt W,0,0,4,available,Allianz Arena,Karoline Wacker
3912203,2024-02-10,13:00:00.000,135,281,Frauen Bundesliga,2023/2024,Germany,Regular Season,6602,Köln,1069,Bayern München W,0,5,13,available,Franz-Kremer-Stadion,Franziska Wildfeuer
3912215,2024-03-09,12:00:00.000,135,281,Frauen Bundesliga,2023/2024,Germany,Regular Season,3170,Eintracht Frankfurt W,1069,Bayern München W,1,2,15,available,Stadion am Brentanobad,Naemi Breier
3911795,2023-11-19,17:30:00.000,135,281,Frauen Bundesliga,2023/2024,Germany,Regular Season,3168,SV Werder Bremen,1069,Bayern München W,0,2,8,available,Weserstadion Platz 11,Nadine Westerhoff
3911788,2023-11-12,17:30:00.000,135,281,Frauen Bundesliga,2023/2024,Germany,Regular Season,1069,Bayern München W,924,Duisburg WFC,2,0,7,available,FC Bayern Campus Platz 1,Miriam Schwermer
3911783,2023-11-05,14:00:00.000,135,281,Frauen Bundesliga,2023/2024,Germany,Regular Season,1069,Bayern München W,929,VfL Wolfsburg WFC,2,1,6,available,FC Bayern Campus Platz 1,Riem Hussein
3912218,2024-03-16,11:00:00.000,135,281,Frauen Bundesliga,2023/2024,Germany,Regular Season,1069,Bayern München W,19107,RB Leipzig W,5,0,16,available,FC Bayern Campus Platz 1,Davina Lutz
3911760,2023-10-02,17:30:00.000,135,281,Frauen Bundesliga,2023/2024,Germany,Regular Season,1069,Bayern München W,6602,Köln,2,0,2,available,FC Bayern Campus Platz 1,Franziska Wildfeuer
3912187,2023-12-17,17:30:00.000,135,281,Frauen Bundesliga,2023/2024,Germany,Regular Season,19106,Nürnberg W,1069,Bayern München W,1,1,10,available,Max-Morlock-Stadion,Sina Diekmann
3911764,2023-10-08,12:00:00.000,135,281,Frauen Bundesliga,2023/2024,Germany,Regular Season,3164,SGS Essen 19/68,1069,Bayern München W,0,2,3,available,Stadion an der Hafenstraße,Naemi Breier
3912197,2024-02-04,13:00:00.000,135,281,Frauen Bundesliga,2023/2024,Germany,Regular Season,3166,TSV Bayer 04 Leverkusen,929,VfL Wolfsburg WFC,1,1,12,available,BayArena,Riem Hussein
3912209,2024-02-18,13:00:00.000,135,281,Frauen Bundesliga,2023/2024,Germany,Regular Season,3166,TSV Bayer 04 Leverkusen,3169,Hoffenheim W,1,2,14,available,BayArena,Sina Diekmann
3912201,2024-02-10,11:00:00.000,135,281,Frauen Bundesliga,2023/2024,Germany,Regular Season,3169,Hoffenheim W,3168,SV Werder Bremen,1,1,13,available,PreZero Arena,Karoline Wacker
3912207,2024-02-17,13:00:00.000,135,281,Frauen Bundesliga,2023/2024,Germany,Regular Season,19106,Nürnberg W,929,VfL Wolfsburg WFC,1,9,14,available,Max-Morlock-Stadion,Naemi Breier
3912254,2024-05-20,16:30:00.000,135,281,Frauen Bundesliga,2023/2024,Germany,Regular Season,3166,TSV Bayer 04 Leverkusen,3168,SV Werder Bremen,2,3,22,available,Ulrich-Haberland-Stadion,Nadine Westerhoff
3912257,2024-05-20,13:30:00.000,135,281,Frauen Bundesliga,2023/2024,Germany,Regular Season,6602,Köln,3170,Eintracht Frankfurt W,0,1,22,available,Franz-Kremer-Stadion,Sina Diekmann
3912259,2024-05-20,16:30:00.000,135,281,Frauen Bundesliga,2023/2024,Germany,Regular Season,929,VfL Wolfsburg WFC,3164,SGS Essen 19/68,6,0,22,available,AOK Stadion,Christine Weigelt
3912255,2024-05-20,16:30:00.000,135,281,Frauen Bundesliga,2023/2024,Germany,Regular Season,19106,Nürnberg W,924,Duisburg WFC,2,1,22,available,Max-Morlock-Stadion,Annika Kost
3912252,2024-05-12,12:00:00.000,135,281,Frauen Bundesliga,2023/2024,Germany,Regular Season,1069,Bayern München W,19106,Nürnberg W,4,0,21,available,FC Bayern Campus Platz 1,Laura Duske
3912246,2024-05-05,19:30:00.000,135,281,Frauen Bundesliga,2023/2024,Germany,Regular Season,3168,SV Werder Bremen,924,Duisburg WFC,4,2,20,available,Weserstadion Platz 11,Miriam Schwermer
3912244,2024-05-05,15:00:00.000,135,281,Frauen Bundesliga,2023/2024,Germany,Regular Season,3165,SC Freiburg,3164,SGS Essen 19/68,0,1,20,available,Dreisamstadion,Melissa Joos
3912238,2024-04-21,14:00:00.000,135,281,Frauen Bundesliga,2023/2024,Germany,Regular Season,6602,Köln,3165,SC Freiburg,2,0,19,available,Franz-Kremer-Stadion,Miriam Schwermer
3912200,2024-02-11,13:00:00.000,135,281,Frauen Bundesliga,2023/2024,Germany,Regular Season,929,VfL Wolfsburg WFC,3170,Eintracht Frankfurt W,3,0,13,available,Volkswagen Arena,Miriam Schwermer
3912239,2024-04-22,17:30:00.000,135,281,Frauen Bundesliga,2023/2024,Germany,Regular Season,1069,Bayern München W,3168,SV Werder Bremen,3,0,19,available,FC Bayern Campus Platz 1,Christine Weigelt
3912240,2024-04-19,18:30:00.000,135,281,Frauen Bundesliga,2023/2024,Germany,Regular Season,19107,RB Leipzig W,3166,TSV Bayer 04 Leverkusen,1,0,19,available,Trainingszentrum RB Leipzig Platz 1,Naemi Breier
3912232,2024-04-15,17:30:00.000,135,281,Frauen Bundesliga,2023/2024,Germany,Regular Season,3169,Hoffenheim W,6602,Köln,1,1,18,available,Dietmar-Hopp-Stadion,Katrin Rafalski
3912233,2024-04-14,16:30:00.000,135,281,Frauen Bundesliga,2023/2024,Germany,Regular Season,924,Duisburg WFC,1069,Bayern München W,1,5,18,available,Schauinsland-Reisen-Arena (Duisburg) MSV-Arena,Annika Kost
3912242,2024-05-06,20:30:00.000,135,281,Frauen Bundesliga,2023/2024,Germany,Regular Season,19106,Nürnberg W,19107,RB Leipzig W,0,1,20,available,Max-Morlock-Stadion,Riem Hussein
3912235,2024-04-13,12:00:00.000,135,281,Frauen Bundesliga,2023/2024,Germany,Regular Season,3166,TSV Bayer 04 Leverkusen,3170,Eintracht Frankfurt W,2,0,18,available,Ulrich-Haberland-Stadion,Davina Lutz
3912249,2024-05-11,13:00:00.000,135,281,Frauen Bundesliga,2023/2024,Germany,Regular Season,3164,SGS Essen 19/68,6602,Köln,2,1,21,available,Stadion an der Hafenstraße,Annika Kost
3912253,2024-05-13,17:30:00.000,135,281,Frauen Bundesliga,2023/2024,Germany,Regular Season,3170,Eintracht Frankfurt W,3165,SC Freiburg,4,2,21,available,Stadion am Brentanobad,Davina Lutz
3912251,2024-05-11,15:00:00.000,135,281,Frauen Bundesliga,2023/2024,Germany,Regular Season,924,Duisburg WFC,3166,TSV Bayer 04 Leverkusen,1,3,21,available,Schauinsland-Reisen-Arena (Duisburg) MSV-Arena,Melissa Joos
3912224,2024-03-23,16:45:00.000,135,281,Frauen Bundesliga,2023/2024,Germany,Regular Season,929,VfL Wolfsburg WFC,1069,Bayern München W,0,4,17,available,Volkswagen Arena,Fabienne Michel
3912241,2024-04-20,12:00:00.000,135,281,Frauen Bundesliga,2023/2024,Germany,Regular Season,3170,Eintracht Frankfurt W,19106,Nürnberg W,4,1,19,available,Stadion am Brentanobad,Franziska Wildfeuer
3912234,2024-04-12,18:30:00.000,135,281,Frauen Bundesliga,2023/2024,Germany,Regular Season,3168,SV Werder Bremen,19107,RB Leipzig W,1,1,18,available,Weserstadion Platz 11,Selina Menzel
3912231,2024-04-13,12:00:00.000,135,281,Frauen Bundesliga,2023/2024,Germany,Regular Season,3165,SC Freiburg,929,VfL Wolfsburg WFC,1,4,18,available,Dreisamstadion,Sina Diekmann
3912222,2024-03-17,15:00:00.000,135,281,Frauen Bundesliga,2023/2024,Germany,Regular Season,19106,Nürnberg W,3165,SC Freiburg,0,0,16,available,Max-Morlock-Platz im Sportpark Valznerweiher,Karoline Wacker
3912223,2024-03-17,17:30:00.000,135,281,Frauen Bundesliga,2023/2024,Germany,Regular Season,924,Duisburg WFC,3170,Eintracht Frankfurt W,1,2,16,available,Schauinsland-Reisen-Arena (Duisburg) MSV-Arena,Laura Duske
3912214,2024-03-08,19:30:00.000,135,281,Frauen Bundesliga,2023/2024,Germany,Regular Season,3164,SGS Essen 19/68,924,Duisburg WFC,4,1,15,available,Stadion an der Hafenstraße,Katrin Rafalski
3912210,2024-02-16,17:30:00.000,135,281,Frauen Bundesliga,2023/2024,Germany,Regular Season,19107,RB Leipzig W,3170,Eintracht Frankfurt W,2,1,14,available,Trainingszentrum RB Leipzig Platz 1,Franziska Wildfeuer
3912221,2024-03-16,15:00:00.000,135,281,Frauen Bundesliga,2023/2024,Germany,Regular Season,3168,SV Werder Bremen,3164,SGS Essen 19/68,0,0,16,available,Weserstadion Platz 11,Christine Weigelt
3912189,2024-01-26,19:30:00.000,135,281,Frauen Bundesliga,2023/2024,Germany,Regular Season,3168,SV Werder Bremen,3166,TSV Bayer 04 Leverkusen,2,1,11,available,Weserstadion Platz 11,Franziska Wildfeuer
3912196,2024-02-05,18:30:00.000,135,281,Frauen Bundesliga,2023/2024,Germany,Regular Season,1069,Bayern München W,3165,SC Freiburg,4,0,12,available,FC Bayern Campus Platz 1,Karoline Wacker
3912199,2024-02-03,15:00:00.000,135,281,Frauen Bundesliga,2023/2024,Germany,Regular Season,3168,SV Werder Bremen,19106,Nürnberg W,4,0,12,available,Weserstadion Platz 11,Nadine Westerhoff
3911785,2023-11-12,15:00:00.000,135,281,Frauen Bundesliga,2023/2024,Germany,Regular Season,929,VfL Wolfsburg WFC,3165,SC Freiburg,4,0,7,available,AOK Stadion,Franziska Wildfeuer
3911801,2023-12-08,19:30:00.000,135,281,Frauen Bundesliga,2023/2024,Germany,Regular Season,19107,RB Leipzig W,19106,Nürnberg W,0,0,9,available,Trainingszentrum RB Leipzig Platz 1,Nadine Westerhoff
3912186,2023-12-18,20:30:00.000,135,281,Frauen Bundesliga,2023/2024,Germany,Regular Season,929,VfL Wolfsburg WFC,3168,SV Werder Bremen,1,0,10,available,AOK Stadion,Katrin Rafalski
3912184,2023-12-16,13:00:00.000,135,281,Frauen Bundesliga,2023/2024,Germany,Regular Season,3165,SC Freiburg,3170,Eintracht Frankfurt W,0,4,10,available,Dreisamstadion,Christine Weigelt
3912185,2023-12-16,13:00:00.000,135,281,Frauen Bundesliga,2023/2024,Germany,Regular Season,6602,Köln,3164,SGS Essen 19/68,0,1,10,available,Franz-Kremer-Stadion,Miriam Schwermer
3911798,2023-12-09,15:00:00.000,135,281,Frauen Bundesliga,2023/2024,Germany,Regular Season,6602,Köln,929,VfL Wolfsburg WFC,1,4,9,available,Franz-Kremer-Stadion,Karoline Wacker
3911787,2023-11-11,15:00:00.000,135,281,Frauen Bundesliga,2023/2024,Germany,Regular Season,3164,SGS Essen 19/68,19106,Nürnberg W,5,0,7,available,Stadion an der Hafenstraße,Melissa Joos
3911784,2023-11-05,19:30:00.000,135,281,Frauen Bundesliga,2023/2024,Germany,Regular Season,19106,Nürnberg W,6602,Köln,1,3,6,available,Max-Morlock-Platz im Sportpark Valznerweiher,Miriam Schwermer
3911786,2023-11-10,17:30:00.000,135,281,Frauen Bundesliga,2023/2024,Germany,Regular Season,3170,Eintracht Frankfurt W,3166,TSV Bayer 04 Leverkusen,2,2,7,available,Stadion am Brentanobad,Nadine Westerhoff
3911796,2023-11-18,11:00:00.000,135,281,Frauen Bundesliga,2023/2024,Germany,Regular Season,19106,Nürnberg W,3170,Eintracht Frankfurt W,0,2,8,available,Max-Morlock-Stadion,Riem Hussein
3911789,2023-11-13,18:30:00.000,135,281,Frauen Bundesliga,2023/2024,Germany,Regular Season,6602,Köln,3169,Hoffenheim W,1,2,7,available,Franz-Kremer-Stadion,Katrin Rafalski
3911769,2023-10-14,15:00:00.000,135,281,Frauen Bundesliga,2023/2024,Germany,Regular Season,3168,SV Werder Bremen,6602,Köln,3,0,4,available,Wohninvest Weserstadion ,Nadine Westerhoff
3911774,2023-10-21,15:00:00.000,135,281,Frauen Bundesliga,2023/2024,Germany,Regular Season,3164,SGS Essen 19/68,3168,SV Werder Bremen,1,1,5,available,Stadion an der Hafenstraße,Christine Weigelt
3911777,2023-10-22,14:00:00.000,135,281,Frauen Bundesliga,2023/2024,Germany,Regular Season,3170,Eintracht Frankfurt W,924,Duisburg WFC,5,1,5,available,Stadion am Brentanobad,Davina Lutz
3911776,2023-10-22,12:00:00.000,135,281,Frauen Bundesliga,2023/2024,Germany,Regular Season,929,VfL Wolfsburg WFC,3169,Hoffenheim W,2,2,5,available,AOK Stadion,Naemi Breier
3911775,2023-10-21,13:00:00.000,135,281,Frauen Bundesliga,2023/2024,Germany,Regular Season,3165,SC Freiburg,19106,Nürnberg W,0,2,5,available,Dreisamstadion,Selina Menzel
3911767,2023-10-13,16:30:00.000,135,281,Frauen Bundesliga,2023/2024,Germany,Regular Season,19106,Nürnberg W,3169,Hoffenheim W,0,3,4,available,Max-Morlock-Stadion,Franziska Wildfeuer
3911765,2023-10-08,19:30:00.000,135,281,Frauen Bundesliga,2023/2024,Germany,Regular Season,3165,SC Freiburg,3168,SV Werder Bremen,2,1,3,available,Dreisamstadion,Davina Lutz
3913800,2023-12-15,19:30:00.000,135,281,Frauen Bundesliga,2023/2024,Germany,Regular Season,3166,TSV Bayer 04 Leverkusen,924,Duisburg WFC,4,1,10,available,Ulrich-Haberland-Stadion,Naemi Breier
3911762,2023-10-07,12:00:00.000,135,281,Frauen Bundesliga,2023/2024,Germany,Regular Season,3170,Eintracht Frankfurt W,19107,RB Leipzig W,3,1,3,available,Stadion am Brentanobad,Riem Hussein
3911763,2023-10-07,13:00:00.000,135,281,Frauen Bundesliga,2023/2024,Germany,Regular Season,6602,Köln,924,Duisburg WFC,4,1,3,available,Franz-Kremer-Stadion,Karoline Wacker
3911758,2023-10-01,19:30:00.000,135,281,Frauen Bundesliga,2023/2024,Germany,Regular Season,924,Duisburg WFC,3165,SC Freiburg,2,2,2,available,Schauinsland-Reisen-Arena (Duisburg) MSV-Arena,Laura Duske
3911757,2023-09-30,12:00:00.000,135,281,Frauen Bundesliga,2023/2024,Germany,Regular Season,3168,SV Werder Bremen,3169,Hoffenheim W,1,3,2,available,Weserstadion Platz 11,Sina Diekmann
3911759,2023-10-01,12:00:00.000,135,281,Frauen Bundesliga,2023/2024,Germany,Regular Season,3170,Eintracht Frankfurt W,929,VfL Wolfsburg WFC,2,4,2,available,Deutsche Bank Park,Fabienne Michel
3912258,2024-05-20,16:30:00.000,135,281,Frauen Bundesliga,2023/2024,Germany,Regular Season,3165,SC Freiburg,19107,RB Leipzig W,2,1,22,available,Dreisamstadion,Karoline Wacker
3912256,2024-05-20,13:30:00.000,135,281,Frauen Bundesliga,2023/2024,Germany,Regular Season,3169,Hoffenheim W,1069,Bayern München W,1,4,22,available,Dietmar-Hopp-Stadion,Naemi Breier
3912250,2024-05-12,19:30:00.000,135,281,Frauen Bundesliga,2023/2024,Germany,Regular Season,3168,SV Werder Bremen,929,VfL Wolfsburg WFC,0,3,21,available,Weserstadion Platz 11,Anna-Lena Heidenreich
3912248,2024-05-10,16:30:00.000,135,281,Frauen Bundesliga,2023/2024,Germany,Regular Season,19107,RB Leipzig W,3169,Hoffenheim W,3,0,21,available,Trainingszentrum RB Leipzig Platz 1,Franziska Wildfeuer
3912247,2024-05-04,10:00:00.000,135,281,Frauen Bundesliga,2023/2024,Germany,Regular Season,3166,TSV Bayer 04 Leverkusen,1069,Bayern München W,1,2,20,available,BayArena,Anna-Lena Heidenreich
3912245,2024-05-03,19:30:00.000,135,281,Frauen Bundesliga,2023/2024,Germany,Regular Season,929,VfL Wolfsburg WFC,6602,Köln,5,1,20,available,AOK Stadion,Laura Duske
3912243,2024-05-04,12:00:00.000,135,281,Frauen Bundesliga,2023/2024,Germany,Regular Season,3169,Hoffenheim W,3170,Eintracht Frankfurt W,1,3,20,available,Dietmar-Hopp-Stadion,Karoline Wacker
3912237,2024-04-21,18:30:00.000,135,281,Frauen Bundesliga,2023/2024,Germany,Regular Season,924,Duisburg WFC,929,VfL Wolfsburg WFC,1,4,19,available,Schauinsland-Reisen-Arena (Duisburg) MSV-Arena,Nadine Westerhoff
3912236,2024-04-20,10:00:00.000,135,281,Frauen Bundesliga,2023/2024,Germany,Regular Season,3164,SGS Essen 19/68,3169,Hoffenheim W,2,1,19,available,Stadion an der Hafenstraße,Laura Duske
3912230,2024-04-14,14:00:00.000,135,281,Frauen Bundesliga,2023/2024,Germany,Regular Season,19106,Nürnberg W,3164,SGS Essen 19/68,0,4,18,available,Max-Morlock-Stadion,Anna-Lena Heidenreich
3912229,2024-03-25,18:30:00.000,135,281,Frauen Bundesliga,2023/2024,Germany,Regular Season,3170,Eintracht Frankfurt W,3168,SV Werder Bremen,2,0,17,available,Stadion am Brentanobad,Karoline Wacker
3912228,2024-03-24,15:00:00.000,135,281,Frauen Bundesliga,2023/2024,Germany,Regular Season,19107,RB Leipzig W,924,Duisburg WFC,3,0,17,available,Trainingszentrum RB Leipzig Platz 1,Sina Diekmann
3912227,2024-03-22,17:30:00.000,135,281,Frauen Bundesliga,2023/2024,Germany,Regular Season,3165,SC Freiburg,3169,Hoffenheim W,2,4,17,available,Dreisamstadion,Davina Lutz
3912226,2024-03-23,15:00:00.000,135,281,Frauen Bundesliga,2023/2024,Germany,Regular Season,6602,Köln,19106,Nürnberg W,3,4,17,available,Franz-Kremer-Stadion,Riem Hussein
3912225,2024-03-24,19:30:00.000,135,281,Frauen Bundesliga,2023/2024,Germany,Regular Season,3164,SGS Essen 19/68,3166,TSV Bayer 04 Leverkusen,0,0,17,available,Stadion an der Hafenstraße,Miriam Schwermer
3912220,2024-03-18,20:30:00.000,135,281,Frauen Bundesliga,2023/2024,Germany,Regular Season,3166,TSV Bayer 04 Leverkusen,6602,Köln,2,0,16,available,Ulrich-Haberland-Stadion,Franziska Wildfeuer
3912216,2024-03-11,20:30:00.000,135,281,Frauen Bundesliga,2023/2024,Germany,Regular Season,929,VfL Wolfsburg WFC,19107,RB Leipzig W,4,0,15,available,AOK Stadion,Anna-Lena Heidenreich
3912213,2024-03-10,15:00:00.000,135,281,Frauen Bundesliga,2023/2024,Germany,Regular Season,6602,Köln,3168,SV Werder Bremen,2,1,15,available,RheinEnergieStadion,Sina Diekmann
3912212,2024-03-10,19:30:00.000,135,281,Frauen Bundesliga,2023/2024,Germany,Regular Season,3165,SC Freiburg,3166,TSV Bayer 04 Leverkusen,0,0,15,available,Dreisamstadion,Selina Menzel
3912211,2024-02-18,15:00:00.000,135,281,Frauen Bundesliga,2023/2024,Germany,Regular Season,1069,Bayern München W,3164,SGS Essen 19/68,2,0,14,available,FC Bayern Campus Platz 1,Anna-Lena Heidenreich
3912208,2024-02-18,19:30:00.000,135,281,Frauen Bundesliga,2023/2024,Germany,Regular Season,924,Duisburg WFC,6602,Köln,0,0,14,available,Schauinsland-Reisen-Arena (Duisburg) MSV-Arena,Karoline Wacker
3912206,2024-02-17,15:00:00.000,135,281,Frauen Bundesliga,2023/2024,Germany,Regular Season,3168,SV Werder Bremen,3165,SC Freiburg,0,3,14,available,Weserstadion Platz 11,Christine Weigelt
3912205,2024-02-12,20:30:00.000,135,281,Frauen Bundesliga,2023/2024,Germany,Regular Season,19106,Nürnberg W,3166,TSV Bayer 04 Leverkusen,1,2,13,available,Max-Morlock-Stadion,Davina Lutz
3912204,2024-02-09,19:30:00.000,135,281,Frauen Bundesliga,2023/2024,Germany,Regular Season,3164,SGS Essen 19/68,19107,RB Leipzig W,4,4,13,available,Stadion an der Hafenstraße,Selina Menzel
3912202,2024-02-11,19:30:00.000,135,281,Frauen Bundesliga,2023/2024,Germany,Regular Season,3165,SC Freiburg,924,Duisburg WFC,1,1,13,available,Dreisamstadion,Naemi Breier
3912198,2024-02-02,17:30:00.000,135,281,Frauen Bundesliga,2023/2024,Germany,Regular Season,924,Duisburg WFC,3169,Hoffenheim W,0,2,12,available,Schauinsland-Reisen-Arena (Duisburg) MSV-Arena,Christine Weigelt
3912195,2024-02-03,13:00:00.000,135,281,Frauen Bundesliga,2023/2024,Germany,Regular Season,19107,RB Leipzig W,6602,Köln,2,1,12,available,Trainingszentrum RB Leipzig Platz 1,Fabienne Michel
3912194,2024-02-04,17:30:00.000,135,281,Frauen Bundesliga,2023/2024,Germany,Regular Season,3170,Eintracht Frankfurt W,3164,SGS Essen 19/68,1,0,12,available,Stadion am Brentanobad,Naemi Breier
3912193,2024-01-28,13:00:00.000,135,281,Frauen Bundesliga,2023/2024,Germany,Regular Season,3170,Eintracht Frankfurt W,6602,Köln,1,0,11,available,Stadion am Brentanobad,Davina Lutz
3912192,2024-01-29,20:30:00.000,135,281,Frauen Bundesliga,2023/2024,Germany,Regular Season,3164,SGS Essen 19/68,929,VfL Wolfsburg WFC,1,3,11,available,Stadion an der Hafenstraße,Katrin Rafalski
3912191,2024-01-27,13:00:00.000,135,281,Frauen Bundesliga,2023/2024,Germany,Regular Season,19107,RB Leipzig W,3165,SC Freiburg,0,2,11,available,Trainingszentrum RB Leipzig Platz 1,Miriam Schwermer
3912188,2024-01-28,19:30:00.000,135,281,Frauen Bundesliga,2023/2024,Germany,Regular Season,924,Duisburg WFC,19106,Nürnberg W,1,2,11,available,Schauinsland-Reisen-Arena (Duisburg) MSV-Arena,Anna-Lena Heidenreich
3912183,2023-12-17,13:00:00.000,135,281,Frauen Bundesliga,2023/2024,Germany,Regular Season,3169,Hoffenheim W,19107,RB Leipzig W,2,1,10,available,Dietmar-Hopp-Stadion,Anna-Lena Heidenreich
3911799,2023-12-10,19:30:00.000,135,281,Frauen Bundesliga,2023/2024,Germany,Regular Season,924,Duisburg WFC,3168,SV Werder Bremen,0,2,9,available,Schauinsland-Reisen-Arena (Duisburg) MSV-Arena,Laura Duske
3911797,2023-12-09,13:00:00.000,135,281,Frauen Bundesliga,2023/2024,Germany,Regular Season,3164,SGS Essen 19/68,3165,SC Freiburg,0,1,9,available,Stadion an der Hafenstraße,Riem Hussein
3911794,2023-11-19,15:00:00.000,135,281,Frauen Bundesliga,2023/2024,Germany,Regular Season,3166,TSV Bayer 04 Leverkusen,19107,RB Leipzig W,1,1,8,available,Ulrich-Haberland-Stadion,Anna-Lena Heidenreich
3911793,2023-11-17,17:30:00.000,135,281,Frauen Bundesliga,2023/2024,Germany,Regular Season,3169,Hoffenheim W,3164,SGS Essen 19/68,0,3,8,available,Dietmar-Hopp-Stadion,Fabienne Michel
3911792,2023-11-20,20:30:00.000,135,281,Frauen Bundesliga,2023/2024,Germany,Regular Season,3165,SC Freiburg,6602,Köln,3,3,8,available,Dreisamstadion,Davina Lutz
3911791,2023-11-18,15:00:00.000,135,281,Frauen Bundesliga,2023/2024,Germany,Regular Season,929,VfL Wolfsburg WFC,924,Duisburg WFC,2,0,8,available,AOK Stadion,Christine Weigelt
3911790,2023-11-11,13:00:00.000,135,281,Frauen Bundesliga,2023/2024,Germany,Regular Season,19107,RB Leipzig W,3168,SV Werder Bremen,0,5,7,available,Trainingszentrum RB Leipzig Platz 1,Sina Diekmann
3911782,2023-11-04,15:00:00.000,135,281,Frauen Bundesliga,2023/2024,Germany,Regular Season,3166,TSV Bayer 04 Leverkusen,3164,SGS Essen 19/68,0,0,6,available,Ulrich-Haberland-Stadion,Franziska Wildfeuer
3911781,2023-11-03,19:30:00.000,135,281,Frauen Bundesliga,2023/2024,Germany,Regular Season,924,Duisburg WFC,19107,RB Leipzig W,1,1,6,available,Schauinsland-Reisen-Arena (Duisburg) MSV-Arena,Naemi Breier
3911773,2023-10-20,19:30:00.000,135,281,Frauen Bundesliga,2023/2024,Germany,Regular Season,6602,Köln,3166,TSV Bayer 04 Leverkusen,0,1,5,available,Franz-Kremer-Stadion,Sina Diekmann
3911772,2023-10-16,20:30:00.000,135,281,Frauen Bundesliga,2023/2024,Germany,Regular Season,924,Duisburg WFC,3164,SGS Essen 19/68,0,1,4,available,Schauinsland-Reisen-Arena (Duisburg) MSV-Arena,Fabienne Michel
3911771,2023-10-15,19:30:00.000,135,281,Frauen Bundesliga,2023/2024,Germany,Regular Season,3166,TSV Bayer 04 Leverkusen,3165,SC Freiburg,3,0,4,available,Ulrich-Haberland-Stadion,Melissa Joos
3911770,2023-10-15,15:00:00.000,135,281,Frauen Bundesliga,2023/2024,Germany,Regular Season,19107,RB Leipzig W,929,VfL Wolfsburg WFC,0,2,4,available,Red Bull Arena,Katrin Rafalski
3911766,2023-10-09,17:30:00.000,135,281,Frauen Bundesliga,2023/2024,Germany,Regular Season,3169,Hoffenheim W,3166,TSV Bayer 04 Leverkusen,2,2,3,available,Dietmar-Hopp-Stadion,Miriam Schwermer
3911761,2023-10-06,19:30:00.000,135,281,Frauen Bundesliga,2023/2024,Germany,Regular Season,929,VfL Wolfsburg WFC,19106,Nürnberg W,1,0,3,available,AOK Stadion,Anna-Lena Heidenreich
3911756,2023-09-30,13:00:00.000,135,281,Frauen Bundesliga,2023/2024,Germany,Regular Season,3166,TSV Bayer 04 Leverkusen,19106,Nürnberg W,6,0,2,available,Ulrich-Haberland-Stadion,Nadine Westerhoff
3911755,2023-09-29,19:30:00.000,135,281,Frauen Bundesliga,2023/2024,Germany,Regular Season,19107,RB Leipzig W,3164,SGS Essen 19/68,3,2,2,available,Trainingszentrum RB Leipzig Platz 1,Miriam Schwermer
3910735,2023-09-17,16:30:00.000,135,281,Frauen Bundesliga,2023/2024,Germany,Regular Season,3164,SGS Essen 19/68,3170,Eintracht Frankfurt W,2,0,1,available,Stadion an der Hafenstraße,Anna-Lena Heidenreich
3910734,2023-09-17,17:00:00.000,135,281,Frauen Bundesliga,2023/2024,Germany,Regular Season,929,VfL Wolfsburg WFC,3166,TSV Bayer 04 Leverkusen,3,0,1,available,AOK Stadion,Angelika Söder
3910733,2023-09-17,15:00:00.000,135,281,Frauen Bundesliga,2023/2024,Germany,Regular Season,6602,Köln,19107,RB Leipzig W,2,1,1,available,Franz-Kremer-Stadion,Davina Lutz
3910732,2023-09-16,15:00:00.000,135,281,Frauen Bundesliga,2023/2024,Germany,Regular Season,19106,Nürnberg W,3168,SV Werder Bremen,1,5,1,available,Max-Morlock-Stadion,Karoline Wacker
3910731,2023-09-16,10:00:00.000,135,281,Frauen Bundesliga,2023/2024,Germany,Regular Season,3169,Hoffenheim W,924,Duisburg WFC,9,0,1,available,Dietmar-Hopp-Stadion,Naemi Breier
3910730,2023-09-15,16:15:00.000,135,281,Frauen Bundesliga,2023/2024,Germany,Regular Season,3165,SC Freiburg,1069,Bayern München W,2,2,1,available,Dreisamstadion,Riem Hussein
3827336,2022-03-16,14:00:00.000,1238,108,Indian Super league,2021/2022,India,Play-offs - Semi-Finals,7282,Mohun Bagan Super Giant,7289,SC Delhi,1,0,24,available,GMC Athletic Stadium,Ramachandran Venkatesh
3813314,2021-11-19,14:00:00.000,1238,108,Indian Super league,2021/2022,India,Regular Season,7282,Mohun Bagan Super Giant,7283,Kerala Blasters,4,2,1,available,Pandit Jawaharlal Nehru Stadium,Harish Kundu
3817877,2022-02-18,16:00:00.000,1238,108,Indian Super league,2021/2022,India,Regular Season,7285,NorthEast United,7284,Bengaluru,2,1,18,available,Pandit Jawaharlal Nehru Stadium,Ramachandran Venkatesh
3827767,2022-03-20,16:00:00.000,1238,108,Indian Super league,2021/2022,India,Championship - Final,7289,SC Delhi,7283,Kerala Blasters,1,1,25,available,Pandit Jawaharlal Nehru Stadium,Crystal John
3827335,2022-03-15,16:00:00.000,1238,108,Indian Super league,2021/2022,India,Play-offs - Semi-Finals,7283,Kerala Blasters,2021,Jamshedpur,1,1,24,available,Tilak Maidan Stadium,Harish Kundu
3827338,2022-03-12,16:00:00.000,1238,108,Indian Super league,2021/2022,India,Play-offs - Semi-Finals,7289,SC Delhi,7282,Mohun Bagan Super Giant,3,1,23,available,GMC Athletic Stadium,Rahul Kumar Gupta
3827337,2022-03-11,16:00:00.000,1238,108,Indian Super league,2021/2022,India,Play-offs - Semi-Finals,2021,Jamshedpur,7283,Kerala Blasters,0,1,23,available,Pandit Jawaharlal Nehru Stadium,Tejas Nagvenkar
3817856,2022-03-07,14:00:00.000,1238,108,Indian Super league,2021/2022,India,Regular Season,7282,Mohun Bagan Super Giant,2021,Jamshedpur,0,1,19,available,Pandit Jawaharlal Nehru Stadium,Crystal John
3817891,2022-03-05,16:00:00.000,1238,108,Indian Super league,2021/2022,India,Regular Season,7286,East Bengal,7284,Bengaluru,0,1,20,available,Tilak Maidan Stadium,Senthil Nathan
3817870,2022-03-06,16:00:00.000,1238,108,Indian Super league,2021/2022,India,Regular Season,7288,Goa,7283,Kerala Blasters,4,4,22,available,GMC Athletic Stadium,Aditya Purkayastha
3817899,2022-03-04,16:00:00.000,1238,108,Indian Super league,2021/2022,India,Regular Season,2021,Jamshedpur,7291,Odisha,5,1,20,available,GMC Athletic Stadium,Pratik Mondal
3817866,2022-03-02,16:00:00.000,1238,108,Indian Super league,2021/2022,India,Regular Season,7283,Kerala Blasters,7287,Mumbai City,3,1,13,available,Tilak Maidan Stadium,Rahul Kumar Gupta
3817889,2022-03-03,16:00:00.000,1238,108,Indian Super league,2021/2022,India,Regular Season,7290,Chennaiyin,7282,Mohun Bagan Super Giant,0,1,20,available,Pandit Jawaharlal Nehru Stadium,Crystal John
3817887,2022-03-05,18:00:00.000,1238,108,Indian Super league,2021/2022,India,Regular Season,7289,SC Delhi,7287,Mumbai City,2,1,21,available,Pandit Jawaharlal Nehru Stadium,Harish Kundu
3817872,2022-02-21,16:00:00.000,1238,108,Indian Super league,2021/2022,India,Regular Season,7284,Bengaluru,7291,Odisha,2,1,19,available,GMC Athletic Stadium,Senthil Nathan
3817900,2022-02-20,16:00:00.000,1238,108,Indian Super league,2021/2022,India,Regular Season,7290,Chennaiyin,2021,Jamshedpur,1,4,22,available,Tilak Maidan Stadium,Tejas Nagvenkar
3817855,2022-02-19,16:00:00.000,1238,108,Indian Super league,2021/2022,India,Regular Season,7283,Kerala Blasters,7282,Mohun Bagan Super Giant,2,2,14,available,Tilak Maidan Stadium,Rahul Kumar Gupta
3817863,2022-02-19,18:00:00.000,1238,108,Indian Super league,2021/2022,India,Regular Season,7289,SC Delhi,7288,Goa,3,2,19,available,GMC Athletic Stadium,Arumughan Rowan
3817901,2022-02-17,16:00:00.000,1238,108,Indian Super league,2021/2022,India,Regular Season,2021,Jamshedpur,7287,Mumbai City,3,2,14,available,GMC Athletic Stadium,Harish Kundu
3817880,2022-02-16,16:00:00.000,1238,108,Indian Super league,2021/2022,India,Regular Season,7291,Odisha,7290,Chennaiyin,2,2,21,available,Tilak Maidan Stadium,Pratik Mondal
3817902,2022-02-14,16:00:00.000,1238,108,Indian Super league,2021/2022,India,Regular Season,7283,Kerala Blasters,7286,East Bengal,1,0,21,available,Tilak Maidan Stadium,Aditya Purkayastha
3817862,2022-02-13,16:00:00.000,1238,108,Indian Super league,2021/2022,India,Regular Season,7287,Mumbai City,7291,Odisha,4,1,22,available,Pandit Jawaharlal Nehru Stadium,Senthil Nathan
3817873,2022-02-12,14:00:00.000,1238,108,Indian Super league,2021/2022,India,Regular Season,7282,Mohun Bagan Super Giant,7285,NorthEast United,3,1,22,available,Pandit Jawaharlal Nehru Stadium,Ramachandran Venkatesh
3817869,2022-02-11,16:00:00.000,1238,108,Indian Super league,2021/2022,India,Regular Season,7284,Bengaluru,7289,SC Delhi,1,2,22,available,GMC Athletic Stadium,Tejas Nagvenkar
3817881,2022-02-10,16:00:00.000,1238,108,Indian Super league,2021/2022,India,Regular Season,2021,Jamshedpur,7283,Kerala Blasters,3,0,18,available,GMC Athletic Stadium,Ashwin Mohanlal Kanojia
3817895,2022-02-09,16:00:00.000,1238,108,Indian Super league,2021/2022,India,Regular Season,7290,Chennaiyin,7288,Goa,0,5,18,available,Tilak Maidan Stadium,Crystal John
3817884,2022-02-08,16:00:00.000,1238,108,Indian Super league,2021/2022,India,Regular Season,7289,SC Delhi,7282,Mohun Bagan Super Giant,1,2,17,available,GMC Athletic Stadium,Harish Kundu
3817896,2022-02-07,16:00:00.000,1238,108,Indian Super league,2021/2022,India,Regular Season,7286,East Bengal,7291,Odisha,1,2,17,available,Tilak Maidan Stadium,Arumughan Rowan
3817852,2022-02-06,16:00:00.000,1238,108,Indian Super league,2021/2022,India,Regular Season,7290,Chennaiyin,7287,Mumbai City,0,1,17,available,Pandit Jawaharlal Nehru Stadium,Aditya Purkayastha
3817883,2022-02-05,16:00:00.000,1238,108,Indian Super league,2021/2022,India,Regular Season,7284,Bengaluru,2021,Jamshedpur,3,1,17,available,GMC Athletic Stadium,Coimbatore Ramaswamy Srikrishna
3817886,2022-02-04,16:00:00.000,1238,108,Indian Super league,2021/2022,India,Regular Season,7283,Kerala Blasters,7285,NorthEast United,2,1,17,available,Tilak Maidan Stadium,Pratik Mondal
3817864,2022-02-03,16:00:00.000,1238,108,Indian Super league,2021/2022,India,Regular Season,7287,Mumbai City,7282,Mohun Bagan Super Giant,1,1,16,available,Pandit Jawaharlal Nehru Stadium,Rahul Kumar Gupta
3817882,2022-02-02,16:00:00.000,1238,108,Indian Super league,2021/2022,India,Regular Season,7286,East Bengal,7290,Chennaiyin,2,2,16,available,Tilak Maidan Stadium,Ashwin Mohanlal Kanojia
3817894,2022-02-01,16:00:00.000,1238,108,Indian Super league,2021/2022,India,Regular Season,7288,Goa,7291,Odisha,1,1,16,available,GMC Athletic Stadium,Senthil Nathan
3817871,2022-01-31,16:00:00.000,1238,108,Indian Super league,2021/2022,India,Regular Season,7285,NorthEast United,7289,SC Delhi,0,5,16,available,Pandit Jawaharlal Nehru Stadium,Ramachandran Venkatesh
3817861,2022-01-30,16:00:00.000,1238,108,Indian Super league,2021/2022,India,Regular Season,7283,Kerala Blasters,7284,Bengaluru,0,1,16,available,Tilak Maidan Stadium,Harish Kundu
3817888,2022-01-29,14:00:00.000,1238,108,Indian Super league,2021/2022,India,Regular Season,7282,Mohun Bagan Super Giant,7286,East Bengal,3,1,15,available,Pandit Jawaharlal Nehru Stadium,Crystal John
3817875,2022-01-28,16:00:00.000,1238,108,Indian Super league,2021/2022,India,Regular Season,2021,Jamshedpur,7288,Goa,1,0,15,available,GMC Athletic Stadium,Aditya Purkayastha
3817868,2022-01-26,16:00:00.000,1238,108,Indian Super league,2021/2022,India,Regular Season,7284,Bengaluru,7290,Chennaiyin,3,0,15,available,GMC Athletic Stadium,Pratik Mondal
3817867,2022-01-25,16:00:00.000,1238,108,Indian Super league,2021/2022,India,Regular Season,7287,Mumbai City,7285,NorthEast United,1,1,15,available,Pandit Jawaharlal Nehru Stadium,Arumughan Rowan
3813313,2022-01-23,16:00:00.000,1238,108,Indian Super league,2021/2022,India,Regular Season,7282,Mohun Bagan Super Giant,7291,Odisha,0,0,11,available,Pandit Jawaharlal Nehru Stadium,Harish Kundu
3817890,2022-01-14,16:00:00.000,1238,108,Indian Super league,2021/2022,India,Regular Season,7288,Goa,7285,NorthEast United,1,1,12,available,GMC Athletic Stadium,Ramachandran Venkatesh
3813302,2022-01-06,16:00:00.000,1238,108,Indian Super league,2021/2022,India,Regular Season,2021,Jamshedpur,7285,NorthEast United,3,2,11,available,GMC Athletic Stadium,Arumughan Rowan
3817857,2022-03-01,16:00:00.000,1238,108,Indian Super league,2021/2022,India,Regular Season,7289,SC Delhi,2021,Jamshedpur,0,3,13,available,GMC Athletic Stadium,Ramachandran Venkatesh
3817898,2022-02-26,18:00:00.000,1238,108,Indian Super league,2021/2022,India,Regular Season,7288,Goa,7287,Mumbai City,0,2,20,available,GMC Athletic Stadium,Rahul Kumar Gupta
3817893,2022-02-28,16:00:00.000,1238,108,Indian Super league,2021/2022,India,Regular Season,7286,East Bengal,7285,NorthEast United,1,1,19,available,Tilak Maidan Stadium,Tejas Nagvenkar
3817854,2022-02-27,14:00:00.000,1238,108,Indian Super league,2021/2022,India,Regular Season,7282,Mohun Bagan Super Giant,7284,Bengaluru,2,0,13,available,Pandit Jawaharlal Nehru Stadium,Harish Kundu
3817892,2022-02-24,16:00:00.000,1238,108,Indian Super league,2021/2022,India,Regular Season,7291,Odisha,7282,Mohun Bagan Super Giant,1,1,18,available,Tilak Maidan Stadium,Aditya Purkayastha
3817859,2022-02-25,16:00:00.000,1238,108,Indian Super league,2021/2022,India,Regular Season,7285,NorthEast United,2021,Jamshedpur,2,3,21,available,Pandit Jawaharlal Nehru Stadium,Arumughan Rowan
3817858,2022-02-26,16:00:00.000,1238,108,Indian Super league,2021/2022,India,Regular Season,7283,Kerala Blasters,7290,Chennaiyin,3,0,19,available,Tilak Maidan Stadium,Pratik Mondal
3817897,2022-02-23,16:00:00.000,1238,108,Indian Super league,2021/2022,India,Regular Season,7289,SC Delhi,7283,Kerala Blasters,2,1,20,available,GMC Athletic Stadium,Harish Kundu
3817885,2022-02-22,16:00:00.000,1238,108,Indian Super league,2021/2022,India,Regular Season,7287,Mumbai City,7286,East Bengal,1,0,18,available,Pandit Jawaharlal Nehru Stadium,Ashwin Mohanlal Kanojia
3817878,2022-01-24,16:00:00.000,1238,108,Indian Super league,2021/2022,India,Regular Season,7286,East Bengal,7289,SC Delhi,0,4,14,available,Tilak Maidan Stadium,Rahul Kumar Gupta
3817876,2022-01-22,16:00:00.000,1238,108,Indian Super league,2021/2022,India,Regular Season,7290,Chennaiyin,7285,NorthEast United,2,1,14,available,Pandit Jawaharlal Nehru Stadium,Crystal John
3813305,2022-01-09,16:00:00.000,1238,108,Indian Super league,2021/2022,India,Regular Season,7283,Kerala Blasters,7289,SC Delhi,1,0,11,available,Tilak Maidan Stadium,Pranjal Banerjee
3813266,2022-01-08,18:00:00.000,1238,108,Indian Super league,2021/2022,India,Regular Season,7288,Goa,7290,Chennaiyin,1,0,11,available,GMC Athletic Stadium,Pratik Mondal
3813271,2022-01-02,16:00:00.000,1238,108,Indian Super league,2021/2022,India,Regular Season,7283,Kerala Blasters,7288,Goa,2,2,10,available,Tilak Maidan Stadium,Coimbatore Ramaswamy Srikrishna
3813311,2022-01-02,18:00:00.000,1238,108,Indian Super league,2021/2022,India,Regular Season,2021,Jamshedpur,7290,Chennaiyin,0,1,10,available,GMC Athletic Stadium,Pranjal Banerjee
3813303,2021-12-29,14:00:00.000,1238,108,Indian Super league,2021/2022,India,Regular Season,7282,Mohun Bagan Super Giant,7288,Goa,2,1,9,available,Pandit Jawaharlal Nehru Stadium,Crystal John
3813304,2021-12-23,16:00:00.000,1238,108,Indian Super league,2021/2022,India,Regular Season,7289,SC Delhi,7286,East Bengal,1,1,8,available,GMC Athletic Stadium,Aditya Purkayastha
3813306,2021-12-21,16:00:00.000,1238,108,Indian Super league,2021/2022,India,Regular Season,7285,NorthEast United,7282,Mohun Bagan Super Giant,2,3,8,available,Pandit Jawaharlal Nehru Stadium,Harish Kundu
3813283,2021-12-30,16:00:00.000,1238,108,Indian Super league,2021/2022,India,Regular Season,7290,Chennaiyin,7284,Bengaluru,2,4,9,available,Tilak Maidan Stadium,Rahul Kumar Gupta
3813275,2021-12-26,16:00:00.000,1238,108,Indian Super league,2021/2022,India,Regular Season,7283,Kerala Blasters,2021,Jamshedpur,1,1,9,available,Tilak Maidan Stadium,Pratik Mondal
3813278,2021-12-22,16:00:00.000,1238,108,Indian Super league,2021/2022,India,Regular Season,7290,Chennaiyin,7283,Kerala Blasters,0,3,8,available,Tilak Maidan Stadium,Crystal John
3813295,2021-12-28,16:00:00.000,1238,108,Indian Super league,2021/2022,India,Regular Season,7289,SC Delhi,7291,Odisha,6,1,9,available,GMC Athletic Stadium,Ashwin Mohanlal Kanojia
3813296,2021-11-25,16:00:00.000,1238,108,Indian Super league,2021/2022,India,Regular Season,7285,NorthEast United,7283,Kerala Blasters,0,0,2,available,Pandit Jawaharlal Nehru Stadium,
3813282,2021-12-19,16:00:00.000,1238,108,Indian Super league,2021/2022,India,Regular Season,7287,Mumbai City,7283,Kerala Blasters,0,3,7,available,Pandit Jawaharlal Nehru Stadium,Pranjal Banerjee
3813269,2021-12-14,16:00:00.000,1238,108,Indian Super league,2021/2022,India,Regular Season,7291,Odisha,2021,Jamshedpur,0,4,6,available,Tilak Maidan Stadium,Coimbatore Ramaswamy Srikrishna
3817879,2022-01-13,16:00:00.000,1238,108,Indian Super league,2021/2022,India,Regular Season,7290,Chennaiyin,7289,SC Delhi,1,1,12,available,Pandit Jawaharlal Nehru Stadium,Rahul Kumar Gupta
3817874,2022-01-23,16:00:00.000,1238,108,Indian Super league,2021/2022,India,Regular Season,7284,Bengaluru,7288,Goa,1,1,14,available,GMC Athletic Stadium,Pranjal Banerjee
3817865,2022-01-18,16:00:00.000,1238,108,Indian Super league,2021/2022,India,Regular Season,7285,NorthEast United,7291,Odisha,0,2,13,available,Pandit Jawaharlal Nehru Stadium,Ashwin Mohanlal Kanojia
3817860,2022-01-27,16:00:00.000,1238,108,Indian Super league,2021/2022,India,Regular Season,7291,Odisha,7289,SC Delhi,2,3,15,available,Tilak Maidan Stadium,Coimbatore Ramaswamy Srikrishna
3817853,2022-01-19,16:00:00.000,1238,108,Indian Super league,2021/2022,India,Regular Season,7288,Goa,7286,East Bengal,1,2,13,available,GMC Athletic Stadium,Aditya Purkayastha
3817851,2022-01-12,16:00:00.000,1238,108,Indian Super league,2021/2022,India,Regular Season,7291,Odisha,7283,Kerala Blasters,0,2,12,available,Tilak Maidan Stadium,Senthil Nathan
3817850,2022-01-11,16:00:00.000,1238,108,Indian Super league,2021/2022,India,Regular Season,2021,Jamshedpur,7286,East Bengal,1,0,12,available,GMC Athletic Stadium,Crystal John
3817849,2022-01-10,16:00:00.000,1238,108,Indian Super league,2021/2022,India,Regular Season,7287,Mumbai City,7284,Bengaluru,0,3,12,available,Pandit Jawaharlal Nehru Stadium,Coimbatore Ramaswamy Srikrishna
3817848,2022-02-15,16:00:00.000,1238,108,Indian Super league,2021/2022,India,Regular Season,7288,Goa,7282,Mohun Bagan Super Giant,0,2,21,available,GMC Athletic Stadium,Crystal John
3813318,2021-12-27,16:00:00.000,1238,108,Indian Super league,2021/2022,India,Regular Season,7285,NorthEast United,7287,Mumbai City,3,3,9,available,Pandit Jawaharlal Nehru Stadium,Arumughan Rowan
3813287,2021-12-16,16:00:00.000,1238,108,Indian Super league,2021/2022,India,Regular Season,7284,Bengaluru,7282,Mohun Bagan Super Giant,3,3,7,available,GMC Athletic Stadium,Crystal John
3813270,2021-11-22,16:00:00.000,1238,108,Indian Super league,2021/2022,India,Regular Season,7287,Mumbai City,7288,Goa,3,0,1,available,Pandit Jawaharlal Nehru Stadium,Arumughan Rowan
3813307,2021-12-20,16:00:00.000,1238,108,Indian Super league,2021/2022,India,Regular Season,2021,Jamshedpur,7284,Bengaluru,0,0,8,available,GMC Athletic Stadium,Senthil Nathan
3813279,2021-12-18,16:00:00.000,1238,108,Indian Super league,2021/2022,India,Regular Season,7290,Chennaiyin,7291,Odisha,2,1,7,available,Tilak Maidan Stadium,Pratik Mondal
3813281,2021-12-11,14:00:00.000,1238,108,Indian Super league,2021/2022,India,Regular Season,7282,Mohun Bagan Super Giant,7290,Chennaiyin,1,1,5,available,Pandit Jawaharlal Nehru Stadium,Rahul Kumar Gupta
3813274,2021-12-04,18:00:00.000,1238,108,Indian Super league,2021/2022,India,Regular Season,7284,Bengaluru,7287,Mumbai City,1,3,4,available,GMC Athletic Stadium,Pranjal Banerjee
3813285,2021-12-11,18:00:00.000,1238,108,Indian Super league,2021/2022,India,Regular Season,7288,Goa,7284,Bengaluru,2,1,6,available,GMC Athletic Stadium,Pranjal Banerjee
3813317,2021-11-30,16:00:00.000,1238,108,Indian Super league,2021/2022,India,Regular Season,7291,Odisha,7286,East Bengal,6,4,3,available,Tilak Maidan Stadium,Harish Kundu
3813316,2021-12-04,16:00:00.000,1238,108,Indian Super league,2021/2022,India,Regular Season,7285,NorthEast United,7288,Goa,2,1,4,available,Pandit Jawaharlal Nehru Stadium,Rahul Kumar Gupta
3813315,2021-11-26,16:00:00.000,1238,108,Indian Super league,2021/2022,India,Regular Season,7288,Goa,2021,Jamshedpur,1,3,2,available,GMC Athletic Stadium,Senthil Nathan
3813312,2021-12-01,14:00:00.000,1238,108,Indian Super league,2021/2022,India,Regular Season,7282,Mohun Bagan Super Giant,7287,Mumbai City,1,5,3,available,Pandit Jawaharlal Nehru Stadium,Coimbatore Ramaswamy Srikrishna
3813310,2021-12-12,16:00:00.000,1238,108,Indian Super league,2021/2022,India,Regular Season,7286,East Bengal,7283,Kerala Blasters,1,1,6,available,Tilak Maidan Stadium,Ramachandran Venkatesh
3813309,2021-11-23,16:00:00.000,1238,108,Indian Super league,2021/2022,India,Regular Season,7289,SC Delhi,7290,Chennaiyin,0,1,1,available,GMC Athletic Stadium,Pranjal Banerjee
3813308,2021-12-24,16:00:00.000,1238,108,Indian Super league,2021/2022,India,Regular Season,7291,Odisha,7288,Goa,1,1,8,available,Tilak Maidan Stadium,Coimbatore Ramaswamy Srikrishna
3813301,2021-12-10,16:00:00.000,1238,108,Indian Super league,2021/2022,India,Regular Season,7291,Odisha,7285,NorthEast United,1,0,5,available,Tilak Maidan Stadium,Senthil Nathan
3813300,2021-12-05,16:00:00.000,1238,108,Indian Super league,2021/2022,India,Regular Season,7283,Kerala Blasters,7291,Odisha,2,1,4,available,Tilak Maidan Stadium,Ramachandran Venkatesh
3813299,2021-12-08,16:00:00.000,1238,108,Indian Super league,2021/2022,India,Regular Season,7289,SC Delhi,7284,Bengaluru,1,0,5,available,GMC Athletic Stadium,Harish Kundu
3813298,2021-11-21,16:00:00.000,1238,108,Indian Super league,2021/2022,India,Regular Season,7286,East Bengal,2021,Jamshedpur,1,1,1,available,Tilak Maidan Stadium,Crystal John
3813297,2021-11-20,16:00:00.000,1238,108,Indian Super league,2021/2022,India,Regular Season,7284,Bengaluru,7285,NorthEast United,4,2,1,available,GMC Athletic Stadium,Rahul Kumar Gupta
3813294,2021-11-29,16:00:00.000,1238,108,Indian Super league,2021/2022,India,Regular Season,7285,NorthEast United,7290,Chennaiyin,1,2,3,available,Pandit Jawaharlal Nehru Stadium,Ashwin Mohanlal Kanojia
3813293,2022-01-04,16:00:00.000,1238,108,Indian Super league,2021/2022,India,Regular Season,7284,Bengaluru,7286,East Bengal,1,1,10,available,GMC Athletic Stadium,Harish Kundu
3813292,2021-11-28,16:00:00.000,1238,108,Indian Super league,2021/2022,India,Regular Season,7284,Bengaluru,7283,Kerala Blasters,1,1,3,available,GMC Athletic Stadium,Pranjal Banerjee
3813291,2021-11-27,16:00:00.000,1238,108,Indian Super league,2021/2022,India,Regular Season,7286,East Bengal,7282,Mohun Bagan Super Giant,0,3,2,available,Tilak Maidan Stadium,Rahul Kumar Gupta
3813290,2021-12-13,16:00:00.000,1238,108,Indian Super league,2021/2022,India,Regular Season,7289,SC Delhi,7285,NorthEast United,5,1,6,available,GMC Athletic Stadium,Ashwin Mohanlal Kanojia
3813289,2021-11-24,16:00:00.000,1238,108,Indian Super league,2021/2022,India,Regular Season,7291,Odisha,7284,Bengaluru,3,1,2,available,Tilak Maidan Stadium,Ramachandran Venkatesh
3813288,2021-12-02,16:00:00.000,1238,108,Indian Super league,2021/2022,India,Regular Season,2021,Jamshedpur,7289,SC Delhi,1,1,3,available,GMC Athletic Stadium,Pratik Mondal
3813286,2021-12-15,16:00:00.000,1238,108,Indian Super league,2021/2022,India,Regular Season,7287,Mumbai City,7290,Chennaiyin,1,0,6,available,Pandit Jawaharlal Nehru Stadium,Arumughan Rowan
3813284,2021-12-09,16:00:00.000,1238,108,Indian Super league,2021/2022,India,Regular Season,7287,Mumbai City,2021,Jamshedpur,4,2,5,available,Pandit Jawaharlal Nehru Stadium,Aditya Purkayastha
3813280,2021-12-03,16:00:00.000,1238,108,Indian Super league,2021/2022,India,Regular Season,7290,Chennaiyin,7286,East Bengal,0,0,4,available,Tilak Maidan Stadium,Crystal John
3813277,2021-11-27,18:00:00.000,1238,108,Indian Super league,2021/2022,India,Regular Season,7287,Mumbai City,7289,SC Delhi,1,3,2,available,Pandit Jawaharlal Nehru Stadium,Pratik Mondal
3813276,2021-12-17,16:00:00.000,1238,108,Indian Super league,2021/2022,India,Regular Season,7285,NorthEast United,7286,East Bengal,2,0,7,available,Pandit Jawaharlal Nehru Stadium,Rahul Kumar Gupta
3813273,2022-01-03,16:00:00.000,1238,108,Indian Super league,2021/2022,India,Regular Season,7291,Odisha,7287,Mumbai City,4,2,10,available,Tilak Maidan Stadium,Ramachandran Venkatesh
3813272,2021-12-18,18:00:00.000,1238,108,Indian Super league,2021/2022,India,Regular Season,7288,Goa,7289,SC Delhi,1,1,7,available,GMC Athletic Stadium,Ramachandran Venkatesh
3813268,2021-12-06,16:00:00.000,1238,108,Indian Super league,2021/2022,India,Regular Season,2021,Jamshedpur,7282,Mohun Bagan Super Giant,2,1,4,available,GMC Athletic Stadium,Arumughan Rowan
3813267,2021-12-07,16:00:00.000,1238,108,Indian Super league,2021/2022,India,Regular Season,7286,East Bengal,7288,Goa,3,4,5,available,Tilak Maidan Stadium,Coimbatore Ramaswamy Srikrishna
3813265,2022-01-07,16:00:00.000,1238,108,Indian Super league,2021/2022,India,Regular Season,7286,East Bengal,7287,Mumbai City,0,0,11,available,Tilak Maidan Stadium,Senthil Nathan
3813264,2022-01-05,14:00:00.000,1238,108,Indian Super league,2021/2022,India,Regular Season,7282,Mohun Bagan Super Giant,7289,SC Delhi,2,2,10,available,Pandit Jawaharlal Nehru Stadium,Rahul Kumar Gupta
3773386,2020-10-31,21:00:00.000,11,90,La Liga,2020/2021,Spain,Regular Season,206,Deportivo Alavés,217,Barcelona,1,1,8,available,Estadio de Mendizorroza,
3773565,2021-01-09,18:30:00.000,11,90,La Liga,2020/2021,Spain,Regular Season,1049,Granada,217,Barcelona,0,4,18,available,Estadio Nuevo Los Cármenes,Ricardo De Burgos Bengoetxea
3773457,2021-05-16,18:30:00.000,11,90,La Liga,2020/2021,Spain,Regular Season,217,Barcelona,209,Celta Vigo,1,2,37,available,Spotify Camp Nou,
3773631,2021-02-07,21:00:00.000,11,90,La Liga,2020/2021,Spain,Regular Season,218,Real Betis,217,Barcelona,2,3,22,available,Estadio Benito Villamarín,
3773665,2021-03-06,21:00:00.000,11,90,La Liga,2020/2021,Spain,Regular Season,422,Osasuna,217,Barcelona,0,2,26,available,Estadio El Sadar,Guillermo Cuadra Fernández
3773497,2021-04-10,21:00:00.000,11,90,La Liga,2020/2021,Spain,Regular Season,220,Real Madrid,217,Barcelona,2,1,30,available,Estadio Alfredo Di Stéfano,Jesús Gil Manzano
3773660,2020-12-13,21:00:00.000,11,90,La Liga,2020/2021,Spain,Regular Season,217,Barcelona,221,Levante UD,1,0,13,available,Spotify Camp Nou,Ricardo De Burgos Bengoetxea
3773593,2020-09-27,21:00:00.000,11,90,La Liga,2020/2021,Spain,Regular Season,217,Barcelona,222,Villarreal,4,0,3,available,Spotify Camp Nou,Guillermo Cuadra Fernández
3773466,2020-10-01,21:30:00.000,11,90,La Liga,2020/2021,Spain,Regular Season,209,Celta Vigo,217,Barcelona,0,3,4,available,Abanca-Balaídos,Carlos del Cerro Grande
3773585,2020-10-24,16:00:00.000,11,90,La Liga,2020/2021,Spain,Regular Season,217,Barcelona,220,Real Madrid,1,3,7,available,Spotify Camp Nou,Juan Martínez Munuera
3773552,2021-01-03,21:00:00.000,11,90,La Liga,2020/2021,Spain,Regular Season,902,Huesca,217,Barcelona,0,1,17,available,Estadio El Alcoraz,Guillermo Cuadra Fernández
3773672,2020-10-04,21:00:00.000,11,90,La Liga,2020/2021,Spain,Regular Season,217,Barcelona,213,Sevilla,1,1,5,available,Spotify Camp Nou,Jesús Gil Manzano
3773587,2020-10-17,21:00:00.000,11,90,La Liga,2020/2021,Spain,Regular Season,216,Getafe,217,Barcelona,1,0,6,available,Coliseum Alfonso Pérez,César Soto Grado
3773656,2020-11-21,21:00:00.000,11,90,La Liga,2020/2021,Spain,Regular Season,212,Atlético Madrid,217,Barcelona,1,0,10,available,Estádio Cívitas Metropolitano,
3773377,2020-12-19,16:15:00.000,11,90,La Liga,2020/2021,Spain,Regular Season,217,Barcelona,207,Valencia,2,2,14,available,Spotify Camp Nou,Alejandro José Hernández Hernández
3773586,2021-04-29,19:00:00.000,11,90,La Liga,2020/2021,Spain,Regular Season,217,Barcelona,1049,Granada,1,2,33,available,Spotify Camp Nou,Pablo González Fuertes
3773372,2021-05-08,16:15:00.000,11,90,La Liga,2020/2021,Spain,Regular Season,217,Barcelona,212,Atlético Madrid,0,0,35,available,Spotify Camp Nou,Antonio Miguel Mateu Lahoz
3773387,2021-05-11,22:00:00.000,11,90,La Liga,2020/2021,Spain,Regular Season,221,Levante UD,217,Barcelona,3,3,36,available,Estadio Ciudad de Valencia,José Luis Munuera Montero
3773695,2021-05-02,21:00:00.000,11,90,La Liga,2020/2021,Spain,Regular Season,207,Valencia,217,Barcelona,2,3,34,available,Estadio de Mestalla,José María Sánchez Martínez
3773369,2021-03-15,21:00:00.000,11,90,La Liga,2020/2021,Spain,Regular Season,217,Barcelona,902,Huesca,4,1,27,available,Spotify Camp Nou,Adrián Cordero Vega
3773661,2021-04-22,22:00:00.000,11,90,La Liga,2020/2021,Spain,Regular Season,217,Barcelona,216,Getafe,5,2,31,available,Spotify Camp Nou,Jorge Figueroa Vázquez
3773597,2021-03-21,21:00:00.000,11,90,La Liga,2020/2021,Spain,Regular Season,210,Real Sociedad,217,Barcelona,1,6,28,available,Reale Arena,José Luis Munuera Montero
3773523,2020-12-16,21:00:00.000,11,90,La Liga,2020/2021,Spain,Regular Season,217,Barcelona,210,Real Sociedad,2,1,19,available,Spotify Camp Nou,José María Sánchez Martínez
3773571,2020-12-22,22:00:00.000,11,90,La Liga,2020/2021,Spain,Regular Season,901,Real Valladolid,217,Barcelona,0,3,15,available,Estadio Municipal José Zorrilla,Mario Melero López
3773428,2020-12-05,21:00:00.000,11,90,La Liga,2020/2021,Spain,Regular Season,552,Cádiz,217,Barcelona,2,1,12,available,Estadio Nuevo Mirandilla,César Soto Grado
3764661,2021-01-06,21:00:00.000,11,90,La Liga,2020/2021,Spain,Regular Season,215,Athletic Club,217,Barcelona,2,3,2,available,San Mamés Barria,Carlos del Cerro Grande
3773526,2021-02-13,21:00:00.000,11,90,La Liga,2020/2021,Spain,Regular Season,217,Barcelona,206,Deportivo Alavés,5,1,23,available,Spotify Camp Nou,Jorge Figueroa Vázquez
3773474,2021-04-05,21:00:00.000,11,90,La Liga,2020/2021,Spain,Regular Season,217,Barcelona,901,Real Valladolid,1,0,29,available,Spotify Camp Nou,Santiago Jaime Latre
3773625,2021-02-27,16:15:00.000,11,90,La Liga,2020/2021,Spain,Regular Season,213,Sevilla,217,Barcelona,0,2,25,available,Estadio Ramón Sánchez Pizjuán,Alejandro José Hernández Hernández
3773403,2021-01-31,21:00:00.000,11,90,La Liga,2020/2021,Spain,Regular Season,217,Barcelona,215,Athletic Club,2,1,21,available,Spotify Camp Nou,Antonio Miguel Mateu Lahoz
3773547,2020-11-29,14:00:00.000,11,90,La Liga,2020/2021,Spain,Regular Season,217,Barcelona,422,Osasuna,4,0,11,available,Spotify Camp Nou,Antonio Miguel Mateu Lahoz
3773415,2021-02-21,14:00:00.000,11,90,La Liga,2020/2021,Spain,Regular Season,217,Barcelona,552,Cádiz,1,1,24,available,Spotify Camp Nou,Juan Martínez Munuera
3764440,2021-02-24,19:00:00.000,11,90,La Liga,2020/2021,Spain,Regular Season,217,Barcelona,1042,Elche,3,0,1,available,Spotify Camp Nou,Isidro Díaz de Mera Escuderos
3773689,2021-04-25,16:15:00.000,11,90,La Liga,2020/2021,Spain,Regular Season,222,Villarreal,217,Barcelona,1,2,32,available,Estadio de la Cerámica,Carlos del Cerro Grande
3773477,2020-11-07,16:15:00.000,11,90,La Liga,2020/2021,Spain,Regular Season,217,Barcelona,218,Real Betis,5,2,9,available,Spotify Camp Nou,
303731,2020-02-22,16:00:00.000,11,42,La Liga,2019/2020,Spain,Regular Season,217,Barcelona,322,Eibar,5,0,25,available,Spotify Camp Nou,
303532,2020-06-16,22:00:00.000,11,42,La Liga,2019/2020,Spain,Regular Season,217,Barcelona,205,Leganés,2,0,29,available,Spotify Camp Nou,
303516,2020-06-27,17:00:00.000,11,42,La Liga,2019/2020,Spain,Regular Season,209,Celta Vigo,217,Barcelona,2,2,32,available,Abanca-Balaídos,
303596,2019-12-18,20:00:00.000,11,42,La Liga,2019/2020,Spain,Regular Season,217,Barcelona,220,Real Madrid,0,0,10,available,Spotify Camp Nou,
303430,2019-09-24,21:00:00.000,11,42,La Liga,2019/2020,Spain,Regular Season,217,Barcelona,222,Villarreal,2,1,6,available,Spotify Camp Nou,
303725,2020-07-05,22:00:00.000,11,42,La Liga,2019/2020,Spain,Regular Season,222,Villarreal,217,Barcelona,1,4,34,available,Estadio de la Cerámica,
303504,2019-11-02,16:00:00.000,11,42,La Liga,2019/2020,Spain,Regular Season,221,Levante UD,217,Barcelona,3,1,12,available,Estadio Ciudad de Valencia,
303451,2019-12-07,21:00:00.000,11,42,La Liga,2019/2020,Spain,Regular Season,217,Barcelona,1043,Mallorca,5,2,16,available,Spotify Camp Nou,
303664,2019-12-14,16:00:00.000,11,42,La Liga,2019/2020,Spain,Regular Season,210,Real Sociedad,217,Barcelona,2,2,17,available,Reale Arena,
303682,2020-02-02,21:00:00.000,11,42,La Liga,2019/2020,Spain,Regular Season,217,Barcelona,221,Levante UD,2,1,22,available,Spotify Camp Nou,
303400,2020-01-25,16:00:00.000,11,42,La Liga,2019/2020,Spain,Regular Season,207,Valencia,217,Barcelona,2,0,21,available,Estadio de Mestalla,Jesús Gil Manzano
303634,2020-07-16,21:00:00.000,11,42,La Liga,2019/2020,Spain,Regular Season,217,Barcelona,422,Osasuna,1,2,37,available,Spotify Camp Nou,
303421,2020-07-19,17:00:00.000,11,42,La Liga,2019/2020,Spain,Regular Season,206,Deportivo Alavés,217,Barcelona,0,5,38,available,Estadio de Mendizorroza,
303493,2020-06-23,22:00:00.000,11,42,La Liga,2019/2020,Spain,Regular Season,217,Barcelona,215,Athletic Club,1,0,31,available,Spotify Camp Nou,Jesús Gil Manzano
303680,2020-07-11,19:30:00.000,11,42,La Liga,2019/2020,Spain,Regular Season,901,Real Valladolid,217,Barcelona,0,1,36,available,Estadio Municipal José Zorrilla,Antonio Miguel Mateu Lahoz
303479,2020-03-07,18:30:00.000,11,42,La Liga,2019/2020,Spain,Regular Season,217,Barcelona,210,Real Sociedad,1,0,27,available,Spotify Camp Nou,
303615,2020-07-08,22:00:00.000,11,42,La Liga,2019/2020,Spain,Regular Season,217,Barcelona,214,Espanyol,1,0,35,available,Spotify Camp Nou,
303696,2020-06-30,22:00:00.000,11,42,La Liga,2019/2020,Spain,Regular Season,217,Barcelona,212,Atlético Madrid,2,2,33,available,Spotify Camp Nou,
303487,2019-11-09,21:00:00.000,11,42,La Liga,2019/2020,Spain,Regular Season,217,Barcelona,209,Celta Vigo,4,1,13,available,Spotify Camp Nou,
303600,2019-10-29,21:15:00.000,11,42,La Liga,2019/2020,Spain,Regular Season,217,Barcelona,901,Real Valladolid,5,1,11,available,Spotify Camp Nou,
303548,2020-06-13,22:00:00.000,11,42,La Liga,2019/2020,Spain,Regular Season,1043,Mallorca,217,Barcelona,0,4,28,available,Visit Mallorca Estadi,
303652,2020-01-04,21:00:00.000,11,42,La Liga,2019/2020,Spain,Regular Season,214,Espanyol,217,Barcelona,2,2,19,available,Stage Front Stadium,
303674,2020-06-19,22:00:00.000,11,42,La Liga,2019/2020,Spain,Regular Season,213,Sevilla,217,Barcelona,0,0,30,available,Estadio Ramón Sánchez Pizjuán,José Luis González González
303470,2020-03-01,21:00:00.000,11,42,La Liga,2019/2020,Spain,Regular Season,220,Real Madrid,217,Barcelona,2,0,26,available,Bernabéu,Antonio Miguel Mateu Lahoz
303700,2019-10-19,13:00:00.000,11,42,La Liga,2019/2020,Spain,Regular Season,322,Eibar,217,Barcelona,0,3,9,available,Estadio Municipal de Ipurúa,
303707,2020-02-09,21:00:00.000,11,42,La Liga,2019/2020,Spain,Regular Season,218,Real Betis,217,Barcelona,2,3,23,available,Estadio Benito Villamarín,
303666,2019-09-21,21:00:00.000,11,42,La Liga,2019/2020,Spain,Regular Season,1049,Granada,217,Barcelona,2,0,5,available,Estadio Nuevo Los Cármenes,
303715,2019-11-23,13:00:00.000,11,42,La Liga,2019/2020,Spain,Regular Season,205,Leganés,217,Barcelona,1,2,14,available,Estadio Municipal de Butarque,
303377,2020-02-15,16:00:00.000,11,42,La Liga,2019/2020,Spain,Regular Season,217,Barcelona,216,Getafe,2,1,24,available,Spotify Camp Nou,
303524,2019-12-01,21:00:00.000,11,42,La Liga,2019/2020,Spain,Regular Season,212,Atlético Madrid,217,Barcelona,0,1,15,available,Estádio Cívitas Metropolitano,Antonio Miguel Mateu Lahoz
303517,2019-12-21,16:00:00.000,11,42,La Liga,2019/2020,Spain,Regular Season,217,Barcelona,206,Deportivo Alavés,4,1,18,available,Spotify Camp Nou,
303610,2020-01-19,21:00:00.000,11,42,La Liga,2019/2020,Spain,Regular Season,217,Barcelona,1049,Granada,1,0,20,available,Spotify Camp Nou,
303473,2019-10-06,21:00:00.000,11,42,La Liga,2019/2020,Spain,Regular Season,217,Barcelona,213,Sevilla,4,0,8,available,Spotify Camp Nou,Antonio Miguel Mateu Lahoz
15978,2018-09-15,16:15:00.000,11,4,La Liga,2018/2019,Spain,Regular Season,210,Real Sociedad,217,Barcelona,1,2,4,available,Reale Arena,Carlos del Cerro Grande
15998,2018-09-26,20:00:00.000,11,4,La Liga,2018/2019,Spain,Regular Season,205,Leganés,217,Barcelona,2,1,6,available,Estadio Municipal de Butarque,Alberto Undiano Mallenco
16029,2018-10-20,20:45:00.000,11,4,La Liga,2018/2019,Spain,Regular Season,217,Barcelona,213,Sevilla,4,2,9,available,Spotify Camp Nou,
16073,2018-11-24,20:45:00.000,11,4,La Liga,2018/2019,Spain,Regular Season,212,Atlético Madrid,217,Barcelona,1,1,13,available,Estádio Cívitas Metropolitano,Jesús Gil Manzano
16086,2018-12-08,20:45:00.000,11,4,La Liga,2018/2019,Spain,Regular Season,214,Espanyol,217,Barcelona,0,4,15,available,Stage Front Stadium,
16190,2019-02-23,16:15:00.000,11,4,La Liga,2018/2019,Spain,Regular Season,213,Sevilla,217,Barcelona,2,4,25,available,Estadio Ramón Sánchez Pizjuán,Antonio Miguel Mateu Lahoz
16109,2018-12-22,18:30:00.000,11,4,La Liga,2018/2019,Spain,Regular Season,217,Barcelona,209,Celta Vigo,2,0,17,available,Spotify Camp Nou,Eduardo Prieto Iglesias
16120,2019-01-06,20:45:00.000,11,4,La Liga,2018/2019,Spain,Regular Season,216,Getafe,217,Barcelona,1,2,18,available,Coliseum Alfonso Pérez,
16182,2019-02-16,20:45:00.000,11,4,La Liga,2018/2019,Spain,Regular Season,217,Barcelona,901,Real Valladolid,1,0,24,available,Spotify Camp Nou,
16215,2019-03-17,20:45:00.000,11,4,La Liga,2018/2019,Spain,Regular Season,218,Real Betis,217,Barcelona,1,4,28,available,Estadio Benito Villamarín,
16173,2019-02-10,20:45:00.000,11,4,La Liga,2018/2019,Spain,Regular Season,215,Athletic Club,217,Barcelona,0,0,23,available,San Mamés Barria,Carlos del Cerro Grande
16265,2019-04-20,20:45:00.000,11,4,La Liga,2018/2019,Spain,Regular Season,217,Barcelona,210,Real Sociedad,2,1,33,available,Spotify Camp Nou,
15946,2018-08-18,22:15:00.000,11,4,La Liga,2018/2019,Spain,Regular Season,217,Barcelona,206,Deportivo Alavés,3,0,1,available,Spotify Camp Nou,José María Sánchez Martínez
16157,2019-02-02,18:30:00.000,11,4,La Liga,2018/2019,Spain,Regular Season,217,Barcelona,207,Valencia,2,2,22,available,Spotify Camp Nou,Alberto Undiano Mallenco
16136,2019-01-20,20:45:00.000,11,4,La Liga,2018/2019,Spain,Regular Season,217,Barcelona,205,Leganés,3,1,20,available,Spotify Camp Nou,Ricardo De Burgos Bengoetxea
16248,2019-04-06,20:45:00.000,11,4,La Liga,2018/2019,Spain,Regular Season,217,Barcelona,212,Atlético Madrid,2,0,31,available,Spotify Camp Nou,Jesús Gil Manzano
16056,2018-11-11,16:15:00.000,11,4,La Liga,2018/2019,Spain,Regular Season,217,Barcelona,218,Real Betis,3,4,12,available,Spotify Camp Nou,Antonio Miguel Mateu Lahoz
16289,2019-04-27,20:45:00.000,11,4,La Liga,2018/2019,Spain,Regular Season,217,Barcelona,221,Levante UD,1,0,35,available,Spotify Camp Nou,Ricardo De Burgos Bengoetxea
16079,2018-12-02,18:30:00.000,11,4,La Liga,2018/2019,Spain,Regular Season,217,Barcelona,222,Villarreal,2,0,14,available,Spotify Camp Nou,José Luis Munuera Montero
16149,2019-01-27,16:15:00.000,11,4,La Liga,2018/2019,Spain,Regular Season,211,Girona,217,Barcelona,0,2,21,available,Estadi Municipal de Montilivi,Pablo González Fuertes
16275,2019-04-23,21:30:00.000,11,4,La Liga,2018/2019,Spain,Regular Season,206,Deportivo Alavés,217,Barcelona,0,2,34,available,Estadio de Mendizorroza,
15973,2018-09-02,18:30:00.000,11,4,La Liga,2018/2019,Spain,Regular Season,217,Barcelona,902,Huesca,8,2,3,available,Spotify Camp Nou,Mario Melero López
16317,2019-05-19,16:15:00.000,11,4,La Liga,2018/2019,Spain,Regular Season,322,Eibar,217,Barcelona,2,2,38,available,Estadio Municipal de Ipurúa,
16131,2019-01-13,18:30:00.000,11,4,La Liga,2018/2019,Spain,Regular Season,217,Barcelona,322,Eibar,3,0,19,available,Spotify Camp Nou,Jesús Gil Manzano
16205,2019-03-09,18:30:00.000,11,4,La Liga,2018/2019,Spain,Regular Season,217,Barcelona,360,Rayo Vallecano,3,1,27,available,Spotify Camp Nou,
16095,2018-12-16,20:45:00.000,11,4,La Liga,2018/2019,Spain,Regular Season,221,Levante UD,217,Barcelona,0,5,16,available,Estadio Ciudad de Valencia,José Luis González González
16306,2019-05-12,18:30:00.000,11,4,La Liga,2018/2019,Spain,Regular Season,217,Barcelona,216,Getafe,2,0,37,available,Spotify Camp Nou,José Luis González González
16010,2018-09-29,16:15:00.000,11,4,La Liga,2018/2019,Spain,Regular Season,217,Barcelona,215,Athletic Club,1,1,7,available,Spotify Camp Nou,
15986,2018-09-23,20:45:00.000,11,4,La Liga,2018/2019,Spain,Regular Season,217,Barcelona,211,Girona,2,2,5,available,Spotify Camp Nou,Jesús Gil Manzano
16240,2019-04-02,21:30:00.000,11,4,La Liga,2018/2019,Spain,Regular Season,222,Villarreal,217,Barcelona,4,4,30,available,Estadio de la Cerámica,
16023,2018-10-07,20:45:00.000,11,4,La Liga,2018/2019,Spain,Regular Season,207,Valencia,217,Barcelona,1,1,8,available,Estadio de Mestalla,José Luis González González
16196,2019-03-02,20:45:00.000,11,4,La Liga,2018/2019,Spain,Regular Season,220,Real Madrid,217,Barcelona,0,1,26,available,Bernabéu,Alberto Undiano Mallenco
15956,2018-08-25,22:15:00.000,11,4,La Liga,2018/2019,Spain,Regular Season,901,Real Valladolid,217,Barcelona,0,1,2,available,Estadio Municipal José Zorrilla,Ricardo De Burgos Bengoetxea
16231,2019-03-30,16:15:00.000,11,4,La Liga,2018/2019,Spain,Regular Season,217,Barcelona,214,Espanyol,2,0,29,available,Spotify Camp Nou,
9880,2018-04-14,16:15:00.000,11,1,La Liga,2017/2018,Spain,Regular Season,217,Barcelona,207,Valencia,2,1,32,available,Spotify Camp Nou,Carlos del Cerro Grande
9912,2018-04-29,20:45:00.000,11,1,La Liga,2017/2018,Spain,Regular Season,219,RC Deportivo La Coruña,217,Barcelona,2,4,35,available,Estadio Abanca-Riazor,Ricardo De Burgos Bengoetxea
9924,2018-05-06,20:45:00.000,11,1,La Liga,2017/2018,Spain,Regular Season,217,Barcelona,220,Real Madrid,2,2,36,available,Spotify Camp Nou,Alejandro José Hernández Hernández
9855,2018-03-18,16:15:00.000,11,1,La Liga,2017/2018,Spain,Regular Season,217,Barcelona,215,Athletic Club,2,0,29,available,Spotify Camp Nou,Santiago Jaime Latre
9827,2018-03-01,21:00:00.000,11,1,La Liga,2017/2018,Spain,Regular Season,208,Las Palmas,217,Barcelona,1,1,26,available,Estadio de Gran Canaria,Antonio Miguel Mateu Lahoz
9799,2018-02-17,16:15:00.000,11,1,La Liga,2017/2018,Spain,Regular Season,322,Eibar,217,Barcelona,0,2,24,available,Estadio Municipal de Ipurúa,Alejandro José Hernández Hernández
9636,2017-10-01,16:15:00.000,11,1,La Liga,2017/2018,Spain,Regular Season,217,Barcelona,208,Las Palmas,3,0,7,available,Spotify Camp Nou,José Luis Munuera Montero
9609,2017-09-19,22:00:00.000,11,1,La Liga,2017/2018,Spain,Regular Season,217,Barcelona,322,Eibar,6,1,5,available,Spotify Camp Nou,Alejandro José Hernández Hernández
9575,2017-08-20,20:15:00.000,11,1,La Liga,2017/2018,Spain,Regular Season,217,Barcelona,218,Real Betis,2,0,1,available,Spotify Camp Nou,Daniel Jesús Trujillo Suárez
9928,2018-05-09,20:00:00.000,11,1,La Liga,2017/2018,Spain,Regular Season,217,Barcelona,222,Villarreal,5,1,34,available,Spotify Camp Nou,
9736,2017-12-23,13:00:00.000,11,1,La Liga,2017/2018,Spain,Regular Season,220,Real Madrid,217,Barcelona,0,3,17,available,Bernabéu,
9742,2018-01-07,16:15:00.000,11,1,La Liga,2017/2018,Spain,Regular Season,217,Barcelona,221,Levante UD,3,0,18,available,Spotify Camp Nou,
9765,2018-01-21,20:45:00.000,11,1,La Liga,2017/2018,Spain,Regular Season,218,Real Betis,217,Barcelona,0,5,20,available,Estadio Benito Villamarín,
9661,2017-10-28,20:45:00.000,11,1,La Liga,2017/2018,Spain,Regular Season,215,Athletic Club,217,Barcelona,0,2,10,available,San Mamés Barria,Juan Martínez Munuera
9592,2017-09-09,20:45:00.000,11,1,La Liga,2017/2018,Spain,Regular Season,217,Barcelona,214,Espanyol,5,0,3,available,Spotify Camp Nou,Jesús Gil Manzano
9870,2018-04-07,20:45:00.000,11,1,La Liga,2017/2018,Spain,Regular Season,217,Barcelona,205,Leganés,3,1,31,available,Spotify Camp Nou,Ricardo De Burgos Bengoetxea
9783,2018-02-04,16:15:00.000,11,1,La Liga,2017/2018,Spain,Regular Season,214,Espanyol,217,Barcelona,1,1,22,available,Stage Front Stadium,Jesús Gil Manzano
9700,2017-12-02,13:00:00.000,11,1,La Liga,2017/2018,Spain,Regular Season,217,Barcelona,209,Celta Vigo,2,2,14,available,Spotify Camp Nou,
9860,2018-03-31,20:45:00.000,11,1,La Liga,2017/2018,Spain,Regular Season,213,Sevilla,217,Barcelona,2,2,30,available,Estadio Ramón Sánchez Pizjuán,José Luis González González
9695,2017-11-26,20:45:00.000,11,1,La Liga,2017/2018,Spain,Regular Season,207,Valencia,217,Barcelona,1,1,13,available,Estadio de Mestalla,Ignacio Iglesias Villanueva
9794,2018-02-11,16:15:00.000,11,1,La Liga,2017/2018,Spain,Regular Season,217,Barcelona,216,Getafe,0,0,23,available,Spotify Camp Nou,David Fernández Borbalan
9717,2017-12-10,20:45:00.000,11,1,La Liga,2017/2018,Spain,Regular Season,222,Villarreal,217,Barcelona,0,2,15,available,Estadio de la Cerámica,
9673,2017-11-04,20:45:00.000,11,1,La Liga,2017/2018,Spain,Regular Season,217,Barcelona,213,Sevilla,2,1,11,available,Spotify Camp Nou,José Luis González González
9650,2017-10-21,20:45:00.000,11,1,La Liga,2017/2018,Spain,Regular Season,217,Barcelona,223,Málaga,2,0,9,available,Spotify Camp Nou,
9620,2017-09-23,20:45:00.000,11,1,La Liga,2017/2018,Spain,Regular Season,211,Girona,217,Barcelona,0,3,6,available,Estadi Municipal de Montilivi,José María Sánchez Martínez
9837,2018-03-04,16:15:00.000,11,1,La Liga,2017/2018,Spain,Regular Season,217,Barcelona,212,Atlético Madrid,1,0,27,available,Spotify Camp Nou,Jesús Gil Manzano
9811,2018-02-24,20:45:00.000,11,1,La Liga,2017/2018,Spain,Regular Season,217,Barcelona,211,Girona,6,1,25,available,Spotify Camp Nou,
9642,2017-10-14,20:45:00.000,11,1,La Liga,2017/2018,Spain,Regular Season,212,Atlético Madrid,217,Barcelona,1,1,8,available,Estádio Cívitas Metropolitano,Antonio Miguel Mateu Lahoz
9774,2018-01-28,20:45:00.000,11,1,La Liga,2017/2018,Spain,Regular Season,217,Barcelona,206,Deportivo Alavés,2,1,21,available,Spotify Camp Nou,Ignacio Iglesias Villanueva
9602,2017-09-16,16:15:00.000,11,1,La Liga,2017/2018,Spain,Regular Season,216,Getafe,217,Barcelona,1,2,4,available,Coliseum Alfonso Pérez,David Fernández Borbalan
9948,2018-05-20,20:45:00.000,11,1,La Liga,2017/2018,Spain,Regular Season,217,Barcelona,210,Real Sociedad,1,0,38,available,Spotify Camp Nou,José Luis Munuera Montero
9682,2017-11-18,16:15:00.000,11,1,La Liga,2017/2018,Spain,Regular Season,205,Leganés,217,Barcelona,0,3,12,available,Estadio Municipal de Butarque,Alberto Undiano Mallenco
9581,2017-08-26,18:15:00.000,11,1,La Liga,2017/2018,Spain,Regular Season,206,Deportivo Alavés,217,Barcelona,0,2,2,available,Estadio de Mendizorroza,Carlos del Cerro Grande
9726,2017-12-17,20:45:00.000,11,1,La Liga,2017/2018,Spain,Regular Season,217,Barcelona,219,RC Deportivo La Coruña,4,0,16,available,Spotify Camp Nou,Antonio Miguel Mateu Lahoz
9754,2018-01-14,20:45:00.000,11,1,La Liga,2017/2018,Spain,Regular Season,210,Real Sociedad,217,Barcelona,2,4,19,available,Reale Arena,José Luis González González
9889,2018-04-17,21:00:00.000,11,1,La Liga,2017/2018,Spain,Regular Season,209,Celta Vigo,217,Barcelona,2,2,33,available,Abanca-Balaídos,David Fernández Borbalan
267569,2017-04-23,20:45:00.000,11,2,La Liga,2016/2017,Spain,Regular Season,220,Real Madrid,217,Barcelona,2,3,33,available,Bernabéu,
266989,2016-11-06,20:45:00.000,11,2,La Liga,2016/2017,Spain,Regular Season,213,Sevilla,217,Barcelona,1,2,11,available,Estadio Ramón Sánchez Pizjuán,
266357,2016-12-10,13:00:00.000,11,2,La Liga,2016/2017,Spain,Regular Season,422,Osasuna,217,Barcelona,0,3,15,available,Estadio El Sadar,
267212,2016-09-17,13:00:00.000,11,2,La Liga,2016/2017,Spain,Regular Season,205,Leganés,217,Barcelona,1,5,4,available,Estadio Municipal de Butarque,
266669,2016-09-10,20:30:00.000,11,2,La Liga,2016/2017,Spain,Regular Season,217,Barcelona,206,Deportivo Alavés,1,2,3,available,Spotify Camp Nou,
266892,2016-08-28,20:15:00.000,11,2,La Liga,2016/2017,Spain,Regular Season,215,Athletic Club,217,Barcelona,0,1,2,available,San Mamés Barria,Antonio Miguel Mateu Lahoz
267220,2016-09-21,22:00:00.000,11,2,La Liga,2016/2017,Spain,Regular Season,217,Barcelona,212,Atlético Madrid,1,1,5,available,Spotify Camp Nou,David Fernández Borbalan
267670,2016-08-20,18:15:00.000,11,2,La Liga,2016/2017,Spain,Regular Season,217,Barcelona,218,Real Betis,6,2,1,available,Spotify Camp Nou,Alberto Undiano Mallenco
266516,2017-01-29,12:00:00.000,11,2,La Liga,2016/2017,Spain,Regular Season,218,Real Betis,217,Barcelona,1,1,20,available,Estadio Benito Villamarín,
267039,2017-05-14,20:00:00.000,11,2,La Liga,2016/2017,Spain,Regular Season,208,Las Palmas,217,Barcelona,1,4,37,available,Estadio de Gran Canaria,José Luis González González
266477,2017-01-08,20:45:00.000,11,2,La Liga,2016/2017,Spain,Regular Season,222,Villarreal,217,Barcelona,1,1,17,available,Estadio de la Cerámica,Ignacio Iglesias Villanueva
267101,2017-04-26,19:30:00.000,11,2,La Liga,2016/2017,Spain,Regular Season,217,Barcelona,422,Osasuna,7,1,34,available,Spotify Camp Nou,
266440,2017-03-19,20:45:00.000,11,2,La Liga,2016/2017,Spain,Regular Season,217,Barcelona,207,Valencia,4,2,28,available,Spotify Camp Nou,
266033,2016-10-22,16:15:00.000,11,2,La Liga,2016/2017,Spain,Regular Season,207,Valencia,217,Barcelona,2,3,9,available,Estadio de Mestalla,Alberto Undiano Mallenco
267660,2017-03-12,16:15:00.000,11,2,La Liga,2016/2017,Spain,Regular Season,219,RC Deportivo La Coruña,217,Barcelona,2,1,27,available,Estadio Abanca-Riazor,David Fernández Borbalan
266273,2017-02-11,16:15:00.000,11,2,La Liga,2016/2017,Spain,Regular Season,206,Deportivo Alavés,217,Barcelona,0,6,22,available,Estadio de Mendizorroza,Carlos Clos Gómez
267395,2017-01-14,16:15:00.000,11,2,La Liga,2016/2017,Spain,Regular Season,217,Barcelona,208,Las Palmas,5,0,18,available,Spotify Camp Nou,Alberto Undiano Mallenco
266874,2017-02-04,16:15:00.000,11,2,La Liga,2016/2017,Spain,Regular Season,217,Barcelona,215,Athletic Club,3,0,21,available,Spotify Camp Nou,José Luis González González
266731,2017-01-22,20:45:00.000,11,2,La Liga,2016/2017,Spain,Regular Season,322,Eibar,217,Barcelona,0,4,19,available,Estadio Municipal de Ipurúa,
266528,2016-12-18,20:45:00.000,11,2,La Liga,2016/2017,Spain,Regular Season,217,Barcelona,214,Espanyol,4,1,16,available,Spotify Camp Nou,Antonio Miguel Mateu Lahoz
266280,2017-04-05,19:30:00.000,11,2,La Liga,2016/2017,Spain,Regular Season,217,Barcelona,213,Sevilla,3,0,30,available,Spotify Camp Nou,Carlos Clos Gómez
267432,2017-05-21,20:00:00.000,11,2,La Liga,2016/2017,Spain,Regular Season,217,Barcelona,322,Eibar,4,2,38,available,Spotify Camp Nou,
267076,2016-12-03,16:15:00.000,11,2,La Liga,2016/2017,Spain,Regular Season,217,Barcelona,220,Real Madrid,1,1,14,available,Spotify Camp Nou,Carlos Clos Gómez
267590,2017-04-08,20:45:00.000,11,2,La Liga,2016/2017,Spain,Regular Season,223,Málaga,217,Barcelona,2,0,31,available,Estadio La Rosaleda,Jesús Gil Manzano
267373,2017-04-15,20:45:00.000,11,2,La Liga,2016/2017,Spain,Regular Season,217,Barcelona,210,Real Sociedad,3,2,32,available,Spotify Camp Nou,
267077,2017-04-29,20:45:00.000,11,2,La Liga,2016/2017,Spain,Regular Season,214,Espanyol,217,Barcelona,0,3,35,available,Stage Front Stadium,Alberto Undiano Mallenco
266952,2017-05-06,18:30:00.000,11,2,La Liga,2016/2017,Spain,Regular Season,217,Barcelona,222,Villarreal,4,1,36,available,Spotify Camp Nou,
267464,2017-02-26,16:15:00.000,11,2,La Liga,2016/2017,Spain,Regular Season,212,Atlético Madrid,217,Barcelona,1,2,24,available,Estadio Vicente Calderón,Antonio Miguel Mateu Lahoz
266299,2017-03-04,20:45:00.000,11,2,La Liga,2016/2017,Spain,Regular Season,217,Barcelona,209,Celta Vigo,5,0,26,available,Spotify Camp Nou,Jesús Gil Manzano
266191,2016-11-27,20:45:00.000,11,2,La Liga,2016/2017,Spain,Regular Season,210,Real Sociedad,217,Barcelona,1,1,13,available,Reale Arena,Jesús Gil Manzano
265952,2017-03-01,19:30:00.000,11,2,La Liga,2016/2017,Spain,Regular Season,217,Barcelona,1041,Sporting Gijón,6,1,25,available,Spotify Camp Nou,
267492,2016-10-15,16:15:00.000,11,2,La Liga,2016/2017,Spain,Regular Season,217,Barcelona,219,RC Deportivo La Coruña,4,0,8,available,Spotify Camp Nou,
267596,2017-02-19,20:45:00.000,11,2,La Liga,2016/2017,Spain,Regular Season,217,Barcelona,205,Leganés,2,1,23,available,Spotify Camp Nou,Ignacio Iglesias Villanueva
267058,2016-10-29,20:45:00.000,11,2,La Liga,2016/2017,Spain,Regular Season,217,Barcelona,1049,Granada,1,0,10,available,Spotify Camp Nou,
3825739,2016-01-17,17:00:00.000,11,27,La Liga,2015/2016,Spain,Regular Season,220,Real Madrid,1041,Sporting Gijón,5,1,20,available,Bernabéu,Alberto Undiano Mallenco
3825848,2015-09-23,20:00:00.000,11,27,La Liga,2015/2016,Spain,Regular Season,221,Levante UD,322,Eibar,2,2,5,available,Estadio Ciudad de Valencia,
3825895,2015-09-23,22:00:00.000,11,27,La Liga,2015/2016,Spain,Regular Season,208,Las Palmas,213,Sevilla,2,0,5,available,Estadio de Gran Canaria,Carlos del Cerro Grande
3825894,2016-05-01,18:15:00.000,11,27,La Liga,2015/2016,Spain,Regular Season,219,RC Deportivo La Coruña,216,Getafe,0,2,36,available,Estadio Abanca-Riazor,Carlos Clos Gómez
3825855,2016-05-02,20:30:00.000,11,27,La Liga,2015/2016,Spain,Regular Season,223,Málaga,221,Levante UD,3,1,36,available,Estadio La Rosaleda,Iñaki Bikandi Garrido
3825908,2016-05-15,19:00:00.000,11,27,La Liga,2015/2016,Spain,Regular Season,214,Espanyol,322,Eibar,4,2,38,available,Stage Front Stadium,Mario Melero López
3825883,2016-05-15,12:00:00.000,11,27,La Liga,2015/2016,Spain,Regular Season,223,Málaga,208,Las Palmas,4,1,38,available,Estadio La Rosaleda,Ricardo De Burgos Bengoetxea
3825900,2016-05-15,19:30:00.000,11,27,La Liga,2015/2016,Spain,Regular Season,1041,Sporting Gijón,222,Villarreal,2,0,38,available,Estadio Municipal El Molinón,Alberto Undiano Mallenco
3825902,2016-05-15,19:30:00.000,11,27,La Liga,2015/2016,Spain,Regular Season,360,Rayo Vallecano,221,Levante UD,3,1,38,available,Estadio de Vallecas,Carlos Clos Gómez
3825876,2016-05-15,19:30:00.000,11,27,La Liga,2015/2016,Spain,Regular Season,218,Real Betis,216,Getafe,2,1,38,available,Estadio Benito Villamarín,Jesús Gil Manzano
3825846,2016-05-14,17:00:00.000,11,27,La Liga,2015/2016,Spain,Regular Season,219,RC Deportivo La Coruña,220,Real Madrid,0,2,38,available,Estadio Abanca-Riazor,Antonio Miguel Mateu Lahoz
3825869,2016-05-14,19:30:00.000,11,27,La Liga,2015/2016,Spain,Regular Season,215,Athletic Club,213,Sevilla,3,1,38,available,San Mamés Barria,Alfonso Álvarez Izquierdo
3825882,2016-05-14,19:30:00.000,11,27,La Liga,2015/2016,Spain,Regular Season,212,Atlético Madrid,209,Celta Vigo,2,0,38,available,Estadio Vicente Calderón,David Fernández Borbalan
3825849,2016-05-13,20:30:00.000,11,27,La Liga,2015/2016,Spain,Regular Season,207,Valencia,210,Real Sociedad,0,1,38,available,Estadio de Mestalla,Carlos Velasco Carballo
3825860,2016-05-08,17:00:00.000,11,27,La Liga,2015/2016,Spain,Regular Season,221,Levante UD,212,Atlético Madrid,2,1,37,available,Estadio Ciudad de Valencia,José Luis González González
3825847,2016-04-23,22:05:00.000,11,27,La Liga,2015/2016,Spain,Regular Season,322,Eibar,219,RC Deportivo La Coruña,1,1,35,available,Estadio Municipal de Ipurúa,Eduardo Prieto Iglesias
3825817,2016-03-18,21:30:00.000,11,27,La Liga,2015/2016,Spain,Regular Season,216,Getafe,322,Eibar,1,1,30,available,Coliseum Alfonso Pérez,Ignacio Iglesias Villanueva
3825778,2016-02-20,21:30:00.000,11,27,La Liga,2015/2016,Spain,Regular Season,218,Real Betis,1041,Sporting Gijón,1,1,25,available,Estadio Benito Villamarín,Alfonso Álvarez Izquierdo
3825777,2016-02-19,21:30:00.000,11,27,La Liga,2015/2016,Spain,Regular Season,221,Levante UD,216,Getafe,3,0,25,available,Estadio Ciudad de Valencia,José Luis González González
3825740,2016-01-18,21:30:00.000,11,27,La Liga,2015/2016,Spain,Regular Season,322,Eibar,1049,Granada,5,1,20,available,Estadio Municipal de Ipurúa,José María Sánchez Martínez
3825875,2016-04-24,20:30:00.000,11,27,La Liga,2015/2016,Spain,Regular Season,222,Villarreal,210,Real Sociedad,0,0,35,available,Estadio de la Cerámica,David Fernández Borbalan
3825884,2016-04-24,16:00:00.000,11,27,La Liga,2015/2016,Spain,Regular Season,213,Sevilla,218,Real Betis,2,0,35,available,Estadio Ramón Sánchez Pizjuán,Carlos Velasco Carballo
3825842,2016-04-24,12:00:00.000,11,27,La Liga,2015/2016,Spain,Regular Season,221,Levante UD,215,Athletic Club,2,2,35,available,Estadio Ciudad de Valencia,Ignacio Iglesias Villanueva
3825890,2016-04-23,18:15:00.000,11,27,La Liga,2015/2016,Spain,Regular Season,212,Atlético Madrid,223,Málaga,1,0,35,available,Estadio Vicente Calderón,Antonio Miguel Mateu Lahoz
3825871,2016-04-22,21:00:00.000,11,27,La Liga,2015/2016,Spain,Regular Season,208,Las Palmas,214,Espanyol,4,0,35,available,Estadio de Gran Canaria,Mario Melero López
3825896,2016-04-21,21:00:00.000,11,27,La Liga,2015/2016,Spain,Regular Season,1049,Granada,221,Levante UD,5,1,34,available,Estadio Nuevo Los Cármenes,Santiago Jaime Latre
3825841,2016-04-21,20:30:00.000,11,27,La Liga,2015/2016,Spain,Regular Season,210,Real Sociedad,216,Getafe,1,2,34,available,Reale Arena,José María Sánchez Martínez
3825843,2016-04-20,20:45:00.000,11,27,La Liga,2015/2016,Spain,Regular Season,223,Málaga,360,Rayo Vallecano,1,1,34,available,Estadio La Rosaleda,Alberto Undiano Mallenco
3825839,2016-04-20,20:45:00.000,11,27,La Liga,2015/2016,Spain,Regular Season,1041,Sporting Gijón,213,Sevilla,2,1,34,available,Estadio Municipal El Molinón,José Luis González González
3825838,2016-04-20,20:45:00.000,11,27,La Liga,2015/2016,Spain,Regular Season,215,Athletic Club,212,Atlético Madrid,0,1,34,available,San Mamés Barria,Juan Martínez Munuera
3825840,2016-04-20,20:45:00.000,11,27,La Liga,2015/2016,Spain,Regular Season,207,Valencia,322,Eibar,4,0,34,available,Estadio de Mestalla,Xavier Estrada Fernández
3825837,2016-04-19,21:00:00.000,11,27,La Liga,2015/2016,Spain,Regular Season,218,Real Betis,208,Las Palmas,1,0,34,available,Estadio Benito Villamarín,
3825836,2016-04-17,18:15:00.000,11,27,La Liga,2015/2016,Spain,Regular Season,360,Rayo Vallecano,222,Villarreal,2,1,33,available,Estadio de Vallecas,Ignacio Iglesias Villanueva
3825835,2016-04-17,12:00:00.000,11,27,La Liga,2015/2016,Spain,Regular Season,223,Málaga,215,Athletic Club,0,1,33,available,Estadio La Rosaleda,José María Sánchez Martínez
3825834,2016-04-17,18:15:00.000,11,27,La Liga,2015/2016,Spain,Regular Season,212,Atlético Madrid,1049,Granada,3,0,33,available,Estadio Vicente Calderón,Eduardo Prieto Iglesias
3825906,2016-04-17,16:00:00.000,11,27,La Liga,2015/2016,Spain,Regular Season,213,Sevilla,219,RC Deportivo La Coruña,1,1,33,available,Estadio Ramón Sánchez Pizjuán,Santiago Jaime Latre
3825897,2016-04-16,20:30:00.000,11,27,La Liga,2015/2016,Spain,Regular Season,322,Eibar,210,Real Sociedad,2,1,33,available,Estadio Municipal de Ipurúa,Mario Melero López
3825889,2016-04-16,22:05:00.000,11,27,La Liga,2015/2016,Spain,Regular Season,209,Celta Vigo,218,Real Betis,1,1,33,available,Abanca-Balaídos,Ricardo De Burgos Bengoetxea
3825833,2016-04-16,16:00:00.000,11,27,La Liga,2015/2016,Spain,Regular Season,216,Getafe,220,Real Madrid,1,5,33,available,Coliseum Alfonso Pérez,José Luis González González
3825857,2016-04-15,20:30:00.000,11,27,La Liga,2015/2016,Spain,Regular Season,221,Levante UD,214,Espanyol,2,1,33,available,Estadio Ciudad de Valencia,Alejandro José Hernández Hernández
3825863,2016-04-11,20:30:00.000,11,27,La Liga,2015/2016,Spain,Regular Season,219,RC Deportivo La Coruña,208,Las Palmas,1,3,32,available,Estadio Abanca-Riazor,Alfonso Álvarez Izquierdo
3825829,2016-04-10,20:30:00.000,11,27,La Liga,2015/2016,Spain,Regular Season,215,Athletic Club,360,Rayo Vallecano,1,0,32,available,San Mamés Barria,Jesús Gil Manzano
3825830,2016-04-10,18:15:00.000,11,27,La Liga,2015/2016,Spain,Regular Season,222,Villarreal,216,Getafe,2,0,32,available,Estadio de la Cerámica,Alberto Undiano Mallenco
3825832,2016-04-10,12:00:00.000,11,27,La Liga,2015/2016,Spain,Regular Season,1041,Sporting Gijón,209,Celta Vigo,0,1,32,available,Estadio Municipal El Molinón,Antonio Miguel Mateu Lahoz
3825831,2016-04-10,16:00:00.000,11,27,La Liga,2015/2016,Spain,Regular Season,207,Valencia,213,Sevilla,2,1,32,available,Estadio de Mestalla,Iñaki Bikandi Garrido
3825828,2016-04-09,18:15:00.000,11,27,La Liga,2015/2016,Spain,Regular Season,214,Espanyol,212,Atlético Madrid,1,3,32,available,Stage Front Stadium,Ricardo De Burgos Bengoetxea
3825827,2016-04-09,22:05:00.000,11,27,La Liga,2015/2016,Spain,Regular Season,218,Real Betis,221,Levante UD,1,0,32,available,Estadio Benito Villamarín,Eduardo Prieto Iglesias
3825826,2016-04-08,20:30:00.000,11,27,La Liga,2015/2016,Spain,Regular Season,1049,Granada,223,Málaga,0,0,32,available,Estadio Nuevo Los Cármenes,Xavier Estrada Fernández
3825825,2016-04-04,20:30:00.000,11,27,La Liga,2015/2016,Spain,Regular Season,221,Levante UD,1041,Sporting Gijón,0,0,31,available,Estadio Ciudad de Valencia,Mario Melero López
3825824,2016-04-03,18:15:00.000,11,27,La Liga,2015/2016,Spain,Regular Season,322,Eibar,222,Villarreal,1,2,31,available,Estadio Municipal de Ipurúa,Carlos del Cerro Grande
3825823,2016-04-03,20:30:00.000,11,27,La Liga,2015/2016,Spain,Regular Season,213,Sevilla,210,Real Sociedad,1,2,31,available,Estadio Ramón Sánchez Pizjuán,Carlos Clos Gómez
3825905,2016-04-03,16:00:00.000,11,27,La Liga,2015/2016,Spain,Regular Season,223,Málaga,214,Espanyol,1,1,31,available,Estadio La Rosaleda,Juan Martínez Munuera
3825822,2016-04-02,18:15:00.000,11,27,La Liga,2015/2016,Spain,Regular Season,208,Las Palmas,207,Valencia,2,1,31,available,Estadio de Gran Canaria,Pedro Jesús Pérez Montero
3825821,2016-03-20,13:00:00.000,11,27,La Liga,2015/2016,Spain,Regular Season,214,Espanyol,215,Athletic Club,2,1,30,available,Stage Front Stadium,Eduardo Prieto Iglesias
3825820,2016-03-20,21:30:00.000,11,27,La Liga,2015/2016,Spain,Regular Season,220,Real Madrid,213,Sevilla,4,0,30,available,Bernabéu,Xavier Estrada Fernández
3825819,2016-03-20,19:15:00.000,11,27,La Liga,2015/2016,Spain,Regular Season,207,Valencia,209,Celta Vigo,0,2,30,available,Estadio de Mestalla,Alberto Undiano Mallenco
3825818,2016-03-19,19:15:00.000,11,27,La Liga,2015/2016,Spain,Regular Season,210,Real Sociedad,208,Las Palmas,0,1,30,available,Reale Arena,Antonio Miguel Mateu Lahoz
3825887,2016-03-19,19:15:00.000,11,27,La Liga,2015/2016,Spain,Regular Season,1049,Granada,360,Rayo Vallecano,2,2,30,available,Estadio Nuevo Los Cármenes,Alejandro José Hernández Hernández
3825907,2016-03-19,17:00:00.000,11,27,La Liga,2015/2016,Spain,Regular Season,1041,Sporting Gijón,212,Atlético Madrid,2,1,30,available,Estadio Municipal El Molinón,Jesús Gil Manzano
3825903,2016-03-19,23:05:00.000,11,27,La Liga,2015/2016,Spain,Regular Season,218,Real Betis,223,Málaga,0,1,30,available,Estadio Benito Villamarín,Carlos Clos Gómez
3825816,2016-03-13,17:00:00.000,11,27,La Liga,2015/2016,Spain,Regular Season,213,Sevilla,222,Villarreal,4,2,29,available,Estadio Ramón Sánchez Pizjuán,Carlos Velasco Carballo
3825815,2016-03-13,13:00:00.000,11,27,La Liga,2015/2016,Spain,Regular Season,221,Levante UD,207,Valencia,1,0,29,available,Estadio Ciudad de Valencia,Carlos del Cerro Grande
3825858,2016-03-12,23:05:00.000,11,27,La Liga,2015/2016,Spain,Regular Season,360,Rayo Vallecano,322,Eibar,1,1,29,available,Estadio de Vallecas,Alfonso Álvarez Izquierdo
3825813,2016-03-12,21:30:00.000,11,27,La Liga,2015/2016,Spain,Regular Season,212,Atlético Madrid,219,RC Deportivo La Coruña,3,0,29,available,Estadio Vicente Calderón,Mario Melero López
3825814,2016-03-12,19:15:00.000,11,27,La Liga,2015/2016,Spain,Regular Season,209,Celta Vigo,210,Real Sociedad,1,0,29,available,Abanca-Balaídos,Juan Martínez Munuera
3825812,2016-03-11,21:30:00.000,11,27,La Liga,2015/2016,Spain,Regular Season,223,Málaga,1041,Sporting Gijón,1,0,29,available,Estadio La Rosaleda,Ricardo De Burgos Bengoetxea
3825811,2016-03-07,21:30:00.000,11,27,La Liga,2015/2016,Spain,Regular Season,214,Espanyol,360,Rayo Vallecano,2,1,28,available,Stage Front Stadium,David Fernández Borbalan
3825807,2016-03-06,21:30:00.000,11,27,La Liga,2015/2016,Spain,Regular Season,207,Valencia,212,Atlético Madrid,1,3,28,available,Estadio de Mestalla,Alfonso Álvarez Izquierdo
3825809,2016-03-06,13:00:00.000,11,27,La Liga,2015/2016,Spain,Regular Season,218,Real Betis,1049,Granada,2,0,28,available,Estadio Benito Villamarín,Ignacio Iglesias Villanueva
3825810,2016-03-06,19:15:00.000,11,27,La Liga,2015/2016,Spain,Regular Season,210,Real Sociedad,221,Levante UD,1,1,28,available,Reale Arena,Pedro Jesús Pérez Montero
3825808,2016-03-06,19:15:00.000,11,27,La Liga,2015/2016,Spain,Regular Season,1041,Sporting Gijón,215,Athletic Club,0,2,28,available,Estadio Municipal El Molinón,Carlos del Cerro Grande
3825804,2016-03-05,23:05:00.000,11,27,La Liga,2015/2016,Spain,Regular Season,219,RC Deportivo La Coruña,223,Málaga,3,3,28,available,Estadio Abanca-Riazor,Carlos Velasco Carballo
3825867,2016-03-05,21:30:00.000,11,27,La Liga,2015/2016,Spain,Regular Season,216,Getafe,213,Sevilla,1,1,28,available,Coliseum Alfonso Pérez,Eduardo Prieto Iglesias
3825805,2016-03-05,19:15:00.000,11,27,La Liga,2015/2016,Spain,Regular Season,222,Villarreal,208,Las Palmas,0,1,28,available,Estadio de la Cerámica,Carlos Clos Gómez
3825784,2016-02-21,21:30:00.000,11,27,La Liga,2015/2016,Spain,Regular Season,212,Atlético Madrid,222,Villarreal,0,0,25,available,Estadio Vicente Calderón,Eduardo Prieto Iglesias
3825782,2016-02-21,19:15:00.000,11,27,La Liga,2015/2016,Spain,Regular Season,1049,Granada,207,Valencia,1,2,25,available,Estadio Nuevo Los Cármenes,Iñaki Bikandi Garrido
3825757,2016-01-31,21:30:00.000,11,27,La Liga,2015/2016,Spain,Regular Season,220,Real Madrid,214,Espanyol,6,0,22,available,Bernabéu,Alejandro José Hernández Hernández
3825641,2015-10-26,21:30:00.000,11,27,La Liga,2015/2016,Spain,Regular Season,215,Athletic Club,1041,Sporting Gijón,3,0,9,available,San Mamés Barria,Ignacio Iglesias Villanueva
3825803,2016-03-03,21:00:00.000,11,27,La Liga,2015/2016,Spain,Regular Season,1049,Granada,1041,Sporting Gijón,2,0,27,available,Estadio Nuevo Los Cármenes,Xavier Estrada Fernández
3825800,2016-03-02,23:00:00.000,11,27,La Liga,2015/2016,Spain,Regular Season,209,Celta Vigo,222,Villarreal,0,0,27,available,Abanca-Balaídos,Santiago Jaime Latre
3825801,2016-03-02,23:00:00.000,11,27,La Liga,2015/2016,Spain,Regular Season,213,Sevilla,322,Eibar,1,0,27,available,Estadio Ramón Sánchez Pizjuán,Juan Martínez Munuera
3825799,2016-03-02,20:00:00.000,11,27,La Liga,2015/2016,Spain,Regular Season,223,Málaga,207,Valencia,1,2,27,available,Estadio La Rosaleda,José Luis González González
3825797,2016-03-02,23:00:00.000,11,27,La Liga,2015/2016,Spain,Regular Season,215,Athletic Club,219,RC Deportivo La Coruña,4,1,27,available,San Mamés Barria,Antonio Miguel Mateu Lahoz
3825798,2016-03-02,22:00:00.000,11,27,La Liga,2015/2016,Spain,Regular Season,221,Levante UD,220,Real Madrid,1,3,27,available,Estadio Ciudad de Valencia,Ricardo De Burgos Bengoetxea
3825796,2016-03-01,23:00:00.000,11,27,La Liga,2015/2016,Spain,Regular Season,208,Las Palmas,216,Getafe,4,0,27,available,Estadio de Gran Canaria,
3825795,2016-03-01,22:00:00.000,11,27,La Liga,2015/2016,Spain,Regular Season,212,Atlético Madrid,210,Real Sociedad,3,0,27,available,Estadio Vicente Calderón,Alejandro José Hernández Hernández
3825793,2016-02-28,17:00:00.000,11,27,La Liga,2015/2016,Spain,Regular Season,207,Valencia,215,Athletic Club,0,3,26,available,Estadio de Mestalla,Jesús Gil Manzano
3825792,2016-02-28,19:15:00.000,11,27,La Liga,2015/2016,Spain,Regular Season,219,RC Deportivo La Coruña,1049,Granada,0,1,26,available,Estadio Abanca-Riazor,Juan Martínez Munuera
3825794,2016-02-28,13:00:00.000,11,27,La Liga,2015/2016,Spain,Regular Season,222,Villarreal,221,Levante UD,3,0,26,available,Estadio de la Cerámica,Alejandro José Hernández Hernández
3825788,2016-02-27,19:15:00.000,11,27,La Liga,2015/2016,Spain,Regular Season,216,Getafe,209,Celta Vigo,0,1,26,available,Coliseum Alfonso Pérez,David Fernández Borbalan
3825791,2016-02-27,21:30:00.000,11,27,La Liga,2015/2016,Spain,Regular Season,218,Real Betis,360,Rayo Vallecano,2,2,26,available,Estadio Benito Villamarín,Antonio Miguel Mateu Lahoz
3825790,2016-02-27,19:15:00.000,11,27,La Liga,2015/2016,Spain,Regular Season,1041,Sporting Gijón,214,Espanyol,2,4,26,available,Estadio Municipal El Molinón,Carlos Velasco Carballo
3825787,2016-02-27,17:00:00.000,11,27,La Liga,2015/2016,Spain,Regular Season,220,Real Madrid,212,Atlético Madrid,0,1,26,available,Bernabéu,Carlos Clos Gómez
3825789,2016-02-27,23:05:00.000,11,27,La Liga,2015/2016,Spain,Regular Season,210,Real Sociedad,223,Málaga,1,1,26,available,Reale Arena,Alberto Undiano Mallenco
3825786,2016-02-26,21:30:00.000,11,27,La Liga,2015/2016,Spain,Regular Season,322,Eibar,208,Las Palmas,0,1,26,available,Estadio Municipal de Ipurúa,Pedro Jesús Pérez Montero
3825781,2016-02-21,13:00:00.000,11,27,La Liga,2015/2016,Spain,Regular Season,360,Rayo Vallecano,213,Sevilla,2,2,25,available,Estadio de Vallecas,Xavier Estrada Fernández
3825785,2016-02-21,17:00:00.000,11,27,La Liga,2015/2016,Spain,Regular Season,223,Málaga,220,Real Madrid,1,1,25,available,Estadio La Rosaleda,Ignacio Iglesias Villanueva
3825783,2016-02-21,19:15:00.000,11,27,La Liga,2015/2016,Spain,Regular Season,215,Athletic Club,210,Real Sociedad,0,1,25,available,San Mamés Barria,José María Sánchez Martínez
3825780,2016-02-20,19:15:00.000,11,27,La Liga,2015/2016,Spain,Regular Season,214,Espanyol,219,RC Deportivo La Coruña,1,0,25,available,Stage Front Stadium,Ricardo De Burgos Bengoetxea
3825779,2016-02-20,23:05:00.000,11,27,La Liga,2015/2016,Spain,Regular Season,209,Celta Vigo,322,Eibar,3,2,25,available,Abanca-Balaídos,Mario Melero López
3825773,2016-02-14,19:15:00.000,11,27,La Liga,2015/2016,Spain,Regular Season,322,Eibar,221,Levante UD,2,0,24,available,Estadio Municipal de Ipurúa,Xavier Estrada Fernández
3825776,2016-02-14,17:00:00.000,11,27,La Liga,2015/2016,Spain,Regular Season,213,Sevilla,208,Las Palmas,2,0,24,available,Estadio Ramón Sánchez Pizjuán,Eduardo Prieto Iglesias
3825775,2016-02-14,13:00:00.000,11,27,La Liga,2015/2016,Spain,Regular Season,210,Real Sociedad,1049,Granada,3,0,24,available,Reale Arena,José Luis González González
3825769,2016-02-13,19:15:00.000,11,27,La Liga,2015/2016,Spain,Regular Season,222,Villarreal,223,Málaga,1,0,24,available,Estadio de la Cerámica,
3825770,2016-02-13,17:00:00.000,11,27,La Liga,2015/2016,Spain,Regular Season,220,Real Madrid,215,Athletic Club,4,2,24,available,Bernabéu,Alfonso Álvarez Izquierdo
3825768,2016-02-12,21:30:00.000,11,27,La Liga,2015/2016,Spain,Regular Season,1041,Sporting Gijón,360,Rayo Vallecano,2,2,24,available,Estadio Municipal El Molinón,Carlos Clos Gómez
3825736,2016-01-17,13:00:00.000,11,27,La Liga,2015/2016,Spain,Regular Season,207,Valencia,360,Rayo Vallecano,2,2,20,available,Estadio de Mestalla,Eduardo Prieto Iglesias
3825731,2016-01-10,19:15:00.000,11,27,La Liga,2015/2016,Spain,Regular Season,208,Las Palmas,223,Málaga,1,1,19,available,Estadio de Gran Canaria,Ignacio Iglesias Villanueva
3825685,2015-12-06,19:15:00.000,11,27,La Liga,2015/2016,Spain,Regular Season,1041,Sporting Gijón,208,Las Palmas,3,1,14,available,Estadio Municipal El Molinón,Alberto Undiano Mallenco
3825678,2015-11-29,17:00:00.000,11,27,La Liga,2015/2016,Spain,Regular Season,322,Eibar,220,Real Madrid,0,2,13,available,Estadio Municipal de Ipurúa,Jesús Gil Manzano
3825643,2015-10-31,17:00:00.000,11,27,La Liga,2015/2016,Spain,Regular Season,220,Real Madrid,208,Las Palmas,3,1,10,available,Bernabéu,Santiago Jaime Latre
3825642,2015-10-30,21:30:00.000,11,27,La Liga,2015/2016,Spain,Regular Season,219,RC Deportivo La Coruña,212,Atlético Madrid,1,1,10,available,Estadio Abanca-Riazor,Pedro Jesús Pérez Montero
3825638,2015-10-25,20:30:00.000,11,27,La Liga,2015/2016,Spain,Regular Season,212,Atlético Madrid,207,Valencia,2,1,9,available,Estadio Vicente Calderón,Jesús Gil Manzano
3825614,2015-10-03,18:15:00.000,11,27,La Liga,2015/2016,Spain,Regular Season,1049,Granada,219,RC Deportivo La Coruña,1,1,7,available,Estadio Nuevo Los Cármenes,Iñaki Bikandi Garrido
3825612,2015-09-27,18:15:00.000,11,27,La Liga,2015/2016,Spain,Regular Season,216,Getafe,221,Levante UD,3,0,6,available,Coliseum Alfonso Pérez,Santiago Jaime Latre
3825607,2015-09-26,20:30:00.000,11,27,La Liga,2015/2016,Spain,Regular Season,222,Villarreal,212,Atlético Madrid,1,0,6,available,Estadio de la Cerámica,David Fernández Borbalan
3825595,2015-09-20,18:15:00.000,11,27,La Liga,2015/2016,Spain,Regular Season,222,Villarreal,215,Athletic Club,3,1,4,available,Estadio de la Cerámica,Carlos Clos Gómez
3825579,2015-08-30,20:30:00.000,11,27,La Liga,2015/2016,Spain,Regular Season,213,Sevilla,212,Atlético Madrid,0,3,2,available,Estadio Ramón Sánchez Pizjuán,Carlos Clos Gómez
3825572,2015-08-29,22:30:00.000,11,27,La Liga,2015/2016,Spain,Regular Season,220,Real Madrid,218,Real Betis,5,0,2,available,Bernabéu,Alejandro José Hernández Hernández
3825774,2016-02-14,19:15:00.000,11,27,La Liga,2015/2016,Spain,Regular Season,216,Getafe,212,Atlético Madrid,0,1,24,available,Coliseum Alfonso Pérez,Antonio Miguel Mateu Lahoz
3825772,2016-02-13,21:30:00.000,11,27,La Liga,2015/2016,Spain,Regular Season,207,Valencia,214,Espanyol,2,1,24,available,Estadio de Mestalla,Carlos del Cerro Grande
3825771,2016-02-13,23:05:00.000,11,27,La Liga,2015/2016,Spain,Regular Season,219,RC Deportivo La Coruña,218,Real Betis,2,2,24,available,Estadio Abanca-Riazor,Alberto Undiano Mallenco
3825767,2016-02-08,21:30:00.000,11,27,La Liga,2015/2016,Spain,Regular Season,214,Espanyol,210,Real Sociedad,0,5,23,available,Stage Front Stadium,Santiago Jaime Latre
3825706,2015-12-30,21:30:00.000,11,27,La Liga,2015/2016,Spain,Regular Season,209,Celta Vigo,215,Athletic Club,0,1,17,available,Abanca-Balaídos,Pedro Jesús Pérez Montero
3825712,2015-12-30,21:30:00.000,11,27,La Liga,2015/2016,Spain,Regular Season,216,Getafe,219,RC Deportivo La Coruña,0,0,17,available,Coliseum Alfonso Pérez,Alberto Undiano Mallenco
3825708,2015-12-30,17:00:00.000,11,27,La Liga,2015/2016,Spain,Regular Season,221,Levante UD,223,Málaga,0,1,17,available,Estadio Ciudad de Valencia,Jesús Gil Manzano
3825707,2015-12-30,22:00:00.000,11,27,La Liga,2015/2016,Spain,Regular Season,208,Las Palmas,1049,Granada,4,1,17,available,Estadio de Gran Canaria,Santiago Jaime Latre
3825705,2015-12-30,19:30:00.000,11,27,La Liga,2015/2016,Spain,Regular Season,322,Eibar,1041,Sporting Gijón,2,0,17,available,Estadio Municipal de Ipurúa,Carlos Velasco Carballo
3825711,2015-12-30,19:15:00.000,11,27,La Liga,2015/2016,Spain,Regular Season,360,Rayo Vallecano,212,Atlético Madrid,0,2,17,available,Estadio de Vallecas,José María Sánchez Martínez
3825703,2015-12-20,19:15:00.000,11,27,La Liga,2015/2016,Spain,Regular Season,215,Athletic Club,221,Levante UD,2,0,16,available,San Mamés Barria,Alejandro José Hernández Hernández
3825700,2015-12-20,17:00:00.000,11,27,La Liga,2015/2016,Spain,Regular Season,220,Real Madrid,360,Rayo Vallecano,10,2,16,available,Bernabéu,Ignacio Iglesias Villanueva
3825701,2015-12-20,21:30:00.000,11,27,La Liga,2015/2016,Spain,Regular Season,223,Málaga,212,Atlético Madrid,1,0,16,available,Estadio La Rosaleda,Antonio Miguel Mateu Lahoz
3825702,2015-12-20,19:15:00.000,11,27,La Liga,2015/2016,Spain,Regular Season,210,Real Sociedad,222,Villarreal,0,2,16,available,Reale Arena,Carlos del Cerro Grande
3825704,2015-12-20,19:15:00.000,11,27,La Liga,2015/2016,Spain,Regular Season,1049,Granada,209,Celta Vigo,0,2,16,available,Estadio Nuevo Los Cármenes,Juan Martínez Munuera
3825891,2015-12-19,19:15:00.000,11,27,La Liga,2015/2016,Spain,Regular Season,214,Espanyol,208,Las Palmas,1,0,16,available,Stage Front Stadium,Mario Melero López
3825699,2015-12-19,21:30:00.000,11,27,La Liga,2015/2016,Spain,Regular Season,218,Real Betis,213,Sevilla,0,0,16,available,Estadio Benito Villamarín,Carlos Clos Gómez
3825697,2015-12-19,17:00:00.000,11,27,La Liga,2015/2016,Spain,Regular Season,207,Valencia,216,Getafe,2,2,16,available,Estadio de Mestalla,David Fernández Borbalan
3825698,2015-12-19,23:05:00.000,11,27,La Liga,2015/2016,Spain,Regular Season,219,RC Deportivo La Coruña,322,Eibar,2,0,16,available,Estadio Abanca-Riazor,Xavier Estrada Fernández
3825694,2015-12-13,17:00:00.000,11,27,La Liga,2015/2016,Spain,Regular Season,322,Eibar,207,Valencia,1,1,15,available,Estadio Municipal de Ipurúa,José Luis González González
3825693,2015-12-13,19:15:00.000,11,27,La Liga,2015/2016,Spain,Regular Season,212,Atlético Madrid,215,Athletic Club,2,1,15,available,Estadio Vicente Calderón,Juan Martínez Munuera
3825696,2015-12-13,13:00:00.000,11,27,La Liga,2015/2016,Spain,Regular Season,360,Rayo Vallecano,223,Málaga,1,2,15,available,Estadio de Vallecas,Carlos Clos Gómez
3825695,2015-12-13,21:30:00.000,11,27,La Liga,2015/2016,Spain,Regular Season,222,Villarreal,220,Real Madrid,1,0,15,available,Estadio de la Cerámica,Alberto Undiano Mallenco
3825689,2015-12-12,19:15:00.000,11,27,La Liga,2015/2016,Spain,Regular Season,209,Celta Vigo,214,Espanyol,1,0,15,available,Abanca-Balaídos,David Fernández Borbalan
3825690,2015-12-12,23:05:00.000,11,27,La Liga,2015/2016,Spain,Regular Season,208,Las Palmas,218,Real Betis,1,0,15,available,Estadio de Gran Canaria,Jesús Gil Manzano
3825692,2015-12-12,21:30:00.000,11,27,La Liga,2015/2016,Spain,Regular Season,213,Sevilla,1041,Sporting Gijón,2,0,15,available,Estadio Ramón Sánchez Pizjuán,Carlos del Cerro Grande
3825691,2015-12-12,19:15:00.000,11,27,La Liga,2015/2016,Spain,Regular Season,221,Levante UD,1049,Granada,1,2,15,available,Estadio Ciudad de Valencia,Iñaki Bikandi Garrido
3825688,2015-12-11,21:30:00.000,11,27,La Liga,2015/2016,Spain,Regular Season,216,Getafe,210,Real Sociedad,1,1,15,available,Coliseum Alfonso Pérez,Pedro Jesús Pérez Montero
3825687,2015-12-07,21:30:00.000,11,27,La Liga,2015/2016,Spain,Regular Season,214,Espanyol,221,Levante UD,1,1,14,available,Stage Front Stadium,Carlos Velasco Carballo
3825683,2015-12-06,13:00:00.000,11,27,La Liga,2015/2016,Spain,Regular Season,210,Real Sociedad,322,Eibar,2,1,14,available,Reale Arena,Mario Melero López
3825686,2015-12-06,21:30:00.000,11,27,La Liga,2015/2016,Spain,Regular Season,215,Athletic Club,223,Málaga,0,0,14,available,San Mamés Barria,Alfonso Álvarez Izquierdo
3825684,2015-12-06,17:00:00.000,11,27,La Liga,2015/2016,Spain,Regular Season,222,Villarreal,360,Rayo Vallecano,2,1,14,available,Estadio de la Cerámica,Xavier Estrada Fernández
3825681,2015-12-05,17:00:00.000,11,27,La Liga,2015/2016,Spain,Regular Season,220,Real Madrid,216,Getafe,4,1,14,available,Bernabéu,Antonio Miguel Mateu Lahoz
3825682,2015-12-05,19:15:00.000,11,27,La Liga,2015/2016,Spain,Regular Season,1049,Granada,212,Atlético Madrid,0,2,14,available,Estadio Nuevo Los Cármenes,Eduardo Prieto Iglesias
3825680,2015-12-05,23:00:00.000,11,27,La Liga,2015/2016,Spain,Regular Season,219,RC Deportivo La Coruña,213,Sevilla,1,1,14,available,Estadio Abanca-Riazor,Ricardo De Burgos Bengoetxea
3825677,2015-11-29,21:30:00.000,11,27,La Liga,2015/2016,Spain,Regular Season,213,Sevilla,207,Valencia,1,0,13,available,Estadio Ramón Sánchez Pizjuán,Carlos Velasco Carballo
3825675,2015-11-29,19:15:00.000,11,27,La Liga,2015/2016,Spain,Regular Season,360,Rayo Vallecano,215,Athletic Club,0,3,13,available,Estadio de Vallecas,Alejandro José Hernández Hernández
3825676,2015-11-29,13:00:00.000,11,27,La Liga,2015/2016,Spain,Regular Season,216,Getafe,222,Villarreal,2,0,13,available,Coliseum Alfonso Pérez,José Luis González González
3825674,2015-11-28,19:15:00.000,11,27,La Liga,2015/2016,Spain,Regular Season,212,Atlético Madrid,214,Espanyol,1,0,13,available,Estadio Vicente Calderón,Iñaki Bikandi Garrido
3825673,2015-11-28,23:00:00.000,11,27,La Liga,2015/2016,Spain,Regular Season,208,Las Palmas,219,RC Deportivo La Coruña,0,2,13,available,Estadio de Gran Canaria,Carlos Clos Gómez
3825671,2015-11-28,23:05:00.000,11,27,La Liga,2015/2016,Spain,Regular Season,209,Celta Vigo,1041,Sporting Gijón,2,1,13,available,Abanca-Balaídos,Santiago Jaime Latre
3825672,2015-11-28,21:30:00.000,11,27,La Liga,2015/2016,Spain,Regular Season,223,Málaga,1049,Granada,2,2,13,available,Estadio La Rosaleda,Xavier Estrada Fernández
3825670,2015-11-27,21:30:00.000,11,27,La Liga,2015/2016,Spain,Regular Season,221,Levante UD,218,Real Betis,0,1,13,available,Estadio Ciudad de Valencia,José María Sánchez Martínez
3825669,2015-11-23,21:30:00.000,11,27,La Liga,2015/2016,Spain,Regular Season,216,Getafe,360,Rayo Vallecano,1,1,12,available,Coliseum Alfonso Pérez,Ricardo De Burgos Bengoetxea
3825668,2015-11-22,13:00:00.000,11,27,La Liga,2015/2016,Spain,Regular Season,1041,Sporting Gijón,221,Levante UD,0,3,12,available,Estadio Municipal El Molinón,Mario Melero López
3825666,2015-11-22,21:30:00.000,11,27,La Liga,2015/2016,Spain,Regular Season,218,Real Betis,212,Atlético Madrid,0,1,12,available,Estadio Benito Villamarín,Santiago Jaime Latre
3825665,2015-11-22,19:15:00.000,11,27,La Liga,2015/2016,Spain,Regular Season,1049,Granada,215,Athletic Club,2,0,12,available,Estadio Nuevo Los Cármenes,Carlos del Cerro Grande
3825667,2015-11-22,17:00:00.000,11,27,La Liga,2015/2016,Spain,Regular Season,222,Villarreal,322,Eibar,1,1,12,available,Estadio de la Cerámica,Eduardo Prieto Iglesias
3825664,2015-11-21,17:00:00.000,11,27,La Liga,2015/2016,Spain,Regular Season,210,Real Sociedad,213,Sevilla,2,0,12,available,Reale Arena,Antonio Miguel Mateu Lahoz
3825662,2015-11-21,23:05:00.000,11,27,La Liga,2015/2016,Spain,Regular Season,219,RC Deportivo La Coruña,209,Celta Vigo,2,0,12,available,Estadio Abanca-Riazor,Alfonso Álvarez Izquierdo
3825888,2015-11-21,23:00:00.000,11,27,La Liga,2015/2016,Spain,Regular Season,207,Valencia,208,Las Palmas,1,1,12,available,Estadio de Mestalla,Pedro Jesús Pérez Montero
3825663,2015-11-21,21:30:00.000,11,27,La Liga,2015/2016,Spain,Regular Season,214,Espanyol,223,Málaga,2,0,12,available,Stage Front Stadium,Juan Martínez Munuera
3825659,2015-11-08,13:00:00.000,11,27,La Liga,2015/2016,Spain,Regular Season,215,Athletic Club,214,Espanyol,2,1,11,available,San Mamés Barria,Alberto Undiano Mallenco
3825658,2015-11-08,19:15:00.000,11,27,La Liga,2015/2016,Spain,Regular Season,212,Atlético Madrid,1041,Sporting Gijón,1,0,11,available,Estadio Vicente Calderón,Xavier Estrada Fernández
3825660,2015-11-08,17:00:00.000,11,27,La Liga,2015/2016,Spain,Regular Season,217,Barcelona,222,Villarreal,3,0,11,available,Spotify Camp Nou,Carlos Clos Gómez
3825661,2015-11-08,21:30:00.000,11,27,La Liga,2015/2016,Spain,Regular Season,213,Sevilla,220,Real Madrid,3,2,11,available,Estadio Ramón Sánchez Pizjuán,José Luis González González
3825656,2015-11-07,19:15:00.000,11,27,La Liga,2015/2016,Spain,Regular Season,221,Levante UD,219,RC Deportivo La Coruña,1,1,11,available,Estadio Ciudad de Valencia,Carlos del Cerro Grande
3825657,2015-11-07,23:05:00.000,11,27,La Liga,2015/2016,Spain,Regular Season,223,Málaga,218,Real Betis,0,1,11,available,Estadio La Rosaleda,Eduardo Prieto Iglesias
3825652,2015-11-06,21:30:00.000,11,27,La Liga,2015/2016,Spain,Regular Season,208,Las Palmas,210,Real Sociedad,2,0,11,available,Estadio de Gran Canaria,Carlos Velasco Carballo
3825623,2015-10-17,22:00:00.000,11,27,La Liga,2015/2016,Spain,Regular Season,207,Valencia,223,Málaga,3,0,8,available,Estadio de Mestalla,Alejandro José Hernández Hernández
3825626,2015-10-17,22:05:00.000,11,27,La Liga,2015/2016,Spain,Regular Season,218,Real Betis,214,Espanyol,1,3,8,available,Estadio Benito Villamarín,Ricardo De Burgos Bengoetxea
3825616,2015-10-03,22:05:00.000,11,27,La Liga,2015/2016,Spain,Regular Season,223,Málaga,210,Real Sociedad,3,1,7,available,Estadio La Rosaleda,Carlos del Cerro Grande
3825608,2015-09-26,22:05:00.000,11,27,La Liga,2015/2016,Spain,Regular Season,322,Eibar,209,Celta Vigo,1,1,6,available,Estadio Municipal de Ipurúa,Pedro Jesús Pérez Montero
3825601,2015-09-23,20:00:00.000,11,27,La Liga,2015/2016,Spain,Regular Season,360,Rayo Vallecano,1041,Sporting Gijón,2,1,5,available,Estadio de Vallecas,Iñaki Bikandi Garrido
3825899,2016-04-24,18:15:00.000,11,27,La Liga,2015/2016,Spain,Regular Season,216,Getafe,207,Valencia,2,2,35,available,Coliseum Alfonso Pérez,Ricardo De Burgos Bengoetxea
3825852,2016-04-16,18:15:00.000,11,27,La Liga,2015/2016,Spain,Regular Season,208,Las Palmas,1041,Sporting Gijón,1,1,33,available,Estadio de Gran Canaria,Alberto Undiano Mallenco
3825647,2015-10-31,19:15:00.000,11,27,La Liga,2015/2016,Spain,Regular Season,207,Valencia,221,Levante UD,3,0,10,available,Estadio de Mestalla,Ricardo De Burgos Bengoetxea
3825637,2015-10-25,19:15:00.000,11,27,La Liga,2015/2016,Spain,Regular Season,217,Barcelona,322,Eibar,3,1,9,available,Spotify Camp Nou,Carlos del Cerro Grande
3825628,2015-10-18,18:15:00.000,11,27,La Liga,2015/2016,Spain,Regular Season,216,Getafe,208,Las Palmas,4,0,8,available,Coliseum Alfonso Pérez,David Fernández Borbalan
3825619,2015-10-04,18:15:00.000,11,27,La Liga,2015/2016,Spain,Regular Season,221,Levante UD,222,Villarreal,1,0,7,available,Estadio Ciudad de Valencia,Alfonso Álvarez Izquierdo
3825618,2015-10-03,22:00:00.000,11,27,La Liga,2015/2016,Spain,Regular Season,208,Las Palmas,322,Eibar,0,2,7,available,Estadio de Gran Canaria,Antonio Miguel Mateu Lahoz
3825611,2015-09-27,16:00:00.000,11,27,La Liga,2015/2016,Spain,Regular Season,219,RC Deportivo La Coruña,214,Espanyol,3,0,6,available,Estadio Abanca-Riazor,José María Sánchez Martínez
3825609,2015-09-27,20:30:00.000,11,27,La Liga,2015/2016,Spain,Regular Season,210,Real Sociedad,215,Athletic Club,0,0,6,available,Reale Arena,Carlos Velasco Carballo
3825598,2015-09-22,20:00:00.000,11,27,La Liga,2015/2016,Spain,Regular Season,212,Atlético Madrid,216,Getafe,2,0,5,available,Estadio Vicente Calderón,Alfonso Álvarez Izquierdo
3825584,2015-09-13,12:00:00.000,11,27,La Liga,2015/2016,Spain,Regular Season,1049,Granada,222,Villarreal,1,3,3,available,Estadio Nuevo Los Cármenes,Jesús Gil Manzano
3825570,2015-08-24,20:30:00.000,11,27,La Liga,2015/2016,Spain,Regular Season,1049,Granada,322,Eibar,1,3,1,available,Estadio Nuevo Los Cármenes,Ignacio Iglesias Villanueva
3825562,2015-08-21,20:30:00.000,11,27,La Liga,2015/2016,Spain,Regular Season,223,Málaga,213,Sevilla,0,0,1,available,Estadio La Rosaleda,Alfonso Álvarez Izquierdo
3825904,2016-05-08,17:00:00.000,11,27,La Liga,2015/2016,Spain,Regular Season,322,Eibar,218,Real Betis,1,1,37,available,Estadio Municipal de Ipurúa,Juan Martínez Munuera
3825901,2016-05-08,17:00:00.000,11,27,La Liga,2015/2016,Spain,Regular Season,220,Real Madrid,207,Valencia,3,2,37,available,Bernabéu,David Fernández Borbalan
3825898,2016-04-02,22:05:00.000,11,27,La Liga,2015/2016,Spain,Regular Season,209,Celta Vigo,219,RC Deportivo La Coruña,1,1,31,available,Abanca-Balaídos,David Fernández Borbalan
3825893,2016-04-20,22:00:00.000,11,27,La Liga,2015/2016,Spain,Regular Season,220,Real Madrid,222,Villarreal,3,0,34,available,Bernabéu,Carlos Clos Gómez
3825892,2015-09-22,22:00:00.000,11,27,La Liga,2015/2016,Spain,Regular Season,1049,Granada,210,Real Sociedad,0,3,5,available,Estadio Nuevo Los Cármenes,Xavier Estrada Fernández
3825886,2016-04-23,16:00:00.000,11,27,La Liga,2015/2016,Spain,Regular Season,360,Rayo Vallecano,220,Real Madrid,2,3,35,available,Estadio de Vallecas,Alejandro José Hernández Hernández
3825885,2016-04-01,20:30:00.000,11,27,La Liga,2015/2016,Spain,Regular Season,360,Rayo Vallecano,216,Getafe,2,0,31,available,Estadio de Vallecas,Santiago Jaime Latre
3825881,2016-03-14,21:30:00.000,11,27,La Liga,2015/2016,Spain,Regular Season,1049,Granada,214,Espanyol,1,1,29,available,Estadio Nuevo Los Cármenes,José Luis González González
3825880,2016-03-19,21:30:00.000,11,27,La Liga,2015/2016,Spain,Regular Season,219,RC Deportivo La Coruña,221,Levante UD,2,1,30,available,Estadio Abanca-Riazor,Iñaki Bikandi Garrido
3825879,2016-03-13,21:30:00.000,11,27,La Liga,2015/2016,Spain,Regular Season,208,Las Palmas,220,Real Madrid,1,2,29,available,Estadio de Gran Canaria,David Fernández Borbalan
3825878,2016-04-30,18:15:00.000,11,27,La Liga,2015/2016,Spain,Regular Season,212,Atlético Madrid,360,Rayo Vallecano,1,0,36,available,Estadio Vicente Calderón,José María Sánchez Martínez
3825877,2016-04-03,12:00:00.000,11,27,La Liga,2015/2016,Spain,Regular Season,215,Athletic Club,1049,Granada,1,1,31,available,San Mamés Barria,Carlos Velasco Carballo
3825874,2015-10-24,20:30:00.000,11,27,La Liga,2015/2016,Spain,Regular Season,213,Sevilla,216,Getafe,5,0,9,available,Estadio Ramón Sánchez Pizjuán,Iñaki Bikandi Garrido
3825873,2016-05-01,20:30:00.000,11,27,La Liga,2015/2016,Spain,Regular Season,207,Valencia,222,Villarreal,0,2,36,available,Estadio de Mestalla,Carlos del Cerro Grande
3825872,2016-04-02,16:00:00.000,11,27,La Liga,2015/2016,Spain,Regular Season,212,Atlético Madrid,218,Real Betis,5,1,31,available,Estadio Vicente Calderón,José Luis González González
3825870,2016-05-01,12:00:00.000,11,27,La Liga,2015/2016,Spain,Regular Season,215,Athletic Club,209,Celta Vigo,2,1,36,available,San Mamés Barria,Xavier Estrada Fernández
3825868,2016-04-25,20:30:00.000,11,27,La Liga,2015/2016,Spain,Regular Season,209,Celta Vigo,1049,Granada,2,1,35,available,Abanca-Balaídos,Jesús Gil Manzano
3825866,2016-05-08,17:00:00.000,11,27,La Liga,2015/2016,Spain,Regular Season,208,Las Palmas,215,Athletic Club,0,0,37,available,Estadio de Gran Canaria,Pedro Jesús Pérez Montero
3825865,2016-05-08,17:00:00.000,11,27,La Liga,2015/2016,Spain,Regular Season,216,Getafe,1041,Sporting Gijón,1,1,37,available,Coliseum Alfonso Pérez,Alfonso Álvarez Izquierdo
3825864,2016-04-30,16:00:00.000,11,27,La Liga,2015/2016,Spain,Regular Season,210,Real Sociedad,220,Real Madrid,0,1,36,available,Reale Arena,Alberto Undiano Mallenco
3825862,2016-04-19,20:00:00.000,11,27,La Liga,2015/2016,Spain,Regular Season,214,Espanyol,209,Celta Vigo,1,1,34,available,Stage Front Stadium,Eduardo Prieto Iglesias
3825861,2016-05-08,17:00:00.000,11,27,La Liga,2015/2016,Spain,Regular Season,210,Real Sociedad,360,Rayo Vallecano,2,1,37,available,Reale Arena,Santiago Jaime Latre
3825859,2016-04-30,22:05:00.000,11,27,La Liga,2015/2016,Spain,Regular Season,1049,Granada,208,Las Palmas,3,2,36,available,Estadio Nuevo Los Cármenes,José Luis González González
3825856,2016-04-09,16:00:00.000,11,27,La Liga,2015/2016,Spain,Regular Season,220,Real Madrid,322,Eibar,4,0,32,available,Bernabéu,José María Sánchez Martínez
3825854,2016-04-29,20:30:00.000,11,27,La Liga,2015/2016,Spain,Regular Season,1041,Sporting Gijón,322,Eibar,2,0,36,available,Estadio Municipal El Molinón,Alejandro José Hernández Hernández
3825853,2016-05-08,17:00:00.000,11,27,La Liga,2015/2016,Spain,Regular Season,213,Sevilla,1049,Granada,1,4,37,available,Estadio Ramón Sánchez Pizjuán,Alberto Undiano Mallenco
3825851,2016-05-08,17:00:00.000,11,27,La Liga,2015/2016,Spain,Regular Season,222,Villarreal,219,RC Deportivo La Coruña,0,2,37,available,Estadio de la Cerámica,Xavier Estrada Fernández
3825850,2016-05-08,17:00:00.000,11,27,La Liga,2015/2016,Spain,Regular Season,209,Celta Vigo,223,Málaga,1,0,37,available,Abanca-Balaídos,Carlos del Cerro Grande
3825845,2016-05-01,16:00:00.000,11,27,La Liga,2015/2016,Spain,Regular Season,214,Espanyol,213,Sevilla,1,0,36,available,Stage Front Stadium,Juan Martínez Munuera
3825844,2016-03-13,19:15:00.000,11,27,La Liga,2015/2016,Spain,Regular Season,215,Athletic Club,218,Real Betis,3,1,29,available,San Mamés Barria,Santiago Jaime Latre
3825806,2016-03-05,17:00:00.000,11,27,La Liga,2015/2016,Spain,Regular Season,220,Real Madrid,209,Celta Vigo,7,1,28,available,Bernabéu,Jesús Gil Manzano
3825802,2016-03-03,23:30:00.000,11,27,La Liga,2015/2016,Spain,Regular Season,214,Espanyol,218,Real Betis,0,3,27,available,Stage Front Stadium,José María Sánchez Martínez
3825679,2015-12-05,23:05:00.000,11,27,La Liga,2015/2016,Spain,Regular Season,218,Real Betis,209,Celta Vigo,1,1,14,available,Estadio Benito Villamarín,Alejandro José Hernández Hernández
3825655,2015-11-07,21:30:00.000,11,27,La Liga,2015/2016,Spain,Regular Season,360,Rayo Vallecano,1049,Granada,2,1,11,available,Estadio de Vallecas,Jesús Gil Manzano
3825654,2015-11-07,17:00:00.000,11,27,La Liga,2015/2016,Spain,Regular Season,209,Celta Vigo,207,Valencia,1,5,11,available,Abanca-Balaídos,Iñaki Bikandi Garrido
3825653,2015-11-07,21:30:00.000,11,27,La Liga,2015/2016,Spain,Regular Season,322,Eibar,216,Getafe,3,1,11,available,Estadio Municipal de Ipurúa,Ignacio Iglesias Villanueva
3825651,2015-11-01,17:00:00.000,11,27,La Liga,2015/2016,Spain,Regular Season,214,Espanyol,1049,Granada,1,1,10,available,Stage Front Stadium,Alejandro José Hernández Hernández
3825650,2015-11-01,23:30:00.000,11,27,La Liga,2015/2016,Spain,Regular Season,218,Real Betis,215,Athletic Club,1,3,10,available,Estadio Benito Villamarín,José Luis González González
3825649,2015-11-01,19:15:00.000,11,27,La Liga,2015/2016,Spain,Regular Season,1041,Sporting Gijón,223,Málaga,1,0,10,available,Estadio Municipal El Molinón,Antonio Miguel Mateu Lahoz
3825648,2015-11-01,13:00:00.000,11,27,La Liga,2015/2016,Spain,Regular Season,322,Eibar,360,Rayo Vallecano,1,0,10,available,Estadio Municipal de Ipurúa,Alfonso Álvarez Izquierdo
3825765,2016-02-07,19:15:00.000,11,27,La Liga,2015/2016,Spain,Regular Season,209,Celta Vigo,213,Sevilla,1,1,23,available,Abanca-Balaídos,Carlos Velasco Carballo
3825766,2016-02-07,17:00:00.000,11,27,La Liga,2015/2016,Spain,Regular Season,218,Real Betis,207,Valencia,1,0,23,available,Estadio Benito Villamarín,José María Sánchez Martínez
3825764,2016-02-07,21:30:00.000,11,27,La Liga,2015/2016,Spain,Regular Season,1049,Granada,220,Real Madrid,1,2,23,available,Estadio Nuevo Los Cármenes,Jesús Gil Manzano
3825760,2016-02-06,17:00:00.000,11,27,La Liga,2015/2016,Spain,Regular Season,212,Atlético Madrid,322,Eibar,3,1,23,available,Estadio Vicente Calderón,David Fernández Borbalan
3825763,2016-02-06,19:15:00.000,11,27,La Liga,2015/2016,Spain,Regular Season,360,Rayo Vallecano,208,Las Palmas,2,0,23,available,Estadio de Vallecas,Ignacio Iglesias Villanueva
3825761,2016-02-06,21:30:00.000,11,27,La Liga,2015/2016,Spain,Regular Season,215,Athletic Club,222,Villarreal,0,0,23,available,San Mamés Barria,Mario Melero López
3825762,2016-02-06,23:05:00.000,11,27,La Liga,2015/2016,Spain,Regular Season,1041,Sporting Gijón,219,RC Deportivo La Coruña,1,1,23,available,Estadio Municipal El Molinón,Alejandro José Hernández Hernández
3825759,2016-02-05,21:30:00.000,11,27,La Liga,2015/2016,Spain,Regular Season,223,Málaga,216,Getafe,3,0,23,available,Estadio La Rosaleda,Juan Martínez Munuera
3825758,2016-02-01,21:30:00.000,11,27,La Liga,2015/2016,Spain,Regular Season,219,RC Deportivo La Coruña,360,Rayo Vallecano,2,2,22,available,Estadio Abanca-Riazor,Iñaki Bikandi Garrido
3825756,2016-01-31,13:00:00.000,11,27,La Liga,2015/2016,Spain,Regular Season,213,Sevilla,221,Levante UD,3,1,22,available,Estadio Ramón Sánchez Pizjuán,Alfonso Álvarez Izquierdo
3825755,2016-01-31,17:00:00.000,11,27,La Liga,2015/2016,Spain,Regular Season,207,Valencia,1041,Sporting Gijón,0,1,22,available,Estadio de Mestalla,José Luis González González
3825754,2016-01-31,19:15:00.000,11,27,La Liga,2015/2016,Spain,Regular Season,208,Las Palmas,209,Celta Vigo,2,1,22,available,Estadio de Gran Canaria,José María Sánchez Martínez
3825750,2016-01-30,23:05:00.000,11,27,La Liga,2015/2016,Spain,Regular Season,210,Real Sociedad,218,Real Betis,2,1,22,available,Reale Arena,Eduardo Prieto Iglesias
3825752,2016-01-30,19:15:00.000,11,27,La Liga,2015/2016,Spain,Regular Season,322,Eibar,223,Málaga,1,2,22,available,Estadio Municipal de Ipurúa,Antonio Miguel Mateu Lahoz
3825751,2016-01-30,19:15:00.000,11,27,La Liga,2015/2016,Spain,Regular Season,216,Getafe,215,Athletic Club,0,1,22,available,Coliseum Alfonso Pérez,Xavier Estrada Fernández
3825753,2016-01-30,21:30:00.000,11,27,La Liga,2015/2016,Spain,Regular Season,222,Villarreal,1049,Granada,1,0,22,available,Estadio de la Cerámica,Carlos del Cerro Grande
3825749,2016-01-25,23:30:00.000,11,27,La Liga,2015/2016,Spain,Regular Season,221,Levante UD,208,Las Palmas,3,2,21,available,Estadio Ciudad de Valencia,Carlos Velasco Carballo
3825747,2016-01-24,13:00:00.000,11,27,La Liga,2015/2016,Spain,Regular Season,215,Athletic Club,322,Eibar,5,2,21,available,San Mamés Barria,Jesús Gil Manzano
3825748,2016-01-24,17:00:00.000,11,27,La Liga,2015/2016,Spain,Regular Season,212,Atlético Madrid,213,Sevilla,0,0,21,available,Estadio Vicente Calderón,Ignacio Iglesias Villanueva
3825745,2016-01-24,19:15:00.000,11,27,La Liga,2015/2016,Spain,Regular Season,219,RC Deportivo La Coruña,207,Valencia,1,1,21,available,Estadio Abanca-Riazor,Mario Melero López
3825746,2016-01-24,21:30:00.000,11,27,La Liga,2015/2016,Spain,Regular Season,218,Real Betis,220,Real Madrid,1,1,21,available,Estadio Benito Villamarín,Juan Martínez Munuera
3825743,2016-01-23,23:05:00.000,11,27,La Liga,2015/2016,Spain,Regular Season,360,Rayo Vallecano,209,Celta Vigo,3,0,21,available,Estadio de Vallecas,Santiago Jaime Latre
3825744,2016-01-23,19:15:00.000,11,27,La Liga,2015/2016,Spain,Regular Season,214,Espanyol,222,Villarreal,2,2,21,available,Stage Front Stadium,Pedro Jesús Pérez Montero
3825742,2016-01-23,21:30:00.000,11,27,La Liga,2015/2016,Spain,Regular Season,1049,Granada,216,Getafe,3,2,21,available,Estadio Nuevo Los Cármenes,Ricardo De Burgos Bengoetxea
3825741,2016-01-22,21:30:00.000,11,27,La Liga,2015/2016,Spain,Regular Season,1041,Sporting Gijón,210,Real Sociedad,5,1,21,available,Estadio Municipal El Molinón,David Fernández Borbalan
3825738,2016-01-17,19:15:00.000,11,27,La Liga,2015/2016,Spain,Regular Season,208,Las Palmas,212,Atlético Madrid,0,3,20,available,Estadio de Gran Canaria,Iñaki Bikandi Garrido
3825737,2016-01-17,19:15:00.000,11,27,La Liga,2015/2016,Spain,Regular Season,216,Getafe,214,Espanyol,3,1,20,available,Coliseum Alfonso Pérez,Carlos Clos Gómez
3825734,2016-01-16,23:05:00.000,11,27,La Liga,2015/2016,Spain,Regular Season,210,Real Sociedad,219,RC Deportivo La Coruña,1,1,20,available,Reale Arena,Juan Martínez Munuera
3825733,2016-01-16,17:00:00.000,11,27,La Liga,2015/2016,Spain,Regular Season,213,Sevilla,223,Málaga,2,1,20,available,Estadio Ramón Sánchez Pizjuán,Xavier Estrada Fernández
3825732,2016-01-16,19:15:00.000,11,27,La Liga,2015/2016,Spain,Regular Season,209,Celta Vigo,221,Levante UD,4,3,20,available,Abanca-Balaídos,Carlos del Cerro Grande
3825735,2016-01-16,21:30:00.000,11,27,La Liga,2015/2016,Spain,Regular Season,222,Villarreal,218,Real Betis,0,0,20,available,Estadio de la Cerámica,José Luis González González
3825729,2016-01-10,13:00:00.000,11,27,La Liga,2015/2016,Spain,Regular Season,222,Villarreal,1041,Sporting Gijón,2,0,19,available,Estadio de la Cerámica,Jesús Gil Manzano
3825728,2016-01-10,21:30:00.000,11,27,La Liga,2015/2016,Spain,Regular Season,209,Celta Vigo,212,Atlético Madrid,0,2,19,available,Abanca-Balaídos,Ricardo De Burgos Bengoetxea
3825730,2016-01-10,17:00:00.000,11,27,La Liga,2015/2016,Spain,Regular Season,210,Real Sociedad,207,Valencia,2,0,19,available,Reale Arena,Alejandro José Hernández Hernández
3825727,2016-01-10,19:15:00.000,11,27,La Liga,2015/2016,Spain,Regular Season,322,Eibar,214,Espanyol,2,1,19,available,Estadio Municipal de Ipurúa,Santiago Jaime Latre
3825723,2016-01-09,23:05:00.000,11,27,La Liga,2015/2016,Spain,Regular Season,221,Levante UD,360,Rayo Vallecano,2,1,19,available,Estadio Ciudad de Valencia,Mario Melero López
3825726,2016-01-09,19:15:00.000,11,27,La Liga,2015/2016,Spain,Regular Season,213,Sevilla,215,Athletic Club,2,0,19,available,Estadio Ramón Sánchez Pizjuán,Eduardo Prieto Iglesias
3825725,2016-01-09,19:15:00.000,11,27,La Liga,2015/2016,Spain,Regular Season,216,Getafe,218,Real Betis,1,0,19,available,Coliseum Alfonso Pérez,Alfonso Álvarez Izquierdo
3825724,2016-01-09,21:30:00.000,11,27,La Liga,2015/2016,Spain,Regular Season,220,Real Madrid,219,RC Deportivo La Coruña,5,0,19,available,Bernabéu,Pedro Jesús Pérez Montero
3825722,2016-01-04,21:30:00.000,11,27,La Liga,2015/2016,Spain,Regular Season,1041,Sporting Gijón,216,Getafe,1,2,18,available,Estadio Municipal El Molinón,Xavier Estrada Fernández
3825716,2016-01-03,13:00:00.000,11,27,La Liga,2015/2016,Spain,Regular Season,360,Rayo Vallecano,210,Real Sociedad,2,2,18,available,Estadio de Vallecas,Antonio Miguel Mateu Lahoz
3825719,2016-01-03,19:15:00.000,11,27,La Liga,2015/2016,Spain,Regular Season,215,Athletic Club,208,Las Palmas,2,2,18,available,San Mamés Barria,Carlos del Cerro Grande
3825720,2016-01-03,17:00:00.000,11,27,La Liga,2015/2016,Spain,Regular Season,218,Real Betis,322,Eibar,0,4,18,available,Estadio Benito Villamarín,Eduardo Prieto Iglesias
3825717,2016-01-03,17:00:00.000,11,27,La Liga,2015/2016,Spain,Regular Season,1049,Granada,213,Sevilla,2,1,18,available,Estadio Nuevo Los Cármenes,Alberto Undiano Mallenco
3825721,2016-01-03,19:15:00.000,11,27,La Liga,2015/2016,Spain,Regular Season,219,RC Deportivo La Coruña,222,Villarreal,1,2,18,available,Estadio Abanca-Riazor,David Fernández Borbalan
3825718,2016-01-03,21:30:00.000,11,27,La Liga,2015/2016,Spain,Regular Season,207,Valencia,220,Real Madrid,2,2,18,available,Estadio de Mestalla,José María Sánchez Martínez
3825715,2016-01-02,23:05:00.000,11,27,La Liga,2015/2016,Spain,Regular Season,223,Málaga,209,Celta Vigo,2,0,18,available,Estadio La Rosaleda,Iñaki Bikandi Garrido
3825714,2016-01-02,21:30:00.000,11,27,La Liga,2015/2016,Spain,Regular Season,212,Atlético Madrid,221,Levante UD,1,0,18,available,Estadio Vicente Calderón,Carlos Clos Gómez
3825713,2015-12-31,17:00:00.000,11,27,La Liga,2015/2016,Spain,Regular Season,222,Villarreal,207,Valencia,1,0,17,available,Estadio de la Cerámica,Alfonso Álvarez Izquierdo
3825710,2015-12-30,17:00:00.000,11,27,La Liga,2015/2016,Spain,Regular Season,220,Real Madrid,210,Real Sociedad,3,1,17,available,Bernabéu,José Luis González González
3825709,2015-12-30,19:15:00.000,11,27,La Liga,2015/2016,Spain,Regular Season,213,Sevilla,214,Espanyol,2,0,17,available,Estadio Ramón Sánchez Pizjuán,Ignacio Iglesias Villanueva
3825646,2015-10-31,19:15:00.000,11,27,La Liga,2015/2016,Spain,Regular Season,222,Villarreal,213,Sevilla,2,1,10,available,Estadio de la Cerámica,José María Sánchez Martínez
3825645,2015-10-31,21:30:00.000,11,27,La Liga,2015/2016,Spain,Regular Season,216,Getafe,217,Barcelona,0,2,10,available,Coliseum Alfonso Pérez,Juan Martínez Munuera
3825644,2015-10-31,23:05:00.000,11,27,La Liga,2015/2016,Spain,Regular Season,210,Real Sociedad,209,Celta Vigo,2,3,10,available,Reale Arena,David Fernández Borbalan
3825640,2015-10-25,12:00:00.000,11,27,La Liga,2015/2016,Spain,Regular Season,221,Levante UD,210,Real Sociedad,0,4,9,available,Estadio Ciudad de Valencia,Alberto Undiano Mallenco
3825639,2015-10-25,16:00:00.000,11,27,La Liga,2015/2016,Spain,Regular Season,208,Las Palmas,222,Villarreal,0,0,9,available,Estadio de Gran Canaria,Xavier Estrada Fernández
3825636,2015-10-24,22:05:00.000,11,27,La Liga,2015/2016,Spain,Regular Season,223,Málaga,219,RC Deportivo La Coruña,2,0,9,available,Estadio La Rosaleda,Carlos Velasco Carballo
3825635,2015-10-24,16:00:00.000,11,27,La Liga,2015/2016,Spain,Regular Season,209,Celta Vigo,220,Real Madrid,1,3,9,available,Abanca-Balaídos,Carlos Clos Gómez
3825634,2015-10-24,18:15:00.000,11,27,La Liga,2015/2016,Spain,Regular Season,1049,Granada,218,Real Betis,1,1,9,available,Estadio Nuevo Los Cármenes,Antonio Miguel Mateu Lahoz
3825633,2015-10-23,20:30:00.000,11,27,La Liga,2015/2016,Spain,Regular Season,360,Rayo Vallecano,214,Espanyol,3,0,9,available,Estadio de Vallecas,Eduardo Prieto Iglesias
3825632,2015-10-19,20:30:00.000,11,27,La Liga,2015/2016,Spain,Regular Season,1041,Sporting Gijón,1049,Granada,3,3,8,available,Estadio Municipal El Molinón,Alfonso Álvarez Izquierdo
3825631,2015-10-18,16:00:00.000,11,27,La Liga,2015/2016,Spain,Regular Season,210,Real Sociedad,212,Atlético Madrid,0,2,8,available,Reale Arena,Ignacio Iglesias Villanueva
3825630,2015-10-18,20:30:00.000,11,27,La Liga,2015/2016,Spain,Regular Season,219,RC Deportivo La Coruña,215,Athletic Club,2,2,8,available,Estadio Abanca-Riazor,Santiago Jaime Latre
3825629,2015-10-18,12:00:00.000,11,27,La Liga,2015/2016,Spain,Regular Season,222,Villarreal,209,Celta Vigo,1,2,8,available,Estadio de la Cerámica,José Luis González González
3825627,2015-10-17,20:30:00.000,11,27,La Liga,2015/2016,Spain,Regular Season,217,Barcelona,360,Rayo Vallecano,5,2,8,available,Spotify Camp Nou,Pedro Jesús Pérez Montero
3825625,2015-10-17,16:00:00.000,11,27,La Liga,2015/2016,Spain,Regular Season,220,Real Madrid,221,Levante UD,3,0,8,available,Bernabéu,José María Sánchez Martínez
3825624,2015-10-17,18:15:00.000,11,27,La Liga,2015/2016,Spain,Regular Season,322,Eibar,213,Sevilla,1,1,8,available,Estadio Municipal de Ipurúa,Juan Martínez Munuera
3825622,2015-10-04,16:00:00.000,11,27,La Liga,2015/2016,Spain,Regular Season,215,Athletic Club,207,Valencia,3,1,7,available,San Mamés Barria,Xavier Estrada Fernández
3825621,2015-10-04,20:30:00.000,11,27,La Liga,2015/2016,Spain,Regular Season,212,Atlético Madrid,220,Real Madrid,1,1,7,available,Estadio Vicente Calderón,Alberto Undiano Mallenco
3825620,2015-10-04,12:00:00.000,11,27,La Liga,2015/2016,Spain,Regular Season,360,Rayo Vallecano,218,Real Betis,0,2,7,available,Estadio de Vallecas,Ignacio Iglesias Villanueva
3825617,2015-10-03,16:00:00.000,11,27,La Liga,2015/2016,Spain,Regular Season,213,Sevilla,217,Barcelona,2,1,7,available,Estadio Ramón Sánchez Pizjuán,Jesús Gil Manzano
3825615,2015-10-03,20:30:00.000,11,27,La Liga,2015/2016,Spain,Regular Season,214,Espanyol,1041,Sporting Gijón,1,2,7,available,Stage Front Stadium,Carlos Clos Gómez
3825613,2015-10-02,20:30:00.000,11,27,La Liga,2015/2016,Spain,Regular Season,209,Celta Vigo,216,Getafe,0,0,7,available,Abanca-Balaídos,Eduardo Prieto Iglesias
3825610,2015-09-27,12:00:00.000,11,27,La Liga,2015/2016,Spain,Regular Season,1041,Sporting Gijón,218,Real Betis,1,2,6,available,Estadio Municipal El Molinón,Juan Martínez Munuera
3825606,2015-09-26,18:15:00.000,11,27,La Liga,2015/2016,Spain,Regular Season,220,Real Madrid,223,Málaga,0,0,6,available,Bernabéu,José Luis González González
3825605,2015-09-26,20:30:00.000,11,27,La Liga,2015/2016,Spain,Regular Season,213,Sevilla,360,Rayo Vallecano,3,2,6,available,Estadio Ramón Sánchez Pizjuán,Alejandro José Hernández Hernández
3825604,2015-09-25,20:30:00.000,11,27,La Liga,2015/2016,Spain,Regular Season,207,Valencia,1049,Granada,1,0,6,available,Estadio de Mestalla,Carlos Clos Gómez
3825603,2015-09-24,22:05:00.000,11,27,La Liga,2015/2016,Spain,Regular Season,218,Real Betis,219,RC Deportivo La Coruña,1,2,5,available,Estadio Benito Villamarín,Jesús Gil Manzano
3825602,2015-09-23,21:00:00.000,11,27,La Liga,2015/2016,Spain,Regular Season,215,Athletic Club,220,Real Madrid,1,2,5,available,San Mamés Barria,Antonio Miguel Mateu Lahoz
3825600,2015-09-23,22:00:00.000,11,27,La Liga,2015/2016,Spain,Regular Season,223,Málaga,222,Villarreal,0,1,5,available,Estadio La Rosaleda,Ricardo De Burgos Bengoetxea
3825599,2015-09-22,20:00:00.000,11,27,La Liga,2015/2016,Spain,Regular Season,214,Espanyol,207,Valencia,1,0,5,available,Stage Front Stadium,Ignacio Iglesias Villanueva
3825597,2015-09-20,20:30:00.000,11,27,La Liga,2015/2016,Spain,Regular Season,208,Las Palmas,360,Rayo Vallecano,0,1,4,available,Estadio de Gran Canaria,José Luis González González
3825596,2015-09-20,14:00:00.000,11,27,La Liga,2015/2016,Spain,Regular Season,219,RC Deportivo La Coruña,1041,Sporting Gijón,2,3,4,available,Estadio Abanca-Riazor,Eduardo Prieto Iglesias
3825594,2015-09-20,12:00:00.000,11,27,La Liga,2015/2016,Spain,Regular Season,213,Sevilla,209,Celta Vigo,1,2,4,available,Estadio Ramón Sánchez Pizjuán,Santiago Jaime Latre
3825593,2015-09-19,20:30:00.000,11,27,La Liga,2015/2016,Spain,Regular Season,322,Eibar,212,Atlético Madrid,0,2,4,available,Estadio Municipal de Ipurúa,Alejandro José Hernández Hernández
3825592,2015-09-19,22:00:00.000,11,27,La Liga,2015/2016,Spain,Regular Season,210,Real Sociedad,214,Espanyol,2,3,4,available,Reale Arena,Pedro Jesús Pérez Montero
3825591,2015-09-19,18:15:00.000,11,27,La Liga,2015/2016,Spain,Regular Season,207,Valencia,218,Real Betis,0,0,4,available,Estadio de Mestalla,Carlos Velasco Carballo
3825590,2015-09-19,16:00:00.000,11,27,La Liga,2015/2016,Spain,Regular Season,220,Real Madrid,1049,Granada,1,0,4,available,Bernabéu,Juan Martínez Munuera
3825589,2015-09-18,20:30:00.000,11,27,La Liga,2015/2016,Spain,Regular Season,216,Getafe,223,Málaga,1,0,4,available,Coliseum Alfonso Pérez,José María Sánchez Martínez
3825588,2015-09-14,20:30:00.000,11,27,La Liga,2015/2016,Spain,Regular Season,360,Rayo Vallecano,219,RC Deportivo La Coruña,1,3,3,available,Estadio de Vallecas,Ricardo De Burgos Bengoetxea
3825587,2015-09-13,16:00:00.000,11,27,La Liga,2015/2016,Spain,Regular Season,215,Athletic Club,216,Getafe,3,1,3,available,San Mamés Barria,Pedro Jesús Pérez Montero
3825586,2015-09-13,20:30:00.000,11,27,La Liga,2015/2016,Spain,Regular Season,223,Málaga,322,Eibar,0,0,3,available,Estadio La Rosaleda,Alberto Undiano Mallenco
3825585,2015-09-13,18:15:00.000,11,27,La Liga,2015/2016,Spain,Regular Season,209,Celta Vigo,208,Las Palmas,3,3,3,available,Abanca-Balaídos,Xavier Estrada Fernández
3825583,2015-09-12,18:15:00.000,11,27,La Liga,2015/2016,Spain,Regular Season,1041,Sporting Gijón,207,Valencia,0,1,3,available,Estadio Municipal El Molinón,Carlos del Cerro Grande
3825582,2015-09-12,22:00:00.000,11,27,La Liga,2015/2016,Spain,Regular Season,218,Real Betis,210,Real Sociedad,1,0,3,available,Estadio Benito Villamarín,Alfonso Álvarez Izquierdo
3825581,2015-09-12,16:00:00.000,11,27,La Liga,2015/2016,Spain,Regular Season,214,Espanyol,220,Real Madrid,0,6,3,available,Stage Front Stadium,Iñaki Bikandi Garrido
3825580,2015-09-11,20:30:00.000,11,27,La Liga,2015/2016,Spain,Regular Season,221,Levante UD,213,Sevilla,1,1,3,available,Estadio Ciudad de Valencia,Ignacio Iglesias Villanueva
3825578,2015-08-30,18:30:00.000,11,27,La Liga,2015/2016,Spain,Regular Season,322,Eibar,215,Athletic Club,2,0,2,available,Estadio Municipal de Ipurúa,David Fernández Borbalan
3825577,2015-08-30,22:30:00.000,11,27,La Liga,2015/2016,Spain,Regular Season,216,Getafe,1049,Granada,1,2,2,available,Coliseum Alfonso Pérez,Eduardo Prieto Iglesias
3825576,2015-08-30,20:30:00.000,11,27,La Liga,2015/2016,Spain,Regular Season,207,Valencia,219,RC Deportivo La Coruña,1,1,2,available,Estadio de Mestalla,José Luis González González
3825575,2015-08-30,22:30:00.000,11,27,La Liga,2015/2016,Spain,Regular Season,208,Las Palmas,221,Levante UD,0,0,2,available,Estadio de Gran Canaria,Pedro Jesús Pérez Montero
3825574,2015-08-29,22:00:00.000,11,27,La Liga,2015/2016,Spain,Regular Season,209,Celta Vigo,360,Rayo Vallecano,3,0,2,available,Abanca-Balaídos,Juan Martínez Munuera
3825573,2015-08-29,18:30:00.000,11,27,La Liga,2015/2016,Spain,Regular Season,210,Real Sociedad,1041,Sporting Gijón,0,0,2,available,Reale Arena,José María Sánchez Martínez
3825571,2015-08-28,20:30:00.000,11,27,La Liga,2015/2016,Spain,Regular Season,222,Villarreal,214,Espanyol,3,1,2,available,Estadio de la Cerámica,Carlos Velasco Carballo
3825569,2015-08-23,22:00:00.000,11,27,La Liga,2015/2016,Spain,Regular Season,221,Levante UD,209,Celta Vigo,1,2,1,available,Estadio Ciudad de Valencia,Ricardo De Burgos Bengoetxea
3825568,2015-08-23,22:30:00.000,11,27,La Liga,2015/2016,Spain,Regular Season,218,Real Betis,222,Villarreal,1,1,1,available,Estadio Benito Villamarín,Iñaki Bikandi Garrido
3825567,2015-08-23,20:30:00.000,11,27,La Liga,2015/2016,Spain,Regular Season,1041,Sporting Gijón,220,Real Madrid,0,0,1,available,Estadio Municipal El Molinón,Xavier Estrada Fernández
3825566,2015-08-22,22:30:00.000,11,27,La Liga,2015/2016,Spain,Regular Season,360,Rayo Vallecano,207,Valencia,0,0,1,available,Estadio de Vallecas,Alberto Undiano Mallenco
3825565,2015-08-22,18:30:00.000,11,27,La Liga,2015/2016,Spain,Regular Season,214,Espanyol,216,Getafe,1,0,1,available,Stage Front Stadium,Jesús Gil Manzano
3825564,2015-08-22,18:30:00.000,11,27,La Liga,2015/2016,Spain,Regular Season,219,RC Deportivo La Coruña,210,Real Sociedad,0,0,1,available,Estadio Abanca-Riazor,Antonio Miguel Mateu Lahoz
3825563,2015-08-22,20:30:00.000,11,27,La Liga,2015/2016,Spain,Regular Season,212,Atlético Madrid,208,Las Palmas,1,0,1,available,Estadio Vicente Calderón,Eduardo Prieto Iglesias
266498,2016-03-12,17:00:00.000,11,27,La Liga,2015/2016,Spain,Regular Season,217,Barcelona,216,Getafe,6,0,29,available,Spotify Camp Nou,Pedro Jesús Pérez Montero
266986,2016-04-30,20:30:00.000,11,27,La Liga,2015/2016,Spain,Regular Season,218,Real Betis,217,Barcelona,0,2,36,available,Estadio Benito Villamarín,Antonio Miguel Mateu Lahoz
267533,2016-04-02,20:30:00.000,11,27,La Liga,2015/2016,Spain,Regular Season,217,Barcelona,220,Real Madrid,1,2,31,available,Spotify Camp Nou,
266310,2016-04-20,20:00:00.000,11,27,La Liga,2015/2016,Spain,Regular Season,219,RC Deportivo La Coruña,217,Barcelona,0,8,34,available,Estadio Abanca-Riazor,
267576,2016-01-30,17:00:00.000,11,27,La Liga,2015/2016,Spain,Regular Season,217,Barcelona,212,Atlético Madrid,2,1,22,available,Spotify Camp Nou,Alberto Undiano Mallenco
266653,2016-03-03,22:00:00.000,11,27,La Liga,2015/2016,Spain,Regular Season,360,Rayo Vallecano,217,Barcelona,1,5,27,available,Estadio de Vallecas,
265944,2016-04-23,20:30:00.000,11,27,La Liga,2015/2016,Spain,Regular Season,217,Barcelona,1041,Sporting Gijón,6,0,35,available,Spotify Camp Nou,Carlos Clos Gómez
265894,2016-01-23,17:00:00.000,11,27,La Liga,2015/2016,Spain,Regular Season,223,Málaga,217,Barcelona,1,2,21,available,Estadio La Rosaleda,Carlos Clos Gómez
265958,2016-05-08,17:00:00.000,11,27,La Liga,2015/2016,Spain,Regular Season,217,Barcelona,214,Espanyol,5,0,37,available,Spotify Camp Nou,Jesús Gil Manzano
267611,2015-09-26,16:00:00.000,11,27,La Liga,2015/2016,Spain,Regular Season,217,Barcelona,208,Las Palmas,2,1,6,available,Spotify Camp Nou,
267422,2015-08-29,20:30:00.000,11,27,La Liga,2015/2016,Spain,Regular Season,217,Barcelona,223,Málaga,1,0,2,available,Spotify Camp Nou,
266236,2015-08-23,18:30:00.000,11,27,La Liga,2015/2016,Spain,Regular Season,215,Athletic Club,217,Barcelona,0,1,1,available,San Mamés Barria,
267274,2015-12-05,20:30:00.000,11,27,La Liga,2015/2016,Spain,Regular Season,207,Valencia,217,Barcelona,1,1,14,available,Estadio de Mestalla,
266961,2015-12-12,16:00:00.000,11,27,La Liga,2015/2016,Spain,Regular Season,217,Barcelona,219,RC Deportivo La Coruña,2,2,15,available,Spotify Camp Nou,
266885,2015-11-28,16:00:00.000,11,27,La Liga,2015/2016,Spain,Regular Season,217,Barcelona,210,Real Sociedad,4,0,13,available,Spotify Camp Nou,Ignacio Iglesias Villanueva
266815,2016-02-17,18:30:00.000,11,27,La Liga,2015/2016,Spain,Regular Season,1041,Sporting Gijón,217,Barcelona,1,3,16,available,Estadio Municipal El Molinón,
267506,2016-05-14,17:00:00.000,11,27,La Liga,2015/2016,Spain,Regular Season,1049,Granada,217,Barcelona,0,3,38,available,Estadio Nuevo Los Cármenes,
266664,2016-04-09,20:30:00.000,11,27,La Liga,2015/2016,Spain,Regular Season,210,Real Sociedad,217,Barcelona,1,0,32,available,Reale Arena,Ignacio Iglesias Villanueva
266106,2016-03-20,17:00:00.000,11,27,La Liga,2015/2016,Spain,Regular Season,222,Villarreal,217,Barcelona,2,2,30,available,Estadio de la Cerámica,
266670,2016-01-02,16:00:00.000,11,27,La Liga,2015/2016,Spain,Regular Season,214,Espanyol,217,Barcelona,0,0,18,available,Stage Front Stadium,José Luis González González
266149,2016-01-17,20:30:00.000,11,27,La Liga,2015/2016,Spain,Regular Season,217,Barcelona,215,Athletic Club,6,0,20,available,Spotify Camp Nou,Antonio Miguel Mateu Lahoz
266620,2016-01-09,16:00:00.000,11,27,La Liga,2015/2016,Spain,Regular Season,217,Barcelona,1049,Granada,4,0,19,available,Spotify Camp Nou,Carlos Velasco Carballo
266056,2016-03-06,17:00:00.000,11,27,La Liga,2015/2016,Spain,Regular Season,322,Eibar,217,Barcelona,0,4,28,available,Estadio Municipal de Ipurúa,Alberto Undiano Mallenco
267327,2015-12-30,20:30:00.000,11,27,La Liga,2015/2016,Spain,Regular Season,217,Barcelona,218,Real Betis,4,0,17,available,Spotify Camp Nou,
266166,2015-09-12,20:30:00.000,11,27,La Liga,2015/2016,Spain,Regular Season,212,Atlético Madrid,217,Barcelona,1,2,3,available,Estadio Vicente Calderón,Antonio Miguel Mateu Lahoz
266160,2016-02-07,13:00:00.000,11,27,La Liga,2015/2016,Spain,Regular Season,221,Levante UD,217,Barcelona,0,2,23,available,Estadio Ciudad de Valencia,Pedro Jesús Pérez Montero
265839,2016-02-28,21:30:00.000,11,27,La Liga,2015/2016,Spain,Regular Season,217,Barcelona,213,Sevilla,2,1,26,available,Spotify Camp Nou,
266424,2015-11-21,18:15:00.000,11,27,La Liga,2015/2016,Spain,Regular Season,220,Real Madrid,217,Barcelona,0,4,12,available,Bernabéu,David Fernández Borbalan
266467,2015-09-23,20:00:00.000,11,27,La Liga,2015/2016,Spain,Regular Season,209,Celta Vigo,217,Barcelona,4,1,5,available,Abanca-Balaídos,Alberto Undiano Mallenco
267273,2016-02-20,17:00:00.000,11,27,La Liga,2015/2016,Spain,Regular Season,208,Las Palmas,217,Barcelona,1,2,25,available,Estadio de Gran Canaria,
266490,2015-09-20,20:30:00.000,11,27,La Liga,2015/2016,Spain,Regular Season,217,Barcelona,221,Levante UD,4,1,4,available,Spotify Camp Nou,David Fernández Borbalan
266254,2016-02-14,21:30:00.000,11,27,La Liga,2015/2016,Spain,Regular Season,217,Barcelona,209,Celta Vigo,6,1,24,available,Spotify Camp Nou,
266557,2016-04-17,20:30:00.000,11,27,La Liga,2015/2016,Spain,Regular Season,217,Barcelona,207,Valencia,1,2,33,available,Spotify Camp Nou,David Fernández Borbalan
267183,2015-03-22,21:00:00.000,11,26,La Liga,2014/2015,Spain,Regular Season,217,Barcelona,220,Real Madrid,2,1,28,available,Spotify Camp Nou,Antonio Miguel Mateu Lahoz
265835,2014-11-22,20:00:00.000,11,26,La Liga,2014/2015,Spain,Regular Season,217,Barcelona,213,Sevilla,5,1,12,available,Spotify Camp Nou,
266838,2014-09-24,22:00:00.000,11,26,La Liga,2014/2015,Spain,Regular Season,223,Málaga,217,Barcelona,0,0,5,available,Estadio La Rosaleda,
265963,2015-04-28,20:00:00.000,11,26,La Liga,2014/2015,Spain,Regular Season,217,Barcelona,216,Getafe,6,0,34,available,Spotify Camp Nou,David Fernández Borbalan
266117,2014-09-27,18:00:00.000,11,26,La Liga,2014/2015,Spain,Regular Season,217,Barcelona,1049,Granada,6,0,6,available,Spotify Camp Nou,
266916,2015-03-08,12:00:00.000,11,26,La Liga,2014/2015,Spain,Regular Season,217,Barcelona,360,Rayo Vallecano,6,1,26,available,Spotify Camp Nou,Jesús Gil Manzano
267197,2015-05-23,18:30:00.000,11,26,La Liga,2014/2015,Spain,Regular Season,217,Barcelona,219,RC Deportivo La Coruña,2,2,38,available,Spotify Camp Nou,Carlos Clos Gómez
70264,2014-12-13,16:00:00.000,11,26,La Liga,2014/2015,Spain,Regular Season,216,Getafe,217,Barcelona,0,0,15,available,Coliseum Alfonso Pérez,
70273,2014-09-13,16:00:00.000,11,26,La Liga,2014/2015,Spain,Regular Season,217,Barcelona,215,Athletic Club,2,0,3,available,Spotify Camp Nou,David Fernández Borbalan
267301,2014-11-01,20:00:00.000,11,26,La Liga,2014/2015,Spain,Regular Season,217,Barcelona,209,Celta Vigo,0,1,10,available,Spotify Camp Nou,
265896,2014-10-18,20:00:00.000,11,26,La Liga,2014/2015,Spain,Regular Season,217,Barcelona,322,Eibar,3,0,8,available,Spotify Camp Nou,José Teixeira
265866,2015-05-02,16:00:00.000,11,26,La Liga,2014/2015,Spain,Regular Season,373,Córdoba CF,217,Barcelona,0,8,35,available,Estadio Nuevo Arcángel,Carlos Clos Gómez
267400,2015-04-08,20:00:00.000,11,26,La Liga,2014/2015,Spain,Regular Season,217,Barcelona,403,Almería,4,0,30,available,Spotify Camp Nou,
266406,2014-08-31,19:00:00.000,11,26,La Liga,2014/2015,Spain,Regular Season,222,Villarreal,217,Barcelona,0,1,2,available,Estadio de la Cerámica,Carlos Velasco Carballo
267085,2014-10-25,18:00:00.000,11,26,La Liga,2014/2015,Spain,Regular Season,220,Real Madrid,217,Barcelona,3,1,9,available,Bernabéu,Jesús Gil Manzano
267561,2014-10-04,16:00:00.000,11,26,La Liga,2014/2015,Spain,Regular Season,360,Rayo Vallecano,217,Barcelona,0,2,7,available,Estadio de Vallecas,Antonio Miguel Mateu Lahoz
266148,2015-02-21,16:00:00.000,11,26,La Liga,2014/2015,Spain,Regular Season,217,Barcelona,223,Málaga,0,1,24,available,Spotify Camp Nou,
266045,2015-05-09,18:00:00.000,11,26,La Liga,2014/2015,Spain,Regular Season,217,Barcelona,210,Real Sociedad,2,0,36,available,Spotify Camp Nou,Ignacio Iglesias Villanueva
70303,2015-01-11,21:00:00.000,11,26,La Liga,2014/2015,Spain,Regular Season,217,Barcelona,212,Atlético Madrid,3,1,18,available,Spotify Camp Nou,Alberto Undiano Mallenco
266240,2015-01-04,21:00:00.000,11,26,La Liga,2014/2015,Spain,Regular Season,210,Real Sociedad,217,Barcelona,1,0,17,available,Reale Arena,
267597,2015-02-01,21:00:00.000,11,26,La Liga,2014/2015,Spain,Regular Season,217,Barcelona,222,Villarreal,3,2,21,available,Spotify Camp Nou,
266794,2015-01-24,18:00:00.000,11,26,La Liga,2014/2015,Spain,Regular Season,1042,Elche,217,Barcelona,0,6,20,available,Estadio Manuel Martínez Valero,Carlos Clos Gómez
267343,2015-02-28,16:00:00.000,11,26,La Liga,2014/2015,Spain,Regular Season,1049,Granada,217,Barcelona,1,3,25,available,Estadio Nuevo Los Cármenes,
266631,2015-05-17,19:00:00.000,11,26,La Liga,2014/2015,Spain,Regular Season,212,Atlético Madrid,217,Barcelona,0,1,37,available,Estadio Vicente Calderón,Alberto Undiano Mallenco
266320,2014-12-07,17:00:00.000,11,26,La Liga,2014/2015,Spain,Regular Season,217,Barcelona,214,Espanyol,5,1,14,available,Spotify Camp Nou,Ignacio Iglesias Villanueva
266230,2015-01-18,19:00:00.000,11,26,La Liga,2014/2015,Spain,Regular Season,219,RC Deportivo La Coruña,217,Barcelona,0,4,19,available,Estadio Abanca-Riazor,
266525,2015-04-18,16:00:00.000,11,26,La Liga,2014/2015,Spain,Regular Season,217,Barcelona,207,Valencia,2,0,32,available,Spotify Camp Nou,José Luis González González
266560,2014-11-30,21:00:00.000,11,26,La Liga,2014/2015,Spain,Regular Season,207,Valencia,217,Barcelona,0,1,13,available,Estadio de Mestalla,David Fernández Borbalan
266846,2014-12-20,16:00:00.000,11,26,La Liga,2014/2015,Spain,Regular Season,217,Barcelona,373,Córdoba CF,5,0,16,available,Spotify Camp Nou,Antonio Miguel Mateu Lahoz
266531,2015-04-25,16:00:00.000,11,26,La Liga,2014/2015,Spain,Regular Season,214,Espanyol,217,Barcelona,0,2,33,available,Stage Front Stadium,Antonio Miguel Mateu Lahoz
266921,2014-08-24,18:00:00.000,11,26,La Liga,2014/2015,Spain,Regular Season,217,Barcelona,1042,Elche,3,0,1,available,Spotify Camp Nou,Fernando Teixeira
267499,2014-11-08,16:00:00.000,11,26,La Liga,2014/2015,Spain,Regular Season,403,Almería,217,Barcelona,1,2,11,available,Power Horse Stadium – Estadio de los Juegos Mediterráneos,Alberto Undiano Mallenco
266741,2015-02-15,17:00:00.000,11,26,La Liga,2014/2015,Spain,Regular Season,217,Barcelona,221,Levante UD,5,0,23,available,Spotify Camp Nou,
266871,2015-02-08,21:00:00.000,11,26,La Liga,2014/2015,Spain,Regular Season,215,Athletic Club,217,Barcelona,2,5,22,available,San Mamés Barria,Antonio Miguel Mateu Lahoz
266967,2015-03-14,18:00:00.000,11,26,La Liga,2014/2015,Spain,Regular Season,322,Eibar,217,Barcelona,0,2,27,available,Estadio Municipal de Ipurúa,
266929,2015-04-05,21:00:00.000,11,26,La Liga,2014/2015,Spain,Regular Season,209,Celta Vigo,217,Barcelona,0,1,29,available,Abanca-Balaídos,
266770,2014-09-21,21:00:00.000,11,26,La Liga,2014/2015,Spain,Regular Season,221,Levante UD,217,Barcelona,0,5,4,available,Estadio Ciudad de Valencia,José Luis González González
266142,2015-04-11,20:00:00.000,11,26,La Liga,2014/2015,Spain,Regular Season,213,Sevilla,217,Barcelona,2,2,31,available,Estadio Ramón Sánchez Pizjuán,
266066,2014-03-02,19:00:00.000,11,25,La Liga,2013/2014,Spain,Regular Season,217,Barcelona,403,Almería,4,1,26,available,Spotify Camp Nou,
267368,2014-04-05,18:00:00.000,11,25,La Liga,2013/2014,Spain,Regular Season,217,Barcelona,218,Real Betis,3,1,32,available,Spotify Camp Nou,Eduardo Prieto Iglesias
70301,2013-09-14,20:00:00.000,11,25,La Liga,2013/2014,Spain,Regular Season,217,Barcelona,213,Sevilla,3,2,4,available,Spotify Camp Nou,César Muñiz
70298,2013-09-01,21:00:00.000,11,25,La Liga,2013/2014,Spain,Regular Season,207,Valencia,217,Barcelona,2,3,3,available,Estadio de Mestalla,José Teixeira
70302,2013-09-21,20:00:00.000,11,25,La Liga,2013/2014,Spain,Regular Season,360,Rayo Vallecano,217,Barcelona,0,4,5,available,Estadio de Vallecas,Carlos Clos Gómez
70291,2014-01-26,21:00:00.000,11,25,La Liga,2013/2014,Spain,Regular Season,217,Barcelona,223,Málaga,3,0,21,available,Spotify Camp Nou,Carlos Clos Gómez
267138,2014-04-12,18:00:00.000,11,25,La Liga,2013/2014,Spain,Regular Season,1049,Granada,217,Barcelona,1,0,33,available,Estadio Nuevo Los Cármenes,Carlos Delgado
267520,2013-09-24,20:00:00.000,11,25,La Liga,2013/2014,Spain,Regular Season,217,Barcelona,210,Real Sociedad,4,1,6,available,Spotify Camp Nou,Jesús Gil Manzano
70289,2014-04-27,21:00:00.000,11,25,La Liga,2013/2014,Spain,Regular Season,222,Villarreal,217,Barcelona,2,3,35,available,Estadio de la Cerámica,David Fernández Borbalan
267675,2014-02-09,21:00:00.000,11,25,La Liga,2013/2014,Spain,Regular Season,213,Sevilla,217,Barcelona,1,4,23,available,Estadio Ramón Sánchez Pizjuán,José Teixeira
70288,2014-01-19,19:00:00.000,11,25,La Liga,2013/2014,Spain,Regular Season,221,Levante UD,217,Barcelona,1,1,20,available,Estadio Ciudad de Valencia,
266074,2014-03-16,17:00:00.000,11,25,La Liga,2013/2014,Spain,Regular Season,217,Barcelona,422,Osasuna,7,0,28,available,Spotify Camp Nou,José Teixeira
267567,2014-04-20,21:00:00.000,11,25,La Liga,2013/2014,Spain,Regular Season,217,Barcelona,215,Athletic Club,2,1,34,available,Spotify Camp Nou,
266201,2014-05-11,17:00:00.000,11,25,La Liga,2013/2014,Spain,Regular Season,1042,Elche,217,Barcelona,0,0,37,available,Estadio Manuel Martínez Valero,Fernando Teixeira
266274,2014-03-26,20:00:00.000,11,25,La Liga,2013/2014,Spain,Regular Season,217,Barcelona,209,Celta Vigo,3,0,30,available,Spotify Camp Nou,Miguel Ayza
70293,2013-10-26,18:00:00.000,11,25,La Liga,2013/2014,Spain,Regular Season,217,Barcelona,220,Real Madrid,2,1,10,available,Spotify Camp Nou,Alberto Undiano Mallenco
265918,2014-02-15,20:00:00.000,11,25,La Liga,2013/2014,Spain,Regular Season,217,Barcelona,360,Rayo Vallecano,6,0,24,available,Spotify Camp Nou,
70277,2013-08-18,19:00:00.000,11,25,La Liga,2013/2014,Spain,Regular Season,217,Barcelona,221,Levante UD,7,0,1,available,Spotify Camp Nou,
70283,2013-11-01,21:00:00.000,11,25,La Liga,2013/2014,Spain,Regular Season,217,Barcelona,214,Espanyol,1,0,12,available,Spotify Camp Nou,Carlos Velasco Carballo
70306,2014-03-29,16:00:00.000,11,25,La Liga,2013/2014,Spain,Regular Season,214,Espanyol,217,Barcelona,0,1,31,available,Stage Front Stadium,Carlos Clos Gómez
266256,2014-05-17,18:00:00.000,11,25,La Liga,2013/2014,Spain,Regular Season,217,Barcelona,212,Atlético Madrid,1,1,38,available,Spotify Camp Nou,Antonio Miguel Mateu Lahoz
266613,2014-02-01,16:00:00.000,11,25,La Liga,2013/2014,Spain,Regular Season,217,Barcelona,207,Valencia,2,3,22,available,Spotify Camp Nou,Pedro Jesús Pérez Montero
266491,2014-05-03,16:00:00.000,11,25,La Liga,2013/2014,Spain,Regular Season,217,Barcelona,216,Getafe,2,2,36,available,Spotify Camp Nou,José Teixeira
265830,2014-01-11,20:00:00.000,11,25,La Liga,2013/2014,Spain,Regular Season,212,Atlético Madrid,217,Barcelona,0,0,19,available,Estadio Vicente Calderón,Antonio Miguel Mateu Lahoz
265857,2014-03-23,21:00:00.000,11,25,La Liga,2013/2014,Spain,Regular Season,220,Real Madrid,217,Barcelona,3,4,29,available,Bernabéu,Alberto Undiano Mallenco
266883,2013-11-10,21:00:00.000,11,25,La Liga,2013/2014,Spain,Regular Season,218,Real Betis,217,Barcelona,1,4,13,available,Estadio Benito Villamarín,José Luis González González
266603,2014-03-08,16:00:00.000,11,25,La Liga,2013/2014,Spain,Regular Season,901,Real Valladolid,217,Barcelona,1,0,27,available,Estadio Municipal José Zorrilla,
265837,2014-02-22,20:00:00.000,11,25,La Liga,2013/2014,Spain,Regular Season,210,Real Sociedad,217,Barcelona,3,1,25,available,Reale Arena,David Fernández Borbalan
266462,2013-10-19,20:00:00.000,11,25,La Liga,2013/2014,Spain,Regular Season,422,Osasuna,217,Barcelona,0,0,9,available,Estadio El Sadar,Pedro Jesús Pérez Montero
267192,2013-10-29,22:00:00.000,11,25,La Liga,2013/2014,Spain,Regular Season,209,Celta Vigo,217,Barcelona,0,3,11,available,Abanca-Balaídos,David Fernández Borbalan
266420,2013-09-28,16:00:00.000,11,25,La Liga,2013/2014,Spain,Regular Season,403,Almería,217,Barcelona,0,2,7,available,Power Horse Stadium – Estadio de los Juegos Mediterráneos,Miguel Ayza
70263,2012-12-01,20:00:00.000,11,24,La Liga,2012/2013,Spain,Regular Season,217,Barcelona,215,Athletic Club,5,1,14,available,Spotify Camp Nou,Antonio Miguel Mateu Lahoz
266015,2012-12-22,18:00:00.000,11,24,La Liga,2012/2013,Spain,Regular Season,901,Real Valladolid,217,Barcelona,1,3,17,available,Estadio Municipal José Zorrilla,Carlos Clos Gómez
70270,2012-09-22,22:00:00.000,11,24,La Liga,2012/2013,Spain,Regular Season,217,Barcelona,1049,Granada,2,0,5,available,Spotify Camp Nou,
70281,2013-05-05,21:00:00.000,11,24,La Liga,2012/2013,Spain,Regular Season,217,Barcelona,218,Real Betis,4,2,34,available,Spotify Camp Nou,Carlos Clos Gómez
70308,2012-11-03,16:00:00.000,11,24,La Liga,2012/2013,Spain,Regular Season,217,Barcelona,209,Celta Vigo,3,1,10,available,Spotify Camp Nou,David Fernández Borbalan
70282,2013-02-03,19:00:00.000,11,24,La Liga,2012/2013,Spain,Regular Season,207,Valencia,217,Barcelona,1,1,22,available,Estadio de Mestalla,José Luis González González
266724,2012-11-11,17:50:00.000,11,24,La Liga,2012/2013,Spain,Regular Season,1043,Mallorca,217,Barcelona,2,4,11,available,Visit Mallorca Estadi,Ignacio Iglesias Villanueva
70272,2013-03-02,16:00:00.000,11,24,La Liga,2012/2013,Spain,Regular Season,220,Real Madrid,217,Barcelona,2,1,26,available,Bernabéu,Miguel Pérez
70304,2012-10-20,20:00:00.000,11,24,La Liga,2012/2013,Spain,Regular Season,219,RC Deportivo La Coruña,217,Barcelona,4,5,8,available,Estadio Abanca-Riazor,José Paradas
70280,2012-11-25,21:00:00.000,11,24,La Liga,2012/2013,Spain,Regular Season,221,Levante UD,217,Barcelona,0,4,13,available,Estadio Ciudad de Valencia,Pedro Jesús Pérez Montero
70296,2012-12-16,21:00:00.000,11,24,La Liga,2012/2013,Spain,Regular Season,217,Barcelona,212,Atlético Madrid,4,1,16,available,Spotify Camp Nou,Miguel Pérez
70297,2013-02-10,12:00:00.000,11,24,La Liga,2012/2013,Spain,Regular Season,217,Barcelona,216,Getafe,6,1,23,available,Spotify Camp Nou,Ignacio Iglesias Villanueva
266433,2013-01-06,19:00:00.000,11,24,La Liga,2012/2013,Spain,Regular Season,217,Barcelona,214,Espanyol,4,0,18,available,Spotify Camp Nou,Jesús Gil Manzano
70256,2013-03-30,18:00:00.000,11,24,La Liga,2012/2013,Spain,Regular Season,209,Celta Vigo,217,Barcelona,2,2,29,available,Abanca-Balaídos,Antonio Miguel Mateu Lahoz
70259,2012-08-19,21:00:00.000,11,24,La Liga,2012/2013,Spain,Regular Season,217,Barcelona,210,Real Sociedad,5,1,1,available,Spotify Camp Nou,José Luis González González
70260,2013-01-27,19:00:00.000,11,24,La Liga,2012/2013,Spain,Regular Season,217,Barcelona,422,Osasuna,5,1,21,available,Spotify Camp Nou,Fernando Teixeira
70276,2012-10-27,22:00:00.000,11,24,La Liga,2012/2013,Spain,Regular Season,360,Rayo Vallecano,217,Barcelona,0,5,9,available,Estadio de Vallecas,Miguel Pérez
70287,2013-01-19,18:00:00.000,11,24,La Liga,2012/2013,Spain,Regular Season,210,Real Sociedad,217,Barcelona,3,2,20,available,Reale Arena,Alberto Undiano Mallenco
70284,2013-05-12,19:00:00.000,11,24,La Liga,2012/2013,Spain,Regular Season,212,Atlético Madrid,217,Barcelona,1,2,35,available,Estadio Vicente Calderón,Pedro Jesús Pérez Montero
70275,2012-09-29,22:00:00.000,11,24,La Liga,2012/2013,Spain,Regular Season,213,Sevilla,217,Barcelona,2,3,6,available,Estadio Ramón Sánchez Pizjuán,Antonio Miguel Mateu Lahoz
70286,2012-09-02,21:30:00.000,11,24,La Liga,2012/2013,Spain,Regular Season,217,Barcelona,207,Valencia,1,0,3,available,Spotify Camp Nou,Miguel Pérez
70309,2012-11-17,20:00:00.000,11,24,La Liga,2012/2013,Spain,Regular Season,217,Barcelona,395,Real Zaragoza,3,1,12,available,Spotify Camp Nou,Miguel Ayza
70300,2012-10-07,19:50:00.000,11,24,La Liga,2012/2013,Spain,Regular Season,217,Barcelona,220,Real Madrid,2,2,7,available,Spotify Camp Nou,Carlos Delgado
70295,2012-12-09,21:00:00.000,11,24,La Liga,2012/2013,Spain,Regular Season,218,Real Betis,217,Barcelona,1,2,15,available,Estadio Benito Villamarín,Carlos Velasco Carballo
70307,2013-03-17,21:00:00.000,11,24,La Liga,2012/2013,Spain,Regular Season,217,Barcelona,360,Rayo Vallecano,3,1,28,available,Spotify Camp Nou,José Luis González González
70305,2013-03-09,20:00:00.000,11,24,La Liga,2012/2013,Spain,Regular Season,217,Barcelona,219,RC Deportivo La Coruña,2,0,27,available,Spotify Camp Nou,Pedro Jesús Pérez Montero
266827,2013-01-13,19:00:00.000,11,24,La Liga,2012/2013,Spain,Regular Season,223,Málaga,217,Barcelona,1,3,19,available,Estadio La Rosaleda,Carlos Delgado
267502,2013-04-27,18:00:00.000,11,24,La Liga,2012/2013,Spain,Regular Season,215,Athletic Club,217,Barcelona,2,2,33,available,Estadio San Mamés,Ignacio Iglesias Villanueva
70271,2013-02-23,22:00:00.000,11,24,La Liga,2012/2013,Spain,Regular Season,217,Barcelona,213,Sevilla,2,1,25,available,Spotify Camp Nou,Carlos Velasco Carballo
70294,2013-02-16,20:00:00.000,11,24,La Liga,2012/2013,Spain,Regular Season,1049,Granada,217,Barcelona,1,2,24,available,Estadio Nuevo Los Cármenes,
70262,2012-08-26,19:00:00.000,11,24,La Liga,2012/2013,Spain,Regular Season,422,Osasuna,217,Barcelona,1,2,2,available,Estadio El Sadar,César Muñiz
70292,2012-09-15,20:00:00.000,11,24,La Liga,2012/2013,Spain,Regular Season,216,Getafe,217,Barcelona,1,4,4,available,Coliseum Alfonso Pérez,Fernando Teixeira
70220,2011-09-17,20:00:00.000,11,23,La Liga,2011/2012,Spain,Regular Season,217,Barcelona,422,Osasuna,8,0,4,available,Spotify Camp Nou,César Muñiz
69328,2012-02-19,21:30:00.000,11,23,La Liga,2011/2012,Spain,Regular Season,217,Barcelona,207,Valencia,5,1,24,available,Spotify Camp Nou,Turienzo
69329,2011-10-22,22:00:00.000,11,23,La Liga,2011/2012,Spain,Regular Season,217,Barcelona,213,Sevilla,0,0,9,available,Spotify Camp Nou,Eduardo Iturralde Gonzalez
70219,2012-04-07,20:00:00.000,11,23,La Liga,2011/2012,Spain,Regular Season,395,Real Zaragoza,217,Barcelona,1,4,32,available,Estadio de la Romareda,Turienzo
69331,2011-11-19,18:00:00.000,11,23,La Liga,2011/2012,Spain,Regular Season,217,Barcelona,395,Real Zaragoza,4,0,13,available,Spotify Camp Nou,Alberto Undiano Mallenco
69337,2012-02-26,21:30:00.000,11,23,La Liga,2011/2012,Spain,Regular Season,212,Atlético Madrid,217,Barcelona,1,2,25,available,Estadio Vicente Calderón,Miguel Pérez
69322,2012-03-11,18:00:00.000,11,23,La Liga,2011/2012,Spain,Regular Season,1217,Racing Santander,217,Barcelona,0,2,27,available,Campos de Sport de El Sardinero,
69316,2012-02-04,22:00:00.000,11,23,La Liga,2011/2012,Spain,Regular Season,217,Barcelona,210,Real Sociedad,2,1,22,available,Spotify Camp Nou,Carlos Clos Gómez
69332,2011-11-29,19:00:00.000,11,23,La Liga,2011/2012,Spain,Regular Season,217,Barcelona,360,Rayo Vallecano,4,0,17,available,Spotify Camp Nou,Miguel Pérez
69335,2012-01-22,18:00:00.000,11,23,La Liga,2011/2012,Spain,Regular Season,223,Málaga,217,Barcelona,1,4,1,available,Estadio La Rosaleda,Alberto Undiano Mallenco
69330,2011-11-06,20:00:00.000,11,23,La Liga,2011/2012,Spain,Regular Season,215,Athletic Club,217,Barcelona,2,2,12,available,Estadio San Mamés,José Paradas
69297,2011-09-24,22:00:00.000,11,23,La Liga,2011/2012,Spain,Regular Season,217,Barcelona,212,Atlético Madrid,5,0,6,available,Spotify Camp Nou,Carlos Delgado
69325,2012-03-24,18:00:00.000,11,23,La Liga,2011/2012,Spain,Regular Season,1043,Mallorca,217,Barcelona,0,2,30,available,Visit Mallorca Estadi,Miguel Ayza
69324,2012-04-21,20:00:00.000,11,23,La Liga,2011/2012,Spain,Regular Season,217,Barcelona,220,Real Madrid,1,2,35,available,Spotify Camp Nou,Alberto Undiano Mallenco
70225,2012-03-20,21:00:00.000,11,23,La Liga,2011/2012,Spain,Regular Season,217,Barcelona,1049,Granada,5,3,29,available,Spotify Camp Nou,José Teixeira
69293,2011-10-15,20:00:00.000,11,23,La Liga,2011/2012,Spain,Regular Season,217,Barcelona,1217,Racing Santander,3,0,8,available,Spotify Camp Nou,Miguel Ayza
70223,2011-09-21,22:00:00.000,11,23,La Liga,2011/2012,Spain,Regular Season,207,Valencia,217,Barcelona,2,2,5,available,Estadio de Mestalla,Carlos Velasco Carballo
69333,2011-12-03,20:00:00.000,11,23,La Liga,2011/2012,Spain,Regular Season,217,Barcelona,221,Levante UD,5,0,15,available,Spotify Camp Nou,José Teixeira
69264,2011-09-10,18:00:00.000,11,23,La Liga,2011/2012,Spain,Regular Season,210,Real Sociedad,217,Barcelona,2,2,3,available,Reale Arena,Antonio Miguel Mateu Lahoz
69343,2012-04-10,21:00:00.000,11,23,La Liga,2011/2012,Spain,Regular Season,217,Barcelona,216,Getafe,4,0,33,available,Spotify Camp Nou,José Luis González González
69340,2012-05-02,20:00:00.000,11,23,La Liga,2011/2012,Spain,Regular Season,217,Barcelona,223,Málaga,4,1,20,available,Spotify Camp Nou,Turienzo
69265,2011-10-02,20:00:00.000,11,23,La Liga,2011/2012,Spain,Regular Season,1041,Sporting Gijón,217,Barcelona,0,1,7,available,Estadio Municipal El Molinón,Carlos Clos Gómez
69319,2012-05-12,20:00:00.000,11,23,La Liga,2011/2012,Spain,Regular Season,218,Real Betis,217,Barcelona,2,2,38,available,Estadio Benito Villamarín,Miguel Ayza
69334,2011-12-10,22:00:00.000,11,23,La Liga,2011/2012,Spain,Regular Season,220,Real Madrid,217,Barcelona,1,3,16,available,Bernabéu,David Fernández Borbalan
69327,2012-01-15,19:30:00.000,11,23,La Liga,2011/2012,Spain,Regular Season,217,Barcelona,218,Real Betis,4,2,19,available,Spotify Camp Nou,Ignacio Iglesias Villanueva
69315,2011-11-26,22:00:00.000,11,23,La Liga,2011/2012,Spain,Regular Season,216,Getafe,217,Barcelona,1,0,14,available,Coliseum Alfonso Pérez,Fernando Teixeira
69336,2012-02-11,20:00:00.000,11,23,La Liga,2011/2012,Spain,Regular Season,422,Osasuna,217,Barcelona,3,2,23,available,Estadio El Sadar,José Paradas
69326,2012-03-17,20:00:00.000,11,23,La Liga,2011/2012,Spain,Regular Season,213,Sevilla,217,Barcelona,0,2,28,available,Estadio Ramón Sánchez Pizjuán,José Luis González González
69268,2011-08-29,21:00:00.000,11,23,La Liga,2011/2012,Spain,Regular Season,217,Barcelona,222,Villarreal,5,0,2,available,Spotify Camp Nou,Turienzo
69320,2012-05-05,21:00:00.000,11,23,La Liga,2011/2012,Spain,Regular Season,217,Barcelona,214,Espanyol,4,0,37,available,Spotify Camp Nou,Fernando Teixeira
69312,2012-01-08,21:30:00.000,11,23,La Liga,2011/2012,Spain,Regular Season,214,Espanyol,217,Barcelona,1,1,18,available,Stage Front Stadium,Turienzo
69314,2011-10-29,20:00:00.000,11,23,La Liga,2011/2012,Spain,Regular Season,217,Barcelona,1043,Mallorca,5,0,11,available,Spotify Camp Nou,Pedro Jesús Pérez Montero
69318,2011-10-25,18:00:00.000,11,23,La Liga,2011/2012,Spain,Regular Season,1049,Granada,217,Barcelona,0,1,10,available,Estadio Nuevo Los Cármenes,César Muñiz
69338,2012-01-28,22:00:00.000,11,23,La Liga,2011/2012,Spain,Regular Season,222,Villarreal,217,Barcelona,0,0,21,available,Estadio de la Cerámica,José Teixeira
70224,2012-04-29,21:30:00.000,11,23,La Liga,2011/2012,Spain,Regular Season,360,Rayo Vallecano,217,Barcelona,0,7,36,available,Estadio de Vallecas,Carlos Delgado
70221,2012-04-14,22:00:00.000,11,23,La Liga,2011/2012,Spain,Regular Season,221,Levante UD,217,Barcelona,1,2,34,available,Estadio Ciudad de Valencia,José Teixeira
69323,2012-03-31,22:00:00.000,11,23,La Liga,2011/2012,Spain,Regular Season,217,Barcelona,215,Athletic Club,2,0,31,available,Spotify Camp Nou,Antonio Miguel Mateu Lahoz
69276,2011-02-05,22:00:00.000,11,22,La Liga,2010/2011,Spain,Regular Season,217,Barcelona,212,Atlético Madrid,3,0,22,available,Spotify Camp Nou,Turienzo
69304,2011-04-02,22:00:00.000,11,22,La Liga,2010/2011,Spain,Regular Season,222,Villarreal,217,Barcelona,0,1,30,available,Estadio de la Cerámica,Rafael Ramírez Domínguez
69307,2010-12-04,20:45:00.000,11,22,La Liga,2010/2011,Spain,Regular Season,422,Osasuna,217,Barcelona,0,3,14,available,Estadio El Sadar,Fernando Teixeira
69271,2011-04-23,20:00:00.000,11,22,La Liga,2010/2011,Spain,Regular Season,217,Barcelona,422,Osasuna,2,0,33,available,Spotify Camp Nou,Carlos Delgado
69305,2011-04-09,20:00:00.000,11,22,La Liga,2010/2011,Spain,Regular Season,217,Barcelona,403,Almería,3,1,31,available,Spotify Camp Nou,Miguel Ayza
69278,2011-01-16,21:00:00.000,11,22,La Liga,2010/2011,Spain,Regular Season,217,Barcelona,223,Málaga,4,1,19,available,Spotify Camp Nou,José Luis González González
69275,2010-12-18,20:00:00.000,11,22,La Liga,2010/2011,Spain,Regular Season,214,Espanyol,217,Barcelona,1,5,16,available,Stage Front Stadium,Alberto Undiano Mallenco
69295,2011-01-22,18:00:00.000,11,22,La Liga,2010/2011,Spain,Regular Season,217,Barcelona,1217,Racing Santander,3,0,20,available,Spotify Camp Nou,Ignacio Iglesias Villanueva
69270,2010-11-07,19:00:00.000,11,22,La Liga,2010/2011,Spain,Regular Season,216,Getafe,217,Barcelona,1,3,10,available,Coliseum Alfonso Pérez,Miguel Ayza
69303,2011-03-19,18:00:00.000,11,22,La Liga,2010/2011,Spain,Regular Season,217,Barcelona,216,Getafe,2,1,29,available,Spotify Camp Nou,César Muñiz
69245,2011-04-16,22:00:00.000,11,22,La Liga,2010/2011,Spain,Regular Season,220,Real Madrid,217,Barcelona,1,1,32,available,Bernabéu,César Muñiz
69287,2010-09-11,18:00:00.000,11,22,La Liga,2010/2011,Spain,Regular Season,217,Barcelona,1218,Hércules,0,2,2,available,Spotify Camp Nou,Carlos Velasco Carballo
69296,2011-01-29,20:00:00.000,11,22,La Liga,2010/2011,Spain,Regular Season,1218,Hércules,217,Barcelona,0,3,21,available,Estadio José Rico Pérez,David Fernández Borbalan
69260,2010-10-16,20:00:00.000,11,22,La Liga,2010/2011,Spain,Regular Season,217,Barcelona,207,Valencia,2,1,7,available,Spotify Camp Nou,Fernando Teixeira
69269,2010-09-19,19:00:00.000,11,22,La Liga,2010/2011,Spain,Regular Season,212,Atlético Madrid,217,Barcelona,1,2,3,available,Estadio Vicente Calderón,David Fernández Borbalan
69246,2011-04-30,18:00:00.000,11,22,La Liga,2010/2011,Spain,Regular Season,210,Real Sociedad,217,Barcelona,2,1,34,available,Reale Arena,Fernando Teixeira
69302,2010-12-12,21:00:00.000,11,22,La Liga,2010/2011,Spain,Regular Season,217,Barcelona,210,Real Sociedad,5,0,15,available,Spotify Camp Nou,David Fernández Borbalan
69282,2011-02-20,21:00:00.000,11,22,La Liga,2010/2011,Spain,Regular Season,217,Barcelona,215,Athletic Club,2,1,24,available,Spotify Camp Nou,Rafael Ramírez Domínguez
69274,2011-03-02,22:00:00.000,11,22,La Liga,2010/2011,Spain,Regular Season,207,Valencia,217,Barcelona,0,1,26,available,Estadio de Mestalla,Eduardo Iturralde Gonzalez
69283,2011-02-26,20:00:00.000,11,22,La Liga,2010/2011,Spain,Regular Season,1043,Mallorca,217,Barcelona,0,3,25,available,Visit Mallorca Estadi,Carlos Velasco Carballo
69280,2011-01-08,20:00:00.000,11,22,La Liga,2010/2011,Spain,Regular Season,219,RC Deportivo La Coruña,217,Barcelona,0,4,18,available,Estadio Abanca-Riazor,Carlos Delgado
69286,2010-08-29,19:00:00.000,11,22,La Liga,2010/2011,Spain,Regular Season,1217,Racing Santander,217,Barcelona,0,3,1,available,Campos de Sport de El Sardinero,Carlos Delgado
69291,2011-03-13,21:00:00.000,11,22,La Liga,2010/2011,Spain,Regular Season,213,Sevilla,217,Barcelona,1,1,28,available,Estadio Ramón Sánchez Pizjuán,Miguel Pérez
69236,2010-10-03,19:00:00.000,11,22,La Liga,2010/2011,Spain,Regular Season,217,Barcelona,1043,Mallorca,1,1,6,available,Spotify Camp Nou,Alberto Undiano Mallenco
69234,2011-05-08,17:00:00.000,11,22,La Liga,2010/2011,Spain,Regular Season,217,Barcelona,214,Espanyol,2,0,35,available,Spotify Camp Nou,David Fernández Borbalan
69272,2011-05-11,18:00:00.000,11,22,La Liga,2010/2011,Spain,Regular Season,221,Levante UD,217,Barcelona,1,1,36,available,Estadio Ciudad de Valencia,José Paradas
69308,2010-11-13,22:00:00.000,11,22,La Liga,2010/2011,Spain,Regular Season,217,Barcelona,222,Villarreal,3,1,11,available,Spotify Camp Nou,Carlos Delgado
69299,2010-11-29,21:00:00.000,11,22,La Liga,2010/2011,Spain,Regular Season,217,Barcelona,220,Real Madrid,5,0,13,available,Spotify Camp Nou,Eduardo Iturralde Gonzalez
69300,2011-03-05,20:00:00.000,11,22,La Liga,2010/2011,Spain,Regular Season,217,Barcelona,395,Real Zaragoza,1,0,27,available,Spotify Camp Nou,Fernando Teixeira
69289,2010-10-30,22:00:00.000,11,22,La Liga,2010/2011,Spain,Regular Season,217,Barcelona,213,Sevilla,5,0,9,available,Spotify Camp Nou,Turienzo
69263,2010-10-23,18:00:00.000,11,22,La Liga,2010/2011,Spain,Regular Season,395,Real Zaragoza,217,Barcelona,0,2,8,available,Estadio de la Romareda,Miguel Pérez
69306,2010-11-20,20:00:00.000,11,22,La Liga,2010/2011,Spain,Regular Season,403,Almería,217,Barcelona,0,8,12,available,Power Horse Stadium – Estadio de los Juegos Mediterráneos,César Muñiz
69248,2011-02-12,20:00:00.000,11,22,La Liga,2010/2011,Spain,Regular Season,1041,Sporting Gijón,217,Barcelona,1,1,23,available,Estadio Municipal El Molinón,Miguel Pérez
69238,2010-02-27,22:00:00.000,11,21,La Liga,2009/2010,Spain,Regular Season,217,Barcelona,223,Málaga,2,1,24,available,Spotify Camp Nou,Antonio Rubinos Perez
69243,2010-01-16,22:00:00.000,11,21,La Liga,2009/2010,Spain,Regular Season,217,Barcelona,213,Sevilla,4,0,18,available,Spotify Camp Nou,Carlos Delgado
69241,2010-05-04,20:00:00.000,11,21,La Liga,2009/2010,Spain,Regular Season,217,Barcelona,627,Tenerife,4,1,36,available,Spotify Camp Nou,Carlos Delgado
69239,2010-05-08,21:00:00.000,11,21,La Liga,2009/2010,Spain,Regular Season,213,Sevilla,217,Barcelona,2,3,37,available,Estadio Ramón Sánchez Pizjuán,Alberto Undiano Mallenco
69257,2010-03-24,18:00:00.000,11,21,La Liga,2009/2010,Spain,Regular Season,217,Barcelona,422,Osasuna,2,0,28,available,Spotify Camp Nou,Carlos Velasco Carballo
69253,2009-10-25,21:00:00.000,11,21,La Liga,2009/2010,Spain,Regular Season,217,Barcelona,395,Real Zaragoza,6,1,8,available,Spotify Camp Nou,José Paradas
69244,2010-05-01,19:00:00.000,11,21,La Liga,2009/2010,Spain,Regular Season,222,Villarreal,217,Barcelona,1,4,35,available,Estadio de la Cerámica,Fernando Teixeira
69277,2009-10-31,20:00:00.000,11,21,La Liga,2009/2010,Spain,Regular Season,422,Osasuna,217,Barcelona,1,1,9,available,Estadio El Sadar,Antonio Rubinos Perez
69229,2009-09-12,18:00:00.000,11,21,La Liga,2009/2010,Spain,Regular Season,216,Getafe,217,Barcelona,0,2,2,available,Coliseum Alfonso Pérez,Eduardo Iturralde Gonzalez
69219,2010-01-10,21:00:00.000,11,21,La Liga,2009/2010,Spain,Regular Season,627,Tenerife,217,Barcelona,0,5,17,available,Estadio Heliodoro Rodríguez Lopéz,Miguel Pérez
69218,2009-12-05,22:00:00.000,11,21,La Liga,2009/2010,Spain,Regular Season,219,RC Deportivo La Coruña,217,Barcelona,1,3,13,available,Estadio Abanca-Riazor,David Fernández Borbalan
69250,2009-11-07,20:00:00.000,11,21,La Liga,2009/2010,Spain,Regular Season,217,Barcelona,1043,Mallorca,4,2,10,available,Spotify Camp Nou,Turienzo
69242,2010-05-16,19:00:00.000,11,21,La Liga,2009/2010,Spain,Regular Season,217,Barcelona,901,Real Valladolid,4,0,38,available,Spotify Camp Nou,Miguel Pérez
69256,2009-10-03,20:00:00.000,11,21,La Liga,2009/2010,Spain,Regular Season,217,Barcelona,403,Almería,1,0,6,available,Spotify Camp Nou,Carlos Velasco Carballo
69298,2010-03-27,20:00:00.000,11,21,La Liga,2009/2010,Spain,Regular Season,1043,Mallorca,217,Barcelona,0,1,29,available,Visit Mallorca Estadi,David Fernández Borbalan
69259,2010-04-10,22:00:00.000,11,21,La Liga,2009/2010,Spain,Regular Season,220,Real Madrid,217,Barcelona,0,2,31,available,Bernabéu,Manuel Enrique Mejuto Gonzalez
69224,2010-03-14,19:00:00.000,11,21,La Liga,2009/2010,Spain,Regular Season,217,Barcelona,207,Valencia,3,0,26,available,Spotify Camp Nou,César Muñiz
69210,2010-01-23,20:00:00.000,11,21,La Liga,2009/2010,Spain,Regular Season,901,Real Valladolid,217,Barcelona,0,3,19,available,Estadio Municipal José Zorrilla,Rafael Ramírez Domínguez
69220,2010-01-30,18:00:00.000,11,21,La Liga,2009/2010,Spain,Regular Season,1041,Sporting Gijón,217,Barcelona,0,1,20,available,Estadio Municipal El Molinón,José Paradas
69237,2010-02-14,21:00:00.000,11,21,La Liga,2009/2010,Spain,Regular Season,212,Atlético Madrid,217,Barcelona,2,1,22,available,Estadio Vicente Calderón,Eduardo Iturralde Gonzalez
69226,2010-03-06,20:00:00.000,11,21,La Liga,2009/2010,Spain,Regular Season,403,Almería,217,Barcelona,2,2,25,available,Power Horse Stadium – Estadio de los Juegos Mediterráneos,Carlos Clos Gómez
69252,2009-10-17,22:00:00.000,11,21,La Liga,2009/2010,Spain,Regular Season,207,Valencia,217,Barcelona,0,0,7,available,Estadio de Mestalla,Alfonso Perez Burrull
69255,2009-09-26,18:00:00.000,11,21,La Liga,2009/2010,Spain,Regular Season,223,Málaga,217,Barcelona,0,2,5,available,Estadio La Rosaleda,Carlos Delgado
69214,2010-04-24,18:00:00.000,11,21,La Liga,2009/2010,Spain,Regular Season,217,Barcelona,1219,Xerez,3,1,34,available,Spotify Camp Nou,César Muñiz
69262,2009-11-29,19:00:00.000,11,21,La Liga,2009/2010,Spain,Regular Season,217,Barcelona,220,Real Madrid,1,0,12,available,Spotify Camp Nou,Alberto Undiano Mallenco
69240,2010-02-06,20:00:00.000,11,21,La Liga,2009/2010,Spain,Regular Season,217,Barcelona,216,Getafe,2,1,21,available,Spotify Camp Nou,Fernando Teixeira
69233,2010-02-20,18:00:00.000,11,21,La Liga,2009/2010,Spain,Regular Season,217,Barcelona,1217,Racing Santander,4,0,23,available,Spotify Camp Nou,David Fernández Borbalan
69213,2010-04-17,20:00:00.000,11,21,La Liga,2009/2010,Spain,Regular Season,214,Espanyol,217,Barcelona,0,0,33,available,Stage Front Stadium,Alberto Undiano Mallenco
69267,2009-12-02,20:00:00.000,11,21,La Liga,2009/2010,Spain,Regular Season,1219,Xerez,217,Barcelona,0,2,15,available,Estadio Municipal de Chapín,Carlos Velasco Carballo
69288,2009-11-21,22:00:00.000,11,21,La Liga,2009/2010,Spain,Regular Season,215,Athletic Club,217,Barcelona,1,1,11,available,Estadio San Mamés,Fernando Teixeira
69254,2009-09-22,22:00:00.000,11,21,La Liga,2009/2010,Spain,Regular Season,1217,Racing Santander,217,Barcelona,1,4,4,available,Campos de Sport de El Sardinero,Antonio Miguel Mateu Lahoz
69292,2009-09-19,22:00:00.000,11,21,La Liga,2009/2010,Spain,Regular Season,217,Barcelona,212,Atlético Madrid,5,2,3,available,Spotify Camp Nou,Manuel Enrique Mejuto Gonzalez
69227,2010-03-21,21:00:00.000,11,21,La Liga,2009/2010,Spain,Regular Season,395,Real Zaragoza,217,Barcelona,2,4,27,available,Estadio de la Romareda,Carlos Delgado
69247,2010-04-03,20:00:00.000,11,21,La Liga,2009/2010,Spain,Regular Season,217,Barcelona,215,Athletic Club,4,1,30,available,Spotify Camp Nou,Antonio Miguel Mateu Lahoz
69221,2010-04-14,22:00:00.000,11,21,La Liga,2009/2010,Spain,Regular Season,217,Barcelona,219,RC Deportivo La Coruña,3,0,32,available,Spotify Camp Nou,José Paradas
69222,2009-04-11,18:00:00.000,11,41,La Liga,2008/2009,Spain,Regular Season,217,Barcelona,1220,Recreativo Huelva,2,0,30,available,Spotify Camp Nou,Eduardo Iturralde Gonzalez
69225,2008-12-13,20:00:00.000,11,41,La Liga,2008/2009,Spain,Regular Season,217,Barcelona,220,Real Madrid,2,0,15,available,Spotify Camp Nou,Luis Medina Cantalejo
69189,2009-01-24,20:00:00.000,11,41,La Liga,2008/2009,Spain,Regular Season,217,Barcelona,444,CD Numancia de Soria,4,1,20,available,Spotify Camp Nou,Miguel Pérez
69211,2008-09-27,20:00:00.000,11,41,La Liga,2008/2009,Spain,Regular Season,214,Espanyol,217,Barcelona,1,2,5,available,Estadi Olímpic Lluís Companys,Luis Medina Cantalejo
69138,2008-09-21,19:00:00.000,11,41,La Liga,2008/2009,Spain,Regular Season,1041,Sporting Gijón,217,Barcelona,1,6,3,available,Estadio Municipal El Molinón,Carlos Megía Dávila
69212,2008-10-04,20:00:00.000,11,41,La Liga,2008/2009,Spain,Regular Season,217,Barcelona,212,Atlético Madrid,6,1,6,available,Spotify Camp Nou,Eduardo Iturralde Gonzalez
69235,2008-11-01,20:00:00.000,11,41,La Liga,2008/2009,Spain,Regular Season,223,Málaga,217,Barcelona,1,4,9,available,Estadio La Rosaleda,Carlos Velasco Carballo
69232,2008-10-25,22:00:00.000,11,41,La Liga,2008/2009,Spain,Regular Season,217,Barcelona,403,Almería,5,0,8,available,Spotify Camp Nou,Alfonso Perez Burrull
69216,2009-03-07,20:00:00.000,11,41,La Liga,2008/2009,Spain,Regular Season,217,Barcelona,215,Athletic Club,2,0,26,available,Spotify Camp Nou,Alberto Undiano Mallenco
69209,2009-02-01,17:00:00.000,11,41,La Liga,2008/2009,Spain,Regular Season,1217,Racing Santander,217,Barcelona,1,2,21,available,Campos de Sport de El Sardinero,David Fernández Borbalan
69231,2009-02-08,19:00:00.000,11,41,La Liga,2008/2009,Spain,Regular Season,217,Barcelona,1041,Sporting Gijón,3,1,22,available,Spotify Camp Nou,Antonio Rubinos Perez
69217,2009-05-10,19:03:00.000,11,41,La Liga,2008/2009,Spain,Regular Season,217,Barcelona,222,Villarreal,3,3,35,available,Spotify Camp Nou,Fernando Teixeira
69273,2009-04-04,20:00:00.000,11,41,La Liga,2008/2009,Spain,Regular Season,901,Real Valladolid,217,Barcelona,0,1,29,available,Estadio Municipal José Zorrilla,Miguel Pérez
69223,2009-04-18,20:00:00.000,11,41,La Liga,2008/2009,Spain,Regular Season,216,Getafe,217,Barcelona,0,1,31,available,Coliseum Alfonso Pérez,Turienzo
69195,2009-02-14,20:00:00.000,11,41,La Liga,2008/2009,Spain,Regular Season,218,Real Betis,217,Barcelona,2,2,23,available,Estadio Benito Villamarín,Eduardo Iturralde Gonzalez
69251,2009-04-25,22:00:00.000,11,41,La Liga,2008/2009,Spain,Regular Season,207,Valencia,217,Barcelona,2,2,33,available,Estadio de Mestalla,César Muñiz
69185,2009-03-01,19:00:00.000,11,41,La Liga,2008/2009,Spain,Regular Season,212,Atlético Madrid,217,Barcelona,4,3,25,available,Estadio Vicente Calderón,Bernardino Gonzalez
69142,2009-03-22,19:00:00.000,11,41,La Liga,2008/2009,Spain,Regular Season,217,Barcelona,223,Málaga,6,0,28,available,Spotify Camp Nou,César Muñiz
69139,2009-02-21,18:00:00.000,11,41,La Liga,2008/2009,Spain,Regular Season,217,Barcelona,214,Espanyol,1,2,24,available,Spotify Camp Nou,Carlos Delgado
69171,2008-11-29,22:00:00.000,11,41,La Liga,2008/2009,Spain,Regular Season,213,Sevilla,217,Barcelona,0,3,13,available,Estadio Ramón Sánchez Pizjuán,Alberto Undiano Mallenco
69249,2009-05-02,17:00:00.000,11,41,La Liga,2008/2009,Spain,Regular Season,220,Real Madrid,217,Barcelona,2,6,34,available,Bernabéu,Alberto Undiano Mallenco
69215,2008-09-13,20:00:00.000,11,41,La Liga,2008/2009,Spain,Regular Season,217,Barcelona,1217,Racing Santander,1,1,2,available,Spotify Camp Nou,Rafael Ramírez Domínguez
69147,2008-08-31,19:00:00.000,11,41,La Liga,2008/2009,Spain,Regular Season,444,CD Numancia de Soria,217,Barcelona,1,0,1,available,Los Pajaritos,David Fernández Borbalan
69177,2009-03-15,21:03:00.000,11,41,La Liga,2008/2009,Spain,Regular Season,403,Almería,217,Barcelona,0,2,27,available,Power Horse Stadium – Estadio de los Juegos Mediterráneos,Manuel Enrique Mejuto Gonzalez
69207,2008-09-24,20:00:00.000,11,41,La Liga,2008/2009,Spain,Regular Season,217,Barcelona,218,Real Betis,3,2,4,available,Spotify Camp Nou,Arturo Daudén Ibáñez
69228,2008-12-21,19:00:00.000,11,41,La Liga,2008/2009,Spain,Regular Season,222,Villarreal,217,Barcelona,1,2,16,available,Estadio de la Cerámica,Carlos Clos Gómez
69183,2009-01-17,20:00:00.000,11,41,La Liga,2008/2009,Spain,Regular Season,217,Barcelona,219,RC Deportivo La Coruña,5,0,19,available,Spotify Camp Nou,Julian Rodriguez Santiago
69279,2008-11-08,22:00:00.000,11,41,La Liga,2008/2009,Spain,Regular Season,217,Barcelona,901,Real Valladolid,6,0,10,available,Spotify Camp Nou,Fernando Teixeira
69285,2008-11-16,21:00:00.000,11,41,La Liga,2008/2009,Spain,Regular Season,1220,Recreativo Huelva,217,Barcelona,0,2,11,available,Estadio Nuevo Colombino,Miguel Pérez
69230,2009-01-11,21:00:00.000,11,41,La Liga,2008/2009,Spain,Regular Season,422,Osasuna,217,Barcelona,2,3,18,available,Estadio El Sadar,Fernando Teixeira
69149,2008-12-06,22:00:00.000,11,41,La Liga,2008/2009,Spain,Regular Season,217,Barcelona,207,Valencia,4,0,14,available,Spotify Camp Nou,David Fernández Borbalan
69146,2008-02-09,20:00:00.000,11,40,La Liga,2007/2008,Spain,Regular Season,213,Sevilla,217,Barcelona,1,1,23,available,Estadio Ramón Sánchez Pizjuán,Fernando Teixeira
69151,2007-09-29,22:00:00.000,11,40,La Liga,2007/2008,Spain,Regular Season,221,Levante UD,217,Barcelona,1,4,6,available,Estadio Ciudad de Valencia,Carlos Clos Gómez
69144,2007-10-07,17:00:00.000,11,40,La Liga,2007/2008,Spain,Regular Season,217,Barcelona,212,Atlético Madrid,3,0,7,available,Spotify Camp Nou,Eduardo Iturralde Gonzalez
69169,2007-09-02,19:00:00.000,11,40,La Liga,2007/2008,Spain,Regular Season,217,Barcelona,215,Athletic Club,3,1,2,available,Spotify Camp Nou,Carlos Megía Dávila
68360,2008-02-24,19:00:00.000,11,40,La Liga,2007/2008,Spain,Regular Season,217,Barcelona,221,Levante UD,5,1,25,available,Spotify Camp Nou,Carlos Velasco Carballo
69186,2008-05-17,22:00:00.000,11,40,La Liga,2007/2008,Spain,Regular Season,1230,Real Murcia CF,217,Barcelona,3,5,38,available,Estadio Enrique Roca de Murcia,Rafael Ramírez Domínguez
69180,2007-08-26,19:00:00.000,11,40,La Liga,2007/2008,Spain,Regular Season,1217,Racing Santander,217,Barcelona,0,0,1,available,Campos de Sport de El Sardinero,César Muñiz
69181,2008-01-27,19:00:00.000,11,40,La Liga,2007/2008,Spain,Regular Season,215,Athletic Club,217,Barcelona,1,1,21,available,Estadio San Mamés,Alberto Undiano Mallenco
68365,2008-03-01,20:00:00.000,11,40,La Liga,2007/2008,Spain,Regular Season,212,Atlético Madrid,217,Barcelona,4,2,26,available,Estadio Vicente Calderón,David Fernández Borbalan
69178,2007-11-10,20:00:00.000,11,40,La Liga,2007/2008,Spain,Regular Season,216,Getafe,217,Barcelona,2,0,12,available,Coliseum Alfonso Pérez,Arturo Daudén Ibáñez
68364,2007-10-20,20:00:00.000,11,40,La Liga,2007/2008,Spain,Regular Season,222,Villarreal,217,Barcelona,3,1,8,available,Estadio de la Cerámica,Manuel Enrique Mejuto Gonzalez
69170,2007-12-09,21:00:00.000,11,40,La Liga,2007/2008,Spain,Regular Season,217,Barcelona,219,RC Deportivo La Coruña,2,1,15,available,Spotify Camp Nou,David Fernández Borbalan
68359,2008-04-19,20:00:00.000,11,40,La Liga,2007/2008,Spain,Regular Season,217,Barcelona,214,Espanyol,0,0,33,available,Spotify Camp Nou,Miguel Pérez
68356,2007-12-01,22:00:00.000,11,40,La Liga,2007/2008,Spain,Regular Season,214,Espanyol,217,Barcelona,1,1,14,available,Estadi Olímpic Lluís Companys,Alfonso Perez Burrull
69158,2007-10-28,19:00:00.000,11,40,La Liga,2007/2008,Spain,Regular Season,217,Barcelona,403,Almería,2,0,9,available,Spotify Camp Nou,Miguel Ayza
69187,2008-02-03,17:00:00.000,11,40,La Liga,2007/2008,Spain,Regular Season,217,Barcelona,422,Osasuna,1,0,22,available,Spotify Camp Nou,Turienzo
68363,2007-11-01,22:00:00.000,11,40,La Liga,2007/2008,Spain,Regular Season,901,Real Valladolid,217,Barcelona,1,1,10,available,Estadio Municipal José Zorrilla,Carlos Velasco Carballo
69166,2007-11-04,19:00:00.000,11,40,La Liga,2007/2008,Spain,Regular Season,217,Barcelona,218,Real Betis,3,0,11,available,Spotify Camp Nou,Fernando Teixeira
68366,2008-05-11,21:00:00.000,11,40,La Liga,2007/2008,Spain,Regular Season,217,Barcelona,1043,Mallorca,2,3,37,available,Spotify Camp Nou,Antonio Rubinos Perez
69148,2007-09-22,22:00:00.000,11,40,La Liga,2007/2008,Spain,Regular Season,217,Barcelona,213,Sevilla,2,1,4,available,Spotify Camp Nou,Alberto Undiano Mallenco
69184,2007-11-24,20:00:00.000,11,40,La Liga,2007/2008,Spain,Regular Season,217,Barcelona,1220,Recreativo Huelva,3,0,13,available,Spotify Camp Nou,Antonio Rubinos Perez
69173,2008-01-20,19:00:00.000,11,40,La Liga,2007/2008,Spain,Regular Season,217,Barcelona,1217,Racing Santander,1,0,20,available,Spotify Camp Nou,Luis Medina Cantalejo
69182,2008-02-16,20:00:00.000,11,40,La Liga,2007/2008,Spain,Regular Season,395,Real Zaragoza,217,Barcelona,1,2,24,available,Estadio de la Romareda,Bernardino Gonzalez
68358,2008-04-12,22:00:00.000,11,40,La Liga,2007/2008,Spain,Regular Season,1220,Recreativo Huelva,217,Barcelona,2,2,32,available,Estadio Nuevo Colombino,Carlos Clos Gómez
68361,2008-05-07,22:00:00.000,11,40,La Liga,2007/2008,Spain,Regular Season,220,Real Madrid,217,Barcelona,4,1,36,available,Bernabéu,Alfonso Perez Burrull
69141,2008-05-04,19:00:00.000,11,40,La Liga,2007/2008,Spain,Regular Season,217,Barcelona,207,Valencia,6,0,35,available,Spotify Camp Nou,Alberto Undiano Mallenco
69145,2007-12-15,22:00:00.000,11,40,La Liga,2007/2008,Spain,Regular Season,207,Valencia,217,Barcelona,0,3,16,available,Estadio de Mestalla,Eduardo Iturralde Gonzalez
68336,2007-06-17,18:00:00.000,11,39,La Liga,2006/2007,Spain,Regular Season,1036,Gimnàstic Tarragona,217,Barcelona,1,5,38,available,Nou Estadi Costa Daurada,Alberto Undiano Mallenco
69176,2007-05-20,21:00:00.000,11,39,La Liga,2006/2007,Spain,Regular Season,212,Atlético Madrid,217,Barcelona,0,6,35,available,Estadio Vicente Calderón,César Muñiz
69179,2007-04-07,20:00:00.000,11,39,La Liga,2006/2007,Spain,Regular Season,395,Real Zaragoza,217,Barcelona,1,0,29,available,Estadio de la Romareda,Luis Medina Cantalejo
68334,2007-03-03,20:00:00.000,11,39,La Liga,2006/2007,Spain,Regular Season,213,Sevilla,217,Barcelona,2,1,25,available,Estadio Ramón Sánchez Pizjuán,Bernardino Gonzalez
68333,2007-02-25,19:00:00.000,11,39,La Liga,2006/2007,Spain,Regular Season,217,Barcelona,215,Athletic Club,3,0,24,available,Spotify Camp Nou,Vicente José Lizondo Cortés
68326,2006-08-28,18:00:00.000,11,39,La Liga,2006/2007,Spain,Regular Season,209,Celta Vigo,217,Barcelona,2,3,1,available,Abanca-Balaídos,Miguel Pérez
69162,2007-05-13,19:00:00.000,11,39,La Liga,2006/2007,Spain,Regular Season,217,Barcelona,218,Real Betis,1,1,34,available,Spotify Camp Nou,Eduardo Iturralde Gonzalez
68335,2007-03-10,22:00:00.000,11,39,La Liga,2006/2007,Spain,Regular Season,217,Barcelona,220,Real Madrid,3,3,26,available,Spotify Camp Nou,Alberto Undiano Mallenco
68332,2007-02-18,17:00:00.000,11,39,La Liga,2006/2007,Spain,Regular Season,207,Valencia,217,Barcelona,2,1,23,available,Estadio de Mestalla,Eduardo Iturralde Gonzalez
68330,2006-10-22,21:00:00.000,11,39,La Liga,2006/2007,Spain,Regular Season,220,Real Madrid,217,Barcelona,2,0,7,available,Bernabéu,Alfonso Perez Burrull
68329,2006-10-15,19:00:00.000,11,39,La Liga,2006/2007,Spain,Regular Season,217,Barcelona,213,Sevilla,3,1,6,available,Spotify Camp Nou,César Muñiz
68341,2007-03-17,20:00:00.000,11,39,La Liga,2006/2007,Spain,Regular Season,1220,Recreativo Huelva,217,Barcelona,0,4,27,available,Estadio Nuevo Colombino,Turienzo
69165,2007-06-09,18:00:00.000,11,39,La Liga,2006/2007,Spain,Regular Season,217,Barcelona,214,Espanyol,2,2,37,available,Spotify Camp Nou,Julian Rodriguez Santiago
69155,2007-04-22,21:00:00.000,11,39,La Liga,2006/2007,Spain,Regular Season,222,Villarreal,217,Barcelona,2,0,31,available,Estadio de la Cerámica,Alfonso Perez Burrull
69154,2007-02-11,19:00:00.000,11,39,La Liga,2006/2007,Spain,Regular Season,217,Barcelona,1217,Racing Santander,2,0,22,available,Spotify Camp Nou,Manuel Enrique Mejuto Gonzalez
69156,2007-04-29,19:00:00.000,11,39,La Liga,2006/2007,Spain,Regular Season,217,Barcelona,221,Levante UD,1,0,32,available,Spotify Camp Nou,Carlos Clos Gómez
69159,2007-04-15,19:00:00.000,11,39,La Liga,2006/2007,Spain,Regular Season,217,Barcelona,1043,Mallorca,1,0,30,available,Spotify Camp Nou,Rafael Ramírez Domínguez
69175,2007-03-31,22:00:00.000,11,39,La Liga,2006/2007,Spain,Regular Season,217,Barcelona,219,RC Deportivo La Coruña,2,1,28,available,Spotify Camp Nou,Miguel Ayza
69160,2007-05-05,17:00:00.000,11,39,La Liga,2006/2007,Spain,Regular Season,210,Real Sociedad,217,Barcelona,0,2,33,available,Reale Arena,Fernando Teixeira
68331,2006-11-12,21:00:00.000,11,39,La Liga,2006/2007,Spain,Regular Season,217,Barcelona,395,Real Zaragoza,3,1,10,available,Spotify Camp Nou,Eduardo Iturralde Gonzalez
68328,2006-09-24,19:00:00.000,11,39,La Liga,2006/2007,Spain,Regular Season,217,Barcelona,207,Valencia,1,1,4,available,Spotify Camp Nou,Arturo Daudén Ibáñez
68340,2006-09-17,20:00:00.000,11,39,La Liga,2006/2007,Spain,Regular Season,1217,Racing Santander,217,Barcelona,0,3,3,available,Campos de Sport de El Sardinero,Carlos Velasco Carballo
69174,2006-11-04,22:00:00.000,11,39,La Liga,2006/2007,Spain,Regular Season,219,RC Deportivo La Coruña,217,Barcelona,1,1,9,available,Estadio Abanca-Riazor,Luis Medina Cantalejo
68347,2006-09-30,22:00:00.000,11,39,La Liga,2006/2007,Spain,Regular Season,215,Athletic Club,217,Barcelona,1,3,5,available,Estadio San Mamés,David Fernández Borbalan
68327,2006-09-09,17:00:00.000,11,39,La Liga,2006/2007,Spain,Regular Season,217,Barcelona,422,Osasuna,3,0,2,available,Spotify Camp Nou,Julian Rodriguez Santiago
69157,2007-05-26,19:00:00.000,11,39,La Liga,2006/2007,Spain,Regular Season,217,Barcelona,216,Getafe,1,0,36,available,Spotify Camp Nou,Alfonso Perez Burrull
68323,2005-12-20,19:00:00.000,11,38,La Liga,2005/2006,Spain,Regular Season,217,Barcelona,209,Celta Vigo,2,0,17,available,Spotify Camp Nou,Miguel Pérez
68318,2005-10-22,20:00:00.000,11,38,La Liga,2005/2006,Spain,Regular Season,217,Barcelona,422,Osasuna,3,0,8,available,Spotify Camp Nou,César Muñiz
69172,2006-02-18,20:00:00.000,11,38,La Liga,2005/2006,Spain,Regular Season,217,Barcelona,218,Real Betis,5,1,24,available,Spotify Camp Nou,Eduardo Iturralde Gonzalez
68322,2005-12-17,20:00:00.000,11,38,La Liga,2005/2006,Spain,Regular Season,552,Cádiz,217,Barcelona,1,3,16,available,Estadio Nuevo Mirandilla,Miguel Ayza
69164,2005-10-26,20:30:00.000,11,38,La Liga,2005/2006,Spain,Regular Season,217,Barcelona,223,Málaga,2,0,11,available,Spotify Camp Nou,Puentes Leira
68324,2006-01-22,17:00:00.000,11,38,La Liga,2005/2006,Spain,Regular Season,217,Barcelona,206,Deportivo Alavés,2,0,20,available,Spotify Camp Nou,Turienzo
68320,2005-12-04,19:00:00.000,11,38,La Liga,2005/2006,Spain,Regular Season,222,Villarreal,217,Barcelona,0,2,14,available,Estadio de la Cerámica,César Muñiz
68339,2005-11-06,19:00:00.000,11,38,La Liga,2005/2006,Spain,Regular Season,216,Getafe,217,Barcelona,1,3,10,available,Coliseum Alfonso Pérez,Arturo Daudén Ibáñez
68348,2006-01-07,22:00:00.000,11,38,La Liga,2005/2006,Spain,Regular Season,214,Espanyol,217,Barcelona,1,2,18,available,Estadi Olímpic Lluís Companys,Bernardino Gonzalez
68354,2005-11-27,19:00:00.000,11,38,La Liga,2005/2006,Spain,Regular Season,217,Barcelona,1217,Racing Santander,4,1,13,available,Spotify Camp Nou,Rafael Ramírez Domínguez
68351,2006-02-25,22:00:00.000,11,38,La Liga,2005/2006,Spain,Regular Season,395,Real Zaragoza,217,Barcelona,0,2,25,available,Estadio de la Romareda,Victor José Esquinas Torres
68317,2005-10-01,20:00:00.000,11,38,La Liga,2005/2006,Spain,Regular Season,217,Barcelona,395,Real Zaragoza,2,2,6,available,Spotify Camp Nou,Carlos Megía Dávila
68350,2006-02-05,17:00:00.000,11,38,La Liga,2005/2006,Spain,Regular Season,217,Barcelona,212,Atlético Madrid,1,3,22,available,Spotify Camp Nou,Vicente José Lizondo Cortés
68325,2006-01-29,17:00:00.000,11,38,La Liga,2005/2006,Spain,Regular Season,1043,Mallorca,217,Barcelona,0,3,21,available,Visit Mallorca Estadi,Carlos Megía Dávila
68321,2005-12-11,19:00:00.000,11,38,La Liga,2005/2006,Spain,Regular Season,217,Barcelona,213,Sevilla,2,1,15,available,Spotify Camp Nou,Julian Rodriguez Santiago
68319,2005-11-19,20:00:00.000,11,38,La Liga,2005/2006,Spain,Regular Season,220,Real Madrid,217,Barcelona,0,3,12,available,Bernabéu,Eduardo Iturralde Gonzalez
68342,2006-01-15,19:00:00.000,11,38,La Liga,2005/2006,Spain,Regular Season,217,Barcelona,215,Athletic Club,2,1,19,available,Spotify Camp Nou,Fernando Teixeira
68314,2004-12-04,18:00:00.000,11,37,La Liga,2004/2005,Spain,Regular Season,217,Barcelona,223,Málaga,4,0,14,available,Spotify Camp Nou,José Omar Losantos
68353,2004-10-16,20:00:00.000,11,37,La Liga,2004/2005,Spain,Regular Season,214,Espanyol,217,Barcelona,0,1,7,available,Estadi Olímpic Lluís Companys,Carlos Megía Dávila
68316,2005-05-01,19:00:00.000,11,37,La Liga,2004/2005,Spain,Regular Season,217,Barcelona,608,Albacete,2,0,34,available,Spotify Camp Nou,Carlos Velasco Carballo
68313,2004-10-24,19:00:00.000,11,37,La Liga,2004/2005,Spain,Regular Season,217,Barcelona,422,Osasuna,3,0,8,available,Spotify Camp Nou,Vicente José Lizondo Cortés
68315,2004-12-21,18:00:00.000,11,37,La Liga,2004/2005,Spain,Regular Season,217,Barcelona,221,Levante UD,2,1,17,available,Spotify Camp Nou,David Fernández Borbalan
69153,2004-12-11,18:00:00.000,11,37,La Liga,2004/2005,Spain,Regular Season,608,Albacete,217,Barcelona,1,2,15,available,Estadio Carlos Belmonte,Alfonso Perez Burrull
68352,2005-04-17,21:00:00.000,11,37,La Liga,2004/2005,Spain,Regular Season,217,Barcelona,216,Getafe,2,0,32,available,Spotify Camp Nou,Puentes Leira
3888713,1974-02-17,21:00:00.000,11,278,La Liga,1973/1974,Spain,Regular Season,220,Real Madrid,217,Barcelona,0,5,22,available,Bernabéu,
3911491,2024-02-18,15:00:00.000,182,281,Liga F,2023/2024,Spain,Regular Season,3282,Real Madrid CF W,3269,Costa Adeje Tenerife,2,1,18,available,Estadio Alfredo Di Stéfano,María Eugenia Gil
3910995,2023-12-09,17:30:00.000,182,281,Liga F,2023/2024,Spain,Regular Season,3282,Real Madrid CF W,3281,Sevilla FC,1,3,11,available,Estadio Alfredo Di Stéfano,Olatz Rivera Olmedo
3911510,2024-03-16,19:00:00.000,182,281,Liga F,2023/2024,Spain,Regular Season,3282,Real Madrid CF W,3275,SD Eibar,1,0,20,available,Estadio Alfredo Di Stéfano,Beatriz Cuesta Arribas
3911515,2024-03-24,17:00:00.000,182,281,Liga F,2023/2024,Spain,Regular Season,3282,Real Madrid CF W,937,Barcelona WFC,0,3,21,available,Estadio Alfredo Di Stéfano,Olatz Rivera Olmedo
3911296,2024-01-07,17:00:00.000,182,281,Liga F,2023/2024,Spain,Regular Season,3282,Real Madrid CF W,3278,Madrid CFF,2,1,13,available,Estadio Alfredo Di Stéfano,Zulema González González
3911637,2024-06-09,16:30:00.000,182,281,Liga F,2023/2024,Spain,Regular Season,3282,Real Madrid CF W,3270,Athletic Club Bilbao,1,0,29,available,Estadio Alfredo Di Stéfano,Amy Peñalver Pearce
3911010,2023-12-16,11:00:00.000,182,281,Liga F,2023/2024,Spain,Regular Season,1105,Atletico Madrid W,3272,Real Sociedad de Fútbol,1,1,12,available,Centro Deportivo Alcalá de Henares,Ylenia Sánchez Miguel
3910954,2023-10-15,16:30:00.000,182,281,Liga F,2023/2024,Spain,Regular Season,1105,Atletico Madrid W,937,Barcelona WFC,0,1,5,available,Centro Deportivo Alcalá de Henares,Zulema González González
3910942,2023-10-07,10:00:00.000,182,281,Liga F,2023/2024,Spain,Regular Season,1105,Atletico Madrid W,3281,Sevilla FC,2,1,4,available,Centro Deportivo Alcalá de Henares,Raquel Suárez González
3910968,2023-11-05,11:00:00.000,182,281,Liga F,2023/2024,Spain,Regular Season,3269,Costa Adeje Tenerife,1105,Atletico Madrid W,2,1,7,available,Campo de Fútbol de Adeje,Andrea Fernández Firvida
3910934,2023-09-30,10:00:00.000,182,281,Liga F,2023/2024,Spain,Regular Season,3274,Levante UD Femenino,1105,Atletico Madrid W,1,1,3,available,Ciudad Deportiva de Buñol - Campo 1,María Eugenia Gil
3910996,2023-12-10,15:30:00.000,182,281,Liga F,2023/2024,Spain,Regular Season,3279,Real Betis Balompié,1105,Atletico Madrid W,0,2,11,available,Ciudad Deportiva Luis de Sol,Amy Peñalver Pearce
3910984,2023-11-19,15:00:00.000,182,281,Liga F,2023/2024,Spain,Regular Season,3278,Madrid CFF,1105,Atletico Madrid W,1,4,9,available,Estadio Fernando Torres,Marta Huerta de Aza
3911308,2024-01-27,17:30:00.000,182,281,Liga F,2023/2024,Spain,Regular Season,3270,Athletic Club Bilbao,3282,Real Madrid CF W,0,1,15,available,Estadio San Mamés,Paola Cebollada López
3911294,2024-01-07,15:00:00.000,182,281,Liga F,2023/2024,Spain,Regular Season,3277,Valencia CF,1105,Atletico Madrid W,1,6,13,available,Estadio de Mestalla,Patricia Luna Varo
3911309,2024-01-27,11:00:00.000,182,281,Liga F,2023/2024,Spain,Regular Season,3277,Valencia CF,3269,Costa Adeje Tenerife,1,1,15,available,Estadio de Mestalla,Andrea Fernández Firvida
3911633,2024-06-09,18:30:00.000,182,281,Liga F,2023/2024,Spain,Regular Season,6604,Villarreal,3280,CD Sporting de Huelva,2,0,29,available,Estadio de la Cerámica,Alicia Espinosa Ríos
3910970,2023-11-04,17:00:00.000,182,281,Liga F,2023/2024,Spain,Regular Season,3277,Valencia CF,3280,CD Sporting de Huelva,2,0,7,available,Estadio Antonio Puchades,Elisabeth Calvo Valentín
3911641,2024-06-14,17:00:00.000,182,281,Liga F,2023/2024,Spain,Regular Season,3280,CD Sporting de Huelva,3282,Real Madrid CF W,1,4,30,available,Estadio Nuevo Colombino,Raquel Suárez González
3911644,2024-06-15,13:00:00.000,182,281,Liga F,2023/2024,Spain,Regular Season,3275,SD Eibar,18938,Granada W,0,2,30,available,Estadio Municipal de Ipurúa,Zulema González González
3911642,2024-06-15,13:00:00.000,182,281,Liga F,2023/2024,Spain,Regular Season,3272,Real Sociedad de Fútbol,11864,FC Levante Badalona,2,2,30,available,Instalaciones de Zubieta,Andrea Fernández Firvida
3911647,2024-06-15,10:00:00.000,182,281,Liga F,2023/2024,Spain,Regular Season,1105,Atletico Madrid W,6604,Villarreal,1,0,30,available,Centro Deportivo Alcalá de Henares,Olatz Rivera Olmedo
3911645,2024-06-15,13:00:00.000,182,281,Liga F,2023/2024,Spain,Regular Season,3279,Real Betis Balompié,3269,Costa Adeje Tenerife,1,0,30,available,Ciudad Deportiva Luis de Sol,Paola Cebollada López
3911630,2024-05-25,13:00:00.000,182,281,Liga F,2023/2024,Spain,Regular Season,3280,CD Sporting de Huelva,18938,Granada W,2,1,28,available,Ciudad Deportiva Decáno del Fútbol Español,Marta Huerta de Aza
3911560,2024-05-12,21:30:00.000,182,281,Liga F,2023/2024,Spain,Regular Season,3278,Madrid CFF,3277,Valencia CF,6,1,27,available,Estadio Fernando Torres,Olatz Rivera Olmedo
3911627,2024-05-25,13:00:00.000,182,281,Liga F,2023/2024,Spain,Regular Season,3274,Levante UD Femenino,6604,Villarreal,2,1,28,available,Ciudad Deportiva de Buñol - Campo 1,María Planes Terol
3911626,2024-05-24,19:00:00.000,182,281,Liga F,2023/2024,Spain,Regular Season,3270,Athletic Club Bilbao,3269,Costa Adeje Tenerife,4,1,28,available,Instalaciones de Lezama Campo 2,Elisabeth Calvo Valentín
3911566,2024-05-10,19:30:00.000,182,281,Liga F,2023/2024,Spain,Regular Season,6604,Villarreal,3275,SD Eibar,1,1,27,available,Ciudad Deportiva del Villarreal,Paola Cebollada López
3911551,2024-05-04,19:00:00.000,182,281,Liga F,2023/2024,Spain,Regular Season,3270,Athletic Club Bilbao,6604,Villarreal,1,0,26,available,Instalaciones de Lezama Campo 2,Zulema González González
3911552,2024-05-04,10:00:00.000,182,281,Liga F,2023/2024,Spain,Regular Season,1105,Atletico Madrid W,3269,Costa Adeje Tenerife,1,0,26,available,Centro Deportivo Alcalá de Henares,Ylenia Sánchez Miguel
3911549,2024-04-27,13:00:00.000,182,281,Liga F,2023/2024,Spain,Regular Season,6604,Villarreal,18938,Granada W,1,2,25,available,Ciudad Deportiva del Villarreal,Ainara Andrea Acevedo Dudley
3911550,2024-04-27,17:00:00.000,182,281,Liga F,2023/2024,Spain,Regular Season,3281,Sevilla FC,3274,Levante UD Femenino,1,3,25,available,Estadio Jesús Navas,Elia María Martínez Martínez
3911559,2024-05-11,19:00:00.000,182,281,Liga F,2023/2024,Spain,Regular Season,11864,FC Levante Badalona,3274,Levante UD Femenino,1,1,27,available,Camp Municipal Les Planes,Beatriz Cuesta Arribas
3911564,2024-05-11,13:00:00.000,182,281,Liga F,2023/2024,Spain,Regular Season,18938,Granada W,3279,Real Betis Balompié,2,3,27,available,Ciudad Deportiva del Granada CF,Arantza Gallastegui Pérez
3911562,2024-05-10,21:30:00.000,182,281,Liga F,2023/2024,Spain,Regular Season,937,Barcelona WFC,3270,Athletic Club Bilbao,7,0,27,available,Estadi Johan Cruyff,Elena Arnillas
3911535,2024-04-21,10:00:00.000,182,281,Liga F,2023/2024,Spain,Regular Season,1105,Atletico Madrid W,3279,Real Betis Balompié,5,1,24,available,Estádio Cívitas Metropolitano,Elia María Martínez Martínez
3911538,2024-04-20,18:00:00.000,182,281,Liga F,2023/2024,Spain,Regular Season,3278,Madrid CFF,3270,Athletic Club Bilbao,2,1,24,available,Estadio Fernando Torres,Ylenia Sánchez Miguel
3911536,2024-04-20,14:00:00.000,182,281,Liga F,2023/2024,Spain,Regular Season,18938,Granada W,3269,Costa Adeje Tenerife,2,1,24,available,Ciudad Deportiva del Granada CF,Elisabeth Calvo Valentín
3911537,2024-04-20,10:00:00.000,182,281,Liga F,2023/2024,Spain,Regular Season,3274,Levante UD Femenino,3282,Real Madrid CF W,2,4,24,available,Ciudad Deportiva de Buñol - Campo 1,María Planes Terol
3911530,2024-04-13,14:00:00.000,182,281,Liga F,2023/2024,Spain,Regular Season,3275,SD Eibar,3281,Sevilla FC,3,0,23,available,Estadio Municipal de Ipurúa,Elisabeth Calvo Valentín
3911532,2024-04-14,15:00:00.000,182,281,Liga F,2023/2024,Spain,Regular Season,3277,Valencia CF,3274,Levante UD Femenino,1,1,23,available,Estadio Antonio Puchades,Paola Cebollada López
3911529,2024-04-13,12:00:00.000,182,281,Liga F,2023/2024,Spain,Regular Season,3272,Real Sociedad de Fútbol,3280,CD Sporting de Huelva,1,1,23,available,Instalaciones de Zubieta,María Eugenia Gil
3911528,2024-04-13,18:30:00.000,182,281,Liga F,2023/2024,Spain,Regular Season,937,Barcelona WFC,6604,Villarreal,5,1,23,available,Estadi Johan Cruyff,Andrea Fernández Firvida
3911556,2024-05-04,21:30:00.000,182,281,Liga F,2023/2024,Spain,Regular Season,18938,Granada W,937,Barcelona WFC,1,4,26,available,Estadio Nuevo Los Cármenes,María Planes Terol
3911545,2024-04-27,13:00:00.000,182,281,Liga F,2023/2024,Spain,Regular Season,3269,Costa Adeje Tenerife,3277,Valencia CF,1,0,25,available,Campo de Fútbol de Adeje,María Eugenia Gil
3911508,2024-03-16,17:00:00.000,182,281,Liga F,2023/2024,Spain,Regular Season,3280,CD Sporting de Huelva,3274,Levante UD Femenino,1,1,20,available,Ciudad Deportiva Decáno del Fútbol Español,Paola Cebollada López
3911521,2024-03-31,14:00:00.000,182,281,Liga F,2023/2024,Spain,Regular Season,18938,Granada W,3278,Madrid CFF,3,0,22,available,Ciudad Deportiva del Granada CF,Paola Cebollada López
3911523,2024-03-31,12:00:00.000,182,281,Liga F,2023/2024,Spain,Regular Season,3280,CD Sporting de Huelva,3269,Costa Adeje Tenerife,1,2,22,available,Ciudad Deportiva Decáno del Fútbol Español,Elia María Martínez Martínez
3911513,2024-03-23,19:00:00.000,182,281,Liga F,2023/2024,Spain,Regular Season,3272,Real Sociedad de Fútbol,3270,Athletic Club Bilbao,0,1,21,available,Reale Arena,María Planes Terol
3911506,2024-03-17,11:00:00.000,182,281,Liga F,2023/2024,Spain,Regular Season,18938,Granada W,1105,Atletico Madrid W,0,1,20,available,Estadio Nuevo Los Cármenes,Zulema González González
3911503,2024-03-17,17:00:00.000,182,281,Liga F,2023/2024,Spain,Regular Season,3270,Athletic Club Bilbao,3277,Valencia CF,2,0,20,available,San Mamés Barria,Amy Peñalver Pearce
3911504,2024-03-17,15:00:00.000,182,281,Liga F,2023/2024,Spain,Regular Season,937,Barcelona WFC,3269,Costa Adeje Tenerife,7,0,20,available,Estadi Johan Cruyff,Patricia Luna Varo
3911518,2024-03-23,13:00:00.000,182,281,Liga F,2023/2024,Spain,Regular Season,3269,Costa Adeje Tenerife,3281,Sevilla FC,5,0,21,available,Campo de Fútbol de Adeje,Raquel Suárez González
3911495,2024-03-09,17:30:00.000,182,281,Liga F,2023/2024,Spain,Regular Season,3278,Madrid CFF,3275,SD Eibar,1,2,19,available,Estadio Fernando Torres,Elena Arnillas
3911496,2024-03-10,17:00:00.000,182,281,Liga F,2023/2024,Spain,Regular Season,1105,Atletico Madrid W,3280,CD Sporting de Huelva,1,0,19,available,Centro Deportivo Alcalá de Henares,María Planes Terol
3911498,2024-03-10,15:00:00.000,182,281,Liga F,2023/2024,Spain,Regular Season,3272,Real Sociedad de Fútbol,937,Barcelona WFC,1,7,19,available,Instalaciones de Zubieta,Andrea Fernández Firvida
3911525,2024-03-30,18:00:00.000,182,281,Liga F,2023/2024,Spain,Regular Season,6604,Villarreal,3282,Real Madrid CF W,0,2,22,available,Ciudad Deportiva del Villarreal,Elena Arnillas
3911526,2024-03-30,13:00:00.000,182,281,Liga F,2023/2024,Spain,Regular Season,3281,Sevilla FC,3272,Real Sociedad de Fútbol,4,2,22,available,Estadio Jesús Navas,Zulema González González
3911517,2024-03-23,17:00:00.000,182,281,Liga F,2023/2024,Spain,Regular Season,3274,Levante UD Femenino,3279,Real Betis Balompié,7,0,21,available,Ciudad Deportiva de Buñol - Campo 1,Beatriz Cuesta Arribas
3911520,2024-03-30,15:00:00.000,182,281,Liga F,2023/2024,Spain,Regular Season,1105,Atletico Madrid W,3277,Valencia CF,1,0,22,available,Centro Deportivo Alcalá de Henares,Patricia Luna Varo
3911499,2024-03-09,15:00:00.000,182,281,Liga F,2023/2024,Spain,Regular Season,11864,FC Levante Badalona,18938,Granada W,1,2,19,available,Camp Municipal Les Planes,Arantza Gallastegui Pérez
3911501,2024-03-09,17:30:00.000,182,281,Liga F,2023/2024,Spain,Regular Season,3281,Sevilla FC,3282,Real Madrid CF W,0,1,19,available,Estadio Jesús Navas,Amy Peñalver Pearce
3911472,2024-02-04,19:00:00.000,182,281,Liga F,2023/2024,Spain,Regular Season,937,Barcelona WFC,3280,CD Sporting de Huelva,4,0,16,available,Estadi Johan Cruyff,Elia María Martínez Martínez
3911475,2024-02-03,19:30:00.000,182,281,Liga F,2023/2024,Spain,Regular Season,6604,Villarreal,3279,Real Betis Balompié,2,1,16,available,Ciudad Deportiva del Villarreal,Elisabeth Calvo Valentín
3911477,2024-02-03,13:00:00.000,182,281,Liga F,2023/2024,Spain,Regular Season,18938,Granada W,3270,Athletic Club Bilbao,2,0,16,available,Ciudad Deportiva del Granada CF,Ainara Andrea Acevedo Dudley
3911314,2024-01-27,17:30:00.000,182,281,Liga F,2023/2024,Spain,Regular Season,3280,CD Sporting de Huelva,6604,Villarreal,0,1,15,available,Ciudad Deportiva Francisco Rubio Garcés,Beatriz Cuesta Arribas
3911312,2024-01-28,13:00:00.000,182,281,Liga F,2023/2024,Spain,Regular Season,3274,Levante UD Femenino,18938,Granada W,2,2,15,available,Ciudad Deportiva de Buñol - Campo 1,Elena Arnillas
3911311,2024-01-28,17:00:00.000,182,281,Liga F,2023/2024,Spain,Regular Season,3272,Real Sociedad de Fútbol,3278,Madrid CFF,1,1,15,available,Instalaciones de Zubieta,Patricia Luna Varo
3911300,2024-01-20,15:00:00.000,182,281,Liga F,2023/2024,Spain,Regular Season,11864,FC Levante Badalona,3272,Real Sociedad de Fútbol,0,2,14,available,Camp Municipal Les Planes,Elia María Martínez Martínez
3911305,2024-01-21,15:00:00.000,182,281,Liga F,2023/2024,Spain,Regular Season,18938,Granada W,3280,CD Sporting de Huelva,0,1,14,available,Ciudad Deportiva del Granada CF,Ylenia Sánchez Miguel
3911474,2024-02-03,19:30:00.000,182,281,Liga F,2023/2024,Spain,Regular Season,3282,Real Madrid CF W,3277,Valencia CF,7,1,16,available,Estadio Alfredo Di Stéfano,Ylenia Sánchez Miguel
3910937,2023-10-01,10:00:00.000,182,281,Liga F,2023/2024,Spain,Regular Season,3269,Costa Adeje Tenerife,3282,Real Madrid CF W,1,2,3,available,Campo de Fútbol de Adeje,Arantza Gallastegui Pérez
3910952,2023-10-15,13:00:00.000,182,281,Liga F,2023/2024,Spain,Regular Season,3269,Costa Adeje Tenerife,3279,Real Betis Balompié,1,0,5,available,Campo de Fútbol de Adeje,Elena Arnillas
3911302,2024-01-21,13:00:00.000,182,281,Liga F,2023/2024,Spain,Regular Season,3269,Costa Adeje Tenerife,3270,Athletic Club Bilbao,1,1,14,available,Campo de Fútbol de Adeje,Patricia Luna Varo
3911297,2024-01-07,21:00:00.000,182,281,Liga F,2023/2024,Spain,Regular Season,3280,CD Sporting de Huelva,3281,Sevilla FC,1,3,13,available,Ciudad Deportiva Decáno del Fútbol Español,Amy Peñalver Pearce
3911313,2024-01-27,13:00:00.000,182,281,Liga F,2023/2024,Spain,Regular Season,11864,FC Levante Badalona,1105,Atletico Madrid W,1,1,15,available,Camp Municipal Les Planes,Marta Huerta de Aza
3911301,2024-01-20,17:30:00.000,182,281,Liga F,2023/2024,Spain,Regular Season,3278,Madrid CFF,3279,Real Betis Balompié,3,1,14,available,Estadio Fernando Torres,Arantza Gallastegui Pérez
3911306,2024-02-14,19:00:00.000,182,281,Liga F,2023/2024,Spain,Regular Season,937,Barcelona WFC,3274,Levante UD Femenino,1,1,14,available,Estadi Johan Cruyff,Beatriz Cuesta Arribas
3911307,2024-02-14,19:00:00.000,182,281,Liga F,2023/2024,Spain,Regular Season,1105,Atletico Madrid W,3282,Real Madrid CF W,1,1,14,available,Centro Deportivo Alcalá de Henares,Ainara Andrea Acevedo Dudley
3911303,2024-01-20,13:00:00.000,182,281,Liga F,2023/2024,Spain,Regular Season,3281,Sevilla FC,6604,Villarreal,3,1,14,available,Estadio Jesús Navas,Elena Arnillas
3911293,2024-01-06,19:30:00.000,182,281,Liga F,2023/2024,Spain,Regular Season,937,Barcelona WFC,11864,FC Levante Badalona,9,1,13,available,Estadi Johan Cruyff,Alicia Espinosa Ríos
3911003,2023-12-17,13:00:00.000,182,281,Liga F,2023/2024,Spain,Regular Season,11864,FC Levante Badalona,3282,Real Madrid CF W,0,2,12,available,Ciudad Deportiva de Buñol - Campo 1,Andrea Fernández Firvida
3911004,2023-12-17,17:30:00.000,182,281,Liga F,2023/2024,Spain,Regular Season,18938,Granada W,3277,Valencia CF,0,1,12,available,Estadio Nuevo Los Cármenes,Alicia Espinosa Ríos
3911002,2023-12-10,13:00:00.000,182,281,Liga F,2023/2024,Spain,Regular Season,3270,Athletic Club Bilbao,3274,Levante UD Femenino,1,0,11,available,Instalaciones de Lezama Campo 2,Beatriz Cuesta Arribas
3910998,2023-12-09,13:00:00.000,182,281,Liga F,2023/2024,Spain,Regular Season,3269,Costa Adeje Tenerife,18938,Granada W,2,0,11,available,Campo de Fútbol de Adeje,Andrea Fernández Firvida
3911009,2023-12-16,19:30:00.000,182,281,Liga F,2023/2024,Spain,Regular Season,3275,SD Eibar,3279,Real Betis Balompié,3,2,12,available,Estadio Municipal de Ipurúa,Zulema González González
3911006,2023-12-16,15:00:00.000,182,281,Liga F,2023/2024,Spain,Regular Season,3278,Madrid CFF,6604,Villarreal,2,0,12,available,Estadio Fernando Torres,Elena Arnillas
3911000,2023-12-09,15:00:00.000,182,281,Liga F,2023/2024,Spain,Regular Season,3280,CD Sporting de Huelva,3272,Real Sociedad de Fútbol,1,2,11,available,Ciudad Deportiva Decáno del Fútbol Español,Marta Huerta de Aza
3910987,2023-11-26,11:00:00.000,182,281,Liga F,2023/2024,Spain,Regular Season,1105,Atletico Madrid W,18938,Granada W,2,0,10,available,Centro Deportivo Alcalá de Henares,Arantza Gallastegui Pérez
3910991,2023-11-25,21:30:00.000,182,281,Liga F,2023/2024,Spain,Regular Season,3281,Sevilla FC,3279,Real Betis Balompié,6,0,10,available,Estadio Jesús Navas,Elisabeth Calvo Valentín
3910980,2023-11-19,19:00:00.000,182,281,Liga F,2023/2024,Spain,Regular Season,3279,Real Betis Balompié,11864,FC Levante Badalona,1,0,9,available,Ciudad Deportiva Luis de Sol,Elia María Martínez Martínez
3910971,2023-11-11,11:00:00.000,182,281,Liga F,2023/2024,Spain,Regular Season,1105,Atletico Madrid W,3275,SD Eibar,3,0,8,available,Centro Deportivo Alcalá de Henares,María Planes Terol
3910956,2023-10-22,17:00:00.000,182,281,Liga F,2023/2024,Spain,Regular Season,11864,FC Levante Badalona,3281,Sevilla FC,1,2,6,available,Camp Municipal Les Planes,Paola Cebollada López
3910958,2023-10-21,13:00:00.000,182,281,Liga F,2023/2024,Spain,Regular Season,3279,Real Betis Balompié,3277,Valencia CF,2,2,6,available,Ciudad Deportiva Luis de Sol,Olatz Rivera Olmedo
3910974,2023-11-10,19:00:00.000,182,281,Liga F,2023/2024,Spain,Regular Season,3282,Real Madrid CF W,3272,Real Sociedad de Fútbol,7,1,8,available,Estadio Alfredo Di Stéfano,Paola Cebollada López
3910967,2023-11-04,14:30:00.000,182,281,Liga F,2023/2024,Spain,Regular Season,3279,Real Betis Balompié,3270,Athletic Club Bilbao,1,0,7,available,Ciudad Deportiva Luis de Sol,Ainara Andrea Acevedo Dudley
3910965,2023-11-04,13:00:00.000,182,281,Liga F,2023/2024,Spain,Regular Season,3272,Real Sociedad de Fútbol,6604,Villarreal,1,0,7,available,Instalaciones de Zubieta,Alicia Espinosa Ríos
3910977,2023-11-11,19:30:00.000,182,281,Liga F,2023/2024,Spain,Regular Season,3280,CD Sporting de Huelva,3279,Real Betis Balompié,1,3,8,available,Campo del CD Lamiya,Zulema González González
3910981,2023-11-18,17:00:00.000,182,281,Liga F,2023/2024,Spain,Regular Season,3272,Real Sociedad de Fútbol,3281,Sevilla FC,1,2,9,available,Instalaciones de Zubieta,Raquel Suárez González
3910985,2023-11-18,13:00:00.000,182,281,Liga F,2023/2024,Spain,Regular Season,3269,Costa Adeje Tenerife,3274,Levante UD Femenino,0,1,9,available,Campo de Fútbol de Adeje,Patricia Luna Varo
3910983,2023-11-18,21:30:00.000,182,281,Liga F,2023/2024,Spain,Regular Season,3277,Valencia CF,3270,Athletic Club Bilbao,1,2,9,available,Estadio Antonio Puchades,Amy Peñalver Pearce
3910966,2023-11-04,17:30:00.000,182,281,Liga F,2023/2024,Spain,Regular Season,3275,SD Eibar,3282,Real Madrid CF W,0,1,7,available,Estadio Municipal de Ipurúa,Elia María Martínez Martínez
3910982,2023-11-18,19:30:00.000,182,281,Liga F,2023/2024,Spain,Regular Season,3275,SD Eibar,3280,CD Sporting de Huelva,1,0,9,available,Estadio Municipal de Ipurúa,Alicia Espinosa Ríos
3910953,2023-10-14,19:30:00.000,182,281,Liga F,2023/2024,Spain,Regular Season,3272,Real Sociedad de Fútbol,3275,SD Eibar,3,1,5,available,Instalaciones de Zubieta,María Eugenia Gil
3910955,2023-10-21,19:30:00.000,182,281,Liga F,2023/2024,Spain,Regular Season,937,Barcelona WFC,18938,Granada W,6,1,6,available,Estadi Johan Cruyff,Elia María Martínez Martínez
3911648,2024-06-16,18:00:00.000,182,281,Liga F,2023/2024,Spain,Regular Season,3270,Athletic Club Bilbao,3281,Sevilla FC,2,1,30,available,San Mamés Barria,Elena Arnillas
3911646,2024-06-15,13:00:00.000,182,281,Liga F,2023/2024,Spain,Regular Season,3274,Levante UD Femenino,3278,Madrid CFF,3,0,30,available,Ciudad Deportiva de Buñol - Campo 1,Marta Huerta de Aza
3911643,2024-06-16,13:00:00.000,182,281,Liga F,2023/2024,Spain,Regular Season,3277,Valencia CF,937,Barcelona WFC,0,3,30,available,Estadio Antonio Puchades,Patricia Luna Varo
3911640,2024-06-09,21:30:00.000,182,281,Liga F,2023/2024,Spain,Regular Season,11864,FC Levante Badalona,3277,Valencia CF,3,0,29,available,Camp Municipal Les Planes,María Planes Terol
3911639,2024-06-09,21:30:00.000,182,281,Liga F,2023/2024,Spain,Regular Season,18938,Granada W,3274,Levante UD Femenino,0,3,29,available,Estadio Municipal Escribano Castilla,María Eugenia Gil
3911638,2024-06-09,13:00:00.000,182,281,Liga F,2023/2024,Spain,Regular Season,3278,Madrid CFF,3272,Real Sociedad de Fútbol,2,3,29,available,Estadio Fernando Torres,Zulema González González
3911636,2024-06-09,21:30:00.000,182,281,Liga F,2023/2024,Spain,Regular Season,937,Barcelona WFC,3279,Real Betis Balompié,5,1,29,available,Estadi Johan Cruyff,Elia María Martínez Martínez
3911635,2024-06-09,13:00:00.000,182,281,Liga F,2023/2024,Spain,Regular Season,3269,Costa Adeje Tenerife,3275,SD Eibar,1,1,29,available,Campo de Fútbol de Adeje,Beatriz Cuesta Arribas
3911634,2024-06-09,18:30:00.000,182,281,Liga F,2023/2024,Spain,Regular Season,3281,Sevilla FC,1105,Atletico Madrid W,1,1,29,available,Estadio Jesús Navas,Ainara Andrea Acevedo Dudley
3911632,2024-05-26,13:00:00.000,182,281,Liga F,2023/2024,Spain,Regular Season,3277,Valencia CF,3281,Sevilla FC,3,1,28,available,Estadio Antonio Puchades,María Eugenia Gil
3911631,2024-05-26,14:30:00.000,182,281,Liga F,2023/2024,Spain,Regular Season,3272,Real Sociedad de Fútbol,3282,Real Madrid CF W,1,2,28,available,Instalaciones de Zubieta,Patricia Luna Varo
3911629,2024-05-14,19:00:00.000,182,281,Liga F,2023/2024,Spain,Regular Season,3275,SD Eibar,937,Barcelona WFC,0,4,28,available,Estadio Municipal de Ipurúa,Raquel Suárez González
3911628,2024-05-26,19:30:00.000,182,281,Liga F,2023/2024,Spain,Regular Season,3279,Real Betis Balompié,3278,Madrid CFF,0,0,28,available,Ciudad Deportiva Luis de Sol,Amy Peñalver Pearce
3911625,2024-05-24,18:00:00.000,182,281,Liga F,2023/2024,Spain,Regular Season,1105,Atletico Madrid W,11864,FC Levante Badalona,3,1,28,available,Centro Deportivo Alcalá de Henares,Elia María Martínez Martínez
3911565,2024-05-12,13:00:00.000,182,281,Liga F,2023/2024,Spain,Regular Season,3269,Costa Adeje Tenerife,3272,Real Sociedad de Fútbol,0,1,27,available,Campo de Fútbol de Adeje,Alicia Espinosa Ríos
3911563,2024-05-11,19:00:00.000,182,281,Liga F,2023/2024,Spain,Regular Season,3282,Real Madrid CF W,1105,Atletico Madrid W,2,3,27,available,Estadio Alfredo Di Stéfano,Marta Huerta de Aza
3911561,2024-05-12,19:30:00.000,182,281,Liga F,2023/2024,Spain,Regular Season,3281,Sevilla FC,3280,CD Sporting de Huelva,2,0,27,available,Estadio Jesús Navas,Ylenia Sánchez Miguel
3911558,2024-05-04,17:00:00.000,182,281,Liga F,2023/2024,Spain,Regular Season,3277,Valencia CF,3275,SD Eibar,0,2,26,available,Estadio Antonio Puchades,Elisabeth Calvo Valentín
3911557,2024-05-05,17:00:00.000,182,281,Liga F,2023/2024,Spain,Regular Season,3280,CD Sporting de Huelva,11864,FC Levante Badalona,1,2,26,available,Ciudad Deportiva Decáno del Fútbol Español,María Eugenia Gil
3911555,2024-05-05,19:00:00.000,182,281,Liga F,2023/2024,Spain,Regular Season,3279,Real Betis Balompié,3281,Sevilla FC,1,1,26,available,Ciudad Deportiva Luis de Sol,Alicia Espinosa Ríos
3911554,2024-05-05,18:30:00.000,182,281,Liga F,2023/2024,Spain,Regular Season,3278,Madrid CFF,3282,Real Madrid CF W,0,1,26,available,Estadio Fernando Torres,Andrea Fernández Firvida
3911553,2024-05-05,13:00:00.000,182,281,Liga F,2023/2024,Spain,Regular Season,3274,Levante UD Femenino,3272,Real Sociedad de Fútbol,4,3,26,available,Ciudad Deportiva de Buñol - Campo 1,Ainara Andrea Acevedo Dudley
3911548,2024-04-28,16:00:00.000,182,281,Liga F,2023/2024,Spain,Regular Season,3282,Real Madrid CF W,11864,FC Levante Badalona,2,1,25,available,Estadio Alfredo Di Stéfano,Raquel Suárez González
3911547,2024-04-28,14:00:00.000,182,281,Liga F,2023/2024,Spain,Regular Season,3272,Real Sociedad de Fútbol,1105,Atletico Madrid W,0,2,25,available,Instalaciones de Zubieta,Elena Arnillas
3911546,2024-04-28,13:00:00.000,182,281,Liga F,2023/2024,Spain,Regular Season,3275,SD Eibar,3270,Athletic Club Bilbao,0,2,25,available,Estadio Municipal de Ipurúa,Patricia Luna Varo
3911544,2024-04-27,15:00:00.000,182,281,Liga F,2023/2024,Spain,Regular Season,3279,Real Betis Balompié,3280,CD Sporting de Huelva,3,1,25,available,Ciudad Deportiva Luis de Sol,Amy Peñalver Pearce
3911543,2024-05-01,19:00:00.000,182,281,Liga F,2023/2024,Spain,Regular Season,937,Barcelona WFC,3278,Madrid CFF,8,0,25,available,Estadi Johan Cruyff,Paola Cebollada López
3911542,2024-04-21,12:00:00.000,182,281,Liga F,2023/2024,Spain,Regular Season,6604,Villarreal,3281,Sevilla FC,1,2,24,available,Ciudad Deportiva del Villarreal,Arantza Gallastegui Pérez
3911541,2024-04-20,16:00:00.000,182,281,Liga F,2023/2024,Spain,Regular Season,3280,CD Sporting de Huelva,3275,SD Eibar,0,1,24,available,Ciudad Deportiva Decáno del Fútbol Español,Elena Arnillas
3911540,2024-04-21,16:00:00.000,182,281,Liga F,2023/2024,Spain,Regular Season,3277,Valencia CF,3272,Real Sociedad de Fútbol,3,0,24,available,Estadio Antonio Puchades,Raquel Suárez González
3911539,2024-04-24,18:00:00.000,182,281,Liga F,2023/2024,Spain,Regular Season,11864,FC Levante Badalona,937,Barcelona WFC,2,4,24,available,Camp Municipal Les Planes,Beatriz Cuesta Arribas
3911534,2024-04-13,16:00:00.000,182,281,Liga F,2023/2024,Spain,Regular Season,11864,FC Levante Badalona,3279,Real Betis Balompié,1,2,23,available,Camp Municipal Les Planes,Zulema González González
3911533,2024-04-14,14:00:00.000,182,281,Liga F,2023/2024,Spain,Regular Season,3269,Costa Adeje Tenerife,3278,Madrid CFF,2,2,23,available,Campo de Fútbol de Adeje,María Planes Terol
3911531,2024-04-14,17:00:00.000,182,281,Liga F,2023/2024,Spain,Regular Season,3282,Real Madrid CF W,18938,Granada W,5,0,23,available,Estadio Alfredo Di Stéfano,Ylenia Sánchez Miguel
3911527,2024-04-14,10:00:00.000,182,281,Liga F,2023/2024,Spain,Regular Season,3270,Athletic Club Bilbao,1105,Atletico Madrid W,1,0,23,available,Instalaciones de Lezama Campo 2,Ainara Andrea Acevedo Dudley
3911524,2024-03-31,18:00:00.000,182,281,Liga F,2023/2024,Spain,Regular Season,3274,Levante UD Femenino,937,Barcelona WFC,0,5,22,available,Estadio Ciudad de Valencia,Marta Huerta de Aza
3911522,2024-03-30,15:00:00.000,182,281,Liga F,2023/2024,Spain,Regular Season,3279,Real Betis Balompié,3275,SD Eibar,0,0,22,available,Ciudad Deportiva Luis de Sol,Ainara Andrea Acevedo Dudley
3911519,2024-03-31,16:00:00.000,182,281,Liga F,2023/2024,Spain,Regular Season,3270,Athletic Club Bilbao,11864,FC Levante Badalona,4,1,22,available,Instalaciones de Lezama Campo 2,Raquel Suárez González
3911516,2024-03-23,21:00:00.000,182,281,Liga F,2023/2024,Spain,Regular Season,3277,Valencia CF,18938,Granada W,4,1,21,available,Estadio Antonio Puchades,Elia María Martínez Martínez
3911514,2024-03-24,11:00:00.000,182,281,Liga F,2023/2024,Spain,Regular Season,3275,SD Eibar,1105,Atletico Madrid W,1,1,21,available,Estadio Municipal de Ipurúa,Amy Peñalver Pearce
3911512,2024-03-24,17:00:00.000,182,281,Liga F,2023/2024,Spain,Regular Season,3278,Madrid CFF,3280,CD Sporting de Huelva,2,1,21,available,Estadio Fernando Torres,Arantza Gallastegui Pérez
3911511,2024-03-24,15:00:00.000,182,281,Liga F,2023/2024,Spain,Regular Season,11864,FC Levante Badalona,6604,Villarreal,1,1,21,available,Camp Municipal Les Planes,Alicia Espinosa Ríos
3911509,2024-03-16,13:00:00.000,182,281,Liga F,2023/2024,Spain,Regular Season,6604,Villarreal,3278,Madrid CFF,1,4,20,available,Ciudad Deportiva del Villarreal,Ainara Andrea Acevedo Dudley
3911507,2024-03-16,19:00:00.000,182,281,Liga F,2023/2024,Spain,Regular Season,3281,Sevilla FC,11864,FC Levante Badalona,3,0,20,available,Estadio Jesús Navas,Andrea Fernández Firvida
3911505,2024-03-17,15:00:00.000,182,281,Liga F,2023/2024,Spain,Regular Season,3279,Real Betis Balompié,3272,Real Sociedad de Fútbol,0,0,20,available,Estadio de La Cartuja,Elisabeth Calvo Valentín
3911502,2024-03-09,13:00:00.000,182,281,Liga F,2023/2024,Spain,Regular Season,3269,Costa Adeje Tenerife,6604,Villarreal,1,1,19,available,Campo de Fútbol de Adeje,Ylenia Sánchez Miguel
3911500,2024-03-10,17:00:00.000,182,281,Liga F,2023/2024,Spain,Regular Season,3277,Valencia CF,3279,Real Betis Balompié,2,2,19,available,Estadio Antonio Puchades,Zulema González González
3911497,2024-03-10,13:00:00.000,182,281,Liga F,2023/2024,Spain,Regular Season,3274,Levante UD Femenino,3270,Athletic Club Bilbao,1,2,19,available,Ciudad Deportiva de Buñol - Campo 1,Alicia Espinosa Ríos
3911494,2024-02-17,13:00:00.000,182,281,Liga F,2023/2024,Spain,Regular Season,3280,CD Sporting de Huelva,3277,Valencia CF,1,3,18,available,Ciudad Deportiva Decáno del Fútbol Español,Arantza Gallastegui Pérez
3911493,2024-02-17,17:30:00.000,182,281,Liga F,2023/2024,Spain,Regular Season,6604,Villarreal,3272,Real Sociedad de Fútbol,1,1,18,available,Ciudad Deportiva del Villarreal,Amy Peñalver Pearce
3911492,2024-02-18,13:00:00.000,182,281,Liga F,2023/2024,Spain,Regular Season,3275,SD Eibar,3274,Levante UD Femenino,0,0,18,available,Estadio Municipal de Ipurúa,Patricia Luna Varo
3911490,2024-02-17,15:00:00.000,182,281,Liga F,2023/2024,Spain,Regular Season,18938,Granada W,3281,Sevilla FC,2,2,18,available,Ciudad Deportiva del Granada CF,Marta Huerta de Aza
3911489,2024-02-18,12:30:00.000,182,281,Liga F,2023/2024,Spain,Regular Season,937,Barcelona WFC,1105,Atletico Madrid W,2,0,18,available,Estadi Johan Cruyff,Olatz Rivera Olmedo
3911488,2024-02-17,15:30:00.000,182,281,Liga F,2023/2024,Spain,Regular Season,3270,Athletic Club Bilbao,3279,Real Betis Balompié,1,0,18,available,Estadio San Mamés,Beatriz Cuesta Arribas
3911487,2024-02-18,19:00:00.000,182,281,Liga F,2023/2024,Spain,Regular Season,3278,Madrid CFF,11864,FC Levante Badalona,2,1,18,available,Estadio Fernando Torres,Elia María Martínez Martínez
3911486,2024-02-11,15:00:00.000,182,281,Liga F,2023/2024,Spain,Regular Season,1105,Atletico Madrid W,3278,Madrid CFF,1,1,17,available,Centro Deportivo Alcalá de Henares,María Eugenia Gil
3911485,2024-02-11,13:00:00.000,182,281,Liga F,2023/2024,Spain,Regular Season,3274,Levante UD Femenino,3269,Costa Adeje Tenerife,1,0,17,available,Ciudad Deportiva de Buñol - Campo 1,Ainara Andrea Acevedo Dudley
3911484,2024-02-11,13:00:00.000,182,281,Liga F,2023/2024,Spain,Regular Season,3279,Real Betis Balompié,3282,Real Madrid CF W,1,4,17,available,Ciudad Deportiva Luis de Sol,Elena Arnillas
3911483,2024-02-11,19:00:00.000,182,281,Liga F,2023/2024,Spain,Regular Season,3280,CD Sporting de Huelva,3270,Athletic Club Bilbao,1,2,17,available,Ciudad Deportiva Decáno del Fútbol Español,Elisabeth Calvo Valentín
3911482,2024-02-10,19:30:00.000,182,281,Liga F,2023/2024,Spain,Regular Season,3281,Sevilla FC,937,Barcelona WFC,0,3,17,available,Estadio Jesús Navas,Paola Cebollada López
3911481,2024-02-11,13:00:00.000,182,281,Liga F,2023/2024,Spain,Regular Season,3272,Real Sociedad de Fútbol,18938,Granada W,1,1,17,available,Instalaciones de Zubieta,María Planes Terol
3911480,2024-02-10,13:00:00.000,182,281,Liga F,2023/2024,Spain,Regular Season,11864,FC Levante Badalona,3275,SD Eibar,1,1,17,available,Camp Municipal Les Planes,Zulema González González
3911479,2024-02-10,15:30:00.000,182,281,Liga F,2023/2024,Spain,Regular Season,3277,Valencia CF,6604,Villarreal,0,1,17,available,Estadio de Mestalla,Olatz Rivera Olmedo
3911478,2024-02-04,15:00:00.000,182,281,Liga F,2023/2024,Spain,Regular Season,3269,Costa Adeje Tenerife,11864,FC Levante Badalona,1,1,16,available,Campo de Fútbol de Adeje,Arantza Gallastegui Pérez
3911476,2024-02-04,13:00:00.000,182,281,Liga F,2023/2024,Spain,Regular Season,3275,SD Eibar,3272,Real Sociedad de Fútbol,0,2,16,available,Estadio Municipal de Ipurúa,Alicia Espinosa Ríos
3911473,2024-02-03,15:00:00.000,182,281,Liga F,2023/2024,Spain,Regular Season,3278,Madrid CFF,3281,Sevilla FC,3,3,16,available,Estadio Fernando Torres,Olatz Rivera Olmedo
3911471,2024-02-03,15:30:00.000,182,281,Liga F,2023/2024,Spain,Regular Season,1105,Atletico Madrid W,3274,Levante UD Femenino,0,1,16,available,Centro Deportivo Alcalá de Henares,Amy Peñalver Pearce
3911315,2024-01-28,15:00:00.000,182,281,Liga F,2023/2024,Spain,Regular Season,3279,Real Betis Balompié,937,Barcelona WFC,0,6,15,available,Ciudad Deportiva Luis de Sol,María Planes Terol
3911310,2024-01-28,21:30:00.000,182,281,Liga F,2023/2024,Spain,Regular Season,3281,Sevilla FC,3275,SD Eibar,3,0,15,available,Estadio Jesús Navas,Elia María Martínez Martínez
3911304,2024-01-21,17:30:00.000,182,281,Liga F,2023/2024,Spain,Regular Season,3275,SD Eibar,3277,Valencia CF,1,0,14,available,Estadio Municipal de Ipurúa,María Planes Terol
3911299,2024-01-07,15:00:00.000,182,281,Liga F,2023/2024,Spain,Regular Season,3279,Real Betis Balompié,18938,Granada W,2,3,13,available,Ciudad Deportiva Luis de Sol,María Eugenia Gil
3911298,2024-01-07,13:00:00.000,182,281,Liga F,2023/2024,Spain,Regular Season,3270,Athletic Club Bilbao,3275,SD Eibar,2,0,13,available,Instalaciones de Lezama Campo 2,Ylenia Sánchez Miguel
3911295,2024-01-06,21:30:00.000,182,281,Liga F,2023/2024,Spain,Regular Season,6604,Villarreal,3274,Levante UD Femenino,0,5,13,available,Mini Estadi,Paola Cebollada López
3911292,2024-01-07,13:00:00.000,182,281,Liga F,2023/2024,Spain,Regular Season,3272,Real Sociedad de Fútbol,3269,Costa Adeje Tenerife,3,3,13,available,Instalaciones de Zubieta,Ainara Andrea Acevedo Dudley
3911008,2023-12-17,13:00:00.000,182,281,Liga F,2023/2024,Spain,Regular Season,3269,Costa Adeje Tenerife,937,Barcelona WFC,0,2,12,available,Estadio Heliodoro Rodríguez Lopéz,Amy Peñalver Pearce
3911007,2023-12-17,19:30:00.000,182,281,Liga F,2023/2024,Spain,Regular Season,3281,Sevilla FC,3270,Athletic Club Bilbao,1,1,12,available,Estadio Jesús Navas,María Planes Terol
3911005,2023-12-16,17:30:00.000,182,281,Liga F,2023/2024,Spain,Regular Season,3274,Levante UD Femenino,3280,CD Sporting de Huelva,2,0,12,available,Ciudad Deportiva de Buñol - Campo 1,Arantza Gallastegui Pérez
3911001,2023-12-09,17:30:00.000,182,281,Liga F,2023/2024,Spain,Regular Season,937,Barcelona WFC,3275,SD Eibar,5,0,11,available,Estadi Johan Cruyff,Elisabeth Calvo Valentín
3910999,2023-12-10,19:30:00.000,182,281,Liga F,2023/2024,Spain,Regular Season,3277,Valencia CF,3278,Madrid CFF,3,4,11,available,Estadio Antonio Puchades,Ainara Andrea Acevedo Dudley
3910997,2023-12-10,15:00:00.000,182,281,Liga F,2023/2024,Spain,Regular Season,6604,Villarreal,11864,FC Levante Badalona,2,2,11,available,Ciudad Deportiva del Villarreal,Patricia Luna Varo
3910994,2023-11-26,19:00:00.000,182,281,Liga F,2023/2024,Spain,Regular Season,3270,Athletic Club Bilbao,937,Barcelona WFC,0,4,10,available,Instalaciones de Lezama Campo 2,Paola Cebollada López
3910993,2023-11-25,13:00:00.000,182,281,Liga F,2023/2024,Spain,Regular Season,6604,Villarreal,3269,Costa Adeje Tenerife,1,1,10,available,Ciudad Deportiva del Villarreal,Ylenia Sánchez Miguel
3910992,2023-11-25,17:00:00.000,182,281,Liga F,2023/2024,Spain,Regular Season,3274,Levante UD Femenino,3275,SD Eibar,3,0,10,available,Ciudad Deportiva de Buñol - Campo 1,Elena Arnillas
3910990,2023-11-25,13:00:00.000,182,281,Liga F,2023/2024,Spain,Regular Season,3272,Real Sociedad de Fútbol,3277,Valencia CF,2,0,10,available,Instalaciones de Zubieta,María Planes Terol
3910989,2023-11-26,13:00:00.000,182,281,Liga F,2023/2024,Spain,Regular Season,3282,Real Madrid CF W,3280,CD Sporting de Huelva,5,2,10,available,Estadio Alfredo Di Stéfano,Elia María Martínez Martínez
3910988,2023-11-26,17:00:00.000,182,281,Liga F,2023/2024,Spain,Regular Season,11864,FC Levante Badalona,3278,Madrid CFF,3,4,10,available,Camp Municipal Les Planes,Zulema González González
3910986,2023-11-19,11:00:00.000,182,281,Liga F,2023/2024,Spain,Regular Season,937,Barcelona WFC,3282,Real Madrid CF W,5,0,9,available,Estadi Olímpic Lluís Companys,María Eugenia Gil
3910979,2023-11-19,15:00:00.000,182,281,Liga F,2023/2024,Spain,Regular Season,18938,Granada W,6604,Villarreal,1,2,9,available,Ciudad Deportiva del Granada CF,Elisabeth Calvo Valentín
3910978,2023-11-12,19:30:00.000,182,281,Liga F,2023/2024,Spain,Regular Season,3270,Athletic Club Bilbao,3278,Madrid CFF,1,2,8,available,Instalaciones de Lezama Campo 2,María Eugenia Gil
3910976,2023-11-12,13:00:00.000,182,281,Liga F,2023/2024,Spain,Regular Season,3281,Sevilla FC,18938,Granada W,1,0,8,available,Estadio Jesús Navas,Beatriz Cuesta Arribas
3910975,2023-11-11,17:30:00.000,182,281,Liga F,2023/2024,Spain,Regular Season,6604,Villarreal,937,Barcelona WFC,0,6,8,available,Ciudad Deportiva del Villarreal,Andrea Fernández Firvida
3910973,2023-11-12,17:30:00.000,182,281,Liga F,2023/2024,Spain,Regular Season,3274,Levante UD Femenino,3277,Valencia CF,3,1,8,available,Estadio Ciudad de Valencia,Ainara Andrea Acevedo Dudley
3910972,2023-11-12,13:00:00.000,182,281,Liga F,2023/2024,Spain,Regular Season,11864,FC Levante Badalona,3269,Costa Adeje Tenerife,3,1,8,available,Camp Municipal Les Planes,Olatz Rivera Olmedo
3910969,2023-11-05,19:30:00.000,182,281,Liga F,2023/2024,Spain,Regular Season,3278,Madrid CFF,3274,Levante UD Femenino,0,1,7,available,Estadio Fernando Torres,Zulema González González
3910964,2023-11-05,17:00:00.000,182,281,Liga F,2023/2024,Spain,Regular Season,937,Barcelona WFC,3281,Sevilla FC,8,0,7,available,Estadi Johan Cruyff,Arantza Gallastegui Pérez
3910963,2023-11-05,14:30:00.000,182,281,Liga F,2023/2024,Spain,Regular Season,18938,Granada W,11864,FC Levante Badalona,0,1,7,available,Ciudad Deportiva del Granada CF,Elena Arnillas
3910962,2023-10-22,13:00:00.000,182,281,Liga F,2023/2024,Spain,Regular Season,3270,Athletic Club Bilbao,3272,Real Sociedad de Fútbol,2,1,6,available,Instalaciones de Lezama Campo 2,Elena Arnillas
3910961,2023-10-22,16:30:00.000,182,281,Liga F,2023/2024,Spain,Regular Season,3282,Real Madrid CF W,3274,Levante UD Femenino,1,2,6,available,Estadio Alfredo Di Stéfano,Ylenia Sánchez Miguel
3910960,2023-10-21,14:00:00.000,182,281,Liga F,2023/2024,Spain,Regular Season,3280,CD Sporting de Huelva,1105,Atletico Madrid W,0,2,6,available,Ciudad Deportiva Decáno del Fútbol Español,María Planes Terol
3910959,2023-10-21,13:00:00.000,182,281,Liga F,2023/2024,Spain,Regular Season,3275,SD Eibar,6604,Villarreal,0,0,6,available,Estadio Municipal de Ipurúa,Marta Huerta de Aza
3910957,2023-10-22,13:00:00.000,182,281,Liga F,2023/2024,Spain,Regular Season,3278,Madrid CFF,3269,Costa Adeje Tenerife,3,2,6,available,Estadio Fernando Torres,Beatriz Cuesta Arribas
3910951,2023-10-15,13:00:00.000,182,281,Liga F,2023/2024,Spain,Regular Season,3280,CD Sporting de Huelva,3278,Madrid CFF,1,3,5,available,Campo Federativo de la Orden,Ainara Andrea Acevedo Dudley
3910950,2023-10-15,17:30:00.000,182,281,Liga F,2023/2024,Spain,Regular Season,3274,Levante UD Femenino,11864,FC Levante Badalona,1,1,5,available,Ciudad Deportiva de Buñol - Campo 1,Arantza Gallastegui Pérez
3910949,2023-10-14,13:00:00.000,182,281,Liga F,2023/2024,Spain,Regular Season,6604,Villarreal,3270,Athletic Club Bilbao,3,0,5,available,Ciudad Deportiva del Villarreal,Elia María Martínez Martínez
3910948,2023-10-14,21:30:00.000,182,281,Liga F,2023/2024,Spain,Regular Season,3281,Sevilla FC,3277,Valencia CF,1,2,5,available,Estadio Jesús Navas,Alicia Espinosa Ríos
3910947,2023-10-14,14:30:00.000,182,281,Liga F,2023/2024,Spain,Regular Season,18938,Granada W,3282,Real Madrid CF W,2,5,5,available,Ciudad Deportiva del Granada CF,María Planes Terol
3910946,2023-10-09,21:00:00.000,182,281,Liga F,2023/2024,Spain,Regular Season,3277,Valencia CF,11864,FC Levante Badalona,1,1,4,available,Estadio Antonio Puchades,Beatriz Cuesta Arribas
3910945,2023-10-07,18:30:00.000,182,281,Liga F,2023/2024,Spain,Regular Season,3282,Real Madrid CF W,6604,Villarreal,1,0,4,available,Estadio Alfredo Di Stéfano,Ainara Andrea Acevedo Dudley
3910944,2023-10-08,14:00:00.000,182,281,Liga F,2023/2024,Spain,Regular Season,3279,Real Betis Balompié,3274,Levante UD Femenino,0,4,4,available,Ciudad Deportiva Luis de Sol,Elisabeth Calvo Valentín
3910943,2023-10-08,19:30:00.000,182,281,Liga F,2023/2024,Spain,Regular Season,937,Barcelona WFC,3272,Real Sociedad de Fútbol,3,0,4,available,Estadi Johan Cruyff,Amy Peñalver Pearce
3910941,2023-10-09,19:00:00.000,182,281,Liga F,2023/2024,Spain,Regular Season,3270,Athletic Club Bilbao,3280,CD Sporting de Huelva,3,0,4,available,Instalaciones de Lezama Campo 2,Andrea Fernández Firvida
3910940,2023-10-08,13:00:00.000,182,281,Liga F,2023/2024,Spain,Regular Season,3275,SD Eibar,3269,Costa Adeje Tenerife,0,1,4,available,Estadio Municipal de Ipurúa,Patricia Luna Varo
3910939,2023-10-08,17:30:00.000,182,281,Liga F,2023/2024,Spain,Regular Season,3278,Madrid CFF,18938,Granada W,1,0,4,available,Estadio Fernando Torres,Olatz Rivera Olmedo
3910938,2023-10-01,18:00:00.000,182,281,Liga F,2023/2024,Spain,Regular Season,11864,FC Levante Badalona,3270,Athletic Club Bilbao,2,1,3,available,Camp Municipal Les Planes,Raquel Suárez González
3910936,2023-10-01,20:00:00.000,182,281,Liga F,2023/2024,Spain,Regular Season,3280,CD Sporting de Huelva,937,Barcelona WFC,1,2,3,available,Estadio Nuevo Colombino,Beatriz Cuesta Arribas
3910935,2023-10-01,13:00:00.000,182,281,Liga F,2023/2024,Spain,Regular Season,3272,Real Sociedad de Fútbol,3279,Real Betis Balompié,2,1,3,available,Instalaciones de Zubieta,Ylenia Sánchez Miguel
3910933,2023-09-30,12:00:00.000,182,281,Liga F,2023/2024,Spain,Regular Season,3281,Sevilla FC,3278,Madrid CFF,1,5,3,available,Estadio Jesús Navas,Paola Cebollada López
3910932,2023-09-30,13:00:00.000,182,281,Liga F,2023/2024,Spain,Regular Season,18938,Granada W,3275,SD Eibar,1,2,3,available,Estadio Nuevo Los Cármenes,Amy Peñalver Pearce
3910931,2023-09-30,20:00:00.000,182,281,Liga F,2023/2024,Spain,Regular Season,6604,Villarreal,3277,Valencia CF,1,2,3,available,Ciudad Deportiva del Villarreal,Elisabeth Calvo Valentín
3910751,2023-09-17,22:00:00.000,182,281,Liga F,2023/2024,Spain,Regular Season,3274,Levante UD Femenino,3281,Sevilla FC,2,0,2,available,Ciudad Deportiva de Buñol - Campo 1,Ainara Andrea Acevedo Dudley
3910750,2023-09-17,20:00:00.000,182,281,Liga F,2023/2024,Spain,Regular Season,18938,Granada W,3272,Real Sociedad de Fútbol,2,1,2,available,Estadio Nuevo Los Cármenes,Elisabeth Calvo Valentín
3910749,2023-09-17,13:00:00.000,182,281,Liga F,2023/2024,Spain,Regular Season,3269,Costa Adeje Tenerife,3280,CD Sporting de Huelva,2,0,2,available,Estadio La Palmera,Alicia Espinosa Ríos
3910748,2023-09-16,20:00:00.000,182,281,Liga F,2023/2024,Spain,Regular Season,3278,Madrid CFF,937,Barcelona WFC,0,2,2,available,Estadio Fernando Torres,Patricia Luna Varo
3910747,2023-09-16,13:00:00.000,182,281,Liga F,2023/2024,Spain,Regular Season,3275,SD Eibar,11864,FC Levante Badalona,1,2,2,available,Estadio Municipal de Ipurúa,Andrea Fernández Firvida
3910746,2023-09-16,10:00:00.000,182,281,Liga F,2023/2024,Spain,Regular Season,1105,Atletico Madrid W,3270,Athletic Club Bilbao,3,0,2,available,Centro Deportivo Alcalá de Henares,Marta Huerta de Aza
3910745,2023-09-16,18:00:00.000,182,281,Liga F,2023/2024,Spain,Regular Season,3279,Real Betis Balompié,6604,Villarreal,1,0,2,available,Ciudad Deportiva Luis de Sol,María Eugenia Gil
3910744,2023-09-15,19:00:00.000,182,281,Liga F,2023/2024,Spain,Regular Season,3277,Valencia CF,3282,Real Madrid CF W,0,2,2,available,Estadio Antonio Puchades,Olatz Rivera Olmedo
3910743,2023-10-03,19:00:00.000,182,281,Liga F,2023/2024,Spain,Regular Season,6604,Villarreal,1105,Atletico Madrid W,1,3,1,available,Ciudad Deportiva del Villarreal,Arantza Gallastegui Pérez
3910742,2023-10-05,19:00:00.000,182,281,Liga F,2023/2024,Spain,Regular Season,11864,FC Levante Badalona,3280,CD Sporting de Huelva,1,1,1,available,Camp Municipal Les Planes,Amy Peñalver Pearce
3910741,2023-10-04,20:00:00.000,182,281,Liga F,2023/2024,Spain,Regular Season,3272,Real Sociedad de Fútbol,3274,Levante UD Femenino,1,1,1,available,Instalaciones de Zubieta,Alicia Espinosa Ríos
3910740,2023-10-05,21:00:00.000,182,281,Liga F,2023/2024,Spain,Regular Season,937,Barcelona WFC,3277,Valencia CF,6,0,1,available,Estadi Johan Cruyff,Paola Cebollada López
3910739,2023-10-04,19:00:00.000,182,281,Liga F,2023/2024,Spain,Regular Season,3270,Athletic Club Bilbao,18938,Granada W,1,0,1,available,Instalaciones de Lezama Campo 2,Beatriz Cuesta Arribas
3910738,2023-10-04,21:00:00.000,182,281,Liga F,2023/2024,Spain,Regular Season,3275,SD Eibar,3278,Madrid CFF,1,6,1,available,Estadio Municipal de Ipurúa,Ylenia Sánchez Miguel
3910737,2023-10-04,18:00:00.000,182,281,Liga F,2023/2024,Spain,Regular Season,3282,Real Madrid CF W,3279,Real Betis Balompié,5,1,1,available,Estadio Alfredo Di Stéfano,Raquel Suárez González
3910736,2023-10-04,19:00:00.000,182,281,Liga F,2023/2024,Spain,Regular Season,3281,Sevilla FC,3269,Costa Adeje Tenerife,5,1,1,available,Estadio Jesús Navas,Zulema González González
3889115,1997-10-25,01:00:00.000,81,48,Liga Profesional,1997/1998,Argentina,Apertura,1324,River Plate,1328,Boca Juniors,1,2,10,available,Estadio Mâs Monumental,
3889082,1981-04-10,00:00:00.000,81,275,Liga Profesional,1981,Argentina,Regular Season,1328,Boca Juniors,1324,River Plate,3,0,10,available,La Bombonera,Arturo Andrés Ithurralde
3838017,2023-06-03,22:00:00.000,7,235,Ligue 1,2022/2023,France,Regular Season,131,Paris Saint-Germain,152,Clermont Foot,2,3,38,available,Parc des Princes ,Thomas Léonard
3837987,2023-05-13,22:00:00.000,7,235,Ligue 1,2022/2023,France,Regular Season,131,Paris Saint-Germain,158,AC Ajaccio,5,0,35,available,Parc des Princes ,Pierre Gaillouste
3837928,2023-04-02,20:45:00.000,7,235,Ligue 1,2022/2023,France,Regular Season,131,Paris Saint-Germain,137,Lyon,0,1,29,available,Parc des Princes ,François Letexier
3837918,2023-03-19,18:05:00.000,7,235,Ligue 1,2022/2023,France,Regular Season,131,Paris Saint-Germain,134,Rennes,0,2,28,available,Parc des Princes ,Willy Delajod
3837902,2023-03-11,22:00:00.000,7,235,Ligue 1,2022/2023,France,Regular Season,153,Stade Brestois,131,Paris Saint-Germain,1,2,27,available,Stade Francis-Le Blé,Marc Bollengier
3837885,2023-02-26,19:45:00.000,7,235,Ligue 1,2022/2023,France,Regular Season,147,Olympique de Marseille,131,Paris Saint-Germain,0,3,25,available,Orange Vélodrome,Clément Turpin
3837876,2023-02-19,14:00:00.000,7,235,Ligue 1,2022/2023,France,Regular Season,131,Paris Saint-Germain,143,Lille,4,3,24,available,Parc des Princes ,Willy Delajod
3837839,2023-01-29,21:45:00.000,7,235,Ligue 1,2022/2023,France,Regular Season,131,Paris Saint-Germain,156,Stade de Reims,1,1,20,available,Parc des Princes ,Ruddy Buquet
3837827,2023-01-15,21:45:00.000,7,235,Ligue 1,2022/2023,France,Regular Season,134,Rennes,131,Paris Saint-Germain,1,0,19,available,Roazhon Park,Benoît Bastien
3837818,2023-01-11,22:00:00.000,7,235,Ligue 1,2022/2023,France,Regular Season,131,Paris Saint-Germain,145,Angers,2,0,18,available,Parc des Princes ,Eric Wattellier
3837785,2022-11-13,14:00:00.000,7,235,Ligue 1,2022/2023,France,Regular Season,131,Paris Saint-Germain,167,Auxerre,5,0,15,available,Parc des Princes ,Thomas Léonard
3837747,2022-10-16,20:45:00.000,7,235,Ligue 1,2022/2023,France,Regular Season,131,Paris Saint-Germain,147,Olympique de Marseille,1,0,11,available,Parc des Princes ,Clément Turpin
3837680,2022-08-28,20:45:00.000,7,235,Ligue 1,2022/2023,France,Regular Season,131,Paris Saint-Germain,129,AS Monaco,1,1,4,available,Parc des Princes ,Benoît Bastien
3837659,2022-08-13,21:00:00.000,7,235,Ligue 1,2022/2023,France,Regular Season,131,Paris Saint-Germain,139,Montpellier,5,2,2,available,Parc des Princes ,Willy Delajod
3837650,2022-08-06,21:00:00.000,7,235,Ligue 1,2022/2023,France,Regular Season,152,Clermont Foot,131,Paris Saint-Germain,0,5,1,available,Stade Gabriel Montpied,Jeremy Stinat
3838004,2023-05-27,22:00:00.000,7,235,Ligue 1,2022/2023,France,Regular Season,138,Strasbourg,131,Paris Saint-Germain,1,1,37,available,Stade de la Meinau ,Jérôme Brisard
3837998,2023-05-21,21:45:00.000,7,235,Ligue 1,2022/2023,France,Regular Season,167,Auxerre,131,Paris Saint-Germain,1,2,36,available,Stade de l''Abbé Deschamps,Benoît Bastien
3837963,2023-04-30,18:05:00.000,7,235,Ligue 1,2022/2023,France,Regular Season,131,Paris Saint-Germain,165,Lorient,1,3,33,available,Parc des Princes ,Jérôme Brisard
3837954,2023-04-21,21:00:00.000,7,235,Ligue 1,2022/2023,France,Regular Season,145,Angers,131,Paris Saint-Germain,1,2,32,available,Stade Raymond-Kopa,Eric Wattellier
3837947,2023-04-15,21:00:00.000,7,235,Ligue 1,2022/2023,France,Regular Season,131,Paris Saint-Germain,168,Lens,3,1,31,available,Parc des Princes ,Willy Delajod
3837938,2023-04-08,21:00:00.000,7,235,Ligue 1,2022/2023,France,Regular Season,136,OGC Nice,131,Paris Saint-Germain,0,2,30,available,Allianz Riviera ,Jérémie Pignard
3837896,2023-03-04,22:00:00.000,7,235,Ligue 1,2022/2023,France,Regular Season,131,Paris Saint-Germain,144,Nantes,4,2,26,available,Parc des Princes ,Jeremy Stinat
3837859,2023-02-04,18:00:00.000,7,235,Ligue 1,2022/2023,France,Regular Season,131,Paris Saint-Germain,130,Toulouse,2,1,22,available,Parc des Princes ,Bastien Dechepy
3837844,2023-02-01,22:00:00.000,7,235,Ligue 1,2022/2023,France,Regular Season,139,Montpellier,131,Paris Saint-Germain,1,3,21,available,Stade de la Mosson ,Jérémie Pignard
3837771,2022-10-29,17:00:00.000,7,235,Ligue 1,2022/2023,France,Regular Season,131,Paris Saint-Germain,133,Troyes,4,3,13,available,Parc des Princes ,Eric Wattellier
3837752,2022-10-21,21:00:00.000,7,235,Ligue 1,2022/2023,France,Regular Season,158,AC Ajaccio,131,Paris Saint-Germain,0,3,12,available,Stade Michel-Moretti,Johan Hamel
3837727,2022-10-01,21:00:00.000,7,235,Ligue 1,2022/2023,France,Regular Season,131,Paris Saint-Germain,136,OGC Nice,2,1,9,available,Parc des Princes ,Jérôme Brisard
3837717,2022-09-18,20:45:00.000,7,235,Ligue 1,2022/2023,France,Regular Season,137,Lyon,131,Paris Saint-Germain,0,1,8,available,Groupama Stadium,François Letexier
3837706,2022-09-10,17:00:00.000,7,235,Ligue 1,2022/2023,France,Regular Season,131,Paris Saint-Germain,153,Stade Brestois,1,0,7,available,Parc des Princes ,Jérémie Pignard
3837695,2022-09-03,21:00:00.000,7,235,Ligue 1,2022/2023,France,Regular Season,144,Nantes,131,Paris Saint-Germain,0,3,6,available,Stade de la Beaujoire - Louis Fonteneau,Pierre Gaillouste
3837683,2022-08-31,21:00:00.000,7,235,Ligue 1,2022/2023,France,Regular Season,130,Toulouse,131,Paris Saint-Germain,0,3,5,available,Stadium de Toulouse,Hakim Ben El Hadj Salem
3837662,2022-08-21,20:45:00.000,7,235,Ligue 1,2022/2023,France,Regular Season,143,Lille,131,Paris Saint-Germain,1,7,3,available,Decathlon Arena – Stade Pierre-Mauroy,Clément Turpin
3802643,2022-04-29,21:00:00.000,7,108,Ligue 1,2021/2022,France,Regular Season,138,Strasbourg,131,Paris Saint-Germain,3,3,35,available,Stade de la Meinau ,Ruddy Buquet
3803000,2022-04-09,21:00:00.000,7,108,Ligue 1,2021/2022,France,Regular Season,152,Clermont Foot,131,Paris Saint-Germain,1,6,31,available,Stade Gabriel Montpied,Eric Wattellier
3802802,2022-01-23,21:45:00.000,7,108,Ligue 1,2021/2022,France,Regular Season,131,Paris Saint-Germain,156,Stade de Reims,4,0,22,available,Parc des Princes ,Eric Wattellier
3802696,2021-08-29,20:45:00.000,7,108,Ligue 1,2021/2022,France,Regular Season,156,Stade de Reims,131,Paris Saint-Germain,0,2,4,available,Stade Auguste-Delaune II ,François Letexier
3802699,2021-10-29,21:00:00.000,7,108,Ligue 1,2021/2022,France,Regular Season,131,Paris Saint-Germain,143,Lille,2,1,12,available,Parc des Princes ,Amaury Delerue
3802685,2021-12-04,22:00:00.000,7,108,Ligue 1,2021/2022,France,Regular Season,168,Lens,131,Paris Saint-Germain,1,1,17,available,Stade Bollaert-Delelis,François Letexier
3802665,2022-05-14,21:00:00.000,7,108,Ligue 1,2021/2022,France,Regular Season,139,Montpellier,131,Paris Saint-Germain,0,4,37,available,Stade de la Mosson ,Jeremy Stinat
3802752,2021-09-19,20:45:00.000,7,108,Ligue 1,2021/2022,France,Regular Season,131,Paris Saint-Germain,137,Lyon,2,1,6,available,Parc des Princes ,Clément Turpin
3802809,2021-10-03,13:00:00.000,7,108,Ligue 1,2021/2022,France,Regular Season,134,Rennes,131,Paris Saint-Germain,2,0,9,available,Roazhon Park,Ruddy Buquet
3802676,2022-04-23,21:00:00.000,7,108,Ligue 1,2021/2022,France,Regular Season,131,Paris Saint-Germain,168,Lens,1,1,34,available,Parc des Princes ,Amaury Delerue
3802983,2022-04-17,18:45:00.000,7,108,Ligue 1,2021/2022,France,Regular Season,131,Paris Saint-Germain,147,Olympique de Marseille,2,1,32,available,Parc des Princes ,François Letexier
3802907,2022-02-06,21:45:00.000,7,108,Ligue 1,2021/2022,France,Regular Season,143,Lille,131,Paris Saint-Germain,1,5,23,available,Decathlon Arena – Stade Pierre-Mauroy,François Letexier
3802902,2021-10-24,18:45:00.000,7,108,Ligue 1,2021/2022,France,Regular Season,147,Olympique de Marseille,131,Paris Saint-Germain,0,0,11,available,Orange Vélodrome,Benoît Bastien
3802818,2022-04-03,20:45:00.000,7,108,Ligue 1,2021/2022,France,Regular Season,131,Paris Saint-Germain,165,Lorient,5,1,30,available,Parc des Princes ,Hakim Ben El Hadj Salem
3802683,2021-12-12,21:45:00.000,7,108,Ligue 1,2021/2022,France,Regular Season,131,Paris Saint-Germain,129,AS Monaco,2,0,18,available,Parc des Princes ,Benoît Bastien
3802690,2021-12-22,22:00:00.000,7,108,Ligue 1,2021/2022,France,Regular Season,165,Lorient,131,Paris Saint-Germain,1,1,19,available,Stade Yves Allainmat - du Moustoir,Jérémie Pignard
3802904,2022-03-13,14:00:00.000,7,108,Ligue 1,2021/2022,France,Regular Season,131,Paris Saint-Germain,146,Bordeaux,3,0,28,available,Parc des Princes ,François Letexier
3802837,2021-11-28,14:00:00.000,7,108,Ligue 1,2021/2022,France,Regular Season,135,Saint-Étienne,131,Paris Saint-Germain,1,3,15,available,Stade Geoffroy-Guichard ,Jérôme Brisard
3802984,2021-11-20,18:00:00.000,7,108,Ligue 1,2021/2022,France,Regular Season,131,Paris Saint-Germain,144,Nantes,3,1,14,available,Parc des Princes ,Jeremy Stinat
3802805,2022-03-05,22:00:00.000,7,108,Ligue 1,2021/2022,France,Regular Season,136,OGC Nice,131,Paris Saint-Germain,1,0,27,available,Allianz Riviera ,Willy Delajod
3802709,2022-02-26,22:00:00.000,7,108,Ligue 1,2021/2022,France,Regular Season,131,Paris Saint-Germain,135,Saint-Étienne,3,1,26,available,Parc des Princes ,Pierre Gaillouste
3802948,2022-05-21,21:00:00.000,7,108,Ligue 1,2021/2022,France,Regular Season,131,Paris Saint-Germain,141,Metz,5,0,38,available,Parc des Princes ,Antony Gautier
3802930,2022-05-08,20:45:00.000,7,108,Ligue 1,2021/2022,France,Regular Season,131,Paris Saint-Germain,133,Troyes,2,2,36,available,Parc des Princes ,Jérôme Brisard
3802793,2021-12-01,22:05:00.000,7,108,Ligue 1,2021/2022,France,Regular Season,131,Paris Saint-Germain,136,OGC Nice,0,0,16,available,Parc des Princes ,Clément Turpin
3802839,2022-02-19,22:00:00.000,7,108,Ligue 1,2021/2022,France,Regular Season,144,Nantes,131,Paris Saint-Germain,3,1,25,available,Stade de la Beaujoire - Louis Fonteneau,Mikael Lesage
3802795,2022-02-11,22:00:00.000,7,108,Ligue 1,2021/2022,France,Regular Season,131,Paris Saint-Germain,134,Rennes,1,0,24,available,Parc des Princes ,Benoît Bastien
3901259,2016-05-14,19:00:00.000,7,27,Ligue 1,2015/2016,France,Regular Season,133,Troyes,147,Olympique de Marseille,1,1,38,available,Stade de l''Aube,François Letexier
3900533,2015-12-02,18:00:00.000,7,27,Ligue 1,2015/2016,France,Regular Season,129,AS Monaco,140,Stade Malherbe Caen,1,1,16,available,Stade Louis II,Stéphane Lannoy
3900528,2015-11-29,16:00:00.000,7,27,Ligue 1,2015/2016,France,Regular Season,146,Bordeaux,140,Stade Malherbe Caen,1,4,15,available,Stade Matmut Atlantique,Tony Chapron
3900629,2016-02-07,20:00:00.000,7,27,Ligue 1,2015/2016,France,Regular Season,147,Olympique de Marseille,131,Paris Saint-Germain,1,2,25,available,Orange Vélodrome,Ruddy Buquet
3829509,2015-10-18,12:00:00.000,7,27,Ligue 1,2015/2016,France,Regular Season,147,Olympique de Marseille,165,Lorient,1,1,10,available,Orange Vélodrome,Sébastien Moreira
3901251,2016-05-07,19:00:00.000,7,27,Ligue 1,2015/2016,France,Regular Season,147,Olympique de Marseille,156,Stade de Reims,1,0,37,available,Orange Vélodrome,Nicolas Rainville
3829499,2015-10-04,15:00:00.000,7,27,Ligue 1,2015/2016,France,Regular Season,140,Stade Malherbe Caen,135,Saint-Étienne,1,0,9,available,Stade Michel d''Ornano,Johan Hamel
3900507,2015-11-08,16:00:00.000,7,27,Ligue 1,2015/2016,France,Regular Season,147,Olympique de Marseille,136,OGC Nice,0,1,13,available,Orange Vélodrome,Antony Gautier
3900527,2015-11-29,20:00:00.000,7,27,Ligue 1,2015/2016,France,Regular Season,147,Olympique de Marseille,129,AS Monaco,3,3,15,available,Orange Vélodrome,Clément Turpin
3901162,2016-03-04,19:30:00.000,7,27,Ligue 1,2015/2016,France,Regular Season,140,Stade Malherbe Caen,129,AS Monaco,2,2,29,available,Stade Michel d''Ornano,Clément Turpin
3900608,2016-01-31,13:00:00.000,7,27,Ligue 1,2015/2016,France,Regular Season,140,Stade Malherbe Caen,136,OGC Nice,2,0,23,available,Stade Michel d''Ornano,Stéphane Lannoy
3900589,2016-01-17,16:00:00.000,7,27,Ligue 1,2015/2016,France,Regular Season,140,Stade Malherbe Caen,147,Olympique de Marseille,1,3,21,available,Stade Michel d''Ornano,Amaury Delerue
3901169,2016-03-06,13:00:00.000,7,27,Ligue 1,2015/2016,France,Regular Season,147,Olympique de Marseille,130,Toulouse,1,1,29,available,Orange Vélodrome,Benoît Millot
3901241,2016-04-30,17:00:00.000,7,27,Ligue 1,2015/2016,France,Regular Season,140,Stade Malherbe Caen,2736,Bastia,0,0,36,available,Stade Michel d''Ornano,Jérôme Miguelgorry
3900577,2016-01-10,20:00:00.000,7,27,Ligue 1,2015/2016,France,Regular Season,147,Olympique de Marseille,142,Guingamp,0,0,20,available,Orange Vélodrome,Fredy Fautrel
3901152,2016-02-21,16:00:00.000,7,27,Ligue 1,2015/2016,France,Regular Season,140,Stade Malherbe Caen,134,Rennes,1,0,27,available,Stade Michel d''Ornano,Tony Chapron
3900559,2015-12-13,16:00:00.000,7,27,Ligue 1,2015/2016,France,Regular Season,147,Olympique de Marseille,160,Gazélec Ajaccio,1,1,18,available,Orange Vélodrome,Nicolas Rainville
3900562,2015-12-19,16:00:00.000,7,27,Ligue 1,2015/2016,France,Regular Season,140,Stade Malherbe Caen,131,Paris Saint-Germain,0,3,19,available,Stade Michel d''Ornano,Lionel Jaffredo
3829472,2015-09-20,19:00:00.000,7,27,Ligue 1,2015/2016,France,Regular Season,147,Olympique de Marseille,137,Lyon,1,1,6,available,Orange Vélodrome,Ruddy Buquet
3829444,2015-08-29,15:00:00.000,7,27,Ligue 1,2015/2016,France,Regular Season,140,Stade Malherbe Caen,137,Lyon,0,4,4,available,Stade Michel d''Ornano,Nicolas Rainville
3829414,2015-08-08,19:00:00.000,7,27,Ligue 1,2015/2016,France,Regular Season,147,Olympique de Marseille,140,Stade Malherbe Caen,0,1,1,available,Orange Vélodrome,Frank Schneider
3901190,2016-03-19,19:00:00.000,7,27,Ligue 1,2015/2016,France,Regular Season,140,Stade Malherbe Caen,133,Troyes,2,1,31,available,Stade Michel d''Ornano,Lionel Jaffredo
3829441,2015-08-23,19:00:00.000,7,27,Ligue 1,2015/2016,France,Regular Season,147,Olympique de Marseille,133,Troyes,6,0,3,available,Orange Vélodrome,Tony Chapron
3829461,2015-09-13,19:00:00.000,7,27,Ligue 1,2015/2016,France,Regular Season,147,Olympique de Marseille,2736,Bastia,4,1,5,available,Orange Vélodrome,Nicolas Rainville
3901150,2016-02-21,13:00:00.000,7,27,Ligue 1,2015/2016,France,Regular Season,147,Olympique de Marseille,135,Saint-Étienne,1,1,27,available,Orange Vélodrome,Clément Turpin
3901199,2016-04-02,20:00:00.000,7,27,Ligue 1,2015/2016,France,Regular Season,134,Rennes,156,Stade de Reims,3,1,32,available,Roazhon Park,Saïd Ennjimi
3901178,2016-03-12,18:00:00.000,7,27,Ligue 1,2015/2016,France,Regular Season,165,Lorient,147,Olympique de Marseille,1,1,30,available,Stade Yves Allainmat - du Moustoir,Ruddy Buquet
3901260,2016-05-14,21:00:00.000,7,27,Ligue 1,2015/2016,France,Regular Season,165,Lorient,160,Gazélec Ajaccio,1,0,38,available,Stade Yves Allainmat - du Moustoir,Benoît Millot
3829470,2015-09-20,17:00:00.000,7,27,Ligue 1,2015/2016,France,Regular Season,135,Saint-Étienne,144,Nantes,2,0,6,available,Stade Geoffroy-Guichard ,Benoît Millot
3901263,2016-05-14,21:00:00.000,7,27,Ligue 1,2015/2016,France,Regular Season,134,Rennes,2736,Bastia,1,2,38,available,,Mikael Lesage
3900594,2016-01-23,21:00:00.000,7,27,Ligue 1,2015/2016,France,Regular Season,144,Nantes,146,Bordeaux,2,2,22,available,Stade de la Beaujoire - Louis Fonteneau,Tony Chapron
3900587,2016-01-17,22:00:00.000,7,27,Ligue 1,2015/2016,France,Regular Season,135,Saint-Étienne,137,Lyon,1,0,21,available,Stade Geoffroy-Guichard ,Clément Turpin
3900541,2015-12-05,21:00:00.000,7,27,Ligue 1,2015/2016,France,Regular Season,2736,Bastia,129,AS Monaco,1,2,17,available,Stade Armand-Césari,Ruddy Buquet
3900596,2016-01-23,21:00:00.000,7,27,Ligue 1,2015/2016,France,Regular Season,142,Guingamp,2736,Bastia,1,0,22,available,Stade du Roudourou,Mikael Lesage
3900591,2016-01-23,18:00:00.000,7,27,Ligue 1,2015/2016,France,Regular Season,131,Paris Saint-Germain,145,Angers,5,1,22,available,Parc des Princes ,Fredy Fautrel
3901188,2016-03-19,18:00:00.000,7,27,Ligue 1,2015/2016,France,Regular Season,135,Saint-Étienne,139,Montpellier,3,0,31,available,Stade Geoffroy-Guichard ,Jérôme Miguelgorry
3901184,2016-03-18,19:30:00.000,7,27,Ligue 1,2015/2016,France,Regular Season,147,Olympique de Marseille,134,Rennes,2,5,31,available,Orange Vélodrome,Sébastien Moreira
3901182,2016-03-13,18:00:00.000,7,27,Ligue 1,2015/2016,France,Regular Season,144,Nantes,145,Angers,2,0,30,available,Stade de la Beaujoire - Louis Fonteneau,Benoît Bastien
3901170,2016-03-06,18:00:00.000,7,27,Ligue 1,2015/2016,France,Regular Season,134,Rennes,144,Nantes,4,1,29,available,,Ruddy Buquet
3901166,2016-03-05,18:00:00.000,7,27,Ligue 1,2015/2016,France,Regular Season,131,Paris Saint-Germain,139,Montpellier,0,0,29,available,Parc des Princes ,Tony Chapron
3901168,2016-03-05,21:00:00.000,7,27,Ligue 1,2015/2016,France,Regular Season,143,Lille,156,Stade de Reims,2,0,29,available,Decathlon Arena – Stade Pierre-Mauroy,Mikael Lesage
3900601,2016-01-30,21:00:00.000,7,27,Ligue 1,2015/2016,France,Regular Season,160,Gazélec Ajaccio,139,Montpellier,0,4,23,available,Stade Ange Casanova (Ajaccio),Bartolomeu Varela Teles
3901262,2016-05-14,19:00:00.000,7,27,Ligue 1,2015/2016,France,Regular Season,140,Stade Malherbe Caen,146,Bordeaux,1,0,38,available,Stade Michel d''Ornano,Tony Chapron
3901261,2016-05-14,21:00:00.000,7,27,Ligue 1,2015/2016,France,Regular Season,131,Paris Saint-Germain,144,Nantes,4,0,38,available,Parc des Princes ,Lionel Jaffredo
3901258,2016-05-14,21:00:00.000,7,27,Ligue 1,2015/2016,France,Regular Season,142,Guingamp,136,OGC Nice,2,3,38,available,Stade du Roudourou,Ruddy Buquet
3901257,2016-05-14,21:00:00.000,7,27,Ligue 1,2015/2016,France,Regular Season,135,Saint-Étienne,143,Lille,0,1,38,available,Stade Geoffroy-Guichard ,Clément Turpin
3901256,2016-05-14,21:00:00.000,7,27,Ligue 1,2015/2016,France,Regular Season,129,AS Monaco,139,Montpellier,2,0,38,available,Stade Louis II,Benoît Bastien
3901255,2016-05-14,21:00:00.000,7,27,Ligue 1,2015/2016,France,Regular Season,145,Angers,130,Toulouse,2,3,38,available,Stade Raymond-Kopa,Fredy Fautrel
3901254,2016-05-14,21:00:00.000,7,27,Ligue 1,2015/2016,France,Regular Season,156,Stade de Reims,137,Lyon,4,1,38,available,Stade Auguste-Delaune II ,Amaury Delerue
3901253,2016-05-11,20:30:00.000,7,27,Ligue 1,2015/2016,France,Regular Season,146,Bordeaux,131,Paris Saint-Germain,1,1,35,available,Stade Matmut Atlantique,François Letexier
3901252,2016-05-07,21:00:00.000,7,27,Ligue 1,2015/2016,France,Regular Season,137,Lyon,129,AS Monaco,6,1,37,available,Groupama Stadium,Ruddy Buquet
3901250,2016-05-07,21:00:00.000,7,27,Ligue 1,2015/2016,France,Regular Season,136,OGC Nice,135,Saint-Étienne,2,0,37,available,Allianz Riviera ,Benoît Millot
3901249,2016-05-07,21:00:00.000,7,27,Ligue 1,2015/2016,France,Regular Season,139,Montpellier,134,Rennes,2,0,37,available,Stade de la Mosson ,Sébastien Moreira
3901248,2016-05-07,21:00:00.000,7,27,Ligue 1,2015/2016,France,Regular Season,143,Lille,142,Guingamp,0,0,37,available,Decathlon Arena – Stade Pierre-Mauroy,Amaury Delerue
3901247,2016-05-07,21:00:00.000,7,27,Ligue 1,2015/2016,France,Regular Season,160,Gazélec Ajaccio,131,Paris Saint-Germain,0,4,37,available,Stade Ange Casanova (Ajaccio),Mikael Lesage
3901246,2016-05-07,21:00:00.000,7,27,Ligue 1,2015/2016,France,Regular Season,144,Nantes,140,Stade Malherbe Caen,1,2,37,available,Stade de la Beaujoire - Louis Fonteneau,Johan Hamel
3901245,2016-05-07,21:00:00.000,7,27,Ligue 1,2015/2016,France,Regular Season,146,Bordeaux,165,Lorient,3,0,37,available,Stade Matmut Atlantique,Stéphane Jochem
3901244,2016-05-07,21:00:00.000,7,27,Ligue 1,2015/2016,France,Regular Season,130,Toulouse,133,Troyes,1,0,37,available,Stadium de Toulouse,Antony Gautier
3901243,2016-05-07,21:00:00.000,7,27,Ligue 1,2015/2016,France,Regular Season,2736,Bastia,145,Angers,1,0,37,available,Stade Armand-Césari,Stéphane Lannoy
3901242,2016-05-01,17:00:00.000,7,27,Ligue 1,2015/2016,France,Regular Season,145,Angers,147,Olympique de Marseille,0,1,36,available,Stade Raymond-Kopa,Tony Chapron
3901240,2016-04-30,19:00:00.000,7,27,Ligue 1,2015/2016,France,Regular Season,165,Lorient,143,Lille,0,1,36,available,Stade Yves Allainmat - du Moustoir,Benoît Bastien
3901238,2016-04-30,19:00:00.000,7,27,Ligue 1,2015/2016,France,Regular Season,129,AS Monaco,142,Guingamp,3,2,36,available,Stade Louis II,Clément Turpin
3901237,2016-04-30,17:00:00.000,7,27,Ligue 1,2015/2016,France,Regular Season,135,Saint-Étienne,130,Toulouse,0,0,36,available,Stade Geoffroy-Guichard ,Lionel Jaffredo
3901236,2016-04-30,14:00:00.000,7,27,Ligue 1,2015/2016,France,Regular Season,144,Nantes,136,OGC Nice,1,0,36,available,Stade de la Beaujoire - Louis Fonteneau,Antony Gautier
3901235,2016-04-30,21:00:00.000,7,27,Ligue 1,2015/2016,France,Regular Season,137,Lyon,160,Gazélec Ajaccio,2,1,36,available,Groupama Stadium,Nicolas Rainville
3901234,2016-04-30,19:00:00.000,7,27,Ligue 1,2015/2016,France,Regular Season,156,Stade de Reims,139,Montpellier,2,3,36,available,Stade Auguste-Delaune II ,Fredy Fautrel
3901233,2016-04-29,20:30:00.000,7,27,Ligue 1,2015/2016,France,Regular Season,131,Paris Saint-Germain,134,Rennes,4,0,36,available,Parc des Princes ,Amaury Delerue
3901232,2016-04-27,18:30:00.000,7,27,Ligue 1,2015/2016,France,Regular Season,143,Lille,145,Angers,0,0,35,available,Decathlon Arena – Stade Pierre-Mauroy,Johan Hamel
3901231,2016-04-24,21:00:00.000,7,27,Ligue 1,2015/2016,France,Regular Season,134,Rennes,129,AS Monaco,1,1,35,available,,Fredy Fautrel
3901230,2016-04-24,17:00:00.000,7,27,Ligue 1,2015/2016,France,Regular Season,160,Gazélec Ajaccio,2736,Bastia,3,2,35,available,Stade Ange Casanova (Ajaccio),
3901229,2016-04-24,17:00:00.000,7,27,Ligue 1,2015/2016,France,Regular Season,142,Guingamp,140,Stade Malherbe Caen,1,1,35,available,Stade du Roudourou,
3901228,2016-04-24,17:00:00.000,7,27,Ligue 1,2015/2016,France,Regular Season,135,Saint-Étienne,165,Lorient,2,0,35,available,Stade Geoffroy-Guichard ,
3901227,2016-04-24,12:00:00.000,7,27,Ligue 1,2015/2016,France,Regular Season,147,Olympique de Marseille,144,Nantes,1,1,35,available,Orange Vélodrome,
3901226,2016-04-24,17:00:00.000,7,27,Ligue 1,2015/2016,France,Regular Season,139,Montpellier,133,Troyes,4,1,35,available,Stade de la Mosson ,Mikael Lesage
3901225,2016-04-23,17:30:00.000,7,27,Ligue 1,2015/2016,France,Regular Season,130,Toulouse,137,Lyon,2,3,35,available,Stadium de Toulouse,
3901224,2016-04-22,20:30:00.000,7,27,Ligue 1,2015/2016,France,Regular Season,136,OGC Nice,156,Stade de Reims,2,0,35,available,Allianz Riviera ,
3901223,2016-04-17,21:00:00.000,7,27,Ligue 1,2015/2016,France,Regular Season,129,AS Monaco,147,Olympique de Marseille,2,1,34,available,Stade Louis II,
3901222,2016-04-17,14:00:00.000,7,27,Ligue 1,2015/2016,France,Regular Season,144,Nantes,139,Montpellier,0,2,34,available,Stade de la Beaujoire - Louis Fonteneau,
3901221,2016-04-17,17:00:00.000,7,27,Ligue 1,2015/2016,France,Regular Season,134,Rennes,142,Guingamp,0,3,34,available,Roazhon Park,
3901220,2016-04-16,20:00:00.000,7,27,Ligue 1,2015/2016,France,Regular Season,2736,Bastia,135,Saint-Étienne,0,1,34,available,Stade Armand-Césari,
3901219,2016-04-16,20:00:00.000,7,27,Ligue 1,2015/2016,France,Regular Season,165,Lorient,130,Toulouse,1,1,34,available,Stade Yves Allainmat - du Moustoir,Stéphane Lannoy
3901218,2016-04-16,20:00:00.000,7,27,Ligue 1,2015/2016,France,Regular Season,146,Bordeaux,145,Angers,1,3,34,available,Stade Matmut Atlantique,
3901217,2016-04-16,20:00:00.000,7,27,Ligue 1,2015/2016,France,Regular Season,133,Troyes,156,Stade de Reims,2,1,34,available,Stade de l''Aube,
3901216,2016-04-16,17:00:00.000,7,27,Ligue 1,2015/2016,France,Regular Season,131,Paris Saint-Germain,140,Stade Malherbe Caen,6,0,34,available,Parc des Princes ,
3901215,2016-04-16,20:00:00.000,7,27,Ligue 1,2015/2016,France,Regular Season,160,Gazélec Ajaccio,143,Lille,2,4,34,available,Stade Ange Casanova (Ajaccio),
3901214,2016-04-15,20:30:00.000,7,27,Ligue 1,2015/2016,France,Regular Season,137,Lyon,136,OGC Nice,1,1,34,available,Groupama Stadium,
3901213,2016-04-10,17:00:00.000,7,27,Ligue 1,2015/2016,France,Regular Season,136,OGC Nice,134,Rennes,3,0,33,available,Allianz Riviera ,Clément Turpin
3901212,2016-04-10,14:00:00.000,7,27,Ligue 1,2015/2016,France,Regular Season,143,Lille,129,AS Monaco,4,1,33,available,Decathlon Arena – Stade Pierre-Mauroy,
3901211,2016-04-10,19:00:00.000,7,27,Ligue 1,2015/2016,France,Regular Season,147,Olympique de Marseille,146,Bordeaux,0,0,33,available,Orange Vélodrome,
3901210,2016-04-09,20:00:00.000,7,27,Ligue 1,2015/2016,France,Regular Season,135,Saint-Étienne,133,Troyes,1,0,33,available,Stade Geoffroy-Guichard ,
3901209,2016-04-09,20:00:00.000,7,27,Ligue 1,2015/2016,France,Regular Season,145,Angers,160,Gazélec Ajaccio,0,0,33,available,Stade Raymond-Kopa,
3901208,2016-04-09,17:00:00.000,7,27,Ligue 1,2015/2016,France,Regular Season,142,Guingamp,131,Paris Saint-Germain,0,2,33,available,Stade du Roudourou,
3901207,2016-04-09,20:00:00.000,7,27,Ligue 1,2015/2016,France,Regular Season,156,Stade de Reims,144,Nantes,2,1,33,available,Stade Auguste-Delaune II ,
3901206,2016-04-09,20:00:00.000,7,27,Ligue 1,2015/2016,France,Regular Season,130,Toulouse,2736,Bastia,4,0,33,available,Stadium de Toulouse,
3901205,2016-04-09,18:00:00.000,7,27,Ligue 1,2015/2016,France,Regular Season,140,Stade Malherbe Caen,165,Lorient,1,2,33,available,Stade Michel d''Ornano,Tony Chapron
3901204,2016-04-08,20:30:00.000,7,27,Ligue 1,2015/2016,France,Regular Season,139,Montpellier,137,Lyon,0,2,33,available,Stade de la Mosson ,
3901203,2016-04-03,14:00:00.000,7,27,Ligue 1,2015/2016,France,Regular Season,144,Nantes,143,Lille,0,3,32,available,Stade de la Beaujoire - Louis Fonteneau,
3901202,2016-04-03,21:00:00.000,7,27,Ligue 1,2015/2016,France,Regular Season,165,Lorient,137,Lyon,1,3,32,available,Stade Yves Allainmat - du Moustoir,
3901201,2016-04-03,17:00:00.000,7,27,Ligue 1,2015/2016,France,Regular Season,2736,Bastia,147,Olympique de Marseille,2,1,32,available,Stade Armand-Césari,
3901200,2016-04-02,20:00:00.000,7,27,Ligue 1,2015/2016,France,Regular Season,130,Toulouse,140,Stade Malherbe Caen,2,0,32,available,Stadium de Toulouse,
3901198,2016-04-02,20:00:00.000,7,27,Ligue 1,2015/2016,France,Regular Season,133,Troyes,145,Angers,0,1,32,available,Stade de l''Aube,
3901197,2016-04-02,20:00:00.000,7,27,Ligue 1,2015/2016,France,Regular Season,142,Guingamp,139,Montpellier,2,2,32,available,Stade du Roudourou,Ruddy Buquet
3901196,2016-04-02,17:00:00.000,7,27,Ligue 1,2015/2016,France,Regular Season,131,Paris Saint-Germain,136,OGC Nice,4,1,32,available,Parc des Princes ,Mikael Lesage
3901195,2016-04-02,20:00:00.000,7,27,Ligue 1,2015/2016,France,Regular Season,160,Gazélec Ajaccio,135,Saint-Étienne,0,2,32,available,Stade Ange Casanova (Ajaccio),
3901194,2016-04-01,20:30:00.000,7,27,Ligue 1,2015/2016,France,Regular Season,129,AS Monaco,146,Bordeaux,1,2,32,available,Stade Louis II,Benoît Bastien
3901193,2016-03-20,22:00:00.000,7,27,Ligue 1,2015/2016,France,Regular Season,131,Paris Saint-Germain,129,AS Monaco,0,2,31,available,Parc des Princes ,Antony Gautier
3901192,2016-03-20,15:00:00.000,7,27,Ligue 1,2015/2016,France,Regular Season,146,Bordeaux,2736,Bastia,1,1,31,available,Stade Matmut Atlantique,Tony Chapron
3901191,2016-03-20,18:00:00.000,7,27,Ligue 1,2015/2016,France,Regular Season,136,OGC Nice,160,Gazélec Ajaccio,3,0,31,available,Allianz Riviera ,Nicolas Rainville
3901189,2016-03-19,21:00:00.000,7,27,Ligue 1,2015/2016,France,Regular Season,143,Lille,130,Toulouse,1,0,31,available,Decathlon Arena – Stade Pierre-Mauroy,Bartolomeu Varela Teles
3901187,2016-03-19,21:00:00.000,7,27,Ligue 1,2015/2016,France,Regular Season,145,Angers,165,Lorient,5,1,31,available,Stade Raymond-Kopa,Johan Hamel
3901186,2016-03-19,22:00:00.000,7,27,Ligue 1,2015/2016,France,Regular Season,137,Lyon,144,Nantes,2,0,31,available,Groupama Stadium,Benoît Millot
3901185,2016-03-19,21:00:00.000,7,27,Ligue 1,2015/2016,France,Regular Season,156,Stade de Reims,142,Guingamp,0,1,31,available,Stade Auguste-Delaune II ,Frank Schneider
3901183,2016-03-13,15:00:00.000,7,27,Ligue 1,2015/2016,France,Regular Season,133,Troyes,131,Paris Saint-Germain,0,9,30,available,Stade de l''Aube,François Letexier
3901181,2016-03-13,22:00:00.000,7,27,Ligue 1,2015/2016,France,Regular Season,134,Rennes,137,Lyon,2,2,30,available,,Frank Schneider
3901180,2016-03-12,21:00:00.000,7,27,Ligue 1,2015/2016,France,Regular Season,142,Guingamp,135,Saint-Étienne,2,0,30,available,Stade du Roudourou,Stéphane Jochem
3901179,2016-03-12,21:00:00.000,7,27,Ligue 1,2015/2016,France,Regular Season,160,Gazélec Ajaccio,140,Stade Malherbe Caen,1,0,30,available,Stade Ange Casanova (Ajaccio),Bartolomeu Varela Teles
3901177,2016-03-12,21:00:00.000,7,27,Ligue 1,2015/2016,France,Regular Season,2736,Bastia,143,Lille,1,2,30,available,Stade Armand-Césari,Saïd Ennjimi
3901176,2016-03-12,21:00:00.000,7,27,Ligue 1,2015/2016,France,Regular Season,130,Toulouse,146,Bordeaux,4,0,30,available,Stadium de Toulouse,Stéphane Lannoy
3901175,2016-03-12,21:00:00.000,7,27,Ligue 1,2015/2016,France,Regular Season,139,Montpellier,136,OGC Nice,0,2,30,available,Stade de la Mosson ,Lionel Jaffredo
3901174,2016-03-11,21:30:00.000,7,27,Ligue 1,2015/2016,France,Regular Season,129,AS Monaco,156,Stade de Reims,2,2,30,available,Stade Louis II,Benoît Millot
3901173,2016-03-09,19:30:00.000,7,27,Ligue 1,2015/2016,France,Regular Season,160,Gazélec Ajaccio,147,Olympique de Marseille,1,1,28,available,Stade Ange Casanova (Ajaccio),Stéphane Lannoy
3901172,2016-03-09,19:30:00.000,7,27,Ligue 1,2015/2016,France,Regular Season,2736,Bastia,144,Nantes,0,0,27,available,Stade Armand-Césari,Sébastien Moreira
3901171,2016-03-06,22:00:00.000,7,27,Ligue 1,2015/2016,France,Regular Season,137,Lyon,142,Guingamp,5,1,29,available,Groupama Stadium,Fredy Fautrel
3901167,2016-03-05,21:00:00.000,7,27,Ligue 1,2015/2016,France,Regular Season,2736,Bastia,165,Lorient,0,0,29,available,Stade Armand-Césari,Jérôme Miguelgorry
3901165,2016-03-05,21:00:00.000,7,27,Ligue 1,2015/2016,France,Regular Season,146,Bordeaux,160,Gazélec Ajaccio,1,1,29,available,Stade Matmut Atlantique,Johan Hamel
3901164,2016-03-05,21:00:00.000,7,27,Ligue 1,2015/2016,France,Regular Season,145,Angers,135,Saint-Étienne,0,0,29,available,Stade Raymond-Kopa,Antony Gautier
3901163,2016-03-05,21:00:00.000,7,27,Ligue 1,2015/2016,France,Regular Season,136,OGC Nice,133,Troyes,2,1,29,available,Allianz Riviera ,
3901161,2016-02-28,16:00:00.000,7,27,Ligue 1,2015/2016,France,Regular Season,135,Saint-Étienne,140,Stade Malherbe Caen,1,2,28,available,Stade Geoffroy-Guichard ,Frank Schneider
3901160,2016-02-28,15:00:00.000,7,27,Ligue 1,2015/2016,France,Regular Season,144,Nantes,129,AS Monaco,0,0,28,available,Stade de la Beaujoire - Louis Fonteneau,Mikael Lesage
3901159,2016-02-28,22:00:00.000,7,27,Ligue 1,2015/2016,France,Regular Season,137,Lyon,131,Paris Saint-Germain,2,1,28,available,Groupama Stadium,Lionel Jaffredo
3901158,2016-02-27,21:00:00.000,7,27,Ligue 1,2015/2016,France,Regular Season,130,Toulouse,134,Rennes,1,2,28,available,Stadium de Toulouse,Stéphane Jochem
3901157,2016-02-27,21:00:00.000,7,27,Ligue 1,2015/2016,France,Regular Season,156,Stade de Reims,146,Bordeaux,4,1,28,available,Stade Auguste-Delaune II ,François Letexier
3901156,2016-02-27,21:00:00.000,7,27,Ligue 1,2015/2016,France,Regular Season,142,Guingamp,145,Angers,2,2,28,available,Stade du Roudourou,Benoît Millot
3901155,2016-02-27,18:00:00.000,7,27,Ligue 1,2015/2016,France,Regular Season,139,Montpellier,143,Lille,3,0,28,available,Stade de la Mosson ,Hakim Ben El Hadj Salem
3901154,2016-02-27,21:00:00.000,7,27,Ligue 1,2015/2016,France,Regular Season,133,Troyes,165,Lorient,0,1,28,available,Stade de l''Aube,Saïd Ennjimi
3901153,2016-02-26,21:30:00.000,7,27,Ligue 1,2015/2016,France,Regular Season,136,OGC Nice,2736,Bastia,0,2,28,available,Allianz Riviera ,Antony Gautier
3901151,2016-02-21,22:00:00.000,7,27,Ligue 1,2015/2016,France,Regular Season,143,Lille,137,Lyon,1,0,27,available,Decathlon Arena – Stade Pierre-Mauroy,Benoît Bastien
3901149,2016-02-20,20:00:00.000,7,27,Ligue 1,2015/2016,France,Regular Season,129,AS Monaco,133,Troyes,3,1,27,available,Stade Louis II,Johan Hamel
3901148,2016-02-20,21:00:00.000,7,27,Ligue 1,2015/2016,France,Regular Season,165,Lorient,142,Guingamp,4,3,27,available,Stade Yves Allainmat - du Moustoir,Bartolomeu Varela Teles
3901147,2016-02-20,21:00:00.000,7,27,Ligue 1,2015/2016,France,Regular Season,130,Toulouse,160,Gazélec Ajaccio,1,1,27,available,Stadium de Toulouse,Fredy Fautrel
3901146,2016-02-20,18:00:00.000,7,27,Ligue 1,2015/2016,France,Regular Season,131,Paris Saint-Germain,156,Stade de Reims,4,1,27,available,Parc des Princes ,Jérôme Miguelgorry
3901145,2016-02-20,21:00:00.000,7,27,Ligue 1,2015/2016,France,Regular Season,145,Angers,139,Montpellier,2,3,27,available,Stade Raymond-Kopa,Sébastien Moreira
3901144,2016-02-19,21:30:00.000,7,27,Ligue 1,2015/2016,France,Regular Season,146,Bordeaux,136,OGC Nice,0,0,27,available,Stade Matmut Atlantique,Nicolas Rainville
3900602,2016-01-30,21:00:00.000,7,27,Ligue 1,2015/2016,France,Regular Season,165,Lorient,156,Stade de Reims,2,0,23,available,Stade Yves Allainmat - du Moustoir,Jérôme Miguelgorry
3829518,2015-10-25,17:00:00.000,7,27,Ligue 1,2015/2016,France,Regular Season,143,Lille,147,Olympique de Marseille,1,2,11,available,Decathlon Arena – Stade Pierre-Mauroy,Tony Chapron
3829479,2015-09-23,19:00:00.000,7,27,Ligue 1,2015/2016,France,Regular Season,165,Lorient,140,Stade Malherbe Caen,2,0,7,available,Stade Yves Allainmat - du Moustoir,Saïd Ennjimi
3829478,2015-09-23,19:00:00.000,7,27,Ligue 1,2015/2016,France,Regular Season,160,Gazélec Ajaccio,134,Rennes,1,1,7,available,Stade Ange Casanova (Ajaccio),Fredy Fautrel
3829519,2015-10-25,21:00:00.000,7,27,Ligue 1,2015/2016,France,Regular Season,131,Paris Saint-Germain,135,Saint-Étienne,4,1,11,available,Parc des Princes ,Clément Turpin
3829416,2015-08-08,21:00:00.000,7,27,Ligue 1,2015/2016,France,Regular Season,136,OGC Nice,129,AS Monaco,1,2,1,available,Allianz Riviera ,Lionel Jaffredo
3829459,2015-09-12,20:00:00.000,7,27,Ligue 1,2015/2016,France,Regular Season,136,OGC Nice,142,Guingamp,0,1,5,available,Allianz Riviera ,Tony Chapron
3900636,2016-02-13,21:00:00.000,7,27,Ligue 1,2015/2016,France,Regular Season,144,Nantes,165,Lorient,2,1,26,available,Stade de la Beaujoire - Louis Fonteneau,Antony Gautier
3900633,2016-02-13,21:00:00.000,7,27,Ligue 1,2015/2016,France,Regular Season,160,Gazélec Ajaccio,133,Troyes,2,3,26,available,Stade Ange Casanova (Ajaccio),Nicolas Rainville
3900628,2016-02-07,15:00:00.000,7,27,Ligue 1,2015/2016,France,Regular Season,143,Lille,134,Rennes,1,1,25,available,Decathlon Arena – Stade Pierre-Mauroy,Johan Hamel
3900627,2016-02-07,18:00:00.000,7,27,Ligue 1,2015/2016,France,Regular Season,146,Bordeaux,135,Saint-Étienne,1,4,25,available,Stade Matmut Atlantique,Benoît Bastien
3900625,2016-02-06,15:00:00.000,7,27,Ligue 1,2015/2016,France,Regular Season,129,AS Monaco,136,OGC Nice,1,0,25,available,Stade Louis II,Tony Chapron
3900624,2016-02-06,18:00:00.000,7,27,Ligue 1,2015/2016,France,Regular Season,145,Angers,137,Lyon,0,3,25,available,Stade Raymond-Kopa,Frank Schneider
3900616,2016-02-03,20:00:00.000,7,27,Ligue 1,2015/2016,France,Regular Season,137,Lyon,146,Bordeaux,3,0,24,available,Groupama Stadium,Fredy Fautrel
3900617,2016-02-03,20:00:00.000,7,27,Ligue 1,2015/2016,France,Regular Season,156,Stade de Reims,145,Angers,2,1,24,available,Stade Auguste-Delaune II ,Antony Gautier
3900609,2016-01-31,18:00:00.000,7,27,Ligue 1,2015/2016,France,Regular Season,146,Bordeaux,134,Rennes,4,0,23,available,Stade Matmut Atlantique,Mikael Lesage
3900604,2016-01-30,18:00:00.000,7,27,Ligue 1,2015/2016,France,Regular Season,145,Angers,129,AS Monaco,3,0,23,available,Stade Raymond-Kopa,Ruddy Buquet
3900605,2016-01-30,21:00:00.000,7,27,Ligue 1,2015/2016,France,Regular Season,2736,Bastia,137,Lyon,1,0,23,available,Stade Armand-Césari,Benoît Millot
3900603,2016-01-30,21:00:00.000,7,27,Ligue 1,2015/2016,France,Regular Season,130,Toulouse,142,Guingamp,1,2,23,available,Stadium de Toulouse,Sébastien Moreira
3900606,2016-01-30,21:00:00.000,7,27,Ligue 1,2015/2016,France,Regular Season,133,Troyes,144,Nantes,0,1,23,available,Stade de l''Aube,Johan Hamel
3900600,2016-01-29,19:30:00.000,7,27,Ligue 1,2015/2016,France,Regular Season,147,Olympique de Marseille,143,Lille,1,1,23,available,Orange Vélodrome,Benoît Bastien
3900598,2016-01-24,15:00:00.000,7,27,Ligue 1,2015/2016,France,Regular Season,129,AS Monaco,130,Toulouse,4,0,22,available,Stade Louis II,Hakim Ben El Hadj Salem
3900597,2016-01-24,20:00:00.000,7,27,Ligue 1,2015/2016,France,Regular Season,137,Lyon,147,Olympique de Marseille,1,1,22,available,Groupama Stadium,Antony Gautier
3900599,2016-01-24,18:00:00.000,7,27,Ligue 1,2015/2016,France,Regular Season,156,Stade de Reims,135,Saint-Étienne,1,1,22,available,Stade Auguste-Delaune II ,Ruddy Buquet
3900592,2016-01-23,19:00:00.000,7,27,Ligue 1,2015/2016,France,Regular Season,139,Montpellier,140,Stade Malherbe Caen,1,2,22,available,Stade de la Mosson ,François Letexier
3900595,2016-01-23,21:00:00.000,7,27,Ligue 1,2015/2016,France,Regular Season,136,OGC Nice,165,Lorient,2,1,22,available,Allianz Riviera ,Stéphane Jochem
3900593,2016-01-23,21:00:00.000,7,27,Ligue 1,2015/2016,France,Regular Season,143,Lille,133,Troyes,1,3,22,available,Decathlon Arena – Stade Pierre-Mauroy,Nicolas Rainville
3900590,2016-01-22,21:30:00.000,7,27,Ligue 1,2015/2016,France,Regular Season,134,Rennes,160,Gazélec Ajaccio,1,0,22,available,Roazhon Park,Sébastien Moreira
3900588,2016-01-17,15:00:00.000,7,27,Ligue 1,2015/2016,France,Regular Season,165,Lorient,129,AS Monaco,0,2,21,available,Stade Yves Allainmat - du Moustoir,Benoît Bastien
3900586,2016-01-16,21:00:00.000,7,27,Ligue 1,2015/2016,France,Regular Season,142,Guingamp,144,Nantes,2,2,21,available,Stade du Roudourou,Antony Gautier
3900584,2016-01-16,21:00:00.000,7,27,Ligue 1,2015/2016,France,Regular Season,2736,Bastia,139,Montpellier,1,0,21,available,Stade Armand-Césari,Frank Schneider
3900582,2016-01-16,21:00:00.000,7,27,Ligue 1,2015/2016,France,Regular Season,160,Gazélec Ajaccio,156,Stade de Reims,2,2,21,available,Stade Ange Casanova (Ajaccio),Johan Hamel
3900583,2016-01-16,21:00:00.000,7,27,Ligue 1,2015/2016,France,Regular Season,133,Troyes,134,Rennes,2,4,21,available,Stade de l''Aube,Saïd Ennjimi
3900585,2016-01-16,18:00:00.000,7,27,Ligue 1,2015/2016,France,Regular Season,130,Toulouse,131,Paris Saint-Germain,0,1,21,available,Stadium de Toulouse,Bartolomeu Varela Teles
3900570,2016-01-08,21:30:00.000,7,27,Ligue 1,2015/2016,France,Regular Season,131,Paris Saint-Germain,2736,Bastia,2,0,20,available,Parc des Princes ,Sébastien Moreira
3900567,2015-12-20,20:00:00.000,7,27,Ligue 1,2015/2016,France,Regular Season,146,Bordeaux,147,Olympique de Marseille,1,1,19,available,Stade Matmut Atlantique,Benoît Bastien
3900568,2015-12-20,18:00:00.000,7,27,Ligue 1,2015/2016,France,Regular Season,160,Gazélec Ajaccio,137,Lyon,2,1,19,available,Stade Ange Casanova (Ajaccio),Amaury Delerue
3900549,2015-12-06,22:00:00.000,7,27,Ligue 1,2015/2016,France,Regular Season,135,Saint-Étienne,134,Rennes,1,1,17,available,Stade Geoffroy-Guichard ,Nicolas Rainville
3900548,2015-12-06,18:00:00.000,7,27,Ligue 1,2015/2016,France,Regular Season,146,Bordeaux,142,Guingamp,1,0,17,available,Stade Matmut Atlantique,Clément Turpin
3900547,2015-12-06,13:00:00.000,7,27,Ligue 1,2015/2016,France,Regular Season,147,Olympique de Marseille,139,Montpellier,2,2,17,available,Orange Vélodrome,Bartolomeu Varela Teles
3900545,2015-12-05,18:00:00.000,7,27,Ligue 1,2015/2016,France,Regular Season,137,Lyon,145,Angers,0,2,17,available,Stade de Gerland,Lionel Jaffredo
3900546,2015-12-05,21:00:00.000,7,27,Ligue 1,2015/2016,France,Regular Season,160,Gazélec Ajaccio,144,Nantes,1,1,17,available,Stade Ange Casanova (Ajaccio),Wilfried Bien
3900544,2015-12-05,21:00:00.000,7,27,Ligue 1,2015/2016,France,Regular Season,130,Toulouse,165,Lorient,2,3,17,available,Stadium de Toulouse,Stéphane Jochem
3900540,2015-12-04,21:30:00.000,7,27,Ligue 1,2015/2016,France,Regular Season,136,OGC Nice,131,Paris Saint-Germain,0,3,17,available,Allianz Riviera ,Antony Gautier
3900539,2015-12-03,20:00:00.000,7,27,Ligue 1,2015/2016,France,Regular Season,134,Rennes,147,Olympique de Marseille,0,1,16,available,Roazhon Park,Tony Chapron
3900538,2015-12-02,20:00:00.000,7,27,Ligue 1,2015/2016,France,Regular Season,142,Guingamp,156,Stade de Reims,1,2,16,available,Stade du Roudourou,Johan Hamel
3900537,2015-12-02,20:00:00.000,7,27,Ligue 1,2015/2016,France,Regular Season,133,Troyes,130,Toulouse,0,3,16,available,Stade de l''Aube,Sébastien Moreira
3900536,2015-12-02,20:00:00.000,7,27,Ligue 1,2015/2016,France,Regular Season,139,Montpellier,160,Gazélec Ajaccio,0,2,16,available,Stade de la Mosson ,Hakim Ben El Hadj Salem
3900534,2015-12-02,20:00:00.000,7,27,Ligue 1,2015/2016,France,Regular Season,2736,Bastia,146,Bordeaux,1,0,16,available,Stade Armand-Césari,Fredy Fautrel
3900535,2015-12-02,22:00:00.000,7,27,Ligue 1,2015/2016,France,Regular Season,143,Lille,135,Saint-Étienne,1,0,16,available,Decathlon Arena – Stade Pierre-Mauroy,Frank Schneider
3900530,2015-12-01,22:00:00.000,7,27,Ligue 1,2015/2016,France,Regular Season,144,Nantes,137,Lyon,0,0,16,available,Stade de la Beaujoire - Louis Fonteneau,Amaury Delerue
3900532,2015-12-01,20:00:00.000,7,27,Ligue 1,2015/2016,France,Regular Season,145,Angers,131,Paris Saint-Germain,0,0,16,available,Stade Raymond-Kopa,Benoît Bastien
3900531,2015-12-01,20:00:00.000,7,27,Ligue 1,2015/2016,France,Regular Season,165,Lorient,136,OGC Nice,0,0,16,available,Stade Yves Allainmat - du Moustoir,Mikael Lesage
3900529,2015-11-29,15:00:00.000,7,27,Ligue 1,2015/2016,France,Regular Season,135,Saint-Étienne,142,Guingamp,3,0,15,available,Stade Geoffroy-Guichard ,Ruddy Buquet
3900522,2015-11-28,21:00:00.000,7,27,Ligue 1,2015/2016,France,Regular Season,130,Toulouse,136,OGC Nice,2,0,15,available,Stadium de Toulouse,Saïd Ennjimi
3900523,2015-11-28,21:00:00.000,7,27,Ligue 1,2015/2016,France,Regular Season,156,Stade de Reims,134,Rennes,2,2,15,available,Stade Auguste-Delaune II ,Hakim Ben El Hadj Salem
3900521,2015-11-28,18:10:00.000,7,27,Ligue 1,2015/2016,France,Regular Season,131,Paris Saint-Germain,133,Troyes,4,1,15,available,Parc des Princes ,Bartolomeu Varela Teles
3900518,2015-11-22,13:00:00.000,7,27,Ligue 1,2015/2016,France,Regular Season,140,Stade Malherbe Caen,145,Angers,0,0,14,available,Stade Michel d''Ornano,Frank Schneider
3900519,2015-11-22,18:00:00.000,7,27,Ligue 1,2015/2016,France,Regular Season,134,Rennes,146,Bordeaux,2,2,14,available,Roazhon Park,Sébastien Moreira
3900511,2015-11-21,18:00:00.000,7,27,Ligue 1,2015/2016,France,Regular Season,165,Lorient,131,Paris Saint-Germain,1,2,14,available,Stade Yves Allainmat - du Moustoir,Stéphane Lannoy
3900514,2015-11-21,21:00:00.000,7,27,Ligue 1,2015/2016,France,Regular Season,142,Guingamp,130,Toulouse,2,0,14,available,Stade du Roudourou,Wilfried Bien
3900515,2015-11-21,21:00:00.000,7,27,Ligue 1,2015/2016,France,Regular Season,129,AS Monaco,144,Nantes,1,0,14,available,Stade Louis II,Antony Gautier
3829512,2015-10-23,20:30:00.000,7,27,Ligue 1,2015/2016,France,Regular Season,137,Lyon,130,Toulouse,3,0,11,available,Stade de Gerland,Nicolas Rainville
3829495,2015-10-03,17:30:00.000,7,27,Ligue 1,2015/2016,France,Regular Season,137,Lyon,156,Stade de Reims,1,0,9,available,Stade de Gerland,Antony Gautier
3900491,2015-10-31,18:00:00.000,7,27,Ligue 1,2015/2016,France,Regular Season,135,Saint-Étienne,156,Stade de Reims,3,0,12,available,Stade Geoffroy-Guichard ,Mikael Lesage
3900504,2015-11-07,21:00:00.000,7,27,Ligue 1,2015/2016,France,Regular Season,139,Montpellier,144,Nantes,2,1,13,available,Stade de la Mosson ,Frank Schneider
3900506,2015-11-07,21:00:00.000,7,27,Ligue 1,2015/2016,France,Regular Season,156,Stade de Reims,160,Gazélec Ajaccio,1,2,13,available,Stade Auguste-Delaune II ,Saïd Ennjimi
3900505,2015-11-07,19:00:00.000,7,27,Ligue 1,2015/2016,France,Regular Season,140,Stade Malherbe Caen,142,Guingamp,2,1,13,available,Stade Michel d''Ornano,Jérôme Miguelgorry
3829496,2015-10-03,20:00:00.000,7,27,Ligue 1,2015/2016,France,Regular Season,145,Angers,2736,Bastia,1,0,9,available,Stade Raymond-Kopa,Sébastien Moreira
3829514,2015-10-24,20:00:00.000,7,27,Ligue 1,2015/2016,France,Regular Season,145,Angers,142,Guingamp,0,0,11,available,Stade Raymond-Kopa,Antony Gautier
3829469,2015-09-20,17:00:00.000,7,27,Ligue 1,2015/2016,France,Regular Season,129,AS Monaco,165,Lorient,2,3,6,available,Stade Louis II,Amaury Delerue
3829454,2015-09-12,17:00:00.000,7,27,Ligue 1,2015/2016,France,Regular Season,137,Lyon,143,Lille,0,0,5,available,Stade de Gerland,Frank Schneider
3829439,2015-08-22,20:00:00.000,7,27,Ligue 1,2015/2016,France,Regular Season,130,Toulouse,129,AS Monaco,1,1,3,available,Stadium de Toulouse,Stéphane Lannoy
3829513,2015-10-23,16:30:00.000,7,27,Ligue 1,2015/2016,France,Regular Season,140,Stade Malherbe Caen,144,Nantes,0,2,11,available,Stade Michel d''Ornano,Stéphane Lannoy
3829510,2015-10-18,21:00:00.000,7,27,Ligue 1,2015/2016,France,Regular Season,134,Rennes,136,OGC Nice,1,4,10,available,Roazhon Park,Benoît Millot
3829445,2015-08-29,20:00:00.000,7,27,Ligue 1,2015/2016,France,Regular Season,145,Angers,136,OGC Nice,1,1,4,available,Stade Raymond-Kopa,Stéphane Jochem
3829433,2015-08-21,20:30:00.000,7,27,Ligue 1,2015/2016,France,Regular Season,139,Montpellier,131,Paris Saint-Germain,0,1,3,available,Stade de la Mosson ,Sébastien Moreira
3829466,2015-09-19,20:00:00.000,7,27,Ligue 1,2015/2016,France,Regular Season,145,Angers,133,Troyes,1,0,6,available,Stade Raymond-Kopa,Lionel Jaffredo
3900639,2016-02-14,18:00:00.000,7,27,Ligue 1,2015/2016,France,Regular Season,135,Saint-Étienne,129,AS Monaco,1,1,26,available,Stade Geoffroy-Guichard ,Fredy Fautrel
3900638,2016-02-14,13:00:00.000,7,27,Ligue 1,2015/2016,France,Regular Season,137,Lyon,140,Stade Malherbe Caen,4,1,26,available,Groupama Stadium,Ruddy Buquet
3900637,2016-02-14,22:00:00.000,7,27,Ligue 1,2015/2016,France,Regular Season,136,OGC Nice,147,Olympique de Marseille,1,1,26,available,Allianz Riviera ,Benoît Millot
3900635,2016-02-13,21:00:00.000,7,27,Ligue 1,2015/2016,France,Regular Season,156,Stade de Reims,2736,Bastia,0,1,26,available,Stade Auguste-Delaune II ,Lionel Jaffredo
3900634,2016-02-13,18:00:00.000,7,27,Ligue 1,2015/2016,France,Regular Season,131,Paris Saint-Germain,143,Lille,0,0,26,available,Parc des Princes ,Frank Schneider
3900632,2016-02-13,21:00:00.000,7,27,Ligue 1,2015/2016,France,Regular Season,142,Guingamp,146,Bordeaux,2,4,26,available,Stade du Roudourou,Hakim Ben El Hadj Salem
3900631,2016-02-13,21:00:00.000,7,27,Ligue 1,2015/2016,France,Regular Season,139,Montpellier,130,Toulouse,2,0,26,available,Stade de la Mosson ,Saïd Ennjimi
3900630,2016-02-12,21:30:00.000,7,27,Ligue 1,2015/2016,France,Regular Season,134,Rennes,145,Angers,1,0,26,available,Roazhon Park,Stéphane Lannoy
3900626,2016-02-06,21:00:00.000,7,27,Ligue 1,2015/2016,France,Regular Season,160,Gazélec Ajaccio,142,Guingamp,0,0,25,available,Stade Ange Casanova (Ajaccio),Clément Turpin
3900623,2016-02-06,21:00:00.000,7,27,Ligue 1,2015/2016,France,Regular Season,165,Lorient,139,Montpellier,1,1,25,available,Stade Yves Allainmat - du Moustoir,Mikael Lesage
3900622,2016-02-06,21:00:00.000,7,27,Ligue 1,2015/2016,France,Regular Season,2736,Bastia,133,Troyes,2,0,25,available,Stade Armand-Césari,Sébastien Moreira
3900621,2016-02-06,21:00:00.000,7,27,Ligue 1,2015/2016,France,Regular Season,130,Toulouse,144,Nantes,0,0,25,available,Stadium de Toulouse,Lionel Jaffredo
3900620,2016-02-06,19:00:00.000,7,27,Ligue 1,2015/2016,France,Regular Season,140,Stade Malherbe Caen,156,Stade de Reims,0,2,25,available,Stade Michel d''Ornano,Bartolomeu Varela Teles
3900619,2016-02-04,22:00:00.000,7,27,Ligue 1,2015/2016,France,Regular Season,134,Rennes,135,Saint-Étienne,0,1,24,available,Roazhon Park,Benoît Millot
3900618,2016-02-03,22:00:00.000,7,27,Ligue 1,2015/2016,France,Regular Season,131,Paris Saint-Germain,165,Lorient,3,1,24,available,Parc des Princes ,Hakim Ben El Hadj Salem
3900615,2016-02-03,20:00:00.000,7,27,Ligue 1,2015/2016,France,Regular Season,144,Nantes,160,Gazélec Ajaccio,3,1,24,available,Stade de la Beaujoire - Louis Fonteneau,Saïd Ennjimi
3900614,2016-02-03,18:00:00.000,7,27,Ligue 1,2015/2016,France,Regular Season,143,Lille,140,Stade Malherbe Caen,1,0,24,available,Decathlon Arena – Stade Pierre-Mauroy,Stéphane Jochem
3900613,2016-02-03,20:00:00.000,7,27,Ligue 1,2015/2016,France,Regular Season,136,OGC Nice,130,Toulouse,1,0,24,available,Allianz Riviera ,François Letexier
3900612,2016-02-03,20:00:00.000,7,27,Ligue 1,2015/2016,France,Regular Season,142,Guingamp,133,Troyes,4,0,24,available,Stade du Roudourou,Jérôme Miguelgorry
3900611,2016-02-02,20:00:00.000,7,27,Ligue 1,2015/2016,France,Regular Season,129,AS Monaco,2736,Bastia,2,0,24,available,Stade Louis II,Nicolas Rainville
3900610,2016-02-02,20:00:00.000,7,27,Ligue 1,2015/2016,France,Regular Season,139,Montpellier,147,Olympique de Marseille,0,1,24,available,Stade de la Mosson ,Tony Chapron
3900581,2016-01-16,21:00:00.000,7,27,Ligue 1,2015/2016,France,Regular Season,146,Bordeaux,143,Lille,1,0,21,available,Stade Matmut Atlantique,Lionel Jaffredo
3900580,2016-01-15,21:30:00.000,7,27,Ligue 1,2015/2016,France,Regular Season,136,OGC Nice,145,Angers,2,1,21,available,Allianz Riviera ,Jérôme Miguelgorry
3900579,2016-01-10,15:00:00.000,7,27,Ligue 1,2015/2016,France,Regular Season,144,Nantes,135,Saint-Étienne,2,1,20,available,Stade de la Beaujoire - Louis Fonteneau,Stéphane Lannoy
3900578,2016-01-10,18:00:00.000,7,27,Ligue 1,2015/2016,France,Regular Season,143,Lille,136,OGC Nice,1,1,20,available,Decathlon Arena – Stade Pierre-Mauroy,Hakim Ben El Hadj Salem
3900576,2016-01-09,21:00:00.000,7,27,Ligue 1,2015/2016,France,Regular Season,139,Montpellier,146,Bordeaux,0,1,20,available,Stade de la Mosson ,Clément Turpin
3900575,2016-01-09,21:00:00.000,7,27,Ligue 1,2015/2016,France,Regular Season,156,Stade de Reims,130,Toulouse,1,3,20,available,Stade Auguste-Delaune II ,Mikael Lesage
3900574,2016-01-09,18:00:00.000,7,27,Ligue 1,2015/2016,France,Regular Season,137,Lyon,133,Troyes,4,1,20,available,Groupama Stadium,Ruddy Buquet
3900573,2016-01-09,19:00:00.000,7,27,Ligue 1,2015/2016,France,Regular Season,145,Angers,140,Stade Malherbe Caen,2,0,20,available,Stade Raymond-Kopa,Nicolas Rainville
3900572,2016-01-09,21:00:00.000,7,27,Ligue 1,2015/2016,France,Regular Season,129,AS Monaco,160,Gazélec Ajaccio,2,2,20,available,Stade Louis II,Stéphane Jochem
3900571,2016-01-09,21:00:00.000,7,27,Ligue 1,2015/2016,France,Regular Season,134,Rennes,165,Lorient,2,2,20,available,Roazhon Park,Frank Schneider
3900569,2015-12-20,15:00:00.000,7,27,Ligue 1,2015/2016,France,Regular Season,135,Saint-Étienne,145,Angers,1,0,19,available,Stade Geoffroy-Guichard ,Bartolomeu Varela Teles
3900566,2015-12-19,21:00:00.000,7,27,Ligue 1,2015/2016,France,Regular Season,2736,Bastia,156,Stade de Reims,2,0,19,available,Stade Armand-Césari,Saïd Ennjimi
3900565,2015-12-19,21:00:00.000,7,27,Ligue 1,2015/2016,France,Regular Season,165,Lorient,144,Nantes,0,0,19,available,Stade Yves Allainmat - du Moustoir,Fredy Fautrel
3900564,2015-12-19,21:00:00.000,7,27,Ligue 1,2015/2016,France,Regular Season,133,Troyes,129,AS Monaco,0,0,19,available,Stade de l''Aube,Wilfried Bien
3900563,2015-12-19,21:00:00.000,7,27,Ligue 1,2015/2016,France,Regular Season,142,Guingamp,134,Rennes,0,2,19,available,Stade du Roudourou,Benoît Millot
3900561,2015-12-19,21:00:00.000,7,27,Ligue 1,2015/2016,France,Regular Season,130,Toulouse,143,Lille,1,1,19,available,Stadium de Toulouse,Ruddy Buquet
3900560,2015-12-18,21:30:00.000,7,27,Ligue 1,2015/2016,France,Regular Season,136,OGC Nice,139,Montpellier,1,0,19,available,Allianz Riviera ,Tony Chapron
3900558,2015-12-13,15:00:00.000,7,27,Ligue 1,2015/2016,France,Regular Season,129,AS Monaco,135,Saint-Étienne,1,0,18,available,Stade Louis II,Mikael Lesage
3900557,2015-12-13,22:00:00.000,7,27,Ligue 1,2015/2016,France,Regular Season,131,Paris Saint-Germain,137,Lyon,5,1,18,available,Parc des Princes ,Ruddy Buquet
3900556,2015-12-13,18:00:00.000,7,27,Ligue 1,2015/2016,France,Regular Season,145,Angers,146,Bordeaux,1,1,18,available,Stade Raymond-Kopa,Benoît Millot
3900555,2015-12-12,21:00:00.000,7,27,Ligue 1,2015/2016,France,Regular Season,144,Nantes,130,Toulouse,1,1,18,available,Stade de la Beaujoire - Louis Fonteneau,Hakim Ben El Hadj Salem
3900554,2015-12-12,21:00:00.000,7,27,Ligue 1,2015/2016,France,Regular Season,133,Troyes,2736,Bastia,1,1,18,available,Stade de l''Aube,Stéphane Lannoy
3900553,2015-12-12,17:00:00.000,7,27,Ligue 1,2015/2016,France,Regular Season,156,Stade de Reims,136,OGC Nice,1,1,18,available,Stade Auguste-Delaune II ,Frank Schneider
3900552,2015-12-12,21:00:00.000,7,27,Ligue 1,2015/2016,France,Regular Season,139,Montpellier,142,Guingamp,2,1,18,available,Stade de la Mosson ,Sébastien Moreira
3900551,2015-12-12,21:00:00.000,7,27,Ligue 1,2015/2016,France,Regular Season,143,Lille,165,Lorient,3,0,18,available,Decathlon Arena – Stade Pierre-Mauroy,Jérôme Miguelgorry
3900550,2015-12-11,19:30:00.000,7,27,Ligue 1,2015/2016,France,Regular Season,134,Rennes,140,Stade Malherbe Caen,1,1,18,available,Roazhon Park,Johan Hamel
3900543,2015-12-05,21:00:00.000,7,27,Ligue 1,2015/2016,France,Regular Season,156,Stade de Reims,133,Troyes,1,1,17,available,Stade Auguste-Delaune II ,Jérôme Miguelgorry
3900542,2015-12-05,19:00:00.000,7,27,Ligue 1,2015/2016,France,Regular Season,140,Stade Malherbe Caen,143,Lille,1,2,17,available,Stade Michel d''Ornano,Saïd Ennjimi
3900526,2015-11-28,21:00:00.000,7,27,Ligue 1,2015/2016,France,Regular Season,145,Angers,143,Lille,2,0,15,available,Stade Raymond-Kopa,Johan Hamel
3900525,2015-11-28,21:00:00.000,7,27,Ligue 1,2015/2016,France,Regular Season,144,Nantes,2736,Bastia,0,0,15,available,Stade de la Beaujoire - Louis Fonteneau,Nicolas Rainville
3900524,2015-11-28,21:00:00.000,7,27,Ligue 1,2015/2016,France,Regular Season,160,Gazélec Ajaccio,165,Lorient,1,1,15,available,Stade Ange Casanova (Ajaccio),Jérôme Miguelgorry
3900520,2015-11-27,21:30:00.000,7,27,Ligue 1,2015/2016,France,Regular Season,137,Lyon,139,Montpellier,2,4,15,available,Stade de Gerland,Benoît Millot
3900516,2015-11-22,20:00:00.000,7,27,Ligue 1,2015/2016,France,Regular Season,135,Saint-Étienne,147,Olympique de Marseille,0,2,14,available,Stade Geoffroy-Guichard ,Fredy Fautrel
3900513,2015-11-21,21:00:00.000,7,27,Ligue 1,2015/2016,France,Regular Season,133,Troyes,143,Lille,1,1,14,available,Stade de l''Aube,Lionel Jaffredo
3900512,2015-11-21,21:00:00.000,7,27,Ligue 1,2015/2016,France,Regular Season,139,Montpellier,156,Stade de Reims,3,1,14,available,Stade de la Mosson ,Stéphane Jochem
3900510,2015-11-20,21:30:00.000,7,27,Ligue 1,2015/2016,France,Regular Season,136,OGC Nice,137,Lyon,3,0,14,available,Allianz Riviera ,Benoît Bastien
3900509,2015-11-08,22:00:00.000,7,27,Ligue 1,2015/2016,France,Regular Season,137,Lyon,135,Saint-Étienne,3,0,13,available,Stade de Gerland,Tony Chapron
3900508,2015-11-08,22:00:00.000,7,27,Ligue 1,2015/2016,France,Regular Season,146,Bordeaux,129,AS Monaco,3,1,13,available,Stade Matmut Atlantique,Benoît Millot
3900503,2015-11-07,21:00:00.000,7,27,Ligue 1,2015/2016,France,Regular Season,143,Lille,2736,Bastia,1,1,13,available,Decathlon Arena – Stade Pierre-Mauroy,Mikael Lesage
3900502,2015-11-07,21:00:00.000,7,27,Ligue 1,2015/2016,France,Regular Season,165,Lorient,133,Troyes,4,1,13,available,Stade Yves Allainmat - du Moustoir,Hakim Ben El Hadj Salem
3900501,2015-11-07,18:00:00.000,7,27,Ligue 1,2015/2016,France,Regular Season,131,Paris Saint-Germain,130,Toulouse,5,0,13,available,Parc des Princes ,Johan Hamel
3900500,2015-11-06,21:30:00.000,7,27,Ligue 1,2015/2016,France,Regular Season,145,Angers,134,Rennes,0,2,13,available,Stade Raymond-Kopa,Clément Turpin
3900499,2015-11-01,20:00:00.000,7,27,Ligue 1,2015/2016,France,Regular Season,144,Nantes,147,Olympique de Marseille,0,1,12,available,Stade de la Beaujoire - Louis Fonteneau,Lionel Jaffredo
3900498,2015-11-01,18:00:00.000,7,27,Ligue 1,2015/2016,France,Regular Season,129,AS Monaco,145,Angers,1,0,12,available,Stade Louis II,Bartolomeu Varela Teles
3900497,2015-11-01,15:00:00.000,7,27,Ligue 1,2015/2016,France,Regular Season,136,OGC Nice,143,Lille,0,0,12,available,Allianz Riviera ,Wilfried Bien
3900496,2015-10-31,21:00:00.000,7,27,Ligue 1,2015/2016,France,Regular Season,130,Toulouse,139,Montpellier,1,1,12,available,Stadium de Toulouse,Stéphane Lannoy
3900495,2015-10-31,19:00:00.000,7,27,Ligue 1,2015/2016,France,Regular Season,2736,Bastia,140,Stade Malherbe Caen,1,0,12,available,Stade Armand-Césari,Benoît Millot
3900494,2015-10-31,21:00:00.000,7,27,Ligue 1,2015/2016,France,Regular Season,160,Gazélec Ajaccio,146,Bordeaux,2,0,12,available,Stade Ange Casanova (Ajaccio),Hakim Ben El Hadj Salem
3900493,2015-10-31,21:00:00.000,7,27,Ligue 1,2015/2016,France,Regular Season,133,Troyes,137,Lyon,0,1,12,available,Stade de l''Aube,Stéphane Jochem
3900492,2015-10-31,21:00:00.000,7,27,Ligue 1,2015/2016,France,Regular Season,142,Guingamp,165,Lorient,2,2,12,available,Stade du Roudourou,Nicolas Rainville
3900490,2015-10-30,21:30:00.000,7,27,Ligue 1,2015/2016,France,Regular Season,134,Rennes,131,Paris Saint-Germain,0,1,12,available,Roazhon Park,Fredy Fautrel
3829438,2015-08-22,20:00:00.000,7,27,Ligue 1,2015/2016,France,Regular Season,136,OGC Nice,140,Stade Malherbe Caen,2,1,3,available,Allianz Riviera ,Jérôme Miguelgorry
3829413,2015-08-07,20:30:00.000,7,27,Ligue 1,2015/2016,France,Regular Season,143,Lille,131,Paris Saint-Germain,0,1,1,available,Decathlon Arena – Stade Pierre-Mauroy,Fredy Fautrel
3829428,2015-08-15,18:00:00.000,7,27,Ligue 1,2015/2016,France,Regular Season,140,Stade Malherbe Caen,130,Toulouse,1,0,2,available,Stade Michel d''Ornano,Stéphane Jochem
3829522,2015-11-04,18:30:00.000,7,27,Ligue 1,2015/2016,France,Regular Season,136,OGC Nice,144,Nantes,1,2,9,available,Allianz Riviera ,Sébastien Moreira
3829521,2015-10-25,17:00:00.000,7,27,Ligue 1,2015/2016,France,Regular Season,146,Bordeaux,133,Troyes,1,0,11,available,Stade Matmut Atlantique,Saïd Ennjimi
3829520,2015-10-25,14:00:00.000,7,27,Ligue 1,2015/2016,France,Regular Season,156,Stade de Reims,129,AS Monaco,0,1,11,available,Stade Auguste-Delaune II ,Frank Schneider
3829517,2015-10-24,20:00:00.000,7,27,Ligue 1,2015/2016,France,Regular Season,160,Gazélec Ajaccio,136,OGC Nice,3,1,11,available,Stade Ange Casanova (Ajaccio),Johan Hamel
3829516,2015-10-24,17:00:00.000,7,27,Ligue 1,2015/2016,France,Regular Season,165,Lorient,134,Rennes,1,1,11,available,Stade Yves Allainmat - du Moustoir,Benoît Bastien
3829515,2015-10-24,20:00:00.000,7,27,Ligue 1,2015/2016,France,Regular Season,139,Montpellier,2736,Bastia,2,0,11,available,Stade de la Mosson ,Jérôme Miguelgorry
3829511,2015-10-18,17:00:00.000,7,27,Ligue 1,2015/2016,France,Regular Season,146,Bordeaux,139,Montpellier,0,0,10,available,Stade Matmut Atlantique,Bartolomeu Varela Teles
3829508,2015-10-17,20:00:00.000,7,27,Ligue 1,2015/2016,France,Regular Season,156,Stade de Reims,140,Stade Malherbe Caen,0,1,10,available,Stade Auguste-Delaune II ,Wilfried Bien
3829507,2015-10-17,20:00:00.000,7,27,Ligue 1,2015/2016,France,Regular Season,130,Toulouse,145,Angers,1,2,10,available,Stadium de Toulouse,Amaury Delerue
3829506,2015-10-17,20:00:00.000,7,27,Ligue 1,2015/2016,France,Regular Season,142,Guingamp,143,Lille,1,1,10,available,Stade du Roudourou,Hakim Ben El Hadj Salem
3829505,2015-10-17,20:00:00.000,7,27,Ligue 1,2015/2016,France,Regular Season,135,Saint-Étienne,160,Gazélec Ajaccio,2,0,10,available,Stade Geoffroy-Guichard ,Stéphane Jochem
3829504,2015-10-17,17:00:00.000,7,27,Ligue 1,2015/2016,France,Regular Season,2736,Bastia,131,Paris Saint-Germain,0,2,10,available,Stade Armand-Césari,Lionel Jaffredo
3829503,2015-10-17,20:00:00.000,7,27,Ligue 1,2015/2016,France,Regular Season,144,Nantes,133,Troyes,3,0,10,available,Stade de la Beaujoire - Louis Fonteneau,Mikael Lesage
3829502,2015-10-16,20:30:00.000,7,27,Ligue 1,2015/2016,France,Regular Season,129,AS Monaco,137,Lyon,1,1,10,available,Stade Louis II,Fredy Fautrel
3829501,2015-10-04,14:00:00.000,7,27,Ligue 1,2015/2016,France,Regular Season,129,AS Monaco,134,Rennes,1,1,9,available,Stade Louis II,Tony Chapron
3829500,2015-10-04,21:00:00.000,7,27,Ligue 1,2015/2016,France,Regular Season,131,Paris Saint-Germain,147,Olympique de Marseille,2,1,9,available,Parc des Princes ,Benoît Bastien
3829498,2015-10-04,17:00:00.000,7,27,Ligue 1,2015/2016,France,Regular Season,165,Lorient,146,Bordeaux,3,2,9,available,Stade Yves Allainmat - du Moustoir,Clément Turpin
3829497,2015-10-03,20:00:00.000,7,27,Ligue 1,2015/2016,France,Regular Season,133,Troyes,142,Guingamp,0,1,9,available,Stade de l''Aube,Jérôme Miguelgorry
3829494,2015-10-03,20:00:00.000,7,27,Ligue 1,2015/2016,France,Regular Season,160,Gazélec Ajaccio,130,Toulouse,2,2,9,available,Stade Ange Casanova (Ajaccio),Frank Schneider
3829493,2015-10-02,20:30:00.000,7,27,Ligue 1,2015/2016,France,Regular Season,143,Lille,139,Montpellier,2,0,9,available,Decathlon Arena – Stade Pierre-Mauroy,Saïd Ennjimi
3829492,2015-09-29,18:30:00.000,7,27,Ligue 1,2015/2016,France,Regular Season,143,Lille,144,Nantes,0,1,7,available,Decathlon Arena – Stade Pierre-Mauroy,Jérôme Miguelgorry
3829491,2015-09-27,12:00:00.000,7,27,Ligue 1,2015/2016,France,Regular Season,147,Olympique de Marseille,145,Angers,1,2,8,available,Orange Vélodrome,Mikael Lesage
3829490,2015-09-27,21:00:00.000,7,27,Ligue 1,2015/2016,France,Regular Season,135,Saint-Étienne,136,OGC Nice,1,4,8,available,Stade Geoffroy-Guichard ,Bartolomeu Varela Teles
3829489,2015-09-27,17:00:00.000,7,27,Ligue 1,2015/2016,France,Regular Season,139,Montpellier,165,Lorient,2,1,8,available,Stade de la Mosson ,Stéphane Jochem
3829488,2015-09-27,17:00:00.000,7,27,Ligue 1,2015/2016,France,Regular Season,142,Guingamp,129,AS Monaco,3,3,8,available,Stade du Roudourou,Wilfried Bien
3829487,2015-09-26,18:00:00.000,7,27,Ligue 1,2015/2016,France,Regular Season,140,Stade Malherbe Caen,160,Gazélec Ajaccio,2,0,8,available,Stade Michel d''Ornano,Lionel Jaffredo
3829486,2015-09-26,20:00:00.000,7,27,Ligue 1,2015/2016,France,Regular Season,2736,Bastia,130,Toulouse,3,0,8,available,Stade Armand-Césari,Hakim Ben El Hadj Salem
3829485,2015-09-26,20:00:00.000,7,27,Ligue 1,2015/2016,France,Regular Season,134,Rennes,133,Troyes,1,1,8,available,Roazhon Park,Johan Hamel
3829484,2015-09-26,20:00:00.000,7,27,Ligue 1,2015/2016,France,Regular Season,146,Bordeaux,137,Lyon,3,1,8,available,Stade Matmut Atlantique,Benoît Millot
3829483,2015-09-26,17:30:00.000,7,27,Ligue 1,2015/2016,France,Regular Season,144,Nantes,131,Paris Saint-Germain,1,4,8,available,Stade de la Beaujoire - Louis Fonteneau,Amaury Delerue
3829482,2015-09-25,20:30:00.000,7,27,Ligue 1,2015/2016,France,Regular Season,156,Stade de Reims,143,Lille,1,0,8,available,Stade Auguste-Delaune II ,Ruddy Buquet
3829481,2015-09-24,18:55:00.000,7,27,Ligue 1,2015/2016,France,Regular Season,139,Montpellier,129,AS Monaco,2,3,7,available,Stade de la Mosson ,Clément Turpin
3829480,2015-09-23,19:00:00.000,7,27,Ligue 1,2015/2016,France,Regular Season,133,Troyes,135,Saint-Étienne,0,1,7,available,Stade de l''Aube,Sébastien Moreira
3829477,2015-09-23,21:00:00.000,7,27,Ligue 1,2015/2016,France,Regular Season,130,Toulouse,147,Olympique de Marseille,1,1,7,available,Stadium de Toulouse,Antony Gautier
3829476,2015-09-23,19:00:00.000,7,27,Ligue 1,2015/2016,France,Regular Season,137,Lyon,2736,Bastia,2,0,7,available,Stade de Gerland,Benoît Bastien
3829475,2015-09-23,19:00:00.000,7,27,Ligue 1,2015/2016,France,Regular Season,136,OGC Nice,146,Bordeaux,6,1,7,available,Allianz Riviera ,Nicolas Rainville
3829474,2015-09-22,19:00:00.000,7,27,Ligue 1,2015/2016,France,Regular Season,145,Angers,156,Stade de Reims,0,0,7,available,Stade Raymond-Kopa,Tony Chapron
3829473,2015-09-22,21:00:00.000,7,27,Ligue 1,2015/2016,France,Regular Season,131,Paris Saint-Germain,142,Guingamp,3,0,7,available,Parc des Princes ,Frank Schneider
3829471,2015-09-20,14:00:00.000,7,27,Ligue 1,2015/2016,France,Regular Season,146,Bordeaux,130,Toulouse,1,1,6,available,Stade Matmut Atlantique,Mikael Lesage
3829468,2015-09-19,20:00:00.000,7,27,Ligue 1,2015/2016,France,Regular Season,142,Guingamp,160,Gazélec Ajaccio,2,1,6,available,Stade du Roudourou,Nicolas Rainville
3829467,2015-09-19,18:00:00.000,7,27,Ligue 1,2015/2016,France,Regular Season,140,Stade Malherbe Caen,139,Montpellier,2,1,6,available,Stade Michel d''Ornano,Hakim Ben El Hadj Salem
3829465,2015-09-19,17:30:00.000,7,27,Ligue 1,2015/2016,France,Regular Season,156,Stade de Reims,131,Paris Saint-Germain,1,1,6,available,Stade Auguste-Delaune II ,Bartolomeu Varela Teles
3829464,2015-09-19,20:00:00.000,7,27,Ligue 1,2015/2016,France,Regular Season,2736,Bastia,136,OGC Nice,1,3,6,available,Stade Armand-Césari,Wilfried Bien
3829463,2015-09-18,20:30:00.000,7,27,Ligue 1,2015/2016,France,Regular Season,134,Rennes,143,Lille,1,1,6,available,Roazhon Park,Stéphane Jochem
3829462,2015-09-13,14:00:00.000,7,27,Ligue 1,2015/2016,France,Regular Season,160,Gazélec Ajaccio,129,AS Monaco,0,1,5,available,Stade Ange Casanova (Ajaccio),Sébastien Moreira
3829460,2015-09-13,17:00:00.000,7,27,Ligue 1,2015/2016,France,Regular Season,144,Nantes,134,Rennes,0,2,5,available,Stade de la Beaujoire - Louis Fonteneau,Wilfried Bien
3829458,2015-09-12,20:00:00.000,7,27,Ligue 1,2015/2016,France,Regular Season,130,Toulouse,156,Stade de Reims,2,2,5,available,Stadium de Toulouse,Fredy Fautrel
3829457,2015-09-12,20:00:00.000,7,27,Ligue 1,2015/2016,France,Regular Season,139,Montpellier,135,Saint-Étienne,1,2,5,available,Stade de la Mosson ,Lionel Jaffredo
3829456,2015-09-12,20:00:00.000,7,27,Ligue 1,2015/2016,France,Regular Season,165,Lorient,145,Angers,3,1,5,available,Stade Yves Allainmat - du Moustoir,Jérôme Miguelgorry
3829455,2015-09-12,20:00:00.000,7,27,Ligue 1,2015/2016,France,Regular Season,133,Troyes,140,Stade Malherbe Caen,1,3,5,available,Stade de l''Aube,Bartolomeu Varela Teles
3829453,2015-09-11,20:30:00.000,7,27,Ligue 1,2015/2016,France,Regular Season,131,Paris Saint-Germain,146,Bordeaux,2,2,5,available,Parc des Princes ,Antony Gautier
3829452,2015-08-30,17:00:00.000,7,27,Ligue 1,2015/2016,France,Regular Season,146,Bordeaux,144,Nantes,2,0,4,available,Stade Matmut Atlantique,Clément Turpin
3829451,2015-08-30,14:00:00.000,7,27,Ligue 1,2015/2016,France,Regular Season,135,Saint-Étienne,2736,Bastia,2,1,4,available,Stade Geoffroy-Guichard ,Antony Gautier
3829450,2015-08-30,21:00:00.000,7,27,Ligue 1,2015/2016,France,Regular Season,129,AS Monaco,131,Paris Saint-Germain,0,3,4,available,Stade Louis II,Benoît Bastien
3829449,2015-08-29,20:00:00.000,7,27,Ligue 1,2015/2016,France,Regular Season,134,Rennes,130,Toulouse,3,1,4,available,Roazhon Park,Benoît Millot
3829448,2015-08-29,20:00:00.000,7,27,Ligue 1,2015/2016,France,Regular Season,156,Stade de Reims,165,Lorient,4,1,4,available,Stade Auguste-Delaune II ,Johan Hamel
3829447,2015-08-29,20:00:00.000,7,27,Ligue 1,2015/2016,France,Regular Season,143,Lille,160,Gazélec Ajaccio,1,0,4,available,Decathlon Arena – Stade Pierre-Mauroy,Mikael Lesage
3829446,2015-08-29,20:00:00.000,7,27,Ligue 1,2015/2016,France,Regular Season,133,Troyes,139,Montpellier,0,0,4,available,Stade de l''Aube,Wilfried Bien
3829443,2015-08-28,20:30:00.000,7,27,Ligue 1,2015/2016,France,Regular Season,142,Guingamp,147,Olympique de Marseille,2,0,4,available,Stade du Roudourou,Amaury Delerue
3829442,2015-08-23,14:00:00.000,7,27,Ligue 1,2015/2016,France,Regular Season,143,Lille,146,Bordeaux,0,0,3,available,Decathlon Arena – Stade Pierre-Mauroy,Lionel Jaffredo
3829440,2015-08-23,17:00:00.000,7,27,Ligue 1,2015/2016,France,Regular Season,165,Lorient,135,Saint-Étienne,0,1,3,available,Stade Yves Allainmat - du Moustoir,Frank Schneider
3829437,2015-08-22,20:00:00.000,7,27,Ligue 1,2015/2016,France,Regular Season,160,Gazélec Ajaccio,145,Angers,0,2,3,available,Stade Ange Casanova (Ajaccio),Bartolomeu Varela Teles
3829436,2015-08-22,20:00:00.000,7,27,Ligue 1,2015/2016,France,Regular Season,144,Nantes,156,Stade de Reims,1,0,3,available,Stade de la Beaujoire - Louis Fonteneau,Hakim Ben El Hadj Salem
3829435,2015-08-22,17:00:00.000,7,27,Ligue 1,2015/2016,France,Regular Season,137,Lyon,134,Rennes,1,2,3,available,Stade de Gerland,Ruddy Buquet
3829434,2015-08-22,20:00:00.000,7,27,Ligue 1,2015/2016,France,Regular Season,2736,Bastia,142,Guingamp,3,0,3,available,Stade Armand-Césari,Fredy Fautrel
3829432,2015-08-16,21:00:00.000,7,27,Ligue 1,2015/2016,France,Regular Season,131,Paris Saint-Germain,160,Gazélec Ajaccio,2,0,2,available,Parc des Princes ,Wilfried Bien
3829431,2015-08-16,17:00:00.000,7,27,Ligue 1,2015/2016,France,Regular Season,165,Lorient,2736,Bastia,1,1,2,available,Stade Yves Allainmat - du Moustoir,Clément Turpin
3829430,2015-08-16,14:00:00.000,7,27,Ligue 1,2015/2016,France,Regular Season,156,Stade de Reims,147,Olympique de Marseille,1,0,2,available,Stade Auguste-Delaune II ,Benoît Bastien
3829429,2015-08-15,20:00:00.000,7,27,Ligue 1,2015/2016,France,Regular Season,134,Rennes,139,Montpellier,1,0,2,available,,Mikael Lesage
3829427,2015-08-15,20:00:00.000,7,27,Ligue 1,2015/2016,France,Regular Season,133,Troyes,136,OGC Nice,3,3,2,available,Stade de l''Aube,Johan Hamel
3829426,2015-08-15,20:00:00.000,7,27,Ligue 1,2015/2016,France,Regular Season,142,Guingamp,137,Lyon,0,1,2,available,Stade du Roudourou,Antony Gautier
3829425,2015-08-15,20:00:00.000,7,27,Ligue 1,2015/2016,France,Regular Season,145,Angers,144,Nantes,0,0,2,available,Stade Raymond-Kopa,Amaury Delerue
3829424,2015-08-15,17:00:00.000,7,27,Ligue 1,2015/2016,France,Regular Season,135,Saint-Étienne,146,Bordeaux,1,1,2,available,Stade Geoffroy-Guichard ,Nicolas Rainville
3829423,2015-08-14,20:30:00.000,7,27,Ligue 1,2015/2016,France,Regular Season,129,AS Monaco,143,Lille,0,0,2,available,Stade Louis II,Benoît Millot
3829422,2015-08-09,21:00:00.000,7,27,Ligue 1,2015/2016,France,Regular Season,137,Lyon,165,Lorient,0,0,1,available,Stade de Gerland,Benoît Millot
3829421,2015-08-09,17:00:00.000,7,27,Ligue 1,2015/2016,France,Regular Season,130,Toulouse,135,Saint-Étienne,2,1,1,available,Stadium de Toulouse,Bartolomeu Varela Teles
3829420,2015-08-09,17:00:00.000,7,27,Ligue 1,2015/2016,France,Regular Season,146,Bordeaux,156,Stade de Reims,1,2,1,available,Stade Matmut Atlantique,Ruddy Buquet
3829419,2015-08-08,21:00:00.000,7,27,Ligue 1,2015/2016,France,Regular Season,139,Montpellier,145,Angers,0,2,1,available,Stade de la Mosson ,Hakim Ben El Hadj Salem
3829418,2015-08-08,21:00:00.000,7,27,Ligue 1,2015/2016,France,Regular Season,144,Nantes,142,Guingamp,1,0,1,available,Stade de la Beaujoire - Louis Fonteneau,Benoît Bastien
3829417,2015-08-08,21:00:00.000,7,27,Ligue 1,2015/2016,France,Regular Season,133,Troyes,160,Gazélec Ajaccio,0,0,1,available,Stade de l''Aube,Jérôme Miguelgorry
3829415,2015-08-08,21:00:00.000,7,27,Ligue 1,2015/2016,France,Regular Season,2736,Bastia,134,Rennes,2,1,1,available,Stade Armand-Césari,Sébastien Moreira
3877115,2023-09-21,02:39:00.000,44,107,Major League Soccer,2023,United States of America,Regular Season,1975,Inter Miami,575,Toronto FC,4,0,33,available,Chase Stadium,Drew Fischer
3877170,2023-10-08,02:39:00.000,44,107,Major League Soccer,2023,United States of America,Regular Season,1975,Inter Miami,489,Cincinnati,0,1,37,available,Chase Stadium,Rubiel Vazquez
3877060,2023-08-27,02:39:00.000,44,107,Major League Soccer,2023,United States of America,Regular Season,387,New York Red Bulls,1975,Inter Miami,0,2,28,available,Sports Illustrated Stadium,Allen Chapman
3877090,2023-09-04,05:09:00.000,44,107,Major League Soccer,2023,United States of America,Regular Season,919,LAFC,1975,Inter Miami,1,3,30,available,BMO Stadium,Ted Unkel
3877194,2023-10-22,01:09:00.000,44,107,Major League Soccer,2023,United States of America,Regular Season,8070,Charlotte,1975,Inter Miami,1,0,38,available,Bank of America Stadium,Guido Gonzalez
3877072,2023-08-31,02:39:00.000,44,107,Major League Soccer,2023,United States of America,Regular Season,1975,Inter Miami,1938,Nashville SC,0,0,29,available,Chase Stadium,Chris Penso
3750234,1977-08-28,12:00:00.000,116,68,North American League,1977,North and Central America,Final,2735,NY Cosmos,488,Seattle Sounders,2,1,1,available,Providence Park,Toros Kibritjian
3881583,2023-08-27,00:30:00.000,49,107,NWSL,2023,United States of America,Regular Season,762,Houston Dash,5106,KC Current,1,1,17,available,Shell Energy Stadium,Shawn Tehini
3881524,2023-05-14,22:00:00.000,49,107,NWSL,2023,United States of America,Regular Season,5106,KC Current,9101,San Diego Wave,0,2,7,available,Children''s Mercy Park,Danielle Chesky
3881501,2023-04-23,21:00:00.000,49,107,NWSL,2023,United States of America,Regular Season,5106,KC Current,764,Orlando Pride,2,0,4,available,Children''s Mercy Park,Karen Callado
3881512,2023-04-30,22:00:00.000,49,107,NWSL,2023,United States of America,Regular Season,5106,KC Current,763,NJ/NY Gotham FC,2,0,5,available,Children''s Mercy Park,Adorae Monroy
3881540,2023-06-04,00:30:00.000,49,107,NWSL,2023,United States of America,Regular Season,5106,KC Current,766,North Carolina Courage,1,0,10,available,Children''s Mercy Park,JC Griggs
3881551,2023-06-18,02:00:00.000,49,107,NWSL,2023,United States of America,Regular Season,766,North Carolina Courage,764,Orlando Pride,3,0,12,available,WakeMed Soccer Park,Calin Radosav
3881536,2023-05-29,00:00:00.000,49,107,NWSL,2023,United States of America,Regular Season,759,Washington Spirit,763,NJ/NY Gotham FC,1,1,9,available,Audi Field,Karen Callado
3881608,2023-10-09,02:00:00.000,49,107,NWSL,2023,United States of America,Regular Season,762,Houston Dash,9100,Angel City,1,2,21,available,Shell Energy Stadium,Katja Koroleva
3881591,2023-09-16,02:30:00.000,49,107,NWSL,2023,United States of America,Regular Season,5105,Racing Louisville FC,762,Houston Dash,0,1,19,available,Lynn Family Stadium,Elvis Osmanovic
3881599,2023-09-30,23:00:00.000,49,107,NWSL,2023,United States of America,Regular Season,759,Washington Spirit,5106,KC Current,2,1,20,available,Audi Field,Eric Tattersall
3915998,2023-11-12,03:00:00.000,49,107,NWSL,2023,United States of America,Final,760,Seattle Reign,763,NJ/NY Gotham FC,1,2,25,available,Snapdragon Stadium,Katja Koroleva
3881606,2023-10-08,02:00:00.000,49,107,NWSL,2023,United States of America,Regular Season,766,North Carolina Courage,9101,San Diego Wave,0,0,21,available,WakeMed Soccer Park,Anya Voigt
3881596,2023-09-18,01:00:00.000,49,107,NWSL,2023,United States of America,Regular Season,761,Chicago Red Stars,9100,Angel City,2,2,19,available,SeatGeek Stadium,Alyssa Nichols
3915111,2023-11-06,02:00:00.000,49,107,NWSL,2023,United States of America,Semi-finals,765,Portland Thorns,763,NJ/NY Gotham FC,0,1,24,available,Providence Park,Danielle Chesky
3915110,2023-11-06,04:30:00.000,49,107,NWSL,2023,United States of America,Semi-finals,9101,San Diego Wave,760,Seattle Reign,0,1,24,available,Snapdragon Stadium,Natalie Simon
3914645,2023-10-23,02:00:00.000,49,107,NWSL,2023,United States of America,1st Round ,766,North Carolina Courage,763,NJ/NY Gotham FC,0,2,23,available,WakeMed Soccer Park,Katja Koroleva
3914644,2023-10-21,05:00:00.000,49,107,NWSL,2023,United States of America,1st Round ,760,Seattle Reign,9100,Angel City,1,0,23,available,Lumen Field,Brad Jensen
3881613,2023-10-16,00:00:00.000,49,107,NWSL,2023,United States of America,Regular Season,759,Washington Spirit,766,North Carolina Courage,0,1,22,available,Audi Field,Ricardo Fierro
3881609,2023-10-16,00:00:00.000,49,107,NWSL,2023,United States of America,Regular Season,9100,Angel City,765,Portland Thorns,5,1,22,available,BMO Stadium,Elvis Osmanovic
3881600,2023-10-01,05:30:00.000,49,107,NWSL,2023,United States of America,Regular Season,765,Portland Thorns,9101,San Diego Wave,0,2,20,available,Providence Park,Calin Radosav
3881598,2023-10-01,03:00:00.000,49,107,NWSL,2023,United States of America,Regular Season,761,Chicago Red Stars,5105,Racing Louisville FC,1,0,20,available,SeatGeek Stadium,Sergii Demianchuk
3881589,2023-09-04,03:00:00.000,49,107,NWSL,2023,United States of America,Regular Season,9101,San Diego Wave,762,Houston Dash,1,0,18,available,Snapdragon Stadium,Katja Koroleva
3881584,2023-08-28,03:00:00.000,49,107,NWSL,2023,United States of America,Regular Season,9100,Angel City,760,Seattle Reign,2,1,17,available,BMO Stadium,Brad Jensen
3881572,2023-07-10,03:00:00.000,49,107,NWSL,2023,United States of America,Regular Season,9100,Angel City,766,North Carolina Courage,2,1,15,available,BMO Stadium,Jeremy Scheer
3881566,2023-07-02,02:00:00.000,49,107,NWSL,2023,United States of America,Regular Season,759,Washington Spirit,764,Orlando Pride,0,3,14,available,Audi Field,Anya Voigt
3881565,2023-07-02,02:30:00.000,49,107,NWSL,2023,United States of America,Regular Season,766,North Carolina Courage,762,Houston Dash,1,0,14,available,WakeMed Soccer Park,Rebecca Pagan
3881563,2023-07-02,02:00:00.000,49,107,NWSL,2023,United States of America,Regular Season,765,Portland Thorns,5106,KC Current,0,1,14,available,Providence Park,Tori Penso
3881564,2023-07-02,03:00:00.000,49,107,NWSL,2023,United States of America,Regular Season,761,Chicago Red Stars,9101,San Diego Wave,1,0,14,available,SeatGeek Stadium,Thomas Snyder
3881560,2023-06-26,03:00:00.000,49,107,NWSL,2023,United States of America,Regular Season,9100,Angel City,762,Houston Dash,0,0,13,available,BMO Stadium,Sergii Demianchuk
3881549,2023-06-17,23:00:00.000,49,107,NWSL,2023,United States of America,Regular Season,9101,San Diego Wave,9100,Angel City,1,2,12,available,Snapdragon Stadium,Matthew Thompson
3881546,2023-06-11,02:00:00.000,49,107,NWSL,2023,United States of America,Regular Season,759,Washington Spirit,9100,Angel City,2,1,11,available,Audi Field,Alyssa Nichols
3881529,2023-05-21,03:30:00.000,49,107,NWSL,2023,United States of America,Regular Season,762,Houston Dash,9101,San Diego Wave,0,3,8,available,Shell Energy Stadium,Elijio Arreguin
3881535,2023-05-28,03:00:00.000,49,107,NWSL,2023,United States of America,Regular Season,5105,Racing Louisville FC,766,North Carolina Courage,1,2,9,available,Lynn Family Stadium,Danielle Chesky
3881528,2023-05-21,00:00:00.000,49,107,NWSL,2023,United States of America,Regular Season,5106,KC Current,5105,Racing Louisville FC,0,2,8,available,Children''s Mercy Park,Brad Jensen
3881519,2023-05-13,03:30:00.000,49,107,NWSL,2023,United States of America,Regular Season,762,Houston Dash,765,Portland Thorns,2,1,7,available,Shell Energy Stadium,Katja Koroleva
3881523,2023-05-15,00:30:00.000,49,107,NWSL,2023,United States of America,Regular Season,763,NJ/NY Gotham FC,764,Orlando Pride,0,0,7,available,Sports Illustrated Stadium,Anya Voigt
3881515,2023-05-07,02:00:00.000,49,107,NWSL,2023,United States of America,Regular Season,764,Orlando Pride,5105,Racing Louisville FC,1,0,6,available,Inter&Co Stadium,Jeremy Scheer
3881508,2023-04-30,02:30:00.000,49,107,NWSL,2023,United States of America,Regular Season,5105,Racing Louisville FC,760,Seattle Reign,2,2,5,available,Lynn Family Stadium,Eric Tattersall
3881507,2023-04-29,03:30:00.000,49,107,NWSL,2023,United States of America,Regular Season,762,Houston Dash,766,North Carolina Courage,0,1,5,available,Shell Energy Stadium,Thomas Snyder
3881537,2023-06-04,03:00:00.000,49,107,NWSL,2023,United States of America,Regular Season,759,Washington Spirit,5105,Racing Louisville FC,1,1,10,available,Audi Field,Rebecca Pagan
3881579,2023-08-26,02:00:00.000,49,107,NWSL,2023,United States of America,Regular Season,764,Orlando Pride,9101,San Diego Wave,1,2,17,available,Inter&Co Stadium,Matthew Thompson
3881578,2023-08-21,05:30:00.000,49,107,NWSL,2023,United States of America,Regular Season,765,Portland Thorns,766,North Carolina Courage,2,1,16,available,Providence Park,Matthew Thompson
3881577,2023-08-21,02:00:00.000,49,107,NWSL,2023,United States of America,Regular Season,764,Orlando Pride,761,Chicago Red Stars,5,0,16,available,Inter&Co Stadium,Anya Voigt
3881574,2023-08-20,03:00:00.000,49,107,NWSL,2023,United States of America,Regular Season,9101,San Diego Wave,763,NJ/NY Gotham FC,2,1,16,available,Snapdragon Stadium,Elton Garcia
3881576,2023-08-20,02:30:00.000,49,107,NWSL,2023,United States of America,Regular Season,5105,Racing Louisville FC,9100,Angel City,1,1,16,available,Lynn Family Stadium,Danielle Chesky
3881550,2023-06-18,23:00:00.000,49,107,NWSL,2023,United States of America,Regular Season,5105,Racing Louisville FC,763,NJ/NY Gotham FC,2,0,12,available,Lynn Family Stadium,Rebecca Pagan
3881548,2023-06-12,02:00:00.000,49,107,NWSL,2023,United States of America,Regular Season,762,Houston Dash,763,NJ/NY Gotham FC,1,1,11,available,Shell Energy Stadium,Alex Billeter
3881547,2023-06-12,02:00:00.000,49,107,NWSL,2023,United States of America,Regular Season,764,Orlando Pride,765,Portland Thorns,3,1,11,available,Inter&Co Stadium,Danielle Chesky
3881545,2023-06-11,02:00:00.000,49,107,NWSL,2023,United States of America,Regular Season,760,Seattle Reign,5106,KC Current,2,1,11,available,Lumen Field,Elijio Arreguin
3881544,2023-06-10,03:00:00.000,49,107,NWSL,2023,United States of America,Regular Season,5105,Racing Louisville FC,9101,San Diego Wave,0,0,11,available,Lynn Family Stadium,Adorae Monroy
3881542,2023-06-06,05:00:00.000,49,107,NWSL,2023,United States of America,Regular Season,9100,Angel City,761,Chicago Red Stars,1,2,10,available,BMO Stadium,Alex Billeter
3881539,2023-06-05,01:00:00.000,49,107,NWSL,2023,United States of America,Regular Season,763,NJ/NY Gotham FC,9101,San Diego Wave,0,1,10,available,Sports Illustrated Stadium,Eric Tattersall
3881541,2023-06-04,03:30:00.000,49,107,NWSL,2023,United States of America,Regular Season,762,Houston Dash,764,Orlando Pride,2,0,10,available,Shell Energy Stadium,Adam Kilpatrick
3881538,2023-06-04,03:00:00.000,49,107,NWSL,2023,United States of America,Regular Season,760,Seattle Reign,765,Portland Thorns,0,2,10,available,Lumen Field,Brad Jensen
3881534,2023-05-28,03:00:00.000,49,107,NWSL,2023,United States of America,Regular Season,761,Chicago Red Stars,764,Orlando Pride,1,0,9,available,SeatGeek Stadium,Rebecca Pagan
3881531,2023-05-27,00:00:00.000,49,107,NWSL,2023,United States of America,Regular Season,5106,KC Current,762,Houston Dash,0,2,9,available,Children''s Mercy Park,Alyssa Nichols
3881532,2023-05-27,05:00:00.000,49,107,NWSL,2023,United States of America,Regular Season,9101,San Diego Wave,765,Portland Thorns,1,1,9,available,Snapdragon Stadium,Elton Garcia
3881533,2023-05-27,22:30:00.000,49,107,NWSL,2023,United States of America,Regular Season,760,Seattle Reign,9100,Angel City,4,1,9,available,Lumen Field,Thomas Snyder
3881525,2023-05-22,00:00:00.000,49,107,NWSL,2023,United States of America,Regular Season,765,Portland Thorns,761,Chicago Red Stars,4,0,8,available,Providence Park,Tori Penso
3881526,2023-05-21,02:00:00.000,49,107,NWSL,2023,United States of America,Regular Season,766,North Carolina Courage,9100,Angel City,0,0,8,available,WakeMed Soccer Park,Sergii Demianchuk
3881527,2023-05-21,02:00:00.000,49,107,NWSL,2023,United States of America,Regular Season,764,Orlando Pride,759,Washington Spirit,2,1,8,available,Inter&Co Stadium,Thomas Snyder
3881522,2023-05-14,05:00:00.000,49,107,NWSL,2023,United States of America,Regular Season,9100,Angel City,759,Washington Spirit,0,1,7,available,BMO Stadium,JC Griggs
3881521,2023-05-14,22:00:00.000,49,107,NWSL,2023,United States of America,Regular Season,766,North Carolina Courage,760,Seattle Reign,1,0,7,available,WakeMed Soccer Park,Alex Billeter
3881520,2023-05-13,02:30:00.000,49,107,NWSL,2023,United States of America,Regular Season,5105,Racing Louisville FC,761,Chicago Red Stars,3,0,7,available,Lynn Family Stadium,Alyssa Nichols
3881517,2023-05-08,00:00:00.000,49,107,NWSL,2023,United States of America,Regular Season,9100,Angel City,5106,KC Current,3,2,6,available,BMO Stadium,Tori Penso
3881516,2023-05-07,02:00:00.000,49,107,NWSL,2023,United States of America,Regular Season,766,North Carolina Courage,765,Portland Thorns,3,3,6,available,WakeMed Soccer Park,Alyssa Nichols
3881514,2023-05-07,05:00:00.000,49,107,NWSL,2023,United States of America,Regular Season,760,Seattle Reign,762,Houston Dash,2,0,6,available,Lumen Field,Brandon Stevis
3881513,2023-05-06,20:00:00.000,49,107,NWSL,2023,United States of America,Regular Season,759,Washington Spirit,9101,San Diego Wave,3,1,6,available,Audi Field,Matthew Thompson
3881505,2023-04-23,01:00:00.000,49,107,NWSL,2023,United States of America,Regular Season,759,Washington Spirit,762,Houston Dash,0,0,4,available,Audi Field,Elton Garcia
3881500,2023-04-16,04:00:00.000,49,107,NWSL,2023,United States of America,Regular Season,760,Seattle Reign,9101,San Diego Wave,1,0,3,available,Lumen Field,Tori Penso
3881494,2023-04-02,23:30:00.000,49,107,NWSL,2023,United States of America,Regular Season,764,Orlando Pride,9100,Angel City,1,2,2,available,Inter&Co Stadium,Danielle Chesky
3881614,2023-10-16,00:00:00.000,49,107,NWSL,2023,United States of America,Regular Season,9101,San Diego Wave,5105,Racing Louisville FC,2,0,22,available,Snapdragon Stadium,Jeremy Scheer
3881612,2023-10-15,21:00:00.000,49,107,NWSL,2023,United States of America,Regular Season,763,NJ/NY Gotham FC,5106,KC Current,2,2,22,available,Sports Illustrated Stadium,Alyssa Nichols
3881611,2023-10-16,00:00:00.000,49,107,NWSL,2023,United States of America,Regular Season,761,Chicago Red Stars,760,Seattle Reign,0,3,22,available,SeatGeek Stadium,Anya Voigt
3881610,2023-10-16,00:00:00.000,49,107,NWSL,2023,United States of America,Regular Season,764,Orlando Pride,762,Houston Dash,1,0,22,available,Inter&Co Stadium,Natalie Simon
3881607,2023-10-08,00:00:00.000,49,107,NWSL,2023,United States of America,Regular Season,5106,KC Current,761,Chicago Red Stars,6,3,21,available,Children''s Mercy Park,Laura Rodriguez
3881605,2023-10-07,03:00:00.000,49,107,NWSL,2023,United States of America,Regular Season,760,Seattle Reign,759,Washington Spirit,0,0,21,available,Lumen Field,Thomas Snyder
3881604,2023-10-07,02:30:00.000,49,107,NWSL,2023,United States of America,Regular Season,5105,Racing Louisville FC,764,Orlando Pride,3,2,21,available,Lynn Family Stadium,Kevin Broadley
3881603,2023-10-08,00:00:00.000,49,107,NWSL,2023,United States of America,Regular Season,765,Portland Thorns,763,NJ/NY Gotham FC,1,0,21,available,Providence Park,Danielle Chesky
3881602,2023-10-02,03:00:00.000,49,107,NWSL,2023,United States of America,Regular Season,760,Seattle Reign,766,North Carolina Courage,1,1,20,available,Lumen Field,Elton Garcia
3881601,2023-10-02,01:30:00.000,49,107,NWSL,2023,United States of America,Regular Season,763,NJ/NY Gotham FC,762,Houston Dash,0,2,20,available,Sports Illustrated Stadium,Elijio Arreguin
3881597,2023-10-03,05:00:00.000,49,107,NWSL,2023,United States of America,Regular Season,9100,Angel City,764,Orlando Pride,0,1,20,available,BMO Stadium,Brandon Stevis
3881595,2023-09-18,02:00:00.000,49,107,NWSL,2023,United States of America,Regular Season,764,Orlando Pride,766,North Carolina Courage,2,1,19,available,Inter&Co Stadium,Danielle Chesky
3881594,2023-09-17,02:30:00.000,49,107,NWSL,2023,United States of America,Regular Season,763,NJ/NY Gotham FC,759,Washington Spirit,2,0,19,available,Sports Illustrated Stadium,Adorae Monroy
3881593,2023-09-17,05:30:00.000,49,107,NWSL,2023,United States of America,Regular Season,765,Portland Thorns,760,Seattle Reign,2,0,19,available,Providence Park,Katja Koroleva
3881592,2023-09-17,02:00:00.000,49,107,NWSL,2023,United States of America,Regular Season,9101,San Diego Wave,5106,KC Current,1,2,19,available,Snapdragon Stadium,Mathew Corrigan
3881590,2023-09-04,01:00:00.000,49,107,NWSL,2023,United States of America,Regular Season,760,Seattle Reign,764,Orlando Pride,1,0,18,available,Lumen Field,Ricardo Fierro
3881588,2023-09-03,02:30:00.000,49,107,NWSL,2023,United States of America,Regular Season,766,North Carolina Courage,763,NJ/NY Gotham FC,3,3,18,available,WakeMed Soccer Park,Abdou Ndiaye
3881587,2023-09-04,00:00:00.000,49,107,NWSL,2023,United States of America,Regular Season,759,Washington Spirit,761,Chicago Red Stars,0,2,18,available,Audi Field,Brandon Stevis
3881586,2023-09-03,02:30:00.000,49,107,NWSL,2023,United States of America,Regular Season,5105,Racing Louisville FC,765,Portland Thorns,2,1,18,available,Lynn Family Stadium,Karen Callado
3881585,2023-09-02,00:00:00.000,49,107,NWSL,2023,United States of America,Regular Season,5106,KC Current,9100,Angel City,0,1,18,available,Children''s Mercy Park,Calin Radosav
3881582,2023-08-27,21:00:00.000,49,107,NWSL,2023,United States of America,Regular Season,766,North Carolina Courage,761,Chicago Red Stars,1,1,17,available,WakeMed Soccer Park,Kevin Broadley
3881581,2023-08-28,00:30:00.000,49,107,NWSL,2023,United States of America,Regular Season,763,NJ/NY Gotham FC,5105,Racing Louisville FC,0,0,17,available,Sports Illustrated Stadium,Anya Voigt
3881580,2023-08-28,00:00:00.000,49,107,NWSL,2023,United States of America,Regular Season,759,Washington Spirit,765,Portland Thorns,1,1,17,available,Audi Field,Jeremy Scheer
3881575,2023-08-20,03:30:00.000,49,107,NWSL,2023,United States of America,Regular Season,762,Houston Dash,759,Washington Spirit,1,1,16,available,Shell Energy Stadium,Eric Tattersall
3881573,2023-08-19,00:00:00.000,49,107,NWSL,2023,United States of America,Regular Season,5106,KC Current,760,Seattle Reign,1,0,16,available,Children''s Mercy Park,Karen Callado
3881571,2023-07-09,05:00:00.000,49,107,NWSL,2023,United States of America,Regular Season,9101,San Diego Wave,759,Washington Spirit,2,2,15,available,Snapdragon Stadium,Adam Kilpatrick
3881570,2023-07-10,00:30:00.000,49,107,NWSL,2023,United States of America,Regular Season,763,NJ/NY Gotham FC,765,Portland Thorns,2,1,15,available,Sports Illustrated Stadium,Greg Dopka
3881569,2023-07-08,02:00:00.000,49,107,NWSL,2023,United States of America,Regular Season,764,Orlando Pride,760,Seattle Reign,1,0,15,available,Inter&Co Stadium,JC Griggs
3881568,2023-07-08,00:00:00.000,49,107,NWSL,2023,United States of America,Regular Season,5105,Racing Louisville FC,5106,KC Current,2,1,15,available,Lynn Family Stadium,Anya Voigt
3881567,2023-07-08,03:30:00.000,49,107,NWSL,2023,United States of America,Regular Season,762,Houston Dash,761,Chicago Red Stars,0,1,15,available,Shell Energy Stadium,Alyssa Nichols
3881562,2023-07-03,00:30:00.000,49,107,NWSL,2023,United States of America,Regular Season,763,NJ/NY Gotham FC,9100,Angel City,0,0,14,available,Sports Illustrated Stadium,Calin Radosav
3881561,2023-07-01,22:30:00.000,49,107,NWSL,2023,United States of America,Regular Season,760,Seattle Reign,5105,Racing Louisville FC,2,2,14,available,Lumen Field,Alex Billeter
3881559,2023-06-26,00:30:00.000,49,107,NWSL,2023,United States of America,Regular Season,763,NJ/NY Gotham FC,761,Chicago Red Stars,2,1,13,available,Sports Illustrated Stadium,Mathew Corrigan
3881558,2023-06-24,23:00:00.000,49,107,NWSL,2023,United States of America,Regular Season,764,Orlando Pride,5106,KC Current,1,2,13,available,Inter&Co Stadium,Eric Tattersall
3881557,2023-06-25,02:00:00.000,49,107,NWSL,2023,United States of America,Regular Season,766,North Carolina Courage,5105,Racing Louisville FC,1,0,13,available,WakeMed Soccer Park,Elton Garcia
3881556,2023-06-25,05:00:00.000,49,107,NWSL,2023,United States of America,Regular Season,9101,San Diego Wave,760,Seattle Reign,1,2,13,available,Snapdragon Stadium,Natalie Simon
3881555,2023-06-24,05:30:00.000,49,107,NWSL,2023,United States of America,Regular Season,765,Portland Thorns,759,Washington Spirit,4,2,13,available,Providence Park,Katja Koroleva
3881554,2023-06-19,01:00:00.000,49,107,NWSL,2023,United States of America,Regular Season,761,Chicago Red Stars,765,Portland Thorns,2,3,12,available,SeatGeek Stadium,Anya Voigt
3881553,2023-06-18,23:00:00.000,49,107,NWSL,2023,United States of America,Regular Season,5106,KC Current,759,Washington Spirit,2,3,12,available,Children''s Mercy Park,Natalie Simon
3881552,2023-06-18,03:30:00.000,49,107,NWSL,2023,United States of America,Regular Season,762,Houston Dash,760,Seattle Reign,0,0,12,available,Shell Energy Stadium,Danielle Chesky
3881543,2023-06-11,03:00:00.000,49,107,NWSL,2023,United States of America,Regular Season,761,Chicago Red Stars,766,North Carolina Courage,0,5,11,available,SeatGeek Stadium,Karen Callado
3881530,2023-05-22,01:00:00.000,49,107,NWSL,2023,United States of America,Regular Season,760,Seattle Reign,763,NJ/NY Gotham FC,1,4,8,available,Lumen Field,Katja Koroleva
3881518,2023-05-08,01:00:00.000,49,107,NWSL,2023,United States of America,Regular Season,761,Chicago Red Stars,763,NJ/NY Gotham FC,1,2,6,available,SeatGeek Stadium,Natalie Simon
3881511,2023-04-30,03:00:00.000,49,107,NWSL,2023,United States of America,Regular Season,761,Chicago Red Stars,759,Washington Spirit,1,1,5,available,SeatGeek Stadium,Mathew Corrigan
3881510,2023-04-30,05:00:00.000,49,107,NWSL,2023,United States of America,Regular Season,9101,San Diego Wave,764,Orlando Pride,1,3,5,available,Snapdragon Stadium,Brad Jensen
3881509,2023-04-30,05:30:00.000,49,107,NWSL,2023,United States of America,Regular Season,765,Portland Thorns,9100,Angel City,3,3,5,available,Providence Park,Elton Garcia
3881506,2023-04-24,02:00:00.000,49,107,NWSL,2023,United States of America,Regular Season,9100,Angel City,9101,San Diego Wave,0,2,4,available,BMO Stadium,Katja Koroleva
3881504,2023-04-23,04:30:00.000,49,107,NWSL,2023,United States of America,Regular Season,765,Portland Thorns,5105,Racing Louisville FC,2,0,4,available,Providence Park,Thomas Snyder
3881503,2023-04-23,01:30:00.000,49,107,NWSL,2023,United States of America,Regular Season,763,NJ/NY Gotham FC,766,North Carolina Courage,1,0,4,available,Sports Illustrated Stadium,Matthew Thompson
3881502,2023-04-22,21:30:00.000,49,107,NWSL,2023,United States of America,Regular Season,760,Seattle Reign,761,Chicago Red Stars,5,2,4,available,Lumen Field,JC Griggs
3881499,2023-04-16,04:00:00.000,49,107,NWSL,2023,United States of America,Regular Season,9100,Angel City,5105,Racing Louisville FC,2,2,3,available,BMO Stadium,Brad Jensen
3881498,2023-04-16,00:00:00.000,49,107,NWSL,2023,United States of America,Regular Season,761,Chicago Red Stars,5106,KC Current,4,2,3,available,SeatGeek Stadium,Elijio Arreguin
3881497,2023-04-16,01:00:00.000,49,107,NWSL,2023,United States of America,Regular Season,764,Orlando Pride,763,NJ/NY Gotham FC,0,2,3,available,Inter&Co Stadium,Elvis Osmanovic
3881496,2023-04-16,01:00:00.000,49,107,NWSL,2023,United States of America,Regular Season,766,North Carolina Courage,759,Washington Spirit,1,2,3,available,WakeMed Soccer Park,Adorae Monroy
3881495,2023-04-15,04:30:00.000,49,107,NWSL,2023,United States of America,Regular Season,765,Portland Thorns,762,Houston Dash,1,1,3,available,Providence Park,Alex Billeter
3881493,2023-04-02,04:00:00.000,49,107,NWSL,2023,United States of America,Regular Season,9101,San Diego Wave,766,North Carolina Courage,3,1,2,available,Snapdragon Stadium,JC Griggs
3881492,2023-04-02,01:30:00.000,49,107,NWSL,2023,United States of America,Regular Season,763,NJ/NY Gotham FC,760,Seattle Reign,0,2,2,available,Sports Illustrated Stadium,Brad Jensen
3881491,2023-04-01,21:00:00.000,49,107,NWSL,2023,United States of America,Regular Season,5105,Racing Louisville FC,759,Washington Spirit,2,2,2,available,Lynn Family Stadium,Sergii Demianchuk
3881490,2023-04-01,20:00:00.000,49,107,NWSL,2023,United States of America,Regular Season,761,Chicago Red Stars,762,Houston Dash,1,2,2,available,SeatGeek Stadium,Karen Callado
3881489,2023-04-01,16:30:00.000,49,107,NWSL,2023,United States of America,Regular Season,5106,KC Current,765,Portland Thorns,1,4,2,available,Children''s Mercy Park,Natalie Simon
3881488,2023-03-27,03:00:00.000,49,107,NWSL,2023,United States of America,Regular Season,9100,Angel City,763,NJ/NY Gotham FC,1,2,1,available,BMO Stadium,Elijio Arreguin
3881487,2023-03-27,01:00:00.000,49,107,NWSL,2023,United States of America,Regular Season,762,Houston Dash,5105,Racing Louisville FC,0,0,1,available,Shell Energy Stadium,Danielle Chesky
3881486,2023-03-26,23:00:00.000,49,107,NWSL,2023,United States of America,Regular Season,765,Portland Thorns,764,Orlando Pride,4,0,1,available,Providence Park,Eric Tattersall
3881485,2023-03-26,22:00:00.000,49,107,NWSL,2023,United States of America,Regular Season,759,Washington Spirit,760,Seattle Reign,1,0,1,available,Audi Field,Alyssa Nichols
3881484,2023-03-26,04:00:00.000,49,107,NWSL,2023,United States of America,Regular Season,9101,San Diego Wave,761,Chicago Red Stars,3,2,1,available,Snapdragon Stadium,Elton Garcia
3881483,2023-03-25,18:00:00.000,49,107,NWSL,2023,United States of America,Regular Season,766,North Carolina Courage,5106,KC Current,1,0,1,available,WakeMed Soccer Park,Alex Billeter
7476,2018-07-08,01:00:00.000,49,3,NWSL,2018,United States of America,Regular Season,763,NJ/NY Gotham FC,761,Chicago Red Stars,1,3,13,available,Yurcak Field,Jasmine Peralta
7482,2018-07-12,01:00:00.000,49,3,NWSL,2018,United States of America,Regular Season,766,North Carolina Courage,759,Washington Spirit,2,0,15,available,WakeMed Soccer Park,Daniel Gutierrez
7494,2018-08-06,02:30:00.000,49,3,NWSL,2018,United States of America,Regular Season,762,Houston Dash,767,Utah Royals,1,2,17,available,Shell Energy Stadium,Rosendo Mendoza
7486,2018-07-16,05:00:00.000,49,3,NWSL,2018,United States of America,Regular Season,765,Portland Thorns,762,Houston Dash,3,1,16,available,Providence Park,Eric Tattersall
7497,2018-08-11,02:00:00.000,49,3,NWSL,2018,United States of America,Regular Season,761,Chicago Red Stars,766,North Carolina Courage,1,1,17,available,SeatGeek Stadium,Matthew Franz
7430,2018-04-15,01:00:00.000,49,3,NWSL,2018,United States of America,Regular Season,759,Washington Spirit,766,North Carolina Courage,2,4,3,available,Maureen Hendricks Field Maryland SoccerPlex,Jasmine Peralta
7444,2018-05-06,21:00:00.000,49,3,NWSL,2018,United States of America,Regular Season,766,North Carolina Courage,761,Chicago Red Stars,1,1,6,available,WakeMed Soccer Park,Marco Vega
7443,2018-05-05,21:30:00.000,49,3,NWSL,2018,United States of America,Regular Season,765,Portland Thorns,760,Seattle Reign,2,3,6,available,Providence Park,Karen Abt
7521,2018-06-03,01:00:00.000,49,3,NWSL,2018,United States of America,Regular Season,763,NJ/NY Gotham FC,767,Utah Royals,1,2,9,available,Yurcak Field,Lorant Varga
7492,2018-08-06,01:30:00.000,49,3,NWSL,2018,United States of America,Regular Season,764,Orlando Pride,763,NJ/NY Gotham FC,2,2,19,available,Inter&Co Stadium,Luis Guardia
7524,2018-07-12,02:30:00.000,49,3,NWSL,2018,United States of America,Regular Season,762,Houston Dash,764,Orlando Pride,3,1,14,available,Shell Energy Stadium,Christina Unkel
7496,2018-08-09,04:00:00.000,49,3,NWSL,2018,United States of America,Regular Season,767,Utah Royals,759,Washington Spirit,1,0,19,available,America First Field,Timothy Ford
7523,2018-06-04,03:00:00.000,49,3,NWSL,2018,United States of America,Regular Season,760,Seattle Reign,764,Orlando Pride,0,0,10,available,UW Medicine Pitch at Memorial Stadium,Danielle Chesky
7520,2018-06-03,03:00:00.000,49,3,NWSL,2018,United States of America,Regular Season,759,Washington Spirit,761,Chicago Red Stars,0,2,9,available,Maureen Hendricks Field Maryland SoccerPlex,Karen Abt
7493,2018-08-06,03:00:00.000,49,3,NWSL,2018,United States of America,Regular Season,760,Seattle Reign,759,Washington Spirit,2,0,17,available,UW Medicine Pitch at Memorial Stadium,Mark Allatin
7500,2018-08-12,01:30:00.000,49,3,NWSL,2018,United States of America,Regular Season,764,Orlando Pride,765,Portland Thorns,0,2,20,available,Inter&Co Stadium,Katja Koroleva
7519,2018-05-31,04:30:00.000,49,3,NWSL,2018,United States of America,Regular Season,765,Portland Thorns,766,North Carolina Courage,1,4,11,available,Providence Park,Joe Dickerson
7473,2018-07-01,04:00:00.000,49,3,NWSL,2018,United States of America,Regular Season,767,Utah Royals,763,NJ/NY Gotham FC,3,1,13,available,America First Field,Víctor Rivas
7522,2018-06-04,01:00:00.000,49,3,NWSL,2018,United States of America,Regular Season,762,Houston Dash,766,North Carolina Courage,1,1,10,available,Shell Energy Stadium,Natalie Simon
7484,2018-07-15,01:00:00.000,49,3,NWSL,2018,United States of America,Regular Season,763,NJ/NY Gotham FC,766,North Carolina Courage,0,4,14,available,Yurcak Field,Danielle Chesky
7475,2018-07-05,01:00:00.000,49,3,NWSL,2018,United States of America,Regular Season,766,North Carolina Courage,761,Chicago Red Stars,4,1,14,available,WakeMed Soccer Park,Matthew Franz
7457,2018-05-24,01:30:00.000,49,3,NWSL,2018,United States of America,Regular Season,764,Orlando Pride,766,North Carolina Courage,3,4,9,available,Inter&Co Stadium,Christina Unkel
7445,2018-05-06,03:00:00.000,49,3,NWSL,2018,United States of America,Regular Season,767,Utah Royals,759,Washington Spirit,2,0,6,available,America First Field,Reyna Fonseca
7490,2018-07-22,01:00:00.000,49,3,NWSL,2018,United States of America,Regular Season,763,NJ/NY Gotham FC,765,Portland Thorns,1,2,15,available,Yurcak Field,Reyna Fonseca
7479,2018-07-08,01:30:00.000,49,3,NWSL,2018,United States of America,Regular Season,764,Orlando Pride,759,Washington Spirit,2,1,16,available,Inter&Co Stadium,Danielle Chesky
7478,2018-07-08,04:00:00.000,49,3,NWSL,2018,United States of America,Regular Season,760,Seattle Reign,762,Houston Dash,3,1,14,available,UW Medicine Pitch at Memorial Stadium,Reyna Fonseca
7456,2018-05-20,01:00:00.000,49,3,NWSL,2018,United States of America,Regular Season,763,NJ/NY Gotham FC,766,North Carolina Courage,1,2,6,available,Yurcak Field,Danielle Chesky
7471,2018-06-30,21:30:00.000,49,3,NWSL,2018,United States of America,Regular Season,764,Orlando Pride,766,North Carolina Courage,0,3,15,available,Inter&Co Stadium,Elvis Osmanovic
7477,2018-07-07,05:00:00.000,49,3,NWSL,2018,United States of America,Regular Season,765,Portland Thorns,767,Utah Royals,4,0,15,available,Providence Park,Farhad Dadkho
7472,2018-07-01,04:00:00.000,49,3,NWSL,2018,United States of America,Regular Season,760,Seattle Reign,765,Portland Thorns,1,0,13,available,UW Medicine Pitch at Memorial Stadium,Christina Unkel
7474,2018-07-02,00:00:00.000,49,3,NWSL,2018,United States of America,Regular Season,761,Chicago Red Stars,759,Washington Spirit,2,0,13,available,SeatGeek Stadium,Sergii Demianchuk
7487,2018-07-21,04:00:00.000,49,3,NWSL,2018,United States of America,Regular Season,767,Utah Royals,766,North Carolina Courage,0,0,17,available,America First Field,Christina Unkel
7485,2018-07-15,02:00:00.000,49,3,NWSL,2018,United States of America,Regular Season,761,Chicago Red Stars,760,Seattle Reign,1,0,16,available,SeatGeek Stadium,Natalie Simon
7483,2018-07-15,01:00:00.000,49,3,NWSL,2018,United States of America,Regular Season,767,Utah Royals,764,Orlando Pride,1,2,16,available,America First Field,Reyna Fonseca
7451,2018-05-13,01:00:00.000,49,3,NWSL,2018,United States of America,Regular Season,766,North Carolina Courage,759,Washington Spirit,1,0,7,available,WakeMed Soccer Park,Jonathan Bilinski
7480,2018-07-12,04:30:00.000,49,3,NWSL,2018,United States of America,Regular Season,760,Seattle Reign,767,Utah Royals,1,0,15,available,UW Medicine Pitch at Memorial Stadium,Katja Koroleva
3754217,2015-09-19,11:45:00.000,2,27,Premier League,2015/2016,England,Regular Season,33,Chelsea,1,Arsenal,2,0,6,available,Stamford Bridge,Mike Dean
3754117,2015-12-13,12:30:00.000,2,27,Premier League,2015/2016,England,Regular Season,59,Aston Villa,1,Arsenal,0,2,16,available,Villa Park,Kevin Friend
3754296,2015-12-21,19:00:00.000,2,27,Premier League,2015/2016,England,Regular Season,1,Arsenal,36,Manchester City,2,1,17,available,Emirates Stadium,Andre Marriner
3753983,2015-10-31,14:00:00.000,2,27,Premier League,2015/2016,England,Regular Season,26,Swansea City,1,Arsenal,0,3,11,available,Swansea.com Stadium,Kevin Friend
3754160,2015-12-05,14:00:00.000,2,27,Premier League,2015/2016,England,Regular Season,1,Arsenal,41,Sunderland,3,1,15,available,Emirates Stadium,Robert Madley
3754129,2015-08-24,19:00:00.000,2,27,Premier League,2015/2016,England,Regular Season,1,Arsenal,24,Liverpool,0,0,3,available,Emirates Stadium,Michael Oliver
3754309,2015-12-26,18:45:00.000,2,27,Premier League,2015/2016,England,Regular Season,25,Southampton,1,Arsenal,4,0,18,available,St. Mary's Stadium,Jonathan Moss
3754047,2015-11-29,15:15:00.000,2,27,Premier League,2015/2016,England,Regular Season,24,Liverpool,26,Swansea City,1,0,14,available,Anfield ,Anthony Taylor
3754058,2016-01-02,16:00:00.000,2,27,Premier League,2015/2016,England,Regular Season,22,Leicester City,28,AFC Bournemouth,0,0,20,available,King Power Stadium ,Andre Marriner
3754245,2015-10-17,16:00:00.000,2,27,Premier League,2015/2016,England,Regular Season,27,West Bromwich Albion,41,Sunderland,1,0,9,available,The Hawthorns,Martin Atkinson
3754136,2015-12-19,18:30:00.000,2,27,Premier League,2015/2016,England,Regular Season,37,Newcastle United,59,Aston Villa,1,1,17,available,St. James' Park,Martin Atkinson
3754037,2016-04-30,16:00:00.000,2,27,Premier League,2015/2016,England,Regular Season,29,Everton,28,AFC Bournemouth,2,1,36,available,Goodison Park,Neil Swarbrick
3754039,2016-02-13,16:00:00.000,2,27,Premier League,2015/2016,England,Regular Season,31,Crystal Palace,23,Watford,1,2,26,available,Selhurst Park,Robert Madley
3754041,2016-05-15,16:00:00.000,2,27,Premier League,2015/2016,England,Regular Season,1,Arsenal,59,Aston Villa,4,0,38,available,Emirates Stadium,Mark Clattenburg
3754042,2016-05-15,16:00:00.000,2,27,Premier League,2015/2016,England,Regular Season,27,West Bromwich Albion,24,Liverpool,1,1,38,available,The Hawthorns,Robert Madley
3754043,2016-03-20,17:00:00.000,2,27,Premier League,2015/2016,England,Regular Season,38,Tottenham Hotspur,28,AFC Bournemouth,3,0,31,available,White Hart Lane,Neil Swarbrick
3754045,2015-12-29,20:45:00.000,2,27,Premier League,2015/2016,England,Regular Season,22,Leicester City,36,Manchester City,0,0,19,available,King Power Stadium ,Craig Pawson
3754048,2016-04-13,21:00:00.000,2,27,Premier League,2015/2016,England,Regular Season,31,Crystal Palace,29,Everton,0,0,35,available,Selhurst Park,Mike Jones
3754049,2016-02-27,16:00:00.000,2,27,Premier League,2015/2016,England,Regular Season,22,Leicester City,56,Norwich City,1,0,27,available,King Power Stadium ,Neil Swarbrick
3754050,2016-03-01,20:45:00.000,2,27,Premier League,2015/2016,England,Regular Season,41,Sunderland,31,Crystal Palace,2,2,28,available,Stadium of Light,Anthony Taylor
3754052,2016-03-19,16:00:00.000,2,27,Premier League,2015/2016,England,Regular Season,27,West Bromwich Albion,56,Norwich City,0,1,31,available,The Hawthorns,Anthony Taylor
3754053,2016-03-13,17:00:00.000,2,27,Premier League,2015/2016,England,Regular Season,59,Aston Villa,38,Tottenham Hotspur,0,2,30,available,Villa Park,Anthony Taylor
3754055,2016-05-11,21:00:00.000,2,27,Premier League,2015/2016,England,Regular Season,24,Liverpool,33,Chelsea,1,1,30,available,Anfield ,Michael Oliver
3754226,2015-12-30,20:45:00.000,2,27,Premier League,2015/2016,England,Regular Season,41,Sunderland,24,Liverpool,0,1,19,available,Stadium of Light,Kevin Friend
3754014,2015-12-26,13:45:00.000,2,27,Premier League,2015/2016,England,Regular Season,30,Stoke City,39,Manchester United,2,0,18,available,bet365 Stadium,Kevin Friend
3754091,2015-10-24,16:00:00.000,2,27,Premier League,2015/2016,England,Regular Season,30,Stoke City,23,Watford,0,2,10,available,bet365 Stadium,Martin Atkinson
3754135,2015-12-05,13:45:00.000,2,27,Premier League,2015/2016,England,Regular Season,30,Stoke City,36,Manchester City,2,0,15,available,bet365 Stadium,Martin Atkinson
3754293,2015-11-07,18:30:00.000,2,27,Premier League,2015/2016,England,Regular Season,30,Stoke City,33,Chelsea,1,0,12,available,bet365 Stadium,Anthony Taylor
3754339,2015-09-26,16:00:00.000,2,27,Premier League,2015/2016,England,Regular Season,30,Stoke City,28,AFC Bournemouth,2,1,7,available,bet365 Stadium,Lee Mason
3754146,2015-09-19,16:00:00.000,2,27,Premier League,2015/2016,England,Regular Season,30,Stoke City,22,Leicester City,2,2,6,available,bet365 Stadium,Andre Marriner
3754347,2015-12-05,16:00:00.000,2,27,Premier League,2015/2016,England,Regular Season,39,Manchester United,40,West Ham United,0,0,15,available,Old Trafford,Mark Clattenburg
3754255,2015-12-13,17:00:00.000,2,27,Premier League,2015/2016,England,Regular Season,24,Liverpool,27,West Bromwich Albion,2,2,16,available,Anfield ,Craig Pawson
3754278,2015-10-03,16:00:00.000,2,27,Premier League,2015/2016,England,Regular Season,28,AFC Bournemouth,23,Watford,1,1,8,available,Vitality Stadium,Michael Oliver
3753979,2015-11-23,21:00:00.000,2,27,Premier League,2015/2016,England,Regular Season,31,Crystal Palace,41,Sunderland,0,1,13,available,Selhurst Park,Martin Atkinson
3753972,2015-11-21,16:00:00.000,2,27,Premier League,2015/2016,England,Regular Season,26,Swansea City,28,AFC Bournemouth,2,2,13,available,Swansea.com Stadium,Andre Marriner
3753978,2015-09-26,16:00:00.000,2,27,Premier League,2015/2016,England,Regular Season,25,Southampton,26,Swansea City,3,1,7,available,St. Mary's Stadium,Roger East
3753974,2015-12-26,18:30:00.000,2,27,Premier League,2015/2016,England,Regular Season,37,Newcastle United,29,Everton,0,1,18,available,St. James' Park,Lee Mason
3753993,2015-08-15,16:00:00.000,2,27,Premier League,2015/2016,England,Regular Season,41,Sunderland,56,Norwich City,1,3,2,available,Stadium of Light,Kevin Friend
3754015,2015-10-25,15:05:00.000,2,27,Premier League,2015/2016,England,Regular Season,39,Manchester United,36,Manchester City,0,0,10,available,Old Trafford,Mark Clattenburg
3754038,2015-11-29,17:15:00.000,2,27,Premier League,2015/2016,England,Regular Season,56,Norwich City,1,Arsenal,1,1,14,available,Carrow Road,Jonathan Moss
3754001,2015-09-26,18:30:00.000,2,27,Premier League,2015/2016,England,Regular Season,37,Newcastle United,33,Chelsea,2,2,7,available,St. James' Park,Martin Atkinson
3754007,2015-08-29,16:00:00.000,2,27,Premier League,2015/2016,England,Regular Season,30,Stoke City,27,West Bromwich Albion,0,1,4,available,bet365 Stadium,Michael Oliver
3754008,2015-09-26,16:00:00.000,2,27,Premier League,2015/2016,England,Regular Season,39,Manchester United,41,Sunderland,3,0,7,available,Old Trafford,Mike Jones
3754029,2015-11-02,21:00:00.000,2,27,Premier League,2015/2016,England,Regular Season,38,Tottenham Hotspur,59,Aston Villa,3,1,11,available,White Hart Lane,Mike Dean
3753995,2015-10-03,18:30:00.000,2,27,Premier League,2015/2016,England,Regular Season,33,Chelsea,25,Southampton,1,3,8,available,Stamford Bridge,Robert Madley
3753999,2015-10-17,18:30:00.000,2,27,Premier League,2015/2016,England,Regular Season,23,Watford,1,Arsenal,0,3,9,available,Vicarage Road,Mike Jones
3754017,2015-10-24,16:00:00.000,2,27,Premier League,2015/2016,England,Regular Season,59,Aston Villa,26,Swansea City,1,2,10,available,Villa Park,Neil Swarbrick
3754006,2015-10-31,16:00:00.000,2,27,Premier League,2015/2016,England,Regular Season,27,West Bromwich Albion,22,Leicester City,2,3,11,available,The Hawthorns,Anthony Taylor
3754023,2015-08-29,16:00:00.000,2,27,Premier League,2015/2016,England,Regular Season,28,AFC Bournemouth,22,Leicester City,1,1,4,available,Vitality Stadium,Neil Swarbrick
3753984,2015-08-29,16:00:00.000,2,27,Premier League,2015/2016,England,Regular Season,24,Liverpool,40,West Ham United,0,3,4,available,Anfield ,Kevin Friend
3754011,2015-09-20,17:00:00.000,2,27,Premier League,2015/2016,England,Regular Season,25,Southampton,39,Manchester United,2,3,6,available,St. Mary's Stadium,Mark Clattenburg
3754010,2015-09-19,16:00:00.000,2,27,Premier League,2015/2016,England,Regular Season,37,Newcastle United,23,Watford,1,2,6,available,St. James' Park,Roger East
3754028,2015-11-28,16:00:00.000,2,27,Premier League,2015/2016,England,Regular Season,36,Manchester City,25,Southampton,3,1,14,available,Etihad Stadium,Roger East
3753996,2015-11-21,16:00:00.000,2,27,Premier League,2015/2016,England,Regular Season,33,Chelsea,56,Norwich City,1,0,13,available,Stamford Bridge,Craig Pawson
3754025,2015-12-19,16:00:00.000,2,27,Premier League,2015/2016,England,Regular Season,33,Chelsea,41,Sunderland,3,1,17,available,Stamford Bridge,Roger East
3754068,2015-09-19,16:00:00.000,2,27,Premier League,2015/2016,England,Regular Season,59,Aston Villa,27,West Bromwich Albion,0,1,6,available,Villa Park,Martin Atkinson
3754056,2015-12-28,16:00:00.000,2,27,Premier League,2015/2016,England,Regular Season,29,Everton,30,Stoke City,3,4,19,available,Goodison Park,Mark Clattenburg
3754040,2015-09-20,17:00:00.000,2,27,Premier League,2015/2016,England,Regular Season,24,Liverpool,56,Norwich City,1,1,6,available,Anfield ,Anthony Taylor
3754074,2015-10-04,17:00:00.000,2,27,Premier League,2015/2016,England,Regular Season,26,Swansea City,38,Tottenham Hotspur,2,2,8,available,Swansea.com Stadium,Mike Dean
3754076,2015-10-03,16:00:00.000,2,27,Premier League,2015/2016,England,Regular Season,41,Sunderland,40,West Ham United,2,2,8,available,Stadium of Light,Neil Swarbrick
3754067,2015-10-17,16:00:00.000,2,27,Premier League,2015/2016,England,Regular Season,31,Crystal Palace,40,West Ham United,1,3,9,available,Selhurst Park,Mark Clattenburg
3754079,2015-10-03,16:00:00.000,2,27,Premier League,2015/2016,England,Regular Season,36,Manchester City,37,Newcastle United,6,1,8,available,Etihad Stadium,Kevin Friend
3754090,2015-10-31,16:00:00.000,2,27,Premier League,2015/2016,England,Regular Season,37,Newcastle United,30,Stoke City,0,0,11,available,St. James' Park,Roger East
3754083,2015-08-29,16:00:00.000,2,27,Premier League,2015/2016,England,Regular Season,33,Chelsea,31,Crystal Palace,1,2,4,available,Stamford Bridge,Craig Pawson
3754077,2015-09-19,18:30:00.000,2,27,Premier League,2015/2016,England,Regular Season,36,Manchester City,40,West Ham United,1,2,6,available,Etihad Stadium,Robert Madley
3754060,2015-10-04,14:30:00.000,2,27,Premier League,2015/2016,England,Regular Season,29,Everton,24,Liverpool,1,1,8,available,Goodison Park,Martin Atkinson
3754073,2015-12-05,18:30:00.000,2,27,Premier League,2015/2016,England,Regular Season,33,Chelsea,28,AFC Bournemouth,0,1,15,available,Stamford Bridge,Mike Jones
3754085,2015-12-05,16:00:00.000,2,27,Premier League,2015/2016,England,Regular Season,26,Swansea City,22,Leicester City,0,3,15,available,Swansea.com Stadium,Michael Oliver
3754051,2015-12-20,14:30:00.000,2,27,Premier League,2015/2016,England,Regular Season,23,Watford,24,Liverpool,3,0,17,available,Vicarage Road,Mark Clattenburg
3754093,2015-11-29,13:00:00.000,2,27,Premier League,2015/2016,England,Regular Season,38,Tottenham Hotspur,33,Chelsea,0,0,14,available,White Hart Lane,Michael Oliver
3754046,2015-12-07,21:00:00.000,2,27,Premier League,2015/2016,England,Regular Season,29,Everton,31,Crystal Palace,1,1,15,available,Goodison Park,Craig Pawson
3754072,2015-12-12,16:00:00.000,2,27,Premier League,2015/2016,England,Regular Season,41,Sunderland,23,Watford,0,1,16,available,Stadium of Light,Graham Scott
3754082,2015-11-01,14:30:00.000,2,27,Premier League,2015/2016,England,Regular Season,29,Everton,41,Sunderland,6,2,11,available,Goodison Park,Andre Marriner
3754106,2015-09-13,17:00:00.000,2,27,Premier League,2015/2016,England,Regular Season,22,Leicester City,59,Aston Villa,3,2,5,available,King Power Stadium ,Mike Dean
3754099,2015-10-03,13:45:00.000,2,27,Premier League,2015/2016,England,Regular Season,31,Crystal Palace,27,West Bromwich Albion,2,0,8,available,Selhurst Park,Jonathan Moss
3754098,2015-10-31,13:45:00.000,2,27,Premier League,2015/2016,England,Regular Season,33,Chelsea,24,Liverpool,1,3,11,available,Stamford Bridge,Mark Clattenburg
3754057,2015-12-26,16:00:00.000,2,27,Premier League,2015/2016,England,Regular Season,38,Tottenham Hotspur,56,Norwich City,3,0,18,available,White Hart Lane,Mike Jones
3754112,2015-08-09,14:30:00.000,2,27,Premier League,2015/2016,England,Regular Season,37,Newcastle United,25,Southampton,2,2,1,available,St. James' Park,Craig Pawson
3754104,2015-08-22,16:00:00.000,2,27,Premier League,2015/2016,England,Regular Season,56,Norwich City,30,Stoke City,1,1,3,available,Carrow Road,Mike Dean
3754054,2015-12-26,16:00:00.000,2,27,Premier League,2015/2016,England,Regular Season,36,Manchester City,41,Sunderland,4,1,18,available,Etihad Stadium,Anthony Taylor
3754113,2015-12-05,16:00:00.000,2,27,Premier League,2015/2016,England,Regular Season,25,Southampton,59,Aston Villa,1,1,15,available,St. Mary's Stadium,Anthony Taylor
3754107,2015-08-14,20:45:00.000,2,27,Premier League,2015/2016,England,Regular Season,59,Aston Villa,39,Manchester United,0,1,2,available,Villa Park,Mike Dean
3754105,2015-09-28,21:00:00.000,2,27,Premier League,2015/2016,England,Regular Season,27,West Bromwich Albion,29,Everton,2,3,7,available,The Hawthorns,Robert Madley
3754097,2015-08-08,13:45:00.000,2,27,Premier League,2015/2016,England,Regular Season,39,Manchester United,38,Tottenham Hotspur,1,0,1,available,Old Trafford,Jonathan Moss
3754102,2015-10-18,17:00:00.000,2,27,Premier League,2015/2016,England,Regular Season,37,Newcastle United,56,Norwich City,6,2,9,available,St. James' Park,Anthony Taylor
3754115,2015-10-17,16:00:00.000,2,27,Premier League,2015/2016,England,Regular Season,33,Chelsea,59,Aston Villa,2,0,9,available,Stamford Bridge,Roger East
3754148,2015-09-13,14:30:00.000,2,27,Premier League,2015/2016,England,Regular Season,41,Sunderland,38,Tottenham Hotspur,0,1,5,available,Stadium of Light,Craig Pawson
3754169,2015-09-19,16:00:00.000,2,27,Premier League,2015/2016,England,Regular Season,28,AFC Bournemouth,41,Sunderland,2,0,6,available,Vitality Stadium,Kevin Friend
3754174,2015-09-26,16:00:00.000,2,27,Premier League,2015/2016,England,Regular Season,22,Leicester City,1,Arsenal,2,5,7,available,King Power Stadium ,Craig Pawson
3754185,2015-11-21,13:45:00.000,2,27,Premier League,2015/2016,England,Regular Season,23,Watford,39,Manchester United,1,2,13,available,Vicarage Road,Robert Madley
3754162,2015-12-12,18:30:00.000,2,27,Premier League,2015/2016,England,Regular Season,28,AFC Bournemouth,39,Manchester United,2,1,16,available,Vitality Stadium,Anthony Taylor
3754096,2015-12-12,16:00:00.000,2,27,Premier League,2015/2016,England,Regular Season,40,West Ham United,30,Stoke City,0,0,16,available,Boleyn Ground,Andre Marriner
3754171,2015-10-04,17:00:00.000,2,27,Premier League,2015/2016,England,Regular Season,1,Arsenal,39,Manchester United,3,0,8,available,Emirates Stadium,Anthony Taylor
3754119,2015-10-25,13:00:00.000,2,27,Premier League,2015/2016,England,Regular Season,41,Sunderland,37,Newcastle United,3,0,10,available,Stadium of Light,Robert Madley
3754126,2015-10-24,18:30:00.000,2,27,Premier League,2015/2016,England,Regular Season,1,Arsenal,29,Everton,2,1,10,available,Emirates Stadium,Lee Mason
3754133,2015-10-24,16:00:00.000,2,27,Premier League,2015/2016,England,Regular Season,56,Norwich City,27,West Bromwich Albion,0,1,10,available,Carrow Road,Kevin Friend
3754167,2015-10-31,16:00:00.000,2,27,Premier League,2015/2016,England,Regular Season,36,Manchester City,56,Norwich City,2,1,11,available,Etihad Stadium,Robert Madley
3754145,2015-08-10,21:00:00.000,2,27,Premier League,2015/2016,England,Regular Season,27,West Bromwich Albion,36,Manchester City,0,3,1,available,The Hawthorns,Mike Dean
3754153,2015-12-19,16:00:00.000,2,27,Premier League,2015/2016,England,Regular Season,30,Stoke City,31,Crystal Palace,1,2,17,available,bet365 Stadium,Robert Madley
3754143,2015-12-06,17:00:00.000,2,27,Premier League,2015/2016,England,Regular Season,37,Newcastle United,24,Liverpool,2,0,15,available,St. James' Park,Andre Marriner
3754186,2015-11-28,18:30:00.000,2,27,Premier League,2015/2016,England,Regular Season,22,Leicester City,39,Manchester United,1,1,14,available,King Power Stadium ,Craig Pawson
3754130,2015-12-28,16:00:00.000,2,27,Premier League,2015/2016,England,Regular Season,56,Norwich City,59,Aston Villa,2,0,19,available,Carrow Road,Graham Scott
3754188,2015-12-19,16:00:00.000,2,27,Premier League,2015/2016,England,Regular Season,25,Southampton,38,Tottenham Hotspur,0,2,17,available,St. Mary's Stadium,Kevin Friend
3754178,2015-11-28,16:00:00.000,2,27,Premier League,2015/2016,England,Regular Season,59,Aston Villa,23,Watford,2,3,14,available,Villa Park,Lee Mason
3754157,2015-11-28,16:00:00.000,2,27,Premier League,2015/2016,England,Regular Season,28,AFC Bournemouth,29,Everton,3,3,14,available,Vitality Stadium,Kevin Friend
3754166,2015-12-19,16:00:00.000,2,27,Premier League,2015/2016,England,Regular Season,29,Everton,22,Leicester City,2,3,17,available,Goodison Park,Jonathan Moss
3754211,2015-11-21,16:00:00.000,2,27,Premier League,2015/2016,England,Regular Season,37,Newcastle United,22,Leicester City,0,3,13,available,St. James' Park,Mike Jones
3754150,2015-11-28,16:00:00.000,2,27,Premier League,2015/2016,England,Regular Season,41,Sunderland,30,Stoke City,2,0,14,available,Stadium of Light,Mike Dean
3754218,2015-12-12,16:00:00.000,2,27,Premier League,2015/2016,England,Regular Season,31,Crystal Palace,25,Southampton,1,0,16,available,Selhurst Park,Mike Dean
3754205,2015-08-29,13:45:00.000,2,27,Premier League,2015/2016,England,Regular Season,37,Newcastle United,1,Arsenal,0,1,4,available,St. James' Park,Andre Marriner
3754221,2015-08-30,17:00:00.000,2,27,Premier League,2015/2016,England,Regular Season,26,Swansea City,39,Manchester United,2,1,4,available,Swansea.com Stadium,Martin Atkinson
3754198,2015-10-17,13:45:00.000,2,27,Premier League,2015/2016,England,Regular Season,38,Tottenham Hotspur,24,Liverpool,0,0,9,available,White Hart Lane,Craig Pawson
3754193,2015-10-17,16:00:00.000,2,27,Premier League,2015/2016,England,Regular Season,36,Manchester City,28,AFC Bournemouth,5,1,9,available,Etihad Stadium,Mike Dean
3754222,2015-09-20,14:30:00.000,2,27,Premier League,2015/2016,England,Regular Season,38,Tottenham Hotspur,31,Crystal Palace,1,0,6,available,White Hart Lane,Michael Oliver
3754213,2015-09-12,16:00:00.000,2,27,Premier League,2015/2016,England,Regular Season,23,Watford,26,Swansea City,1,0,5,available,Vicarage Road,Robert Madley
3754212,2015-09-26,16:00:00.000,2,27,Premier League,2015/2016,England,Regular Season,24,Liverpool,59,Aston Villa,3,2,7,available,Anfield ,Jonathan Moss
3754223,2015-10-31,16:00:00.000,2,27,Premier League,2015/2016,England,Regular Season,31,Crystal Palace,39,Manchester United,0,0,11,available,Selhurst Park,Mike Jones
3754197,2015-09-26,13:45:00.000,2,27,Premier League,2015/2016,England,Regular Season,38,Tottenham Hotspur,36,Manchester City,4,1,7,available,White Hart Lane,Mark Clattenburg
3754208,2015-11-21,18:30:00.000,2,27,Premier League,2015/2016,England,Regular Season,36,Manchester City,24,Liverpool,1,4,13,available,Etihad Stadium,Jonathan Moss
3754204,2015-08-29,16:00:00.000,2,27,Premier League,2015/2016,England,Regular Season,59,Aston Villa,41,Sunderland,2,2,4,available,Villa Park,Robert Madley
3754194,2015-11-07,16:00:00.000,2,27,Premier League,2015/2016,England,Regular Season,40,West Ham United,29,Everton,1,1,12,available,Boleyn Ground,Paul Tierney
3754219,2015-12-19,16:00:00.000,2,27,Premier League,2015/2016,England,Regular Season,27,West Bromwich Albion,28,AFC Bournemouth,1,2,17,available,The Hawthorns,Mike Dean
3754254,2015-08-22,13:45:00.000,2,27,Premier League,2015/2016,England,Regular Season,39,Manchester United,37,Newcastle United,0,0,3,available,Old Trafford,Craig Pawson
3754230,2015-10-25,17:15:00.000,2,27,Premier League,2015/2016,England,Regular Season,24,Liverpool,25,Southampton,1,1,10,available,Anfield ,Andre Marriner
3754285,2015-12-26,16:00:00.000,2,27,Premier League,2015/2016,England,Regular Season,59,Aston Villa,40,West Ham United,1,1,18,available,Villa Park,Mike Dean
3754233,2015-08-23,17:00:00.000,2,27,Premier League,2015/2016,England,Regular Season,29,Everton,36,Manchester City,0,2,3,available,Goodison Park,Anthony Taylor
3754270,2015-08-15,16:00:00.000,2,27,Premier League,2015/2016,England,Regular Season,38,Tottenham Hotspur,30,Stoke City,2,2,2,available,White Hart Lane,Robert Madley
3754237,2015-08-08,16:00:00.000,2,27,Premier League,2015/2016,England,Regular Season,22,Leicester City,41,Sunderland,4,2,1,available,King Power Stadium ,Lee Mason
3754257,2015-09-12,16:00:00.000,2,27,Premier League,2015/2016,England,Regular Season,31,Crystal Palace,36,Manchester City,0,1,5,available,Selhurst Park,Mike Jones
3754266,2015-09-27,17:00:00.000,2,27,Premier League,2015/2016,England,Regular Season,23,Watford,31,Crystal Palace,0,1,7,available,Vicarage Road,Anthony Taylor
3754256,2015-10-17,16:00:00.000,2,27,Premier League,2015/2016,England,Regular Season,29,Everton,39,Manchester United,0,3,9,available,Goodison Park,Jonathan Moss
3754288,2015-10-24,16:00:00.000,2,27,Premier League,2015/2016,England,Regular Season,40,West Ham United,33,Chelsea,2,1,10,available,Boleyn Ground,Jonathan Moss
3754238,2015-11-07,13:45:00.000,2,27,Premier League,2015/2016,England,Regular Season,28,AFC Bournemouth,37,Newcastle United,0,1,12,available,Vitality Stadium,Lee Mason
3754269,2015-10-19,21:00:00.000,2,27,Premier League,2015/2016,England,Regular Season,26,Swansea City,30,Stoke City,0,1,9,available,Swansea.com Stadium,Robert Madley
3754234,2015-10-25,15:05:00.000,2,27,Premier League,2015/2016,England,Regular Season,28,AFC Bournemouth,38,Tottenham Hotspur,1,5,10,available,Vitality Stadium,Roger East
3754246,2015-08-29,16:00:00.000,2,27,Premier League,2015/2016,England,Regular Season,36,Manchester City,23,Watford,2,0,4,available,Etihad Stadium,Mark Clattenburg
3754273,2015-10-31,16:00:00.000,2,27,Premier League,2015/2016,England,Regular Season,23,Watford,40,West Ham United,2,0,11,available,Vicarage Road,Keith Stroud
3754263,2015-10-24,16:00:00.000,2,27,Premier League,2015/2016,England,Regular Season,22,Leicester City,31,Crystal Palace,1,0,10,available,King Power Stadium ,Mike Dean
3754268,2015-08-29,18:30:00.000,2,27,Premier League,2015/2016,England,Regular Season,38,Tottenham Hotspur,29,Everton,0,0,4,available,White Hart Lane,Mike Jones
3754286,2015-12-05,16:00:00.000,2,27,Premier League,2015/2016,England,Regular Season,23,Watford,56,Norwich City,2,0,15,available,Vicarage Road,Mike Dean
3754291,2015-12-28,16:00:00.000,2,27,Premier League,2015/2016,England,Regular Season,23,Watford,38,Tottenham Hotspur,1,2,19,available,Vicarage Road,Anthony Taylor
3754283,2015-11-21,16:00:00.000,2,27,Premier League,2015/2016,England,Regular Season,29,Everton,59,Aston Villa,4,0,13,available,Goodison Park,Michael Oliver
3754235,2015-11-29,15:05:00.000,2,27,Premier League,2015/2016,England,Regular Season,40,West Ham United,27,West Bromwich Albion,1,1,14,available,Boleyn Ground,Martin Atkinson
3754279,2015-12-26,16:00:00.000,2,27,Premier League,2015/2016,England,Regular Season,26,Swansea City,27,West Bromwich Albion,1,0,18,available,Swansea.com Stadium,Roger East
3754276,2015-12-13,17:00:00.000,2,27,Premier League,2015/2016,England,Regular Season,38,Tottenham Hotspur,37,Newcastle United,1,2,16,available,White Hart Lane,Roger East
3754287,2015-12-26,16:00:00.000,2,27,Premier League,2015/2016,England,Regular Season,33,Chelsea,23,Watford,2,2,18,available,Stamford Bridge,Andre Marriner
3754259,2015-12-20,17:00:00.000,2,27,Premier League,2015/2016,England,Regular Season,26,Swansea City,40,West Ham United,0,0,17,available,Swansea.com Stadium,Lee Mason
3754335,2015-10-03,16:00:00.000,2,27,Premier League,2015/2016,England,Regular Season,56,Norwich City,22,Leicester City,1,2,8,available,Carrow Road,Mark Clattenburg
3754298,2015-09-19,16:00:00.000,2,27,Premier League,2015/2016,England,Regular Season,26,Swansea City,29,Everton,0,0,6,available,Swansea.com Stadium,Stuart Attwell
3754315,2015-09-12,16:00:00.000,2,27,Premier League,2015/2016,England,Regular Season,56,Norwich City,28,AFC Bournemouth,3,1,5,available,Carrow Road,Martin Atkinson
3754330,2015-10-03,16:00:00.000,2,27,Premier League,2015/2016,England,Regular Season,59,Aston Villa,30,Stoke City,0,1,8,available,Villa Park,Mike Jones
3754337,2015-08-30,14:30:00.000,2,27,Premier League,2015/2016,England,Regular Season,25,Southampton,56,Norwich City,3,0,4,available,St. Mary's Stadium,Jonathan Moss
3754297,2015-11-07,16:00:00.000,2,27,Premier League,2015/2016,England,Regular Season,39,Manchester United,27,West Bromwich Albion,2,0,12,available,Old Trafford,Mike Dean
3754301,2015-11-21,16:00:00.000,2,27,Premier League,2015/2016,England,Regular Season,27,West Bromwich Albion,1,Arsenal,2,1,13,available,The Hawthorns,Mark Clattenburg
3754323,2015-09-26,16:00:00.000,2,27,Premier League,2015/2016,England,Regular Season,40,West Ham United,56,Norwich City,2,2,7,available,Boleyn Ground,Mike Dean
3754304,2015-11-28,16:00:00.000,2,27,Premier League,2015/2016,England,Regular Season,31,Crystal Palace,37,Newcastle United,5,1,14,available,Selhurst Park,Stuart Attwell
3754311,2015-11-07,16:00:00.000,2,27,Premier League,2015/2016,England,Regular Season,56,Norwich City,26,Swansea City,1,0,12,available,Carrow Road,Mark Clattenburg
3754328,2015-12-12,16:00:00.000,2,27,Premier League,2015/2016,England,Regular Season,36,Manchester City,26,Swansea City,2,1,16,available,Etihad Stadium,Robert Madley
3754325,2015-09-12,16:00:00.000,2,27,Premier League,2015/2016,England,Regular Season,27,West Bromwich Albion,25,Southampton,0,0,5,available,The Hawthorns,Stuart Attwell
3754329,2015-09-14,21:00:00.000,2,27,Premier League,2015/2016,England,Regular Season,40,West Ham United,37,Newcastle United,2,0,5,available,Boleyn Ground,Anthony Taylor
3754302,2015-10-17,16:00:00.000,2,27,Premier League,2015/2016,England,Regular Season,25,Southampton,22,Leicester City,2,2,9,available,St. Mary's Stadium,Paul Tierney
3754013,2015-12-14,21:00:00.000,2,27,Premier League,2015/2016,England,Regular Season,22,Leicester City,33,Chelsea,2,1,16,available,King Power Stadium ,Mark Clattenburg
3754044,2015-12-19,16:00:00.000,2,27,Premier League,2015/2016,England,Regular Season,39,Manchester United,56,Norwich City,1,2,17,available,Old Trafford,Michael Oliver
3754351,2015-11-08,17:00:00.000,2,27,Premier League,2015/2016,England,Regular Season,24,Liverpool,31,Crystal Palace,1,2,12,available,Anfield ,Neil Swarbrick
3754343,2015-12-26,16:00:00.000,2,27,Premier League,2015/2016,England,Regular Season,24,Liverpool,22,Leicester City,1,0,18,available,Anfield ,Martin Atkinson
3754109,2015-11-22,17:00:00.000,2,27,Premier League,2015/2016,England,Regular Season,38,Tottenham Hotspur,40,West Ham United,4,1,13,available,White Hart Lane,Anthony Taylor
3754182,2015-12-12,13:45:00.000,2,27,Premier League,2015/2016,England,Regular Season,56,Norwich City,29,Everton,1,1,16,available,Carrow Road,Martin Atkinson
3754240,2015-09-12,16:00:00.000,2,27,Premier League,2015/2016,England,Regular Season,1,Arsenal,30,Stoke City,2,0,5,available,Emirates Stadium,Jonathan Moss
3754336,2015-09-12,13:45:00.000,2,27,Premier League,2015/2016,England,Regular Season,29,Everton,33,Chelsea,3,1,5,available,Goodison Park,Andre Marriner
3754247,2015-11-21,16:00:00.000,2,27,Premier League,2015/2016,England,Regular Season,25,Southampton,30,Stoke City,0,1,13,available,St. Mary's Stadium,Lee Mason
3754156,2015-11-07,16:00:00.000,2,27,Premier League,2015/2016,England,Regular Season,22,Leicester City,23,Watford,2,1,12,available,King Power Stadium ,Roger East
3754265,2015-11-08,17:00:00.000,2,27,Premier League,2015/2016,England,Regular Season,1,Arsenal,38,Tottenham Hotspur,1,1,12,available,Emirates Stadium,Martin Atkinson
3754000,2015-11-07,16:00:00.000,2,27,Premier League,2015/2016,England,Regular Season,41,Sunderland,25,Southampton,0,1,12,available,Stadium of Light,Mike Jones
3754003,2015-09-12,18:30:00.000,2,27,Premier League,2015/2016,England,Regular Season,39,Manchester United,24,Liverpool,3,1,5,available,Old Trafford,Michael Oliver
3754344,2015-08-15,16:00:00.000,2,27,Premier League,2015/2016,England,Regular Season,26,Swansea City,37,Newcastle United,2,0,2,available,Swansea.com Stadium,Mike Jones
3754131,2015-08-22,16:00:00.000,2,27,Premier League,2015/2016,England,Regular Season,40,West Ham United,28,AFC Bournemouth,3,4,3,available,Boleyn Ground,Jonathan Moss
3754300,2015-08-08,16:00:00.000,2,27,Premier League,2015/2016,England,Regular Season,29,Everton,23,Watford,2,2,1,available,Goodison Park,Mike Jones
3754312,2015-08-16,14:30:00.000,2,27,Premier League,2015/2016,England,Regular Season,31,Crystal Palace,1,Arsenal,1,2,2,available,Selhurst Park,Lee Mason
3754138,2015-08-08,16:00:00.000,2,27,Premier League,2015/2016,England,Regular Season,56,Norwich City,31,Crystal Palace,1,3,1,available,Carrow Road,Simon Hooper
3754203,2015-08-15,16:00:00.000,2,27,Premier League,2015/2016,England,Regular Season,40,West Ham United,22,Leicester City,1,2,2,available,Boleyn Ground,Anthony Taylor
3754190,2015-08-22,16:00:00.000,2,27,Premier League,2015/2016,England,Regular Season,31,Crystal Palace,59,Aston Villa,2,1,3,available,Selhurst Park,Keith Stroud
3754066,2015-08-16,17:00:00.000,2,27,Premier League,2015/2016,England,Regular Season,36,Manchester City,33,Chelsea,3,0,2,available,Etihad Stadium,Martin Atkinson
3754034,2015-08-15,13:45:00.000,2,27,Premier League,2015/2016,England,Regular Season,25,Southampton,29,Everton,0,3,2,available,St. Mary's Stadium,Michael Oliver
3753985,2015-08-09,17:00:00.000,2,27,Premier League,2015/2016,England,Regular Season,30,Stoke City,24,Liverpool,0,1,1,available,bet365 Stadium,Anthony Taylor
3753987,2015-08-22,16:00:00.000,2,27,Premier League,2015/2016,England,Regular Season,22,Leicester City,38,Tottenham Hotspur,1,1,3,available,King Power Stadium ,Martin Atkinson
3754189,2015-08-23,17:00:00.000,2,27,Premier League,2015/2016,England,Regular Season,23,Watford,25,Southampton,0,0,3,available,Vicarage Road,Andre Marriner
3754180,2015-08-22,16:00:00.000,2,27,Premier League,2015/2016,England,Regular Season,41,Sunderland,26,Swansea City,1,1,3,available,Stadium of Light,Neil Swarbrick
3754059,2015-08-23,14:30:00.000,2,27,Premier League,2015/2016,England,Regular Season,27,West Bromwich Albion,33,Chelsea,2,3,3,available,The Hawthorns,Mark Clattenburg
3754064,2016-03-20,14:30:00.000,2,27,Premier League,2015/2016,England,Regular Season,25,Southampton,24,Liverpool,3,2,31,available,St. Mary's Stadium,Roger East
3754065,2016-01-13,21:00:00.000,2,27,Premier League,2015/2016,England,Regular Season,38,Tottenham Hotspur,22,Leicester City,0,1,21,available,White Hart Lane,Lee Mason
3754173,2015-12-28,16:30:00.000,2,27,Premier League,2015/2016,England,Regular Season,1,Arsenal,28,AFC Bournemouth,2,0,19,available,Emirates Stadium,Roger East
3754175,2016-04-02,16:00:00.000,2,27,Premier League,2015/2016,England,Regular Season,41,Sunderland,27,West Bromwich Albion,0,0,32,available,Stadium of Light,Roger East
3753973,2016-03-19,16:00:00.000,2,27,Premier League,2015/2016,England,Regular Season,33,Chelsea,40,West Ham United,2,2,31,available,Stamford Bridge,Robert Madley
3753975,2016-01-23,16:00:00.000,2,27,Premier League,2015/2016,England,Regular Season,41,Sunderland,28,AFC Bournemouth,1,1,23,available,Stadium of Light,Roger East
3753976,2016-03-02,20:45:00.000,2,27,Premier League,2015/2016,England,Regular Season,1,Arsenal,26,Swansea City,1,2,28,available,Emirates Stadium,Robert Madley
3753977,2016-03-19,16:00:00.000,2,27,Premier League,2015/2016,England,Regular Season,23,Watford,30,Stoke City,1,2,31,available,Vicarage Road,Craig Pawson
3753980,2016-03-19,11:45:00.000,2,27,Premier League,2015/2016,England,Regular Season,29,Everton,1,Arsenal,0,2,31,available,Goodison Park,Mark Clattenburg
3753981,2016-01-12,20:45:00.000,2,27,Premier League,2015/2016,England,Regular Season,59,Aston Villa,31,Crystal Palace,1,0,21,available,Villa Park,Mark Clattenburg
3753982,2016-04-03,14:30:00.000,2,27,Premier League,2015/2016,England,Regular Season,22,Leicester City,25,Southampton,1,0,32,available,King Power Stadium ,Michael Oliver
3753986,2016-04-10,17:00:00.000,2,27,Premier League,2015/2016,England,Regular Season,24,Liverpool,30,Stoke City,4,1,33,available,Anfield ,Mark Clattenburg
3753988,2016-03-12,16:00:00.000,2,27,Premier League,2015/2016,England,Regular Season,28,AFC Bournemouth,26,Swansea City,3,2,30,available,Vitality Stadium,Roger East
3753989,2016-05-11,20:45:00.000,2,27,Premier League,2015/2016,England,Regular Season,41,Sunderland,29,Everton,3,0,30,available,Stadium of Light,Anthony Taylor
3753990,2016-04-24,15:05:00.000,2,27,Premier League,2015/2016,England,Regular Season,41,Sunderland,1,Arsenal,0,0,35,available,Stadium of Light,Mike Dean
3753991,2016-03-02,21:00:00.000,2,27,Premier League,2015/2016,England,Regular Season,24,Liverpool,36,Manchester City,3,0,28,available,Anfield ,Martin Atkinson
3753992,2016-05-08,14:30:00.000,2,27,Premier League,2015/2016,England,Regular Season,38,Tottenham Hotspur,25,Southampton,1,2,37,available,White Hart Lane,Jonathan Moss
3753994,2016-05-15,16:00:00.000,2,27,Premier League,2015/2016,England,Regular Season,25,Southampton,31,Crystal Palace,4,1,38,available,St. Mary's Stadium,Michael Oliver
3753997,2016-02-02,20:45:00.000,2,27,Premier League,2015/2016,England,Regular Season,40,West Ham United,59,Aston Villa,2,0,24,available,Boleyn Ground,Jonathan Moss
3753998,2015-12-28,18:30:00.000,2,27,Premier League,2015/2016,England,Regular Season,40,West Ham United,25,Southampton,2,1,19,available,Boleyn Ground,Michael Oliver
3754002,2016-03-14,21:00:00.000,2,27,Premier League,2015/2016,England,Regular Season,22,Leicester City,37,Newcastle United,1,0,30,available,King Power Stadium ,Craig Pawson
3754004,2016-01-16,16:00:00.000,2,27,Premier League,2015/2016,England,Regular Season,28,AFC Bournemouth,56,Norwich City,3,0,22,available,Vitality Stadium,Robert Madley
3754005,2016-03-02,20:45:00.000,2,27,Premier League,2015/2016,England,Regular Season,30,Stoke City,37,Newcastle United,1,0,28,available,bet365 Stadium,Neil Swarbrick
3754009,2016-04-17,17:00:00.000,2,27,Premier League,2015/2016,England,Regular Season,1,Arsenal,31,Crystal Palace,1,1,34,available,Emirates Stadium,Roger East
3754012,2016-02-27,16:00:00.000,2,27,Premier League,2015/2016,England,Regular Season,25,Southampton,33,Chelsea,1,2,27,available,St. Mary's Stadium,Martin Atkinson
3754016,2016-04-09,16:00:00.000,2,27,Premier League,2015/2016,England,Regular Season,25,Southampton,37,Newcastle United,3,1,33,available,St. Mary's Stadium,Robert Madley
3754018,2016-05-01,13:00:00.000,2,27,Premier League,2015/2016,England,Regular Season,26,Swansea City,24,Liverpool,3,1,36,available,Swansea.com Stadium,Roger East
3754019,2015-12-28,18:30:00.000,2,27,Premier League,2015/2016,England,Regular Season,39,Manchester United,33,Chelsea,0,0,19,available,Old Trafford,Martin Atkinson
3754021,2016-01-12,20:45:00.000,2,27,Premier League,2015/2016,England,Regular Season,28,AFC Bournemouth,40,West Ham United,1,3,21,available,Vitality Stadium,Martin Atkinson
3754022,2016-04-09,16:00:00.000,2,27,Premier League,2015/2016,England,Regular Season,31,Crystal Palace,56,Norwich City,1,0,33,available,Selhurst Park,Michael Oliver
3754024,2016-04-16,16:00:00.000,2,27,Premier League,2015/2016,England,Regular Season,37,Newcastle United,26,Swansea City,3,0,34,available,St. James' Park,Lee Mason
3754026,2016-05-07,16:00:00.000,2,27,Premier League,2015/2016,England,Regular Season,31,Crystal Palace,30,Stoke City,2,1,37,available,Selhurst Park,Kevin Friend
3754027,2016-01-16,13:45:00.000,2,27,Premier League,2015/2016,England,Regular Season,38,Tottenham Hotspur,41,Sunderland,4,1,22,available,White Hart Lane,Mike Dean
3754030,2016-04-09,16:00:00.000,2,27,Premier League,2015/2016,England,Regular Season,23,Watford,29,Everton,1,1,33,available,Vicarage Road,Kevin Friend
3754031,2016-02-13,13:45:00.000,2,27,Premier League,2015/2016,England,Regular Season,41,Sunderland,39,Manchester United,2,1,26,available,Stadium of Light,Andre Marriner
3754032,2016-01-13,20:45:00.000,2,27,Premier League,2015/2016,England,Regular Season,30,Stoke City,56,Norwich City,3,1,21,available,bet365 Stadium,Neil Swarbrick
3754033,2016-05-07,18:30:00.000,2,27,Premier League,2015/2016,England,Regular Season,22,Leicester City,29,Everton,3,1,37,available,King Power Stadium ,Andre Marriner
3754035,2016-04-09,18:30:00.000,2,27,Premier League,2015/2016,England,Regular Season,36,Manchester City,27,West Bromwich Albion,2,1,33,available,Etihad Stadium,Mike Jones
3754036,2016-01-02,16:00:00.000,2,27,Premier League,2015/2016,England,Regular Season,41,Sunderland,59,Aston Villa,3,1,20,available,Stadium of Light,Craig Pawson
3754061,2016-03-05,16:00:00.000,2,27,Premier League,2015/2016,England,Regular Season,33,Chelsea,30,Stoke City,1,1,29,available,Stamford Bridge,Mark Clattenburg
3754062,2016-01-13,20:45:00.000,2,27,Premier League,2015/2016,England,Regular Season,33,Chelsea,27,West Bromwich Albion,2,2,21,available,Stamford Bridge,Anthony Taylor
3754063,2016-04-30,16:00:00.000,2,27,Premier League,2015/2016,England,Regular Season,23,Watford,59,Aston Villa,3,2,36,available,Vicarage Road,Anthony Taylor
3754069,2016-01-02,14:00:00.000,2,27,Premier League,2015/2016,England,Regular Season,1,Arsenal,37,Newcastle United,1,0,20,available,Emirates Stadium,Anthony Taylor
3754070,2016-05-07,16:00:00.000,2,27,Premier League,2015/2016,England,Regular Season,59,Aston Villa,37,Newcastle United,0,0,37,available,Villa Park,Robert Madley
3754071,2016-01-13,20:45:00.000,2,27,Premier League,2015/2016,England,Regular Season,26,Swansea City,41,Sunderland,2,4,21,available,Swansea.com Stadium,Graham Scott
3754075,2016-04-02,13:45:00.000,2,27,Premier League,2015/2016,England,Regular Season,59,Aston Villa,33,Chelsea,0,4,32,available,Villa Park,Neil Swarbrick
3754080,2016-02-06,16:00:00.000,2,27,Premier League,2015/2016,England,Regular Season,38,Tottenham Hotspur,23,Watford,1,0,25,available,White Hart Lane,Roger East
3754081,2016-03-06,17:00:00.000,2,27,Premier League,2015/2016,England,Regular Season,27,West Bromwich Albion,39,Manchester United,1,0,29,available,The Hawthorns,Mike Dean
3754084,2016-01-23,16:00:00.000,2,27,Premier League,2015/2016,England,Regular Season,27,West Bromwich Albion,59,Aston Villa,0,0,23,available,The Hawthorns,Robert Madley
3754086,2016-04-20,20:45:00.000,2,27,Premier League,2015/2016,England,Regular Season,40,West Ham United,23,Watford,3,1,30,available,Boleyn Ground,Mike Dean
3754087,2016-04-02,18:30:00.000,2,27,Premier League,2015/2016,England,Regular Season,24,Liverpool,38,Tottenham Hotspur,1,1,32,available,Anfield ,Jonathan Moss
3754088,2016-01-12,20:45:00.000,2,27,Premier League,2015/2016,England,Regular Season,37,Newcastle United,39,Manchester United,3,3,21,available,St. James' Park,Mike Dean
3754089,2016-02-02,21:00:00.000,2,27,Premier League,2015/2016,England,Regular Season,31,Crystal Palace,28,AFC Bournemouth,1,2,24,available,Selhurst Park,Mike Jones
3754092,2016-05-02,21:00:00.000,2,27,Premier League,2015/2016,England,Regular Season,33,Chelsea,38,Tottenham Hotspur,2,2,36,available,Stamford Bridge,Mark Clattenburg
3754094,2016-02-02,21:00:00.000,2,27,Premier League,2015/2016,England,Regular Season,39,Manchester United,30,Stoke City,3,0,24,available,Old Trafford,Roger East
3754095,2016-02-02,20:45:00.000,2,27,Premier League,2015/2016,England,Regular Season,41,Sunderland,36,Manchester City,0,1,24,available,Stadium of Light,Stuart Attwell
3754100,2016-03-20,14:30:00.000,2,27,Premier League,2015/2016,England,Regular Season,37,Newcastle United,41,Sunderland,1,1,31,available,St. James' Park,Martin Atkinson
3754101,2016-01-02,16:00:00.000,2,27,Premier League,2015/2016,England,Regular Season,56,Norwich City,25,Southampton,1,0,20,available,Carrow Road,Mark Clattenburg
3754103,2016-02-03,20:45:00.000,2,27,Premier League,2015/2016,England,Regular Season,23,Watford,33,Chelsea,0,0,24,available,Vicarage Road,Mike Dean
3754108,2016-05-07,16:00:00.000,2,27,Premier League,2015/2016,England,Regular Season,41,Sunderland,33,Chelsea,3,2,37,available,Stadium of Light,Mike Jones
3754110,2016-01-23,18:30:00.000,2,27,Premier League,2015/2016,England,Regular Season,40,West Ham United,36,Manchester City,2,2,23,available,Boleyn Ground,Craig Pawson
3754111,2016-01-24,17:00:00.000,2,27,Premier League,2015/2016,England,Regular Season,1,Arsenal,33,Chelsea,0,1,23,available,Emirates Stadium,Mark Clattenburg
3754114,2016-01-03,14:30:00.000,2,27,Premier League,2015/2016,England,Regular Season,31,Crystal Palace,33,Chelsea,0,3,20,available,Selhurst Park,Kevin Friend
3754116,2016-04-09,16:00:00.000,2,27,Premier League,2015/2016,England,Regular Season,26,Swansea City,33,Chelsea,1,0,33,available,Swansea.com Stadium,Andre Marriner
3754118,2016-04-02,16:00:00.000,2,27,Premier League,2015/2016,England,Regular Season,1,Arsenal,23,Watford,4,0,32,available,Emirates Stadium,Anthony Taylor
3754120,2016-02-06,18:30:00.000,2,27,Premier League,2015/2016,England,Regular Season,25,Southampton,40,West Ham United,1,0,25,available,St. Mary's Stadium,Mark Clattenburg
3754121,2016-02-27,16:00:00.000,2,27,Premier League,2015/2016,England,Regular Season,23,Watford,28,AFC Bournemouth,0,0,27,available,Vicarage Road,Anthony Taylor
3754122,2016-01-02,16:00:00.000,2,27,Premier League,2015/2016,England,Regular Season,27,West Bromwich Albion,30,Stoke City,2,1,20,available,The Hawthorns,Lee Mason
3754123,2016-05-15,16:00:00.000,2,27,Premier League,2015/2016,England,Regular Season,29,Everton,56,Norwich City,3,0,38,available,Goodison Park,Lee Mason
3754124,2016-03-20,17:00:00.000,2,27,Premier League,2015/2016,England,Regular Season,36,Manchester City,39,Manchester United,0,1,31,available,Etihad Stadium,Michael Oliver
3754125,2016-01-16,16:00:00.000,2,27,Premier League,2015/2016,England,Regular Season,33,Chelsea,29,Everton,3,3,22,available,Stamford Bridge,Mike Jones
3754127,2016-02-06,16:00:00.000,2,27,Premier League,2015/2016,England,Regular Season,30,Stoke City,29,Everton,0,3,25,available,bet365 Stadium,Andre Marriner
3754132,2016-04-30,16:00:00.000,2,27,Premier League,2015/2016,England,Regular Season,30,Stoke City,41,Sunderland,1,1,36,available,bet365 Stadium,Craig Pawson
3754134,2016-05-10,21:30:00.000,2,27,Premier League,2015/2016,England,Regular Season,40,West Ham United,39,Manchester United,3,2,35,available,Boleyn Ground,Mike Dean
3754137,2016-04-16,16:00:00.000,2,27,Premier League,2015/2016,England,Regular Season,29,Everton,25,Southampton,1,1,34,available,Goodison Park,Craig Pawson
3754139,2016-02-13,16:00:00.000,2,27,Premier League,2015/2016,England,Regular Season,26,Swansea City,25,Southampton,0,1,26,available,Swansea.com Stadium,Jonathan Moss
3754140,2016-01-03,17:00:00.000,2,27,Premier League,2015/2016,England,Regular Season,29,Everton,38,Tottenham Hotspur,1,1,20,available,Goodison Park,Michael Oliver
3754142,2016-01-13,20:45:00.000,2,27,Premier League,2015/2016,England,Regular Season,36,Manchester City,29,Everton,0,0,21,available,Etihad Stadium,Roger East
3754144,2016-04-02,16:00:00.000,2,27,Premier League,2015/2016,England,Regular Season,28,AFC Bournemouth,36,Manchester City,0,4,32,available,Vitality Stadium,Robert Madley
3754147,2016-02-14,17:15:00.000,2,27,Premier League,2015/2016,England,Regular Season,36,Manchester City,38,Tottenham Hotspur,1,2,26,available,Etihad Stadium,Mark Clattenburg
3754149,2016-05-15,16:00:00.000,2,27,Premier League,2015/2016,England,Regular Season,26,Swansea City,36,Manchester City,1,1,38,available,Swansea.com Stadium,Mike Dean
3754151,2016-03-05,16:00:00.000,2,27,Premier League,2015/2016,England,Regular Season,26,Swansea City,56,Norwich City,1,0,29,available,Swansea.com Stadium,Craig Pawson
3754152,2016-04-10,14:30:00.000,2,27,Premier League,2015/2016,England,Regular Season,41,Sunderland,22,Leicester City,0,2,33,available,Stadium of Light,Anthony Taylor
3754154,2016-04-23,16:00:00.000,2,27,Premier League,2015/2016,England,Regular Season,24,Liverpool,37,Newcastle United,2,2,35,available,Anfield ,Andre Marriner
3754155,2016-04-16,16:00:00.000,2,27,Premier League,2015/2016,England,Regular Season,27,West Bromwich Albion,23,Watford,0,1,34,available,The Hawthorns,Michael Oliver
3754158,2016-05-07,16:00:00.000,2,27,Premier League,2015/2016,England,Regular Season,40,West Ham United,26,Swansea City,1,4,37,available,Boleyn Ground,Michael Oliver
3754159,2016-05-17,21:00:00.000,2,27,Premier League,2015/2016,England,Regular Season,39,Manchester United,28,AFC Bournemouth,3,1,38,available,Old Trafford,Jonathan Moss
3754161,2016-01-18,21:00:00.000,2,27,Premier League,2015/2016,England,Regular Season,26,Swansea City,23,Watford,1,0,22,available,Swansea.com Stadium,Michael Oliver
3754163,2016-01-24,14:30:00.000,2,27,Premier League,2015/2016,England,Regular Season,29,Everton,26,Swansea City,1,2,23,available,Goodison Park,Anthony Taylor
3754164,2016-03-05,16:00:00.000,2,27,Premier League,2015/2016,England,Regular Season,25,Southampton,41,Sunderland,1,1,29,available,St. Mary's Stadium,Neil Swarbrick
3754165,2016-05-01,15:05:00.000,2,27,Premier League,2015/2016,England,Regular Season,39,Manchester United,22,Leicester City,1,1,36,available,Old Trafford,Michael Oliver
3754168,2016-01-16,16:00:00.000,2,27,Premier League,2015/2016,England,Regular Season,25,Southampton,27,West Bromwich Albion,3,0,22,available,St. Mary's Stadium,Martin Atkinson
3754170,2016-04-30,16:00:00.000,2,27,Premier League,2015/2016,England,Regular Season,37,Newcastle United,31,Crystal Palace,1,0,36,available,St. James' Park,Mike Dean
3754172,2016-04-16,13:45:00.000,2,27,Premier League,2015/2016,England,Regular Season,56,Norwich City,41,Sunderland,0,3,34,available,Carrow Road,Andre Marriner
3754176,2016-04-02,16:00:00.000,2,27,Premier League,2015/2016,England,Regular Season,40,West Ham United,31,Crystal Palace,2,2,32,available,Boleyn Ground,Mark Clattenburg
3754177,2016-03-05,16:00:00.000,2,27,Premier League,2015/2016,England,Regular Season,37,Newcastle United,28,AFC Bournemouth,1,3,29,available,St. James' Park,Paul Tierney
3754179,2016-01-23,16:00:00.000,2,27,Premier League,2015/2016,England,Regular Season,31,Crystal Palace,38,Tottenham Hotspur,1,3,23,available,Selhurst Park,Martin Atkinson
3754181,2016-03-19,16:00:00.000,2,27,Premier League,2015/2016,England,Regular Season,31,Crystal Palace,22,Leicester City,0,1,31,available,Selhurst Park,Mike Jones
3754183,2016-01-13,20:45:00.000,2,27,Premier League,2015/2016,England,Regular Season,25,Southampton,23,Watford,2,0,21,available,St. Mary's Stadium,Craig Pawson
3754184,2016-04-30,18:30:00.000,2,27,Premier League,2015/2016,England,Regular Season,1,Arsenal,56,Norwich City,1,0,36,available,Emirates Stadium,Mike Jones
3754187,2016-04-18,21:00:00.000,2,27,Premier League,2015/2016,England,Regular Season,30,Stoke City,38,Tottenham Hotspur,0,4,34,available,bet365 Stadium,Neil Swarbrick
3754191,2015-11-01,17:00:00.000,2,27,Premier League,2015/2016,England,Regular Season,25,Southampton,28,AFC Bournemouth,2,0,11,available,St. Mary's Stadium,Craig Pawson
3754192,2016-04-30,16:00:00.000,2,27,Premier League,2015/2016,England,Regular Season,27,West Bromwich Albion,40,West Ham United,0,3,36,available,The Hawthorns,Lee Mason
3754195,2015-12-28,16:00:00.000,2,27,Premier League,2015/2016,England,Regular Season,27,West Bromwich Albion,37,Newcastle United,1,0,19,available,The Hawthorns,Mike Jones
3754196,2016-03-12,16:00:00.000,2,27,Premier League,2015/2016,England,Regular Season,30,Stoke City,25,Southampton,1,2,30,available,bet365 Stadium,Lee Mason
3754199,2016-05-15,16:00:00.000,2,27,Premier League,2015/2016,England,Regular Season,30,Stoke City,40,West Ham United,2,1,38,available,bet365 Stadium,Mike Jones
3754200,2016-01-23,16:00:00.000,2,27,Premier League,2015/2016,England,Regular Season,39,Manchester United,25,Southampton,0,1,23,available,Old Trafford,Mike Jones
3754201,2016-02-02,20:45:00.000,2,27,Premier League,2015/2016,England,Regular Season,1,Arsenal,25,Southampton,0,0,24,available,Emirates Stadium,Lee Mason
3754202,2016-01-17,15:15:00.000,2,27,Premier League,2015/2016,England,Regular Season,30,Stoke City,1,Arsenal,0,0,22,available,bet365 Stadium,Craig Pawson
3754206,2016-04-19,20:45:00.000,2,27,Premier League,2015/2016,England,Regular Season,37,Newcastle United,36,Manchester City,1,1,27,available,St. James' Park,Kevin Friend
3754207,2016-05-11,20:45:00.000,2,27,Premier League,2015/2016,England,Regular Season,56,Norwich City,23,Watford,4,2,35,available,Carrow Road,Roger East
3754209,2016-04-10,17:30:00.000,2,27,Premier League,2015/2016,England,Regular Season,38,Tottenham Hotspur,39,Manchester United,3,0,33,available,White Hart Lane,Mike Dean
3754210,2016-05-07,13:45:00.000,2,27,Premier League,2015/2016,England,Regular Season,56,Norwich City,39,Manchester United,0,1,37,available,Carrow Road,Craig Pawson
3754214,2016-02-14,15:05:00.000,2,27,Premier League,2015/2016,England,Regular Season,59,Aston Villa,24,Liverpool,0,6,26,available,Villa Park,Neil Swarbrick
3754215,2015-12-05,16:00:00.000,2,27,Premier League,2015/2016,England,Regular Season,27,West Bromwich Albion,38,Tottenham Hotspur,1,1,15,available,The Hawthorns,Jonathan Moss
3754216,2016-04-17,14:30:00.000,2,27,Premier League,2015/2016,England,Regular Season,28,AFC Bournemouth,24,Liverpool,1,2,34,available,Vitality Stadium,Mike Jones
3754220,2016-03-06,14:30:00.000,2,27,Premier League,2015/2016,England,Regular Season,31,Crystal Palace,24,Liverpool,1,2,29,available,Selhurst Park,Andre Marriner
3754224,2016-03-19,18:30:00.000,2,27,Premier League,2015/2016,England,Regular Season,26,Swansea City,59,Aston Villa,1,0,31,available,Swansea.com Stadium,Mike Dean
3754225,2016-05-07,16:00:00.000,2,27,Premier League,2015/2016,England,Regular Season,28,AFC Bournemouth,27,West Bromwich Albion,1,1,37,available,Vitality Stadium,Mark Clattenburg
3754227,2016-04-17,14:30:00.000,2,27,Premier League,2015/2016,England,Regular Season,22,Leicester City,40,West Ham United,2,2,34,available,King Power Stadium ,Jonathan Moss
3754228,2016-04-24,17:15:00.000,2,27,Premier League,2015/2016,England,Regular Season,22,Leicester City,26,Swansea City,4,0,35,available,King Power Stadium ,Mark Clattenburg
3754229,2016-05-15,16:00:00.000,2,27,Premier League,2015/2016,England,Regular Season,33,Chelsea,22,Leicester City,1,1,38,available,Stamford Bridge,Craig Pawson
3754231,2016-03-01,20:45:00.000,2,27,Premier League,2015/2016,England,Regular Season,22,Leicester City,27,West Bromwich Albion,2,2,28,available,King Power Stadium ,Mark Clattenburg
3754232,2016-03-02,21:00:00.000,2,27,Premier League,2015/2016,England,Regular Season,39,Manchester United,23,Watford,1,0,28,available,Old Trafford,Mike Jones
3754236,2016-02-27,18:30:00.000,2,27,Premier League,2015/2016,England,Regular Season,27,West Bromwich Albion,31,Crystal Palace,3,2,27,available,The Hawthorns,Jonathan Moss
3754239,2016-02-28,15:05:00.000,2,27,Premier League,2015/2016,England,Regular Season,39,Manchester United,1,Arsenal,3,2,27,available,Old Trafford,Craig Pawson
3754241,2016-04-09,13:45:00.000,2,27,Premier League,2015/2016,England,Regular Season,40,West Ham United,1,Arsenal,3,3,33,available,Boleyn Ground,Craig Pawson
3754242,2016-04-23,16:00:00.000,2,27,Premier League,2015/2016,England,Regular Season,28,AFC Bournemouth,33,Chelsea,1,4,35,available,Vitality Stadium,Roger East
3754243,2016-04-02,16:00:00.000,2,27,Premier League,2015/2016,England,Regular Season,56,Norwich City,37,Newcastle United,3,2,32,available,Carrow Road,Mike Dean
3754244,2016-02-13,16:00:00.000,2,27,Premier League,2015/2016,England,Regular Season,56,Norwich City,40,West Ham United,2,2,26,available,Carrow Road,Mike Jones
3754249,2016-03-05,16:00:00.000,2,27,Premier League,2015/2016,England,Regular Season,36,Manchester City,59,Aston Villa,4,0,29,available,Etihad Stadium,Lee Mason
3754250,2016-01-16,18:30:00.000,2,27,Premier League,2015/2016,England,Regular Season,59,Aston Villa,22,Leicester City,1,1,22,available,Villa Park,Roger East
3754251,2016-01-02,13:45:00.000,2,27,Premier League,2015/2016,England,Regular Season,40,West Ham United,24,Liverpool,2,0,20,available,Boleyn Ground,Robert Madley
3754252,2016-02-03,20:45:00.000,2,27,Premier League,2015/2016,England,Regular Season,29,Everton,37,Newcastle United,3,0,24,available,Goodison Park,Craig Pawson
3754253,2016-02-07,14:30:00.000,2,27,Premier League,2015/2016,England,Regular Season,28,AFC Bournemouth,1,Arsenal,0,2,25,available,Vitality Stadium,Kevin Friend
3754260,2016-01-16,16:00:00.000,2,27,Premier League,2015/2016,England,Regular Season,36,Manchester City,31,Crystal Palace,4,0,22,available,Etihad Stadium,Jonathan Moss
3754261,2016-02-14,11:00:00.000,2,27,Premier League,2015/2016,England,Regular Season,1,Arsenal,22,Leicester City,2,1,26,available,Emirates Stadium,Martin Atkinson
3754262,2016-04-09,16:00:00.000,2,27,Premier League,2015/2016,England,Regular Season,59,Aston Villa,28,AFC Bournemouth,1,2,33,available,Villa Park,Martin Atkinson
3754264,2016-02-13,18:30:00.000,2,27,Premier League,2015/2016,England,Regular Season,33,Chelsea,37,Newcastle United,5,1,26,available,Stamford Bridge,Roger East
3754295,2016-04-16,16:00:00.000,2,27,Premier League,2015/2016,England,Regular Season,39,Manchester United,59,Aston Villa,1,0,34,available,Old Trafford,Kevin Friend
3754271,2016-01-23,16:00:00.000,2,27,Premier League,2015/2016,England,Regular Season,23,Watford,37,Newcastle United,2,1,23,available,Vicarage Road,Andre Marriner
3754272,2016-04-02,16:00:00.000,2,27,Premier League,2015/2016,England,Regular Season,30,Stoke City,26,Swansea City,2,2,32,available,bet365 Stadium,Martin Atkinson
3754274,2016-02-13,16:00:00.000,2,27,Premier League,2015/2016,England,Regular Season,28,AFC Bournemouth,30,Stoke City,1,3,26,available,Vitality Stadium,Graham Scott
3754275,2016-02-02,20:45:00.000,2,27,Premier League,2015/2016,England,Regular Season,22,Leicester City,24,Liverpool,2,0,24,available,King Power Stadium ,Andre Marriner
3754277,2016-03-05,16:00:00.000,2,27,Premier League,2015/2016,England,Regular Season,29,Everton,40,West Ham United,2,3,29,available,Goodison Park,Anthony Taylor
3754280,2016-03-01,20:45:00.000,2,27,Premier League,2015/2016,England,Regular Season,56,Norwich City,33,Chelsea,1,2,28,available,Carrow Road,Lee Mason
3754281,2016-02-07,17:00:00.000,2,27,Premier League,2015/2016,England,Regular Season,33,Chelsea,39,Manchester United,1,1,25,available,Stamford Bridge,Michael Oliver
3754282,2016-04-23,16:00:00.000,2,27,Premier League,2015/2016,England,Regular Season,59,Aston Villa,25,Southampton,2,4,35,available,Villa Park,Neil Swarbrick
3754284,2016-04-21,20:45:00.000,2,27,Premier League,2015/2016,England,Regular Season,1,Arsenal,27,West Bromwich Albion,2,0,30,available,Emirates Stadium,Jonathan Moss
3754289,2016-03-05,18:30:00.000,2,27,Premier League,2015/2016,England,Regular Season,23,Watford,22,Leicester City,0,1,29,available,Vicarage Road,Jonathan Moss
3754290,2016-02-06,13:45:00.000,2,27,Premier League,2015/2016,England,Regular Season,36,Manchester City,22,Leicester City,1,3,25,available,Etihad Stadium,Anthony Taylor
3754292,2016-02-06,16:00:00.000,2,27,Premier League,2015/2016,England,Regular Season,37,Newcastle United,27,West Bromwich Albion,1,0,25,available,St. James' Park,Lee Mason
3754294,2016-04-20,21:00:00.000,2,27,Premier League,2015/2016,England,Regular Season,24,Liverpool,29,Everton,4,0,27,available,Anfield ,Robert Madley
3754248,2015-12-26,16:00:00.000,2,27,Premier League,2015/2016,England,Regular Season,28,AFC Bournemouth,31,Crystal Palace,0,0,18,available,Vitality Stadium,Michael Oliver
3754299,2016-04-03,17:00:00.000,2,27,Premier League,2015/2016,England,Regular Season,39,Manchester United,29,Everton,1,0,32,available,Old Trafford,Andre Marriner
3754303,2016-02-06,16:00:00.000,2,27,Premier League,2015/2016,England,Regular Season,26,Swansea City,31,Crystal Palace,1,1,25,available,Swansea.com Stadium,Mike Dean
3754305,2016-01-13,21:00:00.000,2,27,Premier League,2015/2016,England,Regular Season,24,Liverpool,1,Arsenal,3,3,21,available,Anfield ,Mike Jones
3754306,2016-02-06,16:00:00.000,2,27,Premier League,2015/2016,England,Regular Season,59,Aston Villa,56,Norwich City,2,0,25,available,Villa Park,Martin Atkinson
3754307,2016-04-23,13:45:00.000,2,27,Premier League,2015/2016,England,Regular Season,36,Manchester City,30,Stoke City,4,0,35,available,Etihad Stadium,Robert Madley
3754308,2016-05-15,16:00:00.000,2,27,Premier League,2015/2016,England,Regular Season,23,Watford,41,Sunderland,2,2,38,available,Vicarage Road,Kevin Friend
3754310,2016-04-20,21:00:00.000,2,27,Premier League,2015/2016,England,Regular Season,39,Manchester United,31,Crystal Palace,2,0,30,available,Old Trafford,Lee Mason
3754313,2016-03-12,13:45:00.000,2,27,Premier League,2015/2016,England,Regular Season,56,Norwich City,36,Manchester City,0,0,30,available,Carrow Road,Jonathan Moss
3754314,2016-05-08,17:00:00.000,2,27,Premier League,2015/2016,England,Regular Season,36,Manchester City,1,Arsenal,2,2,37,available,Etihad Stadium,Anthony Taylor
3754316,2016-02-06,16:00:00.000,2,27,Premier League,2015/2016,England,Regular Season,24,Liverpool,41,Sunderland,2,2,25,available,Anfield ,Robert Madley
3754317,2016-02-02,20:45:00.000,2,27,Premier League,2015/2016,England,Regular Season,56,Norwich City,38,Tottenham Hotspur,0,3,24,available,Carrow Road,Kevin Friend
3754318,2016-03-05,13:45:00.000,2,27,Premier League,2015/2016,England,Regular Season,38,Tottenham Hotspur,1,Arsenal,2,2,29,available,White Hart Lane,Michael Oliver
3754319,2016-01-02,16:00:00.000,2,27,Premier League,2015/2016,England,Regular Season,39,Manchester United,26,Swansea City,2,1,20,available,Old Trafford,Jonathan Moss
3754320,2016-05-01,17:30:00.000,2,27,Premier League,2015/2016,England,Regular Season,25,Southampton,36,Manchester City,4,2,36,available,St. Mary's Stadium,Andre Marriner
3754321,2016-02-27,16:00:00.000,2,27,Premier League,2015/2016,England,Regular Season,30,Stoke City,59,Aston Villa,2,1,27,available,bet365 Stadium,Kevin Friend
3754322,2016-04-16,18:30:00.000,2,27,Premier League,2015/2016,England,Regular Season,33,Chelsea,36,Manchester City,0,3,34,available,Stamford Bridge,Mike Dean
3754324,2016-02-28,15:05:00.000,2,27,Premier League,2015/2016,England,Regular Season,38,Tottenham Hotspur,26,Swansea City,2,1,27,available,White Hart Lane,Mike Jones
3754326,2015-12-28,16:00:00.000,2,27,Premier League,2015/2016,England,Regular Season,31,Crystal Palace,26,Swansea City,0,0,19,available,Selhurst Park,Neil Swarbrick
3754327,2016-03-01,20:45:00.000,2,27,Premier League,2015/2016,England,Regular Season,59,Aston Villa,29,Everton,1,3,28,available,Villa Park,Roger East
3754331,2016-02-27,13:45:00.000,2,27,Premier League,2015/2016,England,Regular Season,40,West Ham United,41,Sunderland,1,0,27,available,Boleyn Ground,Mike Dean
3754332,2016-04-25,21:00:00.000,2,27,Premier League,2015/2016,England,Regular Season,38,Tottenham Hotspur,27,West Bromwich Albion,1,1,35,available,White Hart Lane,Mike Jones
3754333,2016-05-15,16:00:00.000,2,27,Premier League,2015/2016,England,Regular Season,37,Newcastle United,38,Tottenham Hotspur,5,1,38,available,St. James' Park,Anthony Taylor
3754334,2016-03-01,20:45:00.000,2,27,Premier League,2015/2016,England,Regular Season,28,AFC Bournemouth,25,Southampton,2,0,28,available,Vitality Stadium,Mike Dean
3754338,2016-01-16,16:00:00.000,2,27,Premier League,2015/2016,England,Regular Season,37,Newcastle United,40,West Ham United,2,1,22,available,St. James' Park,Neil Swarbrick
3754340,2016-02-02,21:00:00.000,2,27,Premier League,2015/2016,England,Regular Season,27,West Bromwich Albion,26,Swansea City,1,1,24,available,The Hawthorns,Neil Swarbrick
3754341,2016-01-23,16:00:00.000,2,27,Premier League,2015/2016,England,Regular Season,22,Leicester City,30,Stoke City,3,0,23,available,King Power Stadium ,Mike Dean
3754342,2016-05-08,17:00:00.000,2,27,Premier League,2015/2016,England,Regular Season,24,Liverpool,23,Watford,2,0,37,available,Anfield ,Lee Mason
3754345,2016-01-17,15:05:00.000,2,27,Premier League,2015/2016,England,Regular Season,24,Liverpool,39,Manchester United,0,1,22,available,Anfield ,Mark Clattenburg
3754346,2016-01-02,18:30:00.000,2,27,Premier League,2015/2016,England,Regular Season,23,Watford,36,Manchester City,1,2,20,available,Vicarage Road,Martin Atkinson
3754348,2016-01-23,13:45:00.000,2,27,Premier League,2015/2016,England,Regular Season,56,Norwich City,24,Liverpool,4,5,23,available,Carrow Road,Lee Mason
3754349,2016-03-02,20:45:00.000,2,27,Premier League,2015/2016,England,Regular Season,40,West Ham United,38,Tottenham Hotspur,1,0,28,available,Boleyn Ground,Andre Marriner
3754350,2016-02-13,16:00:00.000,2,27,Premier League,2015/2016,England,Regular Season,29,Everton,27,West Bromwich Albion,0,1,26,available,Goodison Park,Michael Oliver
3754258,2015-11-08,14:30:00.000,2,27,Premier League,2015/2016,England,Regular Season,59,Aston Villa,36,Manchester City,0,0,12,available,Villa Park,Craig Pawson
3754020,2015-08-17,21:00:00.000,2,27,Premier League,2015/2016,England,Regular Season,24,Liverpool,28,AFC Bournemouth,1,0,2,available,Anfield ,Craig Pawson
3754267,2015-08-15,16:00:00.000,2,27,Premier League,2015/2016,England,Regular Season,23,Watford,27,West Bromwich Albion,0,0,2,available,Vicarage Road,Paul Tierney
3754141,2015-08-09,14:30:00.000,2,27,Premier League,2015/2016,England,Regular Season,1,Arsenal,40,West Ham United,0,2,1,available,Emirates Stadium,Martin Atkinson
3754128,2015-08-08,16:00:00.000,2,27,Premier League,2015/2016,England,Regular Season,28,AFC Bournemouth,59,Aston Villa,0,1,1,available,Vitality Stadium,Mark Clattenburg
3754078,2015-08-08,18:30:00.000,2,27,Premier League,2015/2016,England,Regular Season,33,Chelsea,26,Swansea City,2,2,1,available,Stamford Bridge,Michael Oliver
3749493,2003-08-16,13:00:00.000,2,44,Premier League,2003/2004,England,Regular Season,1,Arsenal,29,Everton,2,1,1,available,Arsenal Stadium,
3749448,2004-04-09,11:30:00.000,2,44,Premier League,2003/2004,England,Regular Season,1,Arsenal,24,Liverpool,4,2,31,available,Arsenal Stadium,
3749196,2003-11-08,14:00:00.000,2,44,Premier League,2003/2004,England,Regular Season,1,Arsenal,38,Tottenham Hotspur,2,1,12,available,Arsenal Stadium,
3749454,2003-08-31,14:05:00.000,2,44,Premier League,2003/2004,England,Regular Season,36,Manchester City,1,Arsenal,1,2,1,available,Etihad Stadium,
3749603,2004-05-09,14:05:00.000,2,44,Premier League,2003/2004,England,Regular Season,55,Fulham,1,Arsenal,0,1,2,available,MATRADE Loftus Road,
3749052,2004-02-07,14:00:00.000,2,44,Premier League,2003/2004,England,Regular Season,46,Wolverhampton Wanderers,1,Arsenal,1,3,2,available,Molineux Stadium,
3749296,2003-09-13,13:00:00.000,2,44,Premier League,2003/2004,England,Regular Season,1,Arsenal,105,Portsmouth,1,1,5,available,Arsenal Stadium,
3749522,2003-12-26,11:00:00.000,2,44,Premier League,2003/2004,England,Regular Season,1,Arsenal,46,Wolverhampton Wanderers,3,0,18,available,Arsenal Stadium,
3749246,2004-03-28,17:05:00.000,2,44,Premier League,2003/2004,England,Regular Season,1,Arsenal,39,Manchester United,1,1,30,available,Arsenal Stadium,
3749257,2004-05-15,16:00:00.000,2,44,Premier League,2003/2004,England,Regular Season,1,Arsenal,22,Leicester City,2,1,38,available,Arsenal Stadium,
3749642,2004-02-28,16:00:00.000,2,44,Premier League,2003/2004,England,Regular Season,1,Arsenal,75,Charlton Athletic,2,1,27,available,Arsenal Stadium,
3749358,2003-08-24,14:05:00.000,2,44,Premier League,2003/2004,England,Regular Season,47,Middlesbrough,1,Arsenal,0,4,1,available,Riverside Stadium ,
3749346,2003-11-01,16:00:00.000,2,44,Premier League,2003/2004,England,Regular Season,101,Leeds United,1,Arsenal,1,4,1,available,Elland Road ,
3749253,2003-10-04,13:30:00.000,2,44,Premier League,2003/2004,England,Regular Season,24,Liverpool,1,Arsenal,1,2,1,available,Anfield ,
3749079,2003-10-18,16:00:00.000,2,44,Premier League,2003/2004,England,Regular Season,1,Arsenal,33,Chelsea,2,1,9,available,Arsenal Stadium,
3749465,2004-03-13,14:00:00.000,2,44,Premier League,2003/2004,England,Regular Season,98,Blackburn Rovers,1,Arsenal,0,2,2,available,Ewood Park ,
3749133,2004-01-18,13:00:00.000,2,44,Premier League,2003/2004,England,Regular Season,59,Aston Villa,1,Arsenal,0,2,2,available,Villa Park,
3749528,2003-09-26,21:00:00.000,2,44,Premier League,2003/2004,England,Regular Season,1,Arsenal,37,Newcastle United,3,2,7,available,Arsenal Stadium,
3749233,2004-02-01,15:05:00.000,2,44,Premier League,2003/2004,England,Regular Season,1,Arsenal,36,Manchester City,2,1,23,available,Arsenal Stadium,
3749462,2004-05-01,13:30:00.000,2,44,Premier League,2003/2004,England,Regular Season,1,Arsenal,54,Birmingham City,0,0,35,available,Arsenal Stadium,
3749552,2003-09-21,17:05:00.000,2,44,Premier League,2003/2004,England,Regular Season,39,Manchester United,1,Arsenal,0,0,1,available,Old Trafford,
3749276,2004-02-21,13:30:00.000,2,44,Premier League,2003/2004,England,Regular Season,33,Chelsea,1,Arsenal,1,2,2,available,Stamford Bridge,
3749068,2004-04-25,17:05:00.000,2,44,Premier League,2003/2004,England,Regular Season,38,Tottenham Hotspur,1,Arsenal,2,2,2,available,White Hart Lane,
3749310,2003-12-29,21:00:00.000,2,44,Premier League,2003/2004,England,Regular Season,25,Southampton,1,Arsenal,0,1,1,available,St. Mary's Stadium,
3749434,2003-11-22,14:00:00.000,2,44,Premier League,2003/2004,England,Regular Season,54,Birmingham City,1,Arsenal,0,3,1,available,St Andrew's @ Knighthead Park,
3749192,2003-11-30,15:00:00.000,2,44,Premier League,2003/2004,England,Regular Season,1,Arsenal,55,Fulham,0,0,14,available,Arsenal Stadium,
3749360,2003-12-14,15:00:00.000,2,44,Premier League,2003/2004,England,Regular Season,1,Arsenal,98,Blackburn Rovers,1,0,16,available,Arsenal Stadium,
3749453,2004-04-16,21:00:00.000,2,44,Premier League,2003/2004,England,Regular Season,1,Arsenal,101,Leeds United,5,0,33,available,Arsenal Stadium,
3749278,2003-12-20,16:00:00.000,2,44,Premier League,2003/2004,England,Regular Season,328,Bolton Wanderers,1,Arsenal,1,1,1,available,Toughsheet Community Stadium,
3749274,2004-05-04,21:00:00.000,2,44,Premier League,2003/2004,England,Regular Season,105,Portsmouth,1,Arsenal,1,1,2,available,,Michael Riley
3749590,2003-12-06,16:00:00.000,2,44,Premier League,2003/2004,England,Regular Season,22,Leicester City,1,Arsenal,1,1,1,available,,Robert Styles
3749631,2004-02-10,20:45:00.000,2,44,Premier League,2003/2004,England,Regular Season,1,Arsenal,25,Southampton,2,0,25,available,,Neale Barry
3749117,2004-01-07,21:00:00.000,2,44,Premier League,2003/2004,England,Regular Season,29,Everton,1,Arsenal,1,1,2,available,,Alan Wiley
3749108,2003-08-27,20:45:00.000,2,44,Premier League,2003/2004,England,Regular Season,1,Arsenal,59,Aston Villa,2,0,3,available,,
3749153,2004-01-10,16:00:00.000,2,44,Premier League,2003/2004,England,Regular Season,1,Arsenal,47,Middlesbrough,4,1,21,available,Arsenal Stadium,
3749403,2004-03-20,16:00:00.000,2,44,Premier League,2003/2004,England,Regular Season,1,Arsenal,328,Bolton Wanderers,2,1,29,available,Arsenal Stadium,
3749526,2003-10-26,13:00:00.000,2,44,Premier League,2003/2004,England,Regular Season,75,Charlton Athletic,1,Arsenal,1,1,1,available,The Valley,
3749431,2004-04-11,17:05:00.000,2,44,Premier League,2003/2004,England,Regular Season,37,Newcastle United,1,Arsenal,0,0,2,available,St. James' Park,
3879608,2015-11-07,17:00:00.000,12,27,Serie A,2015/2016,Italy,Regular Season,226,Hellas Verona,240,Bologna,0,2,12,available,Stadio Marc'Antonio Bentegodi,Daniele Orsato
3879551,2015-09-27,13:00:00.000,12,27,Serie A,2015/2016,Italy,Regular Season,226,Hellas Verona,236,Lazio,1,2,6,available,Stadio Marc'Antonio Bentegodi,Piero Giacomelli
3879575,2015-10-18,13:00:00.000,12,27,Serie A,2015/2016,Italy,Regular Season,226,Hellas Verona,230,Udinese,1,1,8,available,Stadio Marc'Antonio Bentegodi,Claudio Gavillucci
3879542,2015-09-23,18:45:00.000,12,27,Serie A,2015/2016,Italy,Regular Season,238,Inter Milan,226,Hellas Verona,1,0,5,available,Stadio Giuseppe Meazza    ,Carmine Russo
3879600,2015-11-01,14:00:00.000,12,27,Serie A,2015/2016,Italy,Regular Season,1683,Carpi,226,Hellas Verona,0,0,11,available,Stadio Alberto Braglia (Modena),Paolo Silvio Mazzoleni
3879557,2015-10-03,18:45:00.000,12,27,Serie A,2015/2016,Italy,Regular Season,231,Chievo,226,Hellas Verona,1,1,7,available,Stadio Marc'Antonio Bentegodi,Daniele Doveri
3879819,2016-04-16,16:00:00.000,12,27,Serie A,2015/2016,Italy,Regular Season,1683,Carpi,233,Genoa,4,1,33,available,Stadio Alberto Braglia (Modena),Nicola Rizzoli
3878541,2015-08-22,18:00:00.000,12,27,Serie A,2015/2016,Italy,Regular Season,226,Hellas Verona,229,AS Roma,1,1,1,available,Stadio Marc'Antonio Bentegodi,Marco Guida
3879664,2015-12-20,19:00:00.000,12,27,Serie A,2015/2016,Italy,Regular Season,234,Sampdoria,2256,Palermo,2,0,17,available,Stadio Comunale Luigi Ferraris,Michael Fabbri
3879863,2016-05-08,15:00:00.000,12,27,Serie A,2015/2016,Italy,Regular Season,228,Atalanta,230,Udinese,1,1,37,available,New Balance Arena,Nicola Rizzoli
3879773,2016-03-06,16:00:00.000,12,27,Serie A,2015/2016,Italy,Regular Season,291,Frosinone,230,Udinese,2,0,28,available,Stadio Comunale Matusa,Nicola Rizzoli
3879847,2016-04-30,18:00:00.000,12,27,Serie A,2015/2016,Italy,Regular Season,230,Udinese,241,Torino,1,5,36,available,Stadio Friuli,Maurizio Mariani
3879862,2016-05-08,20:45:00.000,12,27,Serie A,2015/2016,Italy,Regular Season,241,Torino,227,Napoli,1,2,37,available,Stadio Olimpico Grande Torino,Antonio Damato
3879817,2016-04-16,20:45:00.000,12,27,Serie A,2015/2016,Italy,Regular Season,238,Inter Milan,227,Napoli,2,0,33,available,Stadio Giuseppe Meazza    ,Gianluca Rocchi
3879825,2016-04-17,18:00:00.000,12,27,Serie A,2015/2016,Italy,Regular Season,236,Lazio,290,Empoli,2,0,33,available,Estadio Olímpico,Angelo Cervellera
3879750,2016-02-21,16:00:00.000,12,27,Serie A,2015/2016,Italy,Regular Season,228,Atalanta,239,Fiorentina,2,3,26,available,New Balance Arena,Domenico Celi
3879567,2015-10-17,18:00:00.000,12,27,Serie A,2015/2016,Italy,Regular Season,229,AS Roma,290,Empoli,3,1,8,available,Estadio Olímpico,Piero Giacomelli
3879785,2016-03-13,21:45:00.000,12,27,Serie A,2015/2016,Italy,Regular Season,236,Lazio,228,Atalanta,2,0,29,available,Estadio Olímpico,Marco Guida
3879705,2016-01-24,16:00:00.000,12,27,Serie A,2015/2016,Italy,Regular Season,232,Sassuolo,240,Bologna,0,2,21,available,MAPEI Stadium - Città del Tricolore,Angelo Cervellera
3879628,2015-11-28,21:45:00.000,12,27,Serie A,2015/2016,Italy,Regular Season,243,AC Milan,234,Sampdoria,4,1,14,available,Stadio Giuseppe Meazza    ,Daniele Doveri
3879665,2015-12-20,19:00:00.000,12,27,Serie A,2015/2016,Italy,Regular Season,291,Frosinone,243,AC Milan,2,4,17,available,Stadio Comunale Matusa,Luca Banti
3879699,2016-01-24,16:00:00.000,12,27,Serie A,2015/2016,Italy,Regular Season,234,Sampdoria,227,Napoli,2,4,21,available,Stadio Comunale Luigi Ferraris,Daniele Orsato
3879703,2016-01-24,16:00:00.000,12,27,Serie A,2015/2016,Italy,Regular Season,236,Lazio,231,Chievo,4,1,21,available,Estadio Olímpico,Gianpaolo Calvarese	
3879609,2015-11-08,19:00:00.000,12,27,Serie A,2015/2016,Italy,Regular Season,227,Napoli,230,Udinese,1,0,12,available,Stadio Diego Armando Maradona,Domenico Celi
3879653,2015-12-13,21:45:00.000,12,27,Serie A,2015/2016,Italy,Regular Season,224,Juventus,239,Fiorentina,3,1,16,available,Allianz Stadium    	,Daniele Orsato
3879632,2015-11-29,16:00:00.000,12,27,Serie A,2015/2016,Italy,Regular Season,229,AS Roma,228,Atalanta,0,2,14,available,Estadio Olímpico,Gianpaolo Calvarese	
3879663,2015-12-20,14:00:00.000,12,27,Serie A,2015/2016,Italy,Regular Season,226,Hellas Verona,232,Sassuolo,1,1,17,available,Stadio Marc'Antonio Bentegodi,Marco Guida
3879645,2015-12-06,13:30:00.000,12,27,Serie A,2015/2016,Italy,Regular Season,240,Bologna,227,Napoli,3,2,15,available,Stadio Renato Dall''Ara,Paolo Silvio Mazzoleni
3879579,2015-10-24,20:45:00.000,12,27,Serie A,2015/2016,Italy,Regular Season,2256,Palermo,238,Inter Milan,1,1,9,available,Stadio Renzo Barbera,Daniele Doveri
3879566,2015-10-04,15:00:00.000,12,27,Serie A,2015/2016,Italy,Regular Season,230,Udinese,233,Genoa,1,1,7,available,Stadio Friuli,Angelo Cervellera
3879587,2015-10-27,21:45:00.000,12,27,Serie A,2015/2016,Italy,Regular Season,240,Bologna,238,Inter Milan,0,1,10,available,Stadio Renato Dall''Ara,Luca Banti
3879556,2015-09-28,19:00:00.000,12,27,Serie A,2015/2016,Italy,Regular Season,291,Frosinone,290,Empoli,2,0,6,available,Stadio Comunale Matusa,Marco Guida
3879585,2015-10-25,15:00:00.000,12,27,Serie A,2015/2016,Italy,Regular Season,243,AC Milan,232,Sassuolo,2,1,9,available,Stadio Giuseppe Meazza    ,Gianluca Rocchi
3879582,2015-10-25,18:00:00.000,12,27,Serie A,2015/2016,Italy,Regular Season,236,Lazio,241,Torino,3,0,9,available,Estadio Olímpico,Paolo Silvio Mazzoleni
3879564,2015-10-04,15:00:00.000,12,27,Serie A,2015/2016,Italy,Regular Season,2256,Palermo,229,AS Roma,2,4,7,available,Stadio Renzo Barbera,Antonio Damato
3879562,2015-10-04,20:45:00.000,12,27,Serie A,2015/2016,Italy,Regular Season,243,AC Milan,227,Napoli,0,4,7,available,Stadio Giuseppe Meazza    ,Nicola Rizzoli
3879837,2016-04-23,20:45:00.000,12,27,Serie A,2015/2016,Italy,Regular Season,238,Inter Milan,230,Udinese,3,1,35,available,Stadio Giuseppe Meazza    ,Domenico Celi
3879838,2016-04-24,15:00:00.000,12,27,Serie A,2015/2016,Italy,Regular Season,234,Sampdoria,236,Lazio,2,1,35,available,Stadio Comunale Luigi Ferraris,Nicola Rizzoli
3879839,2016-04-24,20:45:00.000,12,27,Serie A,2015/2016,Italy,Regular Season,239,Fiorentina,224,Juventus,1,2,35,available,Stadio Artemio Franchi    	,Paolo Tagliavento
3879840,2016-04-24,15:00:00.000,12,27,Serie A,2015/2016,Italy,Regular Season,240,Bologna,233,Genoa,2,0,35,available,Stadio Renato Dall''Ara,Antonio Damato
3879836,2016-04-21,20:45:00.000,12,27,Serie A,2015/2016,Italy,Regular Season,243,AC Milan,1683,Carpi,0,0,34,available,Stadio Giuseppe Meazza    ,Marco Guida
3879833,2016-04-20,20:45:00.000,12,27,Serie A,2015/2016,Italy,Regular Season,224,Juventus,236,Lazio,3,0,34,available,Allianz Stadium    	,Paolo Silvio Mazzoleni
3879828,2016-04-20,20:45:00.000,12,27,Serie A,2015/2016,Italy,Regular Season,229,AS Roma,241,Torino,3,2,34,available,Estadio Olímpico,Gianpaolo Calvarese	
3879832,2016-04-20,20:45:00.000,12,27,Serie A,2015/2016,Italy,Regular Season,2256,Palermo,228,Atalanta,2,2,34,available,Stadio Renzo Barbera,Daniele Doveri
3879830,2016-04-20,20:45:00.000,12,27,Serie A,2015/2016,Italy,Regular Season,233,Genoa,238,Inter Milan,1,0,34,available,Stadio Comunale Luigi Ferraris,Massimiliano Irrati
3879792,2016-03-20,16:00:00.000,12,27,Serie A,2015/2016,Italy,Regular Season,234,Sampdoria,231,Chievo,0,1,30,available,Stadio Comunale Luigi Ferraris,Luca Pairetto
3879795,2016-03-20,16:00:00.000,12,27,Serie A,2015/2016,Italy,Regular Season,226,Hellas Verona,1683,Carpi,1,2,30,available,Stadio Marc'Antonio Bentegodi,Carmine Russo
3879794,2016-03-20,13:30:00.000,12,27,Serie A,2015/2016,Italy,Regular Season,228,Atalanta,240,Bologna,2,0,30,available,New Balance Arena,Piero Giacomelli
3879788,2016-03-19,19:00:00.000,12,27,Serie A,2015/2016,Italy,Regular Season,290,Empoli,2256,Palermo,0,0,30,available,Stadio Carlo Castellani,Davide Massa
3879787,2016-03-19,21:45:00.000,12,27,Serie A,2015/2016,Italy,Regular Season,229,AS Roma,238,Inter Milan,1,1,30,available,Estadio Olímpico,Daniele Orsato
3879786,2016-03-13,21:45:00.000,12,27,Serie A,2015/2016,Italy,Regular Season,2256,Palermo,227,Napoli,0,1,29,available,Stadio Renzo Barbera,Gianluca Rocchi
3879784,2016-03-13,16:00:00.000,12,27,Serie A,2015/2016,Italy,Regular Season,233,Genoa,241,Torino,3,2,29,available,Stadio Comunale Luigi Ferraris,Daniele Doveri
3879783,2016-03-13,16:00:00.000,12,27,Serie A,2015/2016,Italy,Regular Season,230,Udinese,229,AS Roma,1,2,29,available,Stadio Friuli,Paolo Silvio Mazzoleni
3879782,2016-03-13,16:00:00.000,12,27,Serie A,2015/2016,Italy,Regular Season,1683,Carpi,291,Frosinone,2,1,29,available,Stadio Alberto Braglia (Modena),Luca Banti
3879781,2016-03-13,13:30:00.000,12,27,Serie A,2015/2016,Italy,Regular Season,231,Chievo,243,AC Milan,0,0,29,available,Stadio Marc'Antonio Bentegodi,Antonio Damato
3879780,2016-03-13,16:00:00.000,12,27,Serie A,2015/2016,Italy,Regular Season,239,Fiorentina,226,Hellas Verona,1,1,29,available,Stadio Artemio Franchi    	,Claudio Gavillucci
3879779,2016-03-12,21:45:00.000,12,27,Serie A,2015/2016,Italy,Regular Season,238,Inter Milan,240,Bologna,2,1,29,available,Stadio Giuseppe Meazza    ,Gianpaolo Calvarese	
3879778,2016-03-12,19:00:00.000,12,27,Serie A,2015/2016,Italy,Regular Season,290,Empoli,234,Sampdoria,1,1,29,available,Stadio Carlo Castellani,Michael Fabbri
3879777,2016-03-11,21:45:00.000,12,27,Serie A,2015/2016,Italy,Regular Season,224,Juventus,232,Sassuolo,1,0,29,available,Allianz Stadium    	,Domenico Celi
3879774,2016-03-06,21:45:00.000,12,27,Serie A,2015/2016,Italy,Regular Season,238,Inter Milan,2256,Palermo,3,1,28,available,Stadio Giuseppe Meazza    ,Carmine Russo
3879776,2016-03-06,16:00:00.000,12,27,Serie A,2015/2016,Italy,Regular Season,240,Bologna,1683,Carpi,0,0,28,available,Stadio Renato Dall''Ara,Paolo Silvio Mazzoleni
3879771,2016-03-06,16:00:00.000,12,27,Serie A,2015/2016,Italy,Regular Season,232,Sassuolo,243,AC Milan,2,0,28,available,MAPEI Stadium - Città del Tricolore,Piero Giacomelli
3879772,2016-03-06,13:30:00.000,12,27,Serie A,2015/2016,Italy,Regular Season,241,Torino,236,Lazio,1,1,28,available,Stadio Olimpico Grande Torino,Davide Massa
3879756,2016-02-22,22:00:00.000,12,27,Serie A,2015/2016,Italy,Regular Season,227,Napoli,243,AC Milan,1,1,26,available,Stadio Diego Armando Maradona,Luca Banti
3879754,2016-02-21,16:00:00.000,12,27,Serie A,2015/2016,Italy,Regular Season,241,Torino,1683,Carpi,0,0,26,available,Stadio Olimpico Grande Torino,Claudio Gavillucci
3879748,2016-02-20,19:00:00.000,12,27,Serie A,2015/2016,Italy,Regular Season,226,Hellas Verona,231,Chievo,3,1,26,available,Stadio Marc'Antonio Bentegodi,Marco Guida
3879749,2016-02-20,21:45:00.000,12,27,Serie A,2015/2016,Italy,Regular Season,238,Inter Milan,234,Sampdoria,3,1,26,available,Stadio Giuseppe Meazza    ,Davide Massa
3879747,2016-02-19,21:45:00.000,12,27,Serie A,2015/2016,Italy,Regular Season,240,Bologna,224,Juventus,0,0,26,available,Stadio Renato Dall''Ara,Massimiliano Irrati
3879742,2016-02-14,13:30:00.000,12,27,Serie A,2015/2016,Italy,Regular Season,243,AC Milan,233,Genoa,2,1,25,available,Stadio Giuseppe Meazza    ,Gianpaolo Calvarese	
3879746,2016-02-14,21:45:00.000,12,27,Serie A,2015/2016,Italy,Regular Season,239,Fiorentina,238,Inter Milan,2,1,25,available,Stadio Artemio Franchi    	,Paolo Silvio Mazzoleni
3879744,2016-02-14,16:00:00.000,12,27,Serie A,2015/2016,Italy,Regular Season,234,Sampdoria,228,Atalanta,0,0,25,available,Stadio Comunale Luigi Ferraris,Antonio Damato
3879745,2016-02-14,16:00:00.000,12,27,Serie A,2015/2016,Italy,Regular Season,2256,Palermo,241,Torino,1,3,25,available,Stadio Renzo Barbera,Angelo Cervellera
3879743,2016-02-14,16:00:00.000,12,27,Serie A,2015/2016,Italy,Regular Season,230,Udinese,240,Bologna,0,1,25,available,Stadio Friuli,Carmine Russo
3879739,2016-02-13,21:45:00.000,12,27,Serie A,2015/2016,Italy,Regular Season,224,Juventus,227,Napoli,1,0,25,available,Allianz Stadium    	,Daniele Orsato
3879741,2016-02-13,19:00:00.000,12,27,Serie A,2015/2016,Italy,Regular Season,231,Chievo,232,Sassuolo,1,1,25,available,Stadio Marc'Antonio Bentegodi,Davide Ghersini
3879740,2016-02-13,16:00:00.000,12,27,Serie A,2015/2016,Italy,Regular Season,290,Empoli,291,Frosinone,1,2,25,available,Stadio Carlo Castellani,Marco Di Bello
3879738,2016-02-12,21:45:00.000,12,27,Serie A,2015/2016,Italy,Regular Season,1683,Carpi,229,AS Roma,1,3,25,available,Stadio Alberto Braglia (Modena),Paolo Tagliavento
3879737,2016-02-11,21:45:00.000,12,27,Serie A,2015/2016,Italy,Regular Season,236,Lazio,226,Hellas Verona,5,2,25,available,Estadio Olímpico,Andrea Gervasoni
3879732,2016-02-07,16:00:00.000,12,27,Serie A,2015/2016,Italy,Regular Season,241,Torino,231,Chievo,1,2,24,available,Stadio Olimpico Grande Torino,Gianluca Rocchi
3879707,2016-01-30,21:45:00.000,12,27,Serie A,2015/2016,Italy,Regular Season,229,AS Roma,291,Frosinone,3,1,22,available,Estadio Olímpico,Marco Guida
3879702,2016-01-24,16:00:00.000,12,27,Serie A,2015/2016,Italy,Regular Season,226,Hellas Verona,233,Genoa,1,1,21,available,Stadio Marc'Antonio Bentegodi,Gianluca Rocchi
3879704,2016-01-24,16:00:00.000,12,27,Serie A,2015/2016,Italy,Regular Season,238,Inter Milan,1683,Carpi,1,1,21,available,Stadio Giuseppe Meazza    ,Andrea Gervasoni
3879701,2016-01-24,21:45:00.000,12,27,Serie A,2015/2016,Italy,Regular Season,224,Juventus,229,AS Roma,1,0,21,available,Allianz Stadium    	,Luca Banti
3879700,2016-01-24,16:00:00.000,12,27,Serie A,2015/2016,Italy,Regular Season,2256,Palermo,230,Udinese,4,1,21,available,Stadio Renzo Barbera,Paolo Tagliavento
3879706,2016-01-24,13:30:00.000,12,27,Serie A,2015/2016,Italy,Regular Season,239,Fiorentina,241,Torino,2,0,21,available,Stadio Artemio Franchi    	,Paolo Silvio Mazzoleni
3878559,2015-08-30,20:45:00.000,12,27,Serie A,2015/2016,Italy,Regular Season,228,Atalanta,291,Frosinone,2,0,2,available,New Balance Arena,Domenico Celi
3879636,2015-11-30,20:00:00.000,12,27,Serie A,2015/2016,Italy,Regular Season,232,Sassuolo,239,Fiorentina,1,1,14,available,MAPEI Stadium - Città del Tricolore,Davide Massa
3879627,2015-11-28,19:00:00.000,12,27,Serie A,2015/2016,Italy,Regular Season,241,Torino,240,Bologna,2,0,14,available,Stadio Olimpico Grande Torino,Davide Ghersini
3879626,2015-11-22,21:45:00.000,12,27,Serie A,2015/2016,Italy,Regular Season,238,Inter Milan,291,Frosinone,4,0,13,available,Stadio Giuseppe Meazza    ,Marco Guida
3879625,2015-11-22,16:00:00.000,12,27,Serie A,2015/2016,Italy,Regular Season,230,Udinese,234,Sampdoria,1,0,13,available,Stadio Friuli,Marco Di Bello
3879624,2015-11-22,16:00:00.000,12,27,Serie A,2015/2016,Italy,Regular Season,236,Lazio,2256,Palermo,1,1,13,available,Estadio Olímpico,Domenico Celi
3879623,2015-11-22,16:00:00.000,12,27,Serie A,2015/2016,Italy,Regular Season,239,Fiorentina,290,Empoli,2,2,13,available,Stadio Artemio Franchi    	,Luca Banti
3879622,2015-11-22,16:00:00.000,12,27,Serie A,2015/2016,Italy,Regular Season,1683,Carpi,231,Chievo,1,2,13,available,Stadio Alberto Braglia (Modena),Fabio Maresca
3879621,2015-11-22,16:00:00.000,12,27,Serie A,2015/2016,Italy,Regular Season,228,Atalanta,241,Torino,0,1,13,available,New Balance Arena,Angelo Cervellera
3879620,2015-11-22,13:30:00.000,12,27,Serie A,2015/2016,Italy,Regular Season,226,Hellas Verona,227,Napoli,0,2,13,available,Stadio Marc'Antonio Bentegodi,Antonio Damato
3878611,2015-09-20,12:30:00.000,12,27,Serie A,2015/2016,Italy,Regular Season,231,Chievo,238,Inter Milan,0,1,4,available,Stadio Marc'Antonio Bentegodi,Paolo Tagliavento
3878610,2015-09-20,15:00:00.000,12,27,Serie A,2015/2016,Italy,Regular Season,228,Atalanta,226,Hellas Verona,1,1,4,available,New Balance Arena,Fabio Maresca
3878608,2015-09-20,15:00:00.000,12,27,Serie A,2015/2016,Italy,Regular Season,240,Bologna,291,Frosinone,1,0,4,available,Stadio Renato Dall''Ara,Daniele Orsato
3878607,2015-09-20,15:00:00.000,12,27,Serie A,2015/2016,Italy,Regular Season,229,AS Roma,232,Sassuolo,2,2,4,available,Estadio Olímpico,Davide Massa
3878606,2015-09-20,15:00:00.000,12,27,Serie A,2015/2016,Italy,Regular Season,241,Torino,234,Sampdoria,2,0,4,available,Stadio Olimpico Grande Torino,Piero Giacomelli
3878605,2015-09-20,18:00:00.000,12,27,Serie A,2015/2016,Italy,Regular Season,1683,Carpi,239,Fiorentina,0,1,4,available,Stadio Alberto Braglia (Modena),Marco Di Bello
3879876,2016-05-15,18:00:00.000,12,27,Serie A,2015/2016,Italy,Regular Season,233,Genoa,228,Atalanta,1,2,38,available,Stadio Comunale Luigi Ferraris,Gianluca Aureliano
3879875,2016-05-15,20:45:00.000,12,27,Serie A,2015/2016,Italy,Regular Season,2256,Palermo,226,Hellas Verona,3,2,38,available,Stadio Renzo Barbera,Massimiliano Irrati
3879874,2016-05-15,20:45:00.000,12,27,Serie A,2015/2016,Italy,Regular Season,236,Lazio,239,Fiorentina,2,4,38,available,Estadio Olímpico,Gianluca Manganiello
3879873,2016-05-15,18:00:00.000,12,27,Serie A,2015/2016,Italy,Regular Season,290,Empoli,241,Torino,2,1,38,available,Stadio Carlo Castellani,Francesco Paolo Saia
3879872,2016-05-15,18:00:00.000,12,27,Serie A,2015/2016,Italy,Regular Season,231,Chievo,240,Bologna,0,0,38,available,Stadio Marc'Antonio Bentegodi,Riccardo Ros
3879871,2016-05-15,20:45:00.000,12,27,Serie A,2015/2016,Italy,Regular Season,230,Udinese,1683,Carpi,1,2,38,available,Stadio Friuli,Paolo Silvio Mazzoleni
3879870,2016-05-14,17:00:00.000,12,27,Serie A,2015/2016,Italy,Regular Season,224,Juventus,234,Sampdoria,5,0,38,available,Allianz Stadium    	,Claudio Gavillucci
3879869,2016-05-14,20:45:00.000,12,27,Serie A,2015/2016,Italy,Regular Season,243,AC Milan,229,AS Roma,1,3,38,available,Stadio Giuseppe Meazza    ,Nicola Rizzoli
3879868,2016-05-14,20:45:00.000,12,27,Serie A,2015/2016,Italy,Regular Season,232,Sassuolo,238,Inter Milan,3,1,38,available,MAPEI Stadium - Città del Tricolore,Andrea Gervasoni
3879867,2016-05-14,20:45:00.000,12,27,Serie A,2015/2016,Italy,Regular Season,227,Napoli,291,Frosinone,4,0,38,available,Stadio Diego Armando Maradona,Domenico Celi
3879866,2016-05-08,12:30:00.000,12,27,Serie A,2015/2016,Italy,Regular Season,229,AS Roma,231,Chievo,3,0,37,available,Estadio Olímpico,Domenico Celi
3879865,2016-05-08,15:00:00.000,12,27,Serie A,2015/2016,Italy,Regular Season,234,Sampdoria,233,Genoa,0,3,37,available,Stadio Comunale Luigi Ferraris,Luca Banti
3879864,2016-05-08,20:45:00.000,12,27,Serie A,2015/2016,Italy,Regular Season,226,Hellas Verona,224,Juventus,2,1,37,available,Stadio Marc'Antonio Bentegodi,Fabio Maresca
3879861,2016-05-08,15:00:00.000,12,27,Serie A,2015/2016,Italy,Regular Season,291,Frosinone,232,Sassuolo,0,1,37,available,Stadio Comunale Matusa,Angelo Cervellera
3879860,2016-05-08,15:00:00.000,12,27,Serie A,2015/2016,Italy,Regular Season,239,Fiorentina,2256,Palermo,0,0,37,available,Stadio Artemio Franchi    	,Daniele Orsato
3879859,2016-05-08,15:00:00.000,12,27,Serie A,2015/2016,Italy,Regular Season,1683,Carpi,236,Lazio,1,3,37,available,Stadio Alberto Braglia (Modena),Gianluca Rocchi
3879858,2016-05-07,20:45:00.000,12,27,Serie A,2015/2016,Italy,Regular Season,240,Bologna,243,AC Milan,0,1,37,available,Stadio Renato Dall''Ara,Daniele Doveri
3879857,2016-05-07,18:00:00.000,12,27,Serie A,2015/2016,Italy,Regular Season,238,Inter Milan,290,Empoli,2,1,37,available,Stadio Giuseppe Meazza    ,Marco Di Bello
3879856,2016-05-02,19:00:00.000,12,27,Serie A,2015/2016,Italy,Regular Season,233,Genoa,229,AS Roma,2,3,36,available,Stadio Comunale Luigi Ferraris,Andrea Gervasoni
3879855,2016-05-02,21:00:00.000,12,27,Serie A,2015/2016,Italy,Regular Season,227,Napoli,228,Atalanta,2,1,36,available,Stadio Diego Armando Maradona,Piero Giacomelli
3879854,2016-05-01,15:00:00.000,12,27,Serie A,2015/2016,Italy,Regular Season,232,Sassuolo,226,Hellas Verona,1,0,36,available,MAPEI Stadium - Città del Tricolore,Claudio Gavillucci
3879853,2016-05-01,20:45:00.000,12,27,Serie A,2015/2016,Italy,Regular Season,236,Lazio,238,Inter Milan,2,0,36,available,Estadio Olímpico,Luca Banti
3879852,2016-05-01,15:00:00.000,12,27,Serie A,2015/2016,Italy,Regular Season,2256,Palermo,234,Sampdoria,2,0,36,available,Stadio Renzo Barbera,Paolo Silvio Mazzoleni
3879851,2016-05-01,15:00:00.000,12,27,Serie A,2015/2016,Italy,Regular Season,243,AC Milan,291,Frosinone,3,3,36,available,Stadio Giuseppe Meazza    ,Davide Massa
3879850,2016-05-01,12:30:00.000,12,27,Serie A,2015/2016,Italy,Regular Season,224,Juventus,1683,Carpi,2,0,36,available,Allianz Stadium    	,Massimiliano Irrati
3879849,2016-05-01,15:00:00.000,12,27,Serie A,2015/2016,Italy,Regular Season,290,Empoli,240,Bologna,0,0,36,available,Stadio Carlo Castellani,Daniele Chiffi
3879848,2016-04-30,20:45:00.000,12,27,Serie A,2015/2016,Italy,Regular Season,231,Chievo,239,Fiorentina,0,0,36,available,Stadio Marc'Antonio Bentegodi,Marco Guida
3879846,2016-04-25,17:00:00.000,12,27,Serie A,2015/2016,Italy,Regular Season,226,Hellas Verona,243,AC Milan,2,1,35,available,Stadio Marc'Antonio Bentegodi,Marco Di Bello
3879845,2016-04-25,15:00:00.000,12,27,Serie A,2015/2016,Italy,Regular Season,229,AS Roma,227,Napoli,1,0,35,available,Estadio Olímpico,Daniele Orsato
3879844,2016-04-25,19:00:00.000,12,27,Serie A,2015/2016,Italy,Regular Season,1683,Carpi,290,Empoli,1,0,35,available,Stadio Alberto Braglia (Modena),Paolo Valeri
3879843,2016-04-24,15:00:00.000,12,27,Serie A,2015/2016,Italy,Regular Season,241,Torino,232,Sassuolo,1,3,35,available,Stadio Olimpico Grande Torino,Michael Fabbri
3879842,2016-04-24,15:00:00.000,12,27,Serie A,2015/2016,Italy,Regular Season,228,Atalanta,231,Chievo,1,0,35,available,New Balance Arena,Angelo Cervellera
3879841,2016-04-24,12:30:00.000,12,27,Serie A,2015/2016,Italy,Regular Season,291,Frosinone,2256,Palermo,0,2,35,available,Stadio Comunale Matusa,Gianluca Rocchi
3879835,2016-04-20,20:45:00.000,12,27,Serie A,2015/2016,Italy,Regular Season,231,Chievo,291,Frosinone,5,1,34,available,Stadio Marc'Antonio Bentegodi,Carmine Russo
3879834,2016-04-20,20:45:00.000,12,27,Serie A,2015/2016,Italy,Regular Season,230,Udinese,239,Fiorentina,2,1,34,available,Stadio Friuli,Davide Massa
3879831,2016-04-20,18:30:00.000,12,27,Serie A,2015/2016,Italy,Regular Season,232,Sassuolo,234,Sampdoria,0,0,34,available,MAPEI Stadium - Città del Tricolore,Maurizio Mariani
3879829,2016-04-20,20:45:00.000,12,27,Serie A,2015/2016,Italy,Regular Season,290,Empoli,226,Hellas Verona,1,0,34,available,Stadio Carlo Castellani,Marco Serra
3879827,2016-04-19,20:45:00.000,12,27,Serie A,2015/2016,Italy,Regular Season,227,Napoli,240,Bologna,6,0,34,available,Stadio Diego Armando Maradona,Andrea Gervasoni
3879826,2016-04-17,15:00:00.000,12,27,Serie A,2015/2016,Italy,Regular Season,226,Hellas Verona,291,Frosinone,1,2,33,available,Stadio Marc'Antonio Bentegodi,Daniele Doveri
3879824,2016-04-17,20:45:00.000,12,27,Serie A,2015/2016,Italy,Regular Season,234,Sampdoria,243,AC Milan,0,1,33,available,Stadio Comunale Luigi Ferraris,Paolo Valeri
3879823,2016-04-17,12:30:00.000,12,27,Serie A,2015/2016,Italy,Regular Season,228,Atalanta,229,AS Roma,3,3,33,available,New Balance Arena,Massimiliano Irrati
3879822,2016-04-17,15:00:00.000,12,27,Serie A,2015/2016,Italy,Regular Season,230,Udinese,231,Chievo,0,0,33,available,Stadio Friuli,Claudio Gavillucci
3879821,2016-04-17,15:00:00.000,12,27,Serie A,2015/2016,Italy,Regular Season,239,Fiorentina,232,Sassuolo,3,1,33,available,Stadio Artemio Franchi    	,Luca Banti
3879820,2016-04-17,15:00:00.000,12,27,Serie A,2015/2016,Italy,Regular Season,224,Juventus,2256,Palermo,4,0,33,available,Allianz Stadium    	,Piero Giacomelli
3879818,2016-04-16,15:00:00.000,12,27,Serie A,2015/2016,Italy,Regular Season,240,Bologna,241,Torino,0,1,33,available,Stadio Renato Dall''Ara,Rosario Abisso
3879816,2016-04-11,20:45:00.000,12,27,Serie A,2015/2016,Italy,Regular Season,229,AS Roma,240,Bologna,1,1,32,available,Estadio Olímpico,Davide Massa
3879815,2016-04-10,15:00:00.000,12,27,Serie A,2015/2016,Italy,Regular Season,241,Torino,228,Atalanta,2,1,32,available,Stadio Olimpico Grande Torino,Marco Di Bello
3879814,2016-04-10,12:30:00.000,12,27,Serie A,2015/2016,Italy,Regular Season,290,Empoli,239,Fiorentina,2,0,32,available,Stadio Carlo Castellani,Antonio Damato
3879813,2016-04-10,15:00:00.000,12,27,Serie A,2015/2016,Italy,Regular Season,234,Sampdoria,230,Udinese,2,0,32,available,Stadio Comunale Luigi Ferraris,Carmine Russo
3879812,2016-04-10,20:45:00.000,12,27,Serie A,2015/2016,Italy,Regular Season,2256,Palermo,236,Lazio,0,3,32,available,Stadio Renzo Barbera,Andrea Gervasoni
3879811,2016-04-10,15:00:00.000,12,27,Serie A,2015/2016,Italy,Regular Season,227,Napoli,226,Hellas Verona,3,0,32,available,Stadio Diego Armando Maradona,Domenico Celi
3879810,2016-04-09,20:45:00.000,12,27,Serie A,2015/2016,Italy,Regular Season,243,AC Milan,224,Juventus,1,2,32,available,Stadio Giuseppe Meazza    ,Daniele Orsato
3879809,2016-04-09,18:00:00.000,12,27,Serie A,2015/2016,Italy,Regular Season,232,Sassuolo,233,Genoa,0,1,32,available,MAPEI Stadium - Città del Tricolore,Claudio Gavillucci
3879808,2016-04-09,15:00:00.000,12,27,Serie A,2015/2016,Italy,Regular Season,291,Frosinone,238,Inter Milan,0,1,32,available,Stadio Comunale Matusa,Paolo Tagliavento
3879807,2016-04-09,18:00:00.000,12,27,Serie A,2015/2016,Italy,Regular Season,231,Chievo,1683,Carpi,1,0,32,available,Stadio Marc'Antonio Bentegodi,Michael Fabbri
3879806,2016-04-04,20:45:00.000,12,27,Serie A,2015/2016,Italy,Regular Season,240,Bologna,226,Hellas Verona,0,1,31,available,Stadio Renato Dall''Ara,Davide Ghersini
3879805,2016-04-03,15:00:00.000,12,27,Serie A,2015/2016,Italy,Regular Season,228,Atalanta,243,AC Milan,2,1,31,available,New Balance Arena,Gianluca Rocchi
3879804,2016-04-03,15:00:00.000,12,27,Serie A,2015/2016,Italy,Regular Season,233,Genoa,291,Frosinone,4,0,31,available,Stadio Comunale Luigi Ferraris,Paolo Silvio Mazzoleni
3879803,2016-04-03,12:30:00.000,12,27,Serie A,2015/2016,Italy,Regular Season,230,Udinese,227,Napoli,3,1,31,available,Stadio Friuli,Massimiliano Irrati
3879802,2016-04-03,15:00:00.000,12,27,Serie A,2015/2016,Italy,Regular Season,231,Chievo,2256,Palermo,3,1,31,available,Stadio Marc'Antonio Bentegodi,Maurizio Mariani
3879801,2016-04-03,20:45:00.000,12,27,Serie A,2015/2016,Italy,Regular Season,238,Inter Milan,241,Torino,1,2,31,available,Stadio Giuseppe Meazza    ,Marco Guida
3879800,2016-04-03,15:00:00.000,12,27,Serie A,2015/2016,Italy,Regular Season,239,Fiorentina,234,Sampdoria,1,1,31,available,Stadio Artemio Franchi    	,Andrea Gervasoni
3879799,2016-04-03,15:00:00.000,12,27,Serie A,2015/2016,Italy,Regular Season,236,Lazio,229,AS Roma,1,4,31,available,Estadio Olímpico,Luca Banti
3879798,2016-04-02,20:45:00.000,12,27,Serie A,2015/2016,Italy,Regular Season,224,Juventus,290,Empoli,1,0,31,available,Allianz Stadium    	,Gianpaolo Calvarese	
3879797,2016-04-02,18:00:00.000,12,27,Serie A,2015/2016,Italy,Regular Season,1683,Carpi,232,Sassuolo,1,3,31,available,Stadio Alberto Braglia (Modena),Angelo Cervellera
3879796,2016-03-20,19:00:00.000,12,27,Serie A,2015/2016,Italy,Regular Season,227,Napoli,233,Genoa,3,1,30,available,Stadio Diego Armando Maradona,Andrea Gervasoni
3879793,2016-03-20,16:00:00.000,12,27,Serie A,2015/2016,Italy,Regular Season,232,Sassuolo,230,Udinese,1,1,30,available,MAPEI Stadium - Città del Tricolore,Marco Di Bello
3879791,2016-03-20,21:45:00.000,12,27,Serie A,2015/2016,Italy,Regular Season,243,AC Milan,236,Lazio,1,1,30,available,Stadio Giuseppe Meazza    ,Paolo Tagliavento
3879790,2016-03-20,16:00:00.000,12,27,Serie A,2015/2016,Italy,Regular Season,241,Torino,224,Juventus,1,4,30,available,Stadio Olimpico Grande Torino,Nicola Rizzoli
3879789,2016-03-20,16:00:00.000,12,27,Serie A,2015/2016,Italy,Regular Season,291,Frosinone,239,Fiorentina,0,0,30,available,Stadio Comunale Matusa,Paolo Valeri
3879775,2016-03-06,16:00:00.000,12,27,Serie A,2015/2016,Italy,Regular Season,233,Genoa,290,Empoli,1,0,28,available,Stadio Comunale Luigi Ferraris,Maurizio Mariani
3879770,2016-03-06,16:00:00.000,12,27,Serie A,2015/2016,Italy,Regular Season,228,Atalanta,224,Juventus,0,2,28,available,New Balance Arena,Paolo Valeri
3879769,2016-03-05,21:45:00.000,12,27,Serie A,2015/2016,Italy,Regular Season,227,Napoli,231,Chievo,3,1,28,available,Stadio Diego Armando Maradona,Marco Di Bello
3879768,2016-03-05,19:00:00.000,12,27,Serie A,2015/2016,Italy,Regular Season,226,Hellas Verona,234,Sampdoria,0,3,28,available,Stadio Marc'Antonio Bentegodi,Angelo Cervellera
3879767,2016-03-04,21:45:00.000,12,27,Serie A,2015/2016,Italy,Regular Season,229,AS Roma,239,Fiorentina,4,1,28,available,Estadio Olímpico,Massimiliano Irrati
3879766,2016-02-29,20:00:00.000,12,27,Serie A,2015/2016,Italy,Regular Season,236,Lazio,232,Sassuolo,0,2,27,available,Estadio Olímpico,Antonio Damato
3879765,2016-02-29,22:00:00.000,12,27,Serie A,2015/2016,Italy,Regular Season,239,Fiorentina,227,Napoli,1,1,27,available,Stadio Artemio Franchi    	,Paolo Tagliavento
3879764,2016-02-28,16:00:00.000,12,27,Serie A,2015/2016,Italy,Regular Season,231,Chievo,233,Genoa,1,0,27,available,Stadio Marc'Antonio Bentegodi,Michael Fabbri
3879763,2016-02-28,16:00:00.000,12,27,Serie A,2015/2016,Italy,Regular Season,234,Sampdoria,291,Frosinone,2,0,27,available,Stadio Comunale Luigi Ferraris,Daniele Orsato
3879762,2016-02-28,16:00:00.000,12,27,Serie A,2015/2016,Italy,Regular Season,230,Udinese,226,Hellas Verona,2,0,27,available,Stadio Friuli,Daniele Doveri
3879761,2016-02-28,16:00:00.000,12,27,Serie A,2015/2016,Italy,Regular Season,1683,Carpi,228,Atalanta,1,1,27,available,Stadio Alberto Braglia (Modena),Gianpaolo Calvarese	
3879760,2016-02-28,13:30:00.000,12,27,Serie A,2015/2016,Italy,Regular Season,2256,Palermo,240,Bologna,0,0,27,available,Stadio Renzo Barbera,Marco Di Bello
3879759,2016-02-28,21:45:00.000,12,27,Serie A,2015/2016,Italy,Regular Season,224,Juventus,238,Inter Milan,2,0,27,available,Allianz Stadium    	,Gianluca Rocchi
3879758,2016-02-27,21:45:00.000,12,27,Serie A,2015/2016,Italy,Regular Season,243,AC Milan,241,Torino,1,0,27,available,Stadio Giuseppe Meazza    ,Domenico Celi
3879757,2016-02-27,19:00:00.000,12,27,Serie A,2015/2016,Italy,Regular Season,290,Empoli,229,AS Roma,1,3,27,available,Stadio Carlo Castellani,Andrea Gervasoni
3879755,2016-02-21,19:00:00.000,12,27,Serie A,2015/2016,Italy,Regular Season,291,Frosinone,236,Lazio,0,0,26,available,Stadio Comunale Matusa,Carmine Russo
3879753,2016-02-21,16:00:00.000,12,27,Serie A,2015/2016,Italy,Regular Season,232,Sassuolo,290,Empoli,3,2,26,available,MAPEI Stadium - Città del Tricolore,Paolo Valeri
3879752,2016-02-21,16:00:00.000,12,27,Serie A,2015/2016,Italy,Regular Season,233,Genoa,230,Udinese,2,1,26,available,Stadio Comunale Luigi Ferraris,Andrea Gervasoni
3879751,2016-02-21,21:45:00.000,12,27,Serie A,2015/2016,Italy,Regular Season,229,AS Roma,2256,Palermo,5,0,26,available,Estadio Olímpico,Piero Giacomelli
3879736,2016-02-07,21:45:00.000,12,27,Serie A,2015/2016,Italy,Regular Season,229,AS Roma,234,Sampdoria,2,1,24,available,Estadio Olímpico,Domenico Celi
3879735,2016-02-07,19:00:00.000,12,27,Serie A,2015/2016,Italy,Regular Season,228,Atalanta,290,Empoli,0,0,24,available,New Balance Arena,Michael Fabbri
3879734,2016-02-07,16:00:00.000,12,27,Serie A,2015/2016,Italy,Regular Season,243,AC Milan,230,Udinese,1,1,24,available,Stadio Giuseppe Meazza    ,Massimiliano Irrati
3879733,2016-02-07,16:00:00.000,12,27,Serie A,2015/2016,Italy,Regular Season,291,Frosinone,224,Juventus,0,2,24,available,Stadio Comunale Matusa,Davide Massa
3879731,2016-02-07,16:00:00.000,12,27,Serie A,2015/2016,Italy,Regular Season,227,Napoli,1683,Carpi,1,0,24,available,Stadio Diego Armando Maradona,Daniele Doveri
3879730,2016-02-07,13:30:00.000,12,27,Serie A,2015/2016,Italy,Regular Season,226,Hellas Verona,238,Inter Milan,3,3,24,available,Stadio Marc'Antonio Bentegodi,Piero Giacomelli
3879729,2016-02-07,16:00:00.000,12,27,Serie A,2015/2016,Italy,Regular Season,232,Sassuolo,2256,Palermo,2,2,24,available,MAPEI Stadium - Città del Tricolore,Maurizio Mariani
3879728,2016-02-06,19:00:00.000,12,27,Serie A,2015/2016,Italy,Regular Season,240,Bologna,239,Fiorentina,1,1,24,available,Stadio Renato Dall''Ara,Luca Banti
3879727,2016-02-06,21:45:00.000,12,27,Serie A,2015/2016,Italy,Regular Season,233,Genoa,236,Lazio,0,0,24,available,Stadio Comunale Luigi Ferraris,Daniele Orsato
3879726,2016-02-03,21:45:00.000,12,27,Serie A,2015/2016,Italy,Regular Season,224,Juventus,233,Genoa,1,0,23,available,Allianz Stadium    	,Carmine Russo
3879725,2016-02-03,19:30:00.000,12,27,Serie A,2015/2016,Italy,Regular Season,291,Frosinone,240,Bologna,1,0,23,available,Stadio Comunale Matusa,Andrea Gervasoni
3879724,2016-02-03,21:45:00.000,12,27,Serie A,2015/2016,Italy,Regular Season,239,Fiorentina,1683,Carpi,2,1,23,available,Stadio Artemio Franchi    	,Angelo Cervellera
3879723,2016-02-03,21:45:00.000,12,27,Serie A,2015/2016,Italy,Regular Season,238,Inter Milan,231,Chievo,1,0,23,available,Stadio Giuseppe Meazza    ,Paolo Valeri
3879722,2016-02-03,21:45:00.000,12,27,Serie A,2015/2016,Italy,Regular Season,226,Hellas Verona,228,Atalanta,2,1,23,available,Stadio Marc'Antonio Bentegodi,Marco Di Bello
3879721,2016-02-03,21:45:00.000,12,27,Serie A,2015/2016,Italy,Regular Season,2256,Palermo,243,AC Milan,0,2,23,available,Stadio Renzo Barbera,Paolo Silvio Mazzoleni
3879720,2016-02-03,21:45:00.000,12,27,Serie A,2015/2016,Italy,Regular Season,236,Lazio,227,Napoli,0,2,23,available,Estadio Olímpico,Massimiliano Irrati
3879719,2016-02-03,21:45:00.000,12,27,Serie A,2015/2016,Italy,Regular Season,234,Sampdoria,241,Torino,2,2,23,available,Stadio Comunale Luigi Ferraris,Marco Guida
3879718,2016-02-03,21:45:00.000,12,27,Serie A,2015/2016,Italy,Regular Season,290,Empoli,230,Udinese,1,1,23,available,Stadio Carlo Castellani,Eugenio Abbattista
3879717,2016-02-02,21:45:00.000,12,27,Serie A,2015/2016,Italy,Regular Season,232,Sassuolo,229,AS Roma,0,2,23,available,MAPEI Stadium - Città del Tricolore,Gianpaolo Calvarese	
3879716,2016-01-31,16:00:00.000,12,27,Serie A,2015/2016,Italy,Regular Season,233,Genoa,239,Fiorentina,0,0,22,available,Stadio Comunale Luigi Ferraris,Piero Giacomelli
3879715,2016-01-31,16:00:00.000,12,27,Serie A,2015/2016,Italy,Regular Season,241,Torino,226,Hellas Verona,0,0,22,available,Stadio Olimpico Grande Torino,Maurizio Mariani
3879714,2016-01-31,16:00:00.000,12,27,Serie A,2015/2016,Italy,Regular Season,227,Napoli,290,Empoli,5,1,22,available,Stadio Diego Armando Maradona,Davide Massa
3879713,2016-01-31,13:30:00.000,12,27,Serie A,2015/2016,Italy,Regular Season,231,Chievo,224,Juventus,0,4,22,available,Stadio Marc'Antonio Bentegodi,Daniele Doveri
3879712,2016-01-31,21:45:00.000,12,27,Serie A,2015/2016,Italy,Regular Season,243,AC Milan,238,Inter Milan,3,0,22,available,Stadio Giuseppe Meazza    ,Antonio Damato
3879711,2016-01-31,16:00:00.000,12,27,Serie A,2015/2016,Italy,Regular Season,230,Udinese,236,Lazio,0,0,22,available,Stadio Friuli,Domenico Celi
3879710,2016-01-31,16:00:00.000,12,27,Serie A,2015/2016,Italy,Regular Season,240,Bologna,234,Sampdoria,3,2,22,available,Stadio Renato Dall''Ara,Michael Fabbri
3879709,2016-01-30,16:00:00.000,12,27,Serie A,2015/2016,Italy,Regular Season,1683,Carpi,2256,Palermo,1,1,22,available,Stadio Alberto Braglia (Modena),Nicola Rizzoli
3879708,2016-01-30,19:00:00.000,12,27,Serie A,2015/2016,Italy,Regular Season,228,Atalanta,232,Sassuolo,1,1,22,available,New Balance Arena,Claudio Gavillucci
3879698,2016-01-23,21:45:00.000,12,27,Serie A,2015/2016,Italy,Regular Season,290,Empoli,243,AC Milan,2,2,21,available,Stadio Carlo Castellani,Carmine Russo
3879697,2016-01-23,19:00:00.000,12,27,Serie A,2015/2016,Italy,Regular Season,291,Frosinone,228,Atalanta,0,0,21,available,Stadio Comunale Matusa,Paolo Valeri
3879696,2016-01-20,21:45:00.000,12,27,Serie A,2015/2016,Italy,Regular Season,232,Sassuolo,241,Torino,1,1,16,available,MAPEI Stadium - Città del Tricolore,Domenico Celi
3879695,2016-01-17,13:30:00.000,12,27,Serie A,2015/2016,Italy,Regular Season,233,Genoa,2256,Palermo,4,0,20,available,Stadio Comunale Luigi Ferraris,Domenico Celi
3879694,2016-01-17,16:00:00.000,12,27,Serie A,2015/2016,Italy,Regular Season,240,Bologna,236,Lazio,2,2,20,available,Stadio Renato Dall''Ara,Marco Di Bello
3879693,2016-01-17,16:00:00.000,12,27,Serie A,2015/2016,Italy,Regular Season,230,Udinese,224,Juventus,0,4,20,available,Stadio Friuli,Gianluca Rocchi
3879692,2016-01-17,16:00:00.000,12,27,Serie A,2015/2016,Italy,Regular Season,231,Chievo,290,Empoli,1,1,20,available,Stadio Marc'Antonio Bentegodi,Rosario Abisso
3879691,2016-01-17,16:00:00.000,12,27,Serie A,2015/2016,Italy,Regular Season,229,AS Roma,226,Hellas Verona,1,1,20,available,Estadio Olímpico,Davide Massa
3879690,2016-01-17,21:45:00.000,12,27,Serie A,2015/2016,Italy,Regular Season,243,AC Milan,239,Fiorentina,2,0,20,available,Stadio Giuseppe Meazza    ,Daniele Doveri
3879689,2016-01-17,16:00:00.000,12,27,Serie A,2015/2016,Italy,Regular Season,1683,Carpi,234,Sampdoria,2,1,20,available,Stadio Alberto Braglia (Modena),Maurizio Mariani
3879688,2016-01-16,16:00:00.000,12,27,Serie A,2015/2016,Italy,Regular Season,228,Atalanta,238,Inter Milan,1,1,20,available,New Balance Arena,Nicola Rizzoli
3879687,2016-01-16,19:00:00.000,12,27,Serie A,2015/2016,Italy,Regular Season,241,Torino,291,Frosinone,4,2,20,available,Stadio Olimpico Grande Torino,Massimiliano Irrati
3879686,2016-01-16,21:45:00.000,12,27,Serie A,2015/2016,Italy,Regular Season,227,Napoli,232,Sassuolo,3,1,20,available,Stadio Diego Armando Maradona,Piero Giacomelli
3879685,2016-01-10,16:00:00.000,12,27,Serie A,2015/2016,Italy,Regular Season,228,Atalanta,233,Genoa,0,2,19,available,New Balance Arena,Marco Guida
3879684,2016-01-10,21:45:00.000,12,27,Serie A,2015/2016,Italy,Regular Season,234,Sampdoria,224,Juventus,1,2,19,available,Stadio Comunale Luigi Ferraris,Paolo Silvio Mazzoleni
3879683,2016-01-10,16:00:00.000,12,27,Serie A,2015/2016,Italy,Regular Season,226,Hellas Verona,2256,Palermo,0,1,19,available,Stadio Marc'Antonio Bentegodi,Luca Banti
3879682,2016-01-10,16:00:00.000,12,27,Serie A,2015/2016,Italy,Regular Season,241,Torino,290,Empoli,0,1,19,available,Stadio Olimpico Grande Torino,Andrea Gervasoni
3879681,2016-01-10,13:30:00.000,12,27,Serie A,2015/2016,Italy,Regular Season,238,Inter Milan,232,Sassuolo,0,1,19,available,Stadio Giuseppe Meazza    ,Daniele Doveri
3879680,2016-01-10,16:00:00.000,12,27,Serie A,2015/2016,Italy,Regular Season,240,Bologna,231,Chievo,0,1,19,available,Stadio Renato Dall''Ara,Claudio Gavillucci
3879679,2016-01-10,16:00:00.000,12,27,Serie A,2015/2016,Italy,Regular Season,291,Frosinone,227,Napoli,1,5,19,available,Stadio Comunale Matusa,Paolo Tagliavento
3879678,2016-01-09,16:00:00.000,12,27,Serie A,2015/2016,Italy,Regular Season,1683,Carpi,230,Udinese,2,1,19,available,Stadio Alberto Braglia (Modena),Michael Fabbri
3879677,2016-01-09,19:00:00.000,12,27,Serie A,2015/2016,Italy,Regular Season,239,Fiorentina,236,Lazio,1,3,19,available,Stadio Artemio Franchi    	,Nicola Rizzoli
3879676,2016-01-09,21:45:00.000,12,27,Serie A,2015/2016,Italy,Regular Season,229,AS Roma,243,AC Milan,1,1,19,available,Estadio Olímpico,Daniele Orsato
3879675,2016-01-06,16:00:00.000,12,27,Serie A,2015/2016,Italy,Regular Season,236,Lazio,1683,Carpi,0,0,18,available,Estadio Olímpico,Carmine Russo
3879674,2016-01-06,16:00:00.000,12,27,Serie A,2015/2016,Italy,Regular Season,243,AC Milan,240,Bologna,0,1,18,available,Stadio Giuseppe Meazza    ,Davide Massa
3879673,2016-01-06,13:30:00.000,12,27,Serie A,2015/2016,Italy,Regular Season,230,Udinese,228,Atalanta,2,1,18,available,Stadio Friuli,Angelo Cervellera
3879672,2016-01-06,16:00:00.000,12,27,Serie A,2015/2016,Italy,Regular Season,231,Chievo,229,AS Roma,3,3,18,available,Stadio Marc'Antonio Bentegodi,Massimiliano Irrati
3879671,2016-01-06,16:00:00.000,12,27,Serie A,2015/2016,Italy,Regular Season,2256,Palermo,239,Fiorentina,1,3,18,available,Stadio Renzo Barbera,Antonio Damato
3879670,2016-01-06,16:00:00.000,12,27,Serie A,2015/2016,Italy,Regular Season,224,Juventus,226,Hellas Verona,3,0,18,available,Allianz Stadium    	,Gianpaolo Calvarese	
3879669,2016-01-06,21:45:00.000,12,27,Serie A,2015/2016,Italy,Regular Season,227,Napoli,241,Torino,2,1,18,available,Stadio Diego Armando Maradona,Marco Di Bello
3879668,2016-01-06,19:00:00.000,12,27,Serie A,2015/2016,Italy,Regular Season,290,Empoli,238,Inter Milan,0,1,18,available,Stadio Carlo Castellani,Domenico Celi
3879667,2016-01-06,16:00:00.000,12,27,Serie A,2015/2016,Italy,Regular Season,232,Sassuolo,291,Frosinone,2,2,18,available,MAPEI Stadium - Città del Tricolore,Luca Pairetto
3879666,2016-01-05,21:45:00.000,12,27,Serie A,2015/2016,Italy,Regular Season,233,Genoa,234,Sampdoria,2,3,18,available,Stadio Comunale Luigi Ferraris,Paolo Valeri
3879662,2015-12-20,16:00:00.000,12,27,Serie A,2015/2016,Italy,Regular Season,239,Fiorentina,231,Chievo,2,0,17,available,Stadio Artemio Franchi    	,Paolo Tagliavento
3879661,2015-12-20,16:00:00.000,12,27,Serie A,2015/2016,Italy,Regular Season,228,Atalanta,227,Napoli,1,3,17,available,New Balance Arena,Gianluca Rocchi
3879660,2015-12-20,13:30:00.000,12,27,Serie A,2015/2016,Italy,Regular Season,1683,Carpi,224,Juventus,2,3,17,available,Stadio Alberto Braglia (Modena),Piero Giacomelli
3879659,2015-12-20,21:45:00.000,12,27,Serie A,2015/2016,Italy,Regular Season,238,Inter Milan,236,Lazio,1,2,17,available,Stadio Giuseppe Meazza    ,Paolo Silvio Mazzoleni
3879658,2015-12-20,19:00:00.000,12,27,Serie A,2015/2016,Italy,Regular Season,241,Torino,230,Udinese,0,1,17,available,Stadio Olimpico Grande Torino,Claudio Gavillucci
3879657,2015-12-20,16:00:00.000,12,27,Serie A,2015/2016,Italy,Regular Season,229,AS Roma,233,Genoa,2,0,17,available,Estadio Olímpico,Andrea Gervasoni
3879656,2015-12-19,21:45:00.000,12,27,Serie A,2015/2016,Italy,Regular Season,240,Bologna,290,Empoli,2,3,17,available,Stadio Renato Dall''Ara,Maurizio Mariani
3879655,2015-12-14,21:45:00.000,12,27,Serie A,2015/2016,Italy,Regular Season,236,Lazio,234,Sampdoria,1,1,16,available,Estadio Olímpico,Gianpaolo Calvarese	
3879654,2015-12-13,16:00:00.000,12,27,Serie A,2015/2016,Italy,Regular Season,231,Chievo,228,Atalanta,1,0,16,available,Stadio Marc'Antonio Bentegodi,Fabrizio Pasqua
3879652,2015-12-13,16:00:00.000,12,27,Serie A,2015/2016,Italy,Regular Season,243,AC Milan,226,Hellas Verona,1,1,16,available,Stadio Giuseppe Meazza    ,Paolo Valeri
3879651,2015-12-13,19:00:00.000,12,27,Serie A,2015/2016,Italy,Regular Season,227,Napoli,229,AS Roma,0,0,16,available,Stadio Diego Armando Maradona,Nicola Rizzoli
3879650,2015-12-13,16:00:00.000,12,27,Serie A,2015/2016,Italy,Regular Season,290,Empoli,1683,Carpi,3,0,16,available,Stadio Carlo Castellani,Angelo Cervellera
3879649,2015-12-12,19:00:00.000,12,27,Serie A,2015/2016,Italy,Regular Season,2256,Palermo,291,Frosinone,4,1,16,available,Stadio Renzo Barbera,Daniele Doveri
3879648,2015-12-12,21:45:00.000,12,27,Serie A,2015/2016,Italy,Regular Season,230,Udinese,238,Inter Milan,0,4,16,available,Stadio Friuli,Davide Massa
3879647,2015-12-12,16:00:00.000,12,27,Serie A,2015/2016,Italy,Regular Season,233,Genoa,240,Bologna,0,1,16,available,Stadio Comunale Luigi Ferraris,Marco Di Bello
3879646,2015-12-06,16:00:00.000,12,27,Serie A,2015/2016,Italy,Regular Season,239,Fiorentina,230,Udinese,3,0,15,available,Stadio Artemio Franchi    	,Marco Guida
3879644,2015-12-06,16:00:00.000,12,27,Serie A,2015/2016,Italy,Regular Season,228,Atalanta,2256,Palermo,3,0,15,available,New Balance Arena,Carmine Russo
3879643,2015-12-06,19:00:00.000,12,27,Serie A,2015/2016,Italy,Regular Season,234,Sampdoria,232,Sassuolo,1,3,15,available,Stadio Comunale Luigi Ferraris,Maurizio Mariani
3879642,2015-12-06,21:45:00.000,12,27,Serie A,2015/2016,Italy,Regular Season,1683,Carpi,243,AC Milan,0,0,15,available,Stadio Alberto Braglia (Modena),Massimiliano Irrati
3879641,2015-12-06,16:00:00.000,12,27,Serie A,2015/2016,Italy,Regular Season,226,Hellas Verona,290,Empoli,0,1,15,available,Stadio Marc'Antonio Bentegodi,Paolo Tagliavento
3879640,2015-12-06,16:00:00.000,12,27,Serie A,2015/2016,Italy,Regular Season,291,Frosinone,231,Chievo,0,2,15,available,Stadio Comunale Matusa,Gianluca Rocchi
3879639,2015-12-05,16:00:00.000,12,27,Serie A,2015/2016,Italy,Regular Season,241,Torino,229,AS Roma,1,1,15,available,Stadio Olimpico Grande Torino,Antonio Damato
3879638,2015-12-05,21:45:00.000,12,27,Serie A,2015/2016,Italy,Regular Season,238,Inter Milan,233,Genoa,1,0,15,available,Stadio Giuseppe Meazza    ,Piero Giacomelli
3879637,2015-12-04,21:45:00.000,12,27,Serie A,2015/2016,Italy,Regular Season,236,Lazio,224,Juventus,0,2,15,available,Estadio Olímpico,Luca Banti
3879635,2015-11-30,22:00:00.000,12,27,Serie A,2015/2016,Italy,Regular Season,227,Napoli,238,Inter Milan,2,1,14,available,Stadio Diego Armando Maradona,Daniele Orsato
3879634,2015-11-29,16:00:00.000,12,27,Serie A,2015/2016,Italy,Regular Season,233,Genoa,1683,Carpi,1,2,14,available,Stadio Comunale Luigi Ferraris,Claudio Gavillucci
3879633,2015-11-29,19:00:00.000,12,27,Serie A,2015/2016,Italy,Regular Season,290,Empoli,236,Lazio,1,0,14,available,Stadio Carlo Castellani,Michael Fabbri
3879631,2015-11-29,16:00:00.000,12,27,Serie A,2015/2016,Italy,Regular Season,231,Chievo,230,Udinese,2,3,14,available,Stadio Marc'Antonio Bentegodi,Andrea Gervasoni
3879630,2015-11-29,21:45:00.000,12,27,Serie A,2015/2016,Italy,Regular Season,2256,Palermo,224,Juventus,0,3,14,available,Stadio Renzo Barbera,Paolo Valeri
3879629,2015-11-29,16:00:00.000,12,27,Serie A,2015/2016,Italy,Regular Season,291,Frosinone,226,Hellas Verona,3,2,14,available,Stadio Comunale Matusa,Nicola Rizzoli
3879619,2015-11-22,16:00:00.000,12,27,Serie A,2015/2016,Italy,Regular Season,233,Genoa,232,Sassuolo,2,1,13,available,Stadio Comunale Luigi Ferraris,Nicola Rizzoli
3879618,2015-11-21,21:45:00.000,12,27,Serie A,2015/2016,Italy,Regular Season,224,Juventus,243,AC Milan,1,0,13,available,Allianz Stadium    	,Paolo Silvio Mazzoleni
3879617,2015-11-21,19:00:00.000,12,27,Serie A,2015/2016,Italy,Regular Season,240,Bologna,229,AS Roma,2,2,13,available,Stadio Renato Dall''Ara,Gianluca Rocchi
3879616,2015-11-08,21:45:00.000,12,27,Serie A,2015/2016,Italy,Regular Season,234,Sampdoria,239,Fiorentina,0,2,12,available,Stadio Comunale Luigi Ferraris,Carmine Russo
3879615,2015-11-08,16:00:00.000,12,27,Serie A,2015/2016,Italy,Regular Season,232,Sassuolo,1683,Carpi,1,0,12,available,MAPEI Stadium - Città del Tricolore,Paolo Valeri
3879614,2015-11-08,13:30:00.000,12,27,Serie A,2015/2016,Italy,Regular Season,241,Torino,238,Inter Milan,0,1,12,available,Stadio Olimpico Grande Torino,Massimiliano Irrati
3879613,2015-11-08,16:00:00.000,12,27,Serie A,2015/2016,Italy,Regular Season,290,Empoli,224,Juventus,1,3,12,available,Stadio Carlo Castellani,Davide Massa
3879612,2015-11-08,16:00:00.000,12,27,Serie A,2015/2016,Italy,Regular Season,291,Frosinone,233,Genoa,2,2,12,available,Stadio Comunale Matusa,Gianpaolo Calvarese	
3879611,2015-11-08,16:00:00.000,12,27,Serie A,2015/2016,Italy,Regular Season,2256,Palermo,231,Chievo,1,0,12,available,Stadio Renzo Barbera,Maurizio Mariani
3879610,2015-11-08,16:00:00.000,12,27,Serie A,2015/2016,Italy,Regular Season,229,AS Roma,236,Lazio,2,0,12,available,Estadio Olímpico,Paolo Tagliavento
3879607,2015-11-07,21:45:00.000,12,27,Serie A,2015/2016,Italy,Regular Season,243,AC Milan,228,Atalanta,0,0,12,available,Stadio Giuseppe Meazza    ,Piero Giacomelli
3879606,2015-11-02,20:00:00.000,12,27,Serie A,2015/2016,Italy,Regular Season,231,Chievo,234,Sampdoria,1,1,11,available,Stadio Marc'Antonio Bentegodi,Claudio Gavillucci
3879605,2015-11-02,22:00:00.000,12,27,Serie A,2015/2016,Italy,Regular Season,2256,Palermo,290,Empoli,0,1,11,available,Stadio Renzo Barbera,Marco Di Bello
3879604,2015-11-01,16:00:00.000,12,27,Serie A,2015/2016,Italy,Regular Season,233,Genoa,227,Napoli,0,0,11,available,Stadio Comunale Luigi Ferraris,Daniele Doveri
3879603,2015-11-01,16:00:00.000,12,27,Serie A,2015/2016,Italy,Regular Season,230,Udinese,232,Sassuolo,0,0,11,available,Stadio Friuli,Federico La Penna
3879602,2015-11-01,13:30:00.000,12,27,Serie A,2015/2016,Italy,Regular Season,239,Fiorentina,291,Frosinone,4,1,11,available,Stadio Artemio Franchi    	,Michael Fabbri
3879601,2015-11-01,16:00:00.000,12,27,Serie A,2015/2016,Italy,Regular Season,240,Bologna,228,Atalanta,3,0,11,available,Stadio Renato Dall''Ara,Marco Guida
3879599,2015-11-01,21:45:00.000,12,27,Serie A,2015/2016,Italy,Regular Season,236,Lazio,243,AC Milan,1,3,11,available,Estadio Olímpico,Antonio Damato
3879598,2015-10-31,21:45:00.000,12,27,Serie A,2015/2016,Italy,Regular Season,238,Inter Milan,229,AS Roma,1,0,11,available,Stadio Giuseppe Meazza    ,Nicola Rizzoli
3879597,2015-10-31,19:00:00.000,12,27,Serie A,2015/2016,Italy,Regular Season,224,Juventus,241,Torino,2,1,11,available,Allianz Stadium    	,Gianluca Rocchi
3879596,2015-10-29,21:45:00.000,12,27,Serie A,2015/2016,Italy,Regular Season,234,Sampdoria,290,Empoli,1,1,10,available,Stadio Comunale Luigi Ferraris,Angelo Cervellera
3879595,2015-10-28,19:45:00.000,12,27,Serie A,2015/2016,Italy,Regular Season,226,Hellas Verona,239,Fiorentina,0,2,10,available,Stadio Marc'Antonio Bentegodi,Paolo Valeri
3879594,2015-10-28,21:45:00.000,12,27,Serie A,2015/2016,Italy,Regular Season,243,AC Milan,231,Chievo,1,0,10,available,Stadio Giuseppe Meazza    ,Gianpaolo Calvarese	
3879593,2015-10-28,21:45:00.000,12,27,Serie A,2015/2016,Italy,Regular Season,227,Napoli,2256,Palermo,2,0,10,available,Stadio Diego Armando Maradona,Piero Giacomelli
3879592,2015-10-28,21:45:00.000,12,27,Serie A,2015/2016,Italy,Regular Season,229,AS Roma,230,Udinese,3,1,10,available,Estadio Olímpico,Carmine Russo
3879591,2015-10-28,21:45:00.000,12,27,Serie A,2015/2016,Italy,Regular Season,232,Sassuolo,224,Juventus,1,0,10,available,MAPEI Stadium - Città del Tricolore,Andrea Gervasoni
3879590,2015-10-28,21:45:00.000,12,27,Serie A,2015/2016,Italy,Regular Season,241,Torino,233,Genoa,3,3,10,available,Stadio Olimpico Grande Torino,Daniele Chiffi
3879589,2015-10-28,21:45:00.000,12,27,Serie A,2015/2016,Italy,Regular Season,291,Frosinone,1683,Carpi,2,1,10,available,Stadio Comunale Matusa,Antonio Damato
3879588,2015-10-28,21:45:00.000,12,27,Serie A,2015/2016,Italy,Regular Season,228,Atalanta,236,Lazio,2,1,10,available,New Balance Arena,Massimiliano Irrati
3879586,2015-10-25,10:30:00.000,12,27,Serie A,2015/2016,Italy,Regular Season,234,Sampdoria,226,Hellas Verona,4,1,9,available,Stadio Comunale Luigi Ferraris,Maurizio Mariani
3879584,2015-10-25,15:00:00.000,12,27,Serie A,2015/2016,Italy,Regular Season,230,Udinese,291,Frosinone,1,0,9,available,Stadio Friuli,Nicola Rizzoli
3879583,2015-10-25,18:00:00.000,12,27,Serie A,2015/2016,Italy,Regular Season,239,Fiorentina,229,AS Roma,1,2,9,available,Stadio Artemio Franchi    	,Daniele Orsato
3879581,2015-10-25,20:45:00.000,12,27,Serie A,2015/2016,Italy,Regular Season,231,Chievo,227,Napoli,0,1,9,available,Stadio Marc'Antonio Bentegodi,Davide Massa
3879580,2015-10-25,15:00:00.000,12,27,Serie A,2015/2016,Italy,Regular Season,224,Juventus,228,Atalanta,2,0,9,available,Allianz Stadium    	,Marco Di Bello
3879578,2015-10-24,18:00:00.000,12,27,Serie A,2015/2016,Italy,Regular Season,1683,Carpi,240,Bologna,1,2,9,available,Stadio Alberto Braglia (Modena),Paolo Tagliavento
3879577,2015-10-24,15:00:00.000,12,27,Serie A,2015/2016,Italy,Regular Season,290,Empoli,233,Genoa,2,0,9,available,Stadio Carlo Castellani,Domenico Celi
3879576,2015-10-18,15:00:00.000,12,27,Serie A,2015/2016,Italy,Regular Season,291,Frosinone,234,Sampdoria,2,0,8,available,Stadio Comunale Matusa,Massimiliano Irrati
3879574,2015-10-18,20:45:00.000,12,27,Serie A,2015/2016,Italy,Regular Season,238,Inter Milan,224,Juventus,0,0,8,available,Stadio Giuseppe Meazza    ,Paolo Valeri
3879573,2015-10-18,15:00:00.000,12,27,Serie A,2015/2016,Italy,Regular Season,232,Sassuolo,236,Lazio,2,1,8,available,MAPEI Stadium - Città del Tricolore,Marco Guida
3879572,2015-10-18,15:00:00.000,12,27,Serie A,2015/2016,Italy,Regular Season,227,Napoli,239,Fiorentina,2,1,8,available,Stadio Diego Armando Maradona,Luca Banti
3879571,2015-10-18,15:00:00.000,12,27,Serie A,2015/2016,Italy,Regular Season,228,Atalanta,1683,Carpi,3,0,8,available,New Balance Arena,Fabrizio Pasqua
3879570,2015-10-18,15:00:00.000,12,27,Serie A,2015/2016,Italy,Regular Season,233,Genoa,231,Chievo,3,2,8,available,Stadio Comunale Luigi Ferraris,Paolo Silvio Mazzoleni
3879569,2015-10-18,12:30:00.000,12,27,Serie A,2015/2016,Italy,Regular Season,240,Bologna,2256,Palermo,0,1,8,available,Stadio Renato Dall''Ara,Michael Fabbri
3879568,2015-10-17,20:45:00.000,12,27,Serie A,2015/2016,Italy,Regular Season,241,Torino,243,AC Milan,1,1,8,available,Stadio Olimpico Grande Torino,Andrea Gervasoni
3879565,2015-10-04,15:00:00.000,12,27,Serie A,2015/2016,Italy,Regular Season,234,Sampdoria,238,Inter Milan,1,1,7,available,Stadio Comunale Luigi Ferraris,Gianluca Rocchi
3879563,2015-10-04,12:30:00.000,12,27,Serie A,2015/2016,Italy,Regular Season,290,Empoli,232,Sassuolo,1,0,7,available,Stadio Carlo Castellani,Gianpaolo Calvarese	
3879561,2015-10-04,20:45:00.000,12,27,Serie A,2015/2016,Italy,Regular Season,239,Fiorentina,228,Atalanta,3,0,7,available,Stadio Artemio Franchi    	,Davide Massa
3879560,2015-10-04,18:00:00.000,12,27,Serie A,2015/2016,Italy,Regular Season,236,Lazio,291,Frosinone,2,0,7,available,Estadio Olímpico,Marco Di Bello
3879559,2015-10-04,18:00:00.000,12,27,Serie A,2015/2016,Italy,Regular Season,224,Juventus,240,Bologna,3,1,7,available,Allianz Stadium    	,Domenico Celi
3879558,2015-10-03,18:00:00.000,12,27,Serie A,2015/2016,Italy,Regular Season,1683,Carpi,241,Torino,2,1,7,available,Stadio Alberto Braglia (Modena),Carmine Russo
3879555,2015-09-28,21:00:00.000,12,27,Serie A,2015/2016,Italy,Regular Season,228,Atalanta,234,Sampdoria,2,1,6,available,New Balance Arena,Paolo Valeri
3879554,2015-09-27,15:00:00.000,12,27,Serie A,2015/2016,Italy,Regular Season,241,Torino,2256,Palermo,2,1,6,available,Stadio Olimpico Grande Torino,Maurizio Mariani
3879553,2015-09-27,15:00:00.000,12,27,Serie A,2015/2016,Italy,Regular Season,232,Sassuolo,231,Chievo,1,1,6,available,MAPEI Stadium - Città del Tricolore,Michael Fabbri
3879552,2015-09-27,15:00:00.000,12,27,Serie A,2015/2016,Italy,Regular Season,240,Bologna,230,Udinese,1,2,6,available,Stadio Renato Dall''Ara,Andrea Gervasoni
3879550,2015-09-27,20:45:00.000,12,27,Serie A,2015/2016,Italy,Regular Season,238,Inter Milan,239,Fiorentina,1,4,6,available,Stadio Giuseppe Meazza    ,Antonio Damato
3879549,2015-09-27,12:30:00.000,12,27,Serie A,2015/2016,Italy,Regular Season,233,Genoa,243,AC Milan,1,0,6,available,Stadio Comunale Luigi Ferraris,Paolo Tagliavento
3879548,2015-09-26,20:45:00.000,12,27,Serie A,2015/2016,Italy,Regular Season,227,Napoli,224,Juventus,2,1,6,available,Stadio Diego Armando Maradona,Daniele Orsato
3879547,2015-09-26,18:00:00.000,12,27,Serie A,2015/2016,Italy,Regular Season,229,AS Roma,1683,Carpi,5,1,6,available,Estadio Olímpico,Massimiliano Irrati
3879546,2015-09-24,20:45:00.000,12,27,Serie A,2015/2016,Italy,Regular Season,290,Empoli,228,Atalanta,0,1,5,available,Stadio Carlo Castellani,Claudio Gavillucci
3879545,2015-09-23,20:45:00.000,12,27,Serie A,2015/2016,Italy,Regular Season,234,Sampdoria,229,AS Roma,2,1,5,available,Stadio Comunale Luigi Ferraris,Luca Banti
3879544,2015-09-23,20:45:00.000,12,27,Serie A,2015/2016,Italy,Regular Season,2256,Palermo,232,Sassuolo,0,1,5,available,Stadio Renzo Barbera,Luca Pairetto
3879543,2015-09-23,20:45:00.000,12,27,Serie A,2015/2016,Italy,Regular Season,224,Juventus,291,Frosinone,1,1,5,available,Allianz Stadium    	,Angelo Cervellera
3879541,2015-09-23,20:45:00.000,12,27,Serie A,2015/2016,Italy,Regular Season,239,Fiorentina,240,Bologna,2,0,5,available,Stadio Artemio Franchi    	,Gianpaolo Calvarese	
3879540,2015-09-23,20:45:00.000,12,27,Serie A,2015/2016,Italy,Regular Season,231,Chievo,241,Torino,1,0,5,available,Stadio Marc'Antonio Bentegodi,Domenico Celi
3879539,2015-09-23,20:45:00.000,12,27,Serie A,2015/2016,Italy,Regular Season,1683,Carpi,227,Napoli,0,0,5,available,Stadio Alberto Braglia (Modena),Gianluca Rocchi
3879538,2015-09-23,20:45:00.000,12,27,Serie A,2015/2016,Italy,Regular Season,236,Lazio,233,Genoa,2,0,5,available,Estadio Olímpico,Nicola Rizzoli
3879537,2015-09-22,20:45:00.000,12,27,Serie A,2015/2016,Italy,Regular Season,230,Udinese,243,AC Milan,2,3,5,available,Stadio Friuli,Daniele Doveri
3878609,2015-09-20,15:00:00.000,12,27,Serie A,2015/2016,Italy,Regular Season,233,Genoa,224,Juventus,0,2,4,available,Stadio Comunale Luigi Ferraris,Paolo Valeri
3878604,2015-09-20,20:45:00.000,12,27,Serie A,2015/2016,Italy,Regular Season,227,Napoli,236,Lazio,5,0,4,available,Stadio Diego Armando Maradona,Antonio Damato
3878603,2015-09-19,18:00:00.000,12,27,Serie A,2015/2016,Italy,Regular Season,230,Udinese,290,Empoli,1,2,4,available,Stadio Friuli,Michael Fabbri
3878602,2015-09-19,20:45:00.000,12,27,Serie A,2015/2016,Italy,Regular Season,243,AC Milan,2256,Palermo,3,2,4,available,Stadio Giuseppe Meazza    ,Carmine Russo
3878601,2015-09-14,20:45:00.000,12,27,Serie A,2015/2016,Italy,Regular Season,234,Sampdoria,240,Bologna,2,0,3,available,Stadio Comunale Luigi Ferraris,Angelo Cervellera
3878600,2015-09-13,20:45:00.000,12,27,Serie A,2015/2016,Italy,Regular Season,238,Inter Milan,243,AC Milan,1,0,3,available,Stadio Giuseppe Meazza    ,Gianluca Rocchi
3878599,2015-09-13,15:00:00.000,12,27,Serie A,2015/2016,Italy,Regular Season,232,Sassuolo,228,Atalanta,2,2,3,available,MAPEI Stadium - Città del Tricolore,Maurizio Mariani
3878598,2015-09-13,15:00:00.000,12,27,Serie A,2015/2016,Italy,Regular Season,2256,Palermo,1683,Carpi,2,2,3,available,Stadio Renzo Barbera,Claudio Gavillucci
3878597,2015-09-13,15:00:00.000,12,27,Serie A,2015/2016,Italy,Regular Season,290,Empoli,227,Napoli,2,2,3,available,Stadio Carlo Castellani,Luca Banti
3878596,2015-09-13,12:30:00.000,12,27,Serie A,2015/2016,Italy,Regular Season,226,Hellas Verona,241,Torino,2,2,3,available,Stadio Marc'Antonio Bentegodi,Massimiliano Irrati
3878595,2015-09-13,18:00:00.000,12,27,Serie A,2015/2016,Italy,Regular Season,236,Lazio,230,Udinese,2,0,3,available,Estadio Olímpico,Gianpaolo Calvarese	
3878594,2015-09-12,20:45:00.000,12,27,Serie A,2015/2016,Italy,Regular Season,224,Juventus,231,Chievo,1,1,3,available,Allianz Stadium    	,Marco Guida
3878593,2015-09-12,18:00:00.000,12,27,Serie A,2015/2016,Italy,Regular Season,291,Frosinone,229,AS Roma,0,2,3,available,Stadio Comunale Matusa,Andrea Gervasoni
3878592,2015-09-12,18:00:00.000,12,27,Serie A,2015/2016,Italy,Regular Season,239,Fiorentina,233,Genoa,1,0,3,available,Stadio Artemio Franchi    	,Daniele Doveri
3878558,2015-08-30,20:45:00.000,12,27,Serie A,2015/2016,Italy,Regular Season,227,Napoli,234,Sampdoria,2,2,2,available,Stadio Diego Armando Maradona,Andrea Gervasoni
3878557,2015-08-30,20:45:00.000,12,27,Serie A,2015/2016,Italy,Regular Season,230,Udinese,2256,Palermo,0,1,2,available,Stadio Friuli,Antonio Damato
3878556,2015-08-30,20:45:00.000,12,27,Serie A,2015/2016,Italy,Regular Season,241,Torino,239,Fiorentina,3,1,2,available,Stadio Olimpico Grande Torino,Paolo Tagliavento
3878555,2015-08-30,18:00:00.000,12,27,Serie A,2015/2016,Italy,Regular Season,229,AS Roma,224,Juventus,2,1,2,available,Estadio Olímpico,Nicola Rizzoli
3878554,2015-08-30,20:45:00.000,12,27,Serie A,2015/2016,Italy,Regular Season,233,Genoa,226,Hellas Verona,2,0,2,available,Stadio Comunale Luigi Ferraris,Daniele Orsato
3878553,2015-08-30,20:45:00.000,12,27,Serie A,2015/2016,Italy,Regular Season,231,Chievo,236,Lazio,4,0,2,available,Stadio Marc'Antonio Bentegodi,Marco Di Bello
3878552,2015-08-30,20:45:00.000,12,27,Serie A,2015/2016,Italy,Regular Season,1683,Carpi,238,Inter Milan,1,2,2,available,Stadio Alberto Braglia (Modena),Davide Massa
3878551,2015-08-29,20:45:00.000,12,27,Serie A,2015/2016,Italy,Regular Season,243,AC Milan,290,Empoli,2,1,2,available,Stadio Giuseppe Meazza    ,Piero Giacomelli
3878550,2015-08-29,18:00:00.000,12,27,Serie A,2015/2016,Italy,Regular Season,240,Bologna,232,Sassuolo,0,1,2,available,Stadio Renato Dall''Ara,Carmine Russo
3878549,2015-08-23,20:45:00.000,12,27,Serie A,2015/2016,Italy,Regular Season,290,Empoli,231,Chievo,1,3,1,available,Stadio Carlo Castellani,Maurizio Mariani
3878548,2015-08-23,18:00:00.000,12,27,Serie A,2015/2016,Italy,Regular Season,224,Juventus,230,Udinese,0,1,1,available,Allianz Stadium    	,Paolo Silvio Mazzoleni
3878547,2015-08-23,20:45:00.000,12,27,Serie A,2015/2016,Italy,Regular Season,291,Frosinone,241,Torino,1,2,1,available,Stadio Comunale Matusa,Luca Banti
3878546,2015-08-23,20:45:00.000,12,27,Serie A,2015/2016,Italy,Regular Season,232,Sassuolo,227,Napoli,2,1,1,available,MAPEI Stadium - Città del Tricolore,Daniele Doveri
3878545,2015-08-23,20:45:00.000,12,27,Serie A,2015/2016,Italy,Regular Season,234,Sampdoria,1683,Carpi,5,2,1,available,Stadio Comunale Luigi Ferraris,Michael Fabbri
3878544,2015-08-23,20:45:00.000,12,27,Serie A,2015/2016,Italy,Regular Season,2256,Palermo,233,Genoa,1,0,1,available,Stadio Renzo Barbera,Massimiliano Irrati
3878543,2015-08-23,20:45:00.000,12,27,Serie A,2015/2016,Italy,Regular Season,238,Inter Milan,228,Atalanta,1,0,1,available,Stadio Giuseppe Meazza    ,Gianpaolo Calvarese	
3878542,2015-08-23,20:45:00.000,12,27,Serie A,2015/2016,Italy,Regular Season,239,Fiorentina,243,AC Milan,2,0,1,available,Stadio Artemio Franchi    	,Paolo Valeri
3878540,2015-08-22,20:45:00.000,12,27,Serie A,2015/2016,Italy,Regular Season,236,Lazio,240,Bologna,2,1,1,available,Estadio Olímpico,Gianluca Rocchi
3889182,1986-11-09,11:00:00.000,12,86,Serie A,1986/1987,Italy,Regular Season,224,Juventus,227,Napoli,1,3,9,available,Allianz Stadium    	,Luigi Agnolin
3910623,2023-09-16,13:00:00.000,131,281,Serie A Women,2023/2024,Italy,Regular Season,6755,Pomigliano,1076,Juventus W,2,3,1,available,Stadio Amerigo Liguori,Gabriele Totaro
3929005,2024-04-27,16:00:00.000,131,281,Serie A Women,2023/2024,Italy,Championship Round,1086,Fiorentina W,3154,Sassuolo W,4,4,24,available,Stadio Curva Fiesole - Viola Park,Antonio Di Reda
3929003,2024-04-20,12:30:00.000,131,281,Serie A Women,2023/2024,Italy,Championship Round,1076,Juventus W,3154,Sassuolo W,2,1,23,available,Stadio Comunale Vittorio Pozzo Lamarmora,Gianluca Renzi
3928994,2024-03-30,14:00:00.000,131,281,Serie A Women,2023/2024,Italy,Championship Round,1076,Juventus W,1086,Fiorentina W,4,0,21,available,Stadio Comunale Vittorio Pozzo Lamarmora,Carlo Rinaldi
3929023,2024-05-18,13:00:00.000,131,281,Serie A Women,2023/2024,Italy,Championship Round,3154,Sassuolo W,1076,Juventus W,2,3,28,available,Stadio Enzo Ricci,Simone Gavini
3929014,2024-05-05,10:30:00.000,131,281,Serie A Women,2023/2024,Italy,Relegation Play-offs,6757,Sampdoria W,3155,Napoli W,2,0,26,available,Stadio La Sciorba,Andrea Zoppi
3912509,2023-11-26,17:00:00.000,131,281,Serie A Women,2023/2024,Italy,Regular Season,6757,Sampdoria W,3154,Sassuolo W,0,4,9,available,Stadio Silvio Piola,Filippo Colaninno
3912514,2023-12-11,17:00:00.000,131,281,Serie A Women,2023/2024,Italy,Regular Season,3154,Sassuolo W,1086,Fiorentina W,1,2,10,available,Stadio Enzo Ricci,Gabriele Sacchi
3912511,2023-11-26,14:00:00.000,131,281,Serie A Women,2023/2024,Italy,Regular Season,3155,Napoli W,1076,Juventus W,1,3,9,available,Stadio Giuseppe Piccolo,Samuele Andreano
3912539,2024-02-03,14:00:00.000,131,281,Serie A Women,2023/2024,Italy,Regular Season,3150,AC Milan W,1086,Fiorentina W,2,2,15,available,Puma House of Football - Centro P. Vismara,Edoardo Gianquinto
3912525,2024-01-13,17:00:00.000,131,281,Serie A Women,2023/2024,Italy,Regular Season,3152,AS Roma W,6755,Pomigliano,3,0,12,available,Stadio Tre Fontane,Jules Roland Andeng Tona Mbei
3912502,2023-11-19,11:30:00.000,131,281,Serie A Women,2023/2024,Italy,Regular Season,3154,Sassuolo W,3152,AS Roma W,0,2,8,available,Stadio Enzo Ricci,Gianluca Renzi
3912483,2023-10-14,16:00:00.000,131,281,Serie A Women,2023/2024,Italy,Regular Season,11558,Como W,3150,AC Milan W,0,0,4,available,Stadio Ferruccio,Abdoulaye Diop
3912492,2023-11-04,14:00:00.000,131,281,Serie A Women,2023/2024,Italy,Regular Season,1086,Fiorentina W,3150,AC Milan W,1,0,6,available,Stadio Curva Fiesole - Viola Park,Michele Delrio
3911870,2023-10-01,10:30:00.000,131,281,Serie A Women,2023/2024,Italy,Regular Season,3155,Napoli W,3150,AC Milan W,0,1,2,available,Stadio Giuseppe Piccolo,Mauro Gangi
3912551,2024-02-17,14:00:00.000,131,281,Serie A Women,2023/2024,Italy,Regular Season,1086,Fiorentina W,3152,AS Roma W,0,1,18,available,Stadio Curva Fiesole - Viola Park,Giorgio Vergaro
3912488,2023-10-22,10:30:00.000,131,281,Serie A Women,2023/2024,Italy,Regular Season,3150,AC Milan W,6755,Pomigliano,4,1,5,available,Puma House of Football - Centro P. Vismara,Gabriele Sacchi
3912479,2023-10-07,17:00:00.000,131,281,Serie A Women,2023/2024,Italy,Regular Season,3150,AC Milan W,1076,Juventus W,0,1,3,available,Puma House of Football - Centro P. Vismara, Alberto Ruben Arena
3912493,2023-11-05,11:30:00.000,131,281,Serie A Women,2023/2024,Italy,Regular Season,1076,Juventus W,3152,AS Roma W,1,3,6,available,Stadio Comunale Vittorio Pozzo Lamarmora,Domenico Mirabella
3912487,2023-10-22,15:00:00.000,131,281,Serie A Women,2023/2024,Italy,Regular Season,6757,Sampdoria W,3152,AS Roma W,0,5,5,available,Stadio Silvio Piola,Lorenzo Maccarini
3912524,2024-01-13,15:15:00.000,131,281,Serie A Women,2023/2024,Italy,Regular Season,1076,Juventus W,3150,AC Milan W,2,1,12,available,Stadio Comunale Vittorio Pozzo Lamarmora,Lorenzo Maccarini
3912518,2023-12-17,14:00:00.000,131,281,Serie A Women,2023/2024,Italy,Regular Season,11558,Como W,3152,AS Roma W,2,3,11,available,Stadio Ferruccio,Mattia Nigro
3912543,2024-02-10,14:00:00.000,131,281,Serie A Women,2023/2024,Italy,Regular Season,3155,Napoli W,3152,AS Roma W,0,1,16,available,Stadio Giuseppe Piccolo,Francesco Zago
3912482,2023-10-15,14:00:00.000,131,281,Serie A Women,2023/2024,Italy,Regular Season,3152,AS Roma W,3144,FC Internazionale Milano W,2,0,4,available,Stadio Tre Fontane,Marco Emmanuele
3912507,2023-11-26,11:30:00.000,131,281,Serie A Women,2023/2024,Italy,Regular Season,3152,AS Roma W,1086,Fiorentina W,2,1,9,available,Stadio Tre Fontane,Silvia Gasperotti
3928989,2024-03-23,14:00:00.000,131,281,Serie A Women,2023/2024,Italy,Championship Round,3152,AS Roma W,3154,Sassuolo W,3,0,20,available,Stadio Tre Fontane,Maria Marotta
3912528,2024-01-22,17:00:00.000,131,281,Serie A Women,2023/2024,Italy,Regular Season,3150,AC Milan W,11558,Como W,3,2,13,available,Puma House of Football - Centro P. Vismara,Davide Gandino
3912515,2023-12-10,11:30:00.000,131,281,Serie A Women,2023/2024,Italy,Regular Season,3152,AS Roma W,3150,AC Milan W,2,1,10,available,Stadio Tre Fontane,Filippo Giaccaglia
3911869,2023-09-30,13:00:00.000,131,281,Serie A Women,2023/2024,Italy,Regular Season,3152,AS Roma W,11558,Como W,4,1,2,available,Stadio Tre Fontane,Gabriele Totaro
3910622,2023-09-17,13:00:00.000,131,281,Serie A Women,2023/2024,Italy,Regular Season,3150,AC Milan W,3152,AS Roma W,2,4,1,available,Puma House of Football - Centro P. Vismara,Domenico Castellone
3929001,2024-04-21,10:30:00.000,131,281,Serie A Women,2023/2024,Italy,Relegation Play-offs,6757,Sampdoria W,3150,AC Milan W,1,3,23,available,Stadio La Sciorba,Edoardo Mazzoni
3929008,2024-05-01,13:00:00.000,131,281,Serie A Women,2023/2024,Italy,Championship Round,3154,Sassuolo W,3152,AS Roma W,5,6,25,available,Stadio Enzo Ricci,Fabrizio Ramondino
3929000,2024-04-20,14:15:00.000,131,281,Serie A Women,2023/2024,Italy,Championship Round,1086,Fiorentina W,3152,AS Roma W,0,0,23,available,Stadio Curva Fiesole - Viola Park,Carlo Rinaldi
3929015,2024-05-05,10:30:00.000,131,281,Serie A Women,2023/2024,Italy,Championship Round,3152,AS Roma W,3144,FC Internazionale Milano W,4,3,26,available,Stadio Tre Fontane,Giuseppe Maria Manzo
3912549,2024-02-13,16:00:00.000,131,281,Serie A Women,2023/2024,Italy,Regular Season,3152,AS Roma W,3154,Sassuolo W,3,0,17,available,Stadio Tre Fontane,Daniele Virgilio
3929017,2024-05-13,16:00:00.000,131,281,Serie A Women,2023/2024,Italy,Championship Round,1076,Juventus W,3152,AS Roma W,3,1,27,available,Stadio Comunale Vittorio Pozzo Lamarmora,Cristiano Ursini
3912554,2024-02-18,16:00:00.000,131,281,Serie A Women,2023/2024,Italy,Regular Season,3150,AC Milan W,3144,FC Internazionale Milano W,2,1,18,available,Puma House of Football - Centro P. Vismara,Matteo Centi
3928993,2024-03-30,17:00:00.000,131,281,Serie A Women,2023/2024,Italy,Relegation Play-offs,11558,Como W,3150,AC Milan W,1,4,21,available,Stadio Ferruccio,Lucio Felice Angelillo
3929013,2024-05-05,13:00:00.000,131,281,Serie A Women,2023/2024,Italy,Relegation Play-offs,3150,AC Milan W,11558,Como W,1,0,26,available,Puma House of Football - Centro P. Vismara,Francesco Burlando
3912504,2023-11-18,17:00:00.000,131,281,Serie A Women,2023/2024,Italy,Regular Season,3150,AC Milan W,6757,Sampdoria W,1,1,8,available,Puma House of Football - Centro P. Vismara,Claudio Allegretta
3928996,2024-04-14,13:00:00.000,131,281,Serie A Women,2023/2024,Italy,Relegation Play-offs,3150,AC Milan W,3155,Napoli W,3,2,22,available,Puma House of Football - Centro P. Vismara,Gabriele Totaro
3929020,2024-05-19,12:30:00.000,131,281,Serie A Women,2023/2024,Italy,Championship Round,3152,AS Roma W,1086,Fiorentina W,5,0,28,available,Stadio Tre Fontane,Valerio Vogliacco
3929009,2024-05-01,10:30:00.000,131,281,Serie A Women,2023/2024,Italy,Relegation Play-offs,6755,Pomigliano,3150,AC Milan W,2,2,25,available,Stadio Amerigo Liguori,Adolfo Baratta
3929016,2024-05-12,10:30:00.000,131,281,Serie A Women,2023/2024,Italy,Relegation Play-offs,3155,Napoli W,3150,AC Milan W,1,1,27,available,Stadio Giuseppe Piccolo,Giorgio Di Cicco
3928991,2024-03-24,11:30:00.000,131,281,Serie A Women,2023/2024,Italy,Relegation Play-offs,3150,AC Milan W,6755,Pomigliano,4,0,20,available,Puma House of Football - Centro P. Vismara,Jules Roland Andeng Tona Mbei
3928997,2024-04-15,16:00:00.000,131,281,Serie A Women,2023/2024,Italy,Championship Round,3152,AS Roma W,1076,Juventus W,2,1,22,available,Stadio Tre Fontane,Lorenzo Maccarini
3912529,2024-01-21,14:00:00.000,131,281,Serie A Women,2023/2024,Italy,Regular Season,3154,Sassuolo W,1076,Juventus W,0,1,13,available,MAPEI Stadium - Città del Tricolore,Andrea Ancora
3912550,2024-02-18,14:00:00.000,131,281,Serie A Women,2023/2024,Italy,Regular Season,6755,Pomigliano,11558,Como W,3,4,18,available,Stadio Comunale Di Palma Campania,Valerio Pezzopane
3912542,2024-02-11,11:00:00.000,131,281,Serie A Women,2023/2024,Italy,Regular Season,6755,Pomigliano,3144,FC Internazionale Milano W,2,6,16,available,Stadio Comunale Di Palma Campania,Mario Perri
3912556,2024-02-04,11:30:00.000,131,281,Serie A Women,2023/2024,Italy,Regular Season,6757,Sampdoria W,6755,Pomigliano,1,0,15,available,Stadio Comunale Luigi Ferraris,Enrico Gigliotti
3912530,2024-01-20,11:30:00.000,131,281,Serie A Women,2023/2024,Italy,Regular Season,6757,Sampdoria W,3155,Napoli W,0,0,13,available,Stadio Comunale Luigi Ferraris,Emanuele Ceriello
3912547,2024-02-14,14:00:00.000,131,281,Serie A Women,2023/2024,Italy,Regular Season,6757,Sampdoria W,3150,AC Milan W,1,3,17,available,Stadio Comunale Luigi Ferraris,Simone Gauzolino
3928986,2024-03-17,15:00:00.000,131,281,Serie A Women,2023/2024,Italy,Championship Round,3144,FC Internazionale Milano W,1076,Juventus W,3,3,19,available,Stadio Giuseppe Meazza    ,Andrea Ancora
3912527,2024-01-20,14:00:00.000,131,281,Serie A Women,2023/2024,Italy,Regular Season,3144,FC Internazionale Milano W,3152,AS Roma W,2,0,13,available,Stadio Giuseppe Meazza    ,Samuele Andreano
3929021,2024-05-19,10:30:00.000,131,281,Serie A Women,2023/2024,Italy,Relegation Play-offs,6755,Pomigliano,3155,Napoli W,3,1,28,available,Stadio Amerigo Liguori,Silvia Gasperotti
3928984,2024-03-16,11:30:00.000,131,281,Serie A Women,2023/2024,Italy,Relegation Play-offs,6755,Pomigliano,6757,Sampdoria W,0,5,19,available,Stadio Amerigo Liguori,Felipe Salvatore Viapiana
3929022,2024-05-18,16:00:00.000,131,281,Serie A Women,2023/2024,Italy,Relegation Play-offs,3150,AC Milan W,6757,Sampdoria W,3,1,28,available,Puma House of Football - Centro P. Vismara,Davide Gandino
3929018,2024-05-12,13:30:00.000,131,281,Serie A Women,2023/2024,Italy,Relegation Play-offs,11558,Como W,6755,Pomigliano,2,0,27,available,Stadio Ferruccio,Gioiele Iacobellis
3912495,2023-11-04,11:30:00.000,131,281,Serie A Women,2023/2024,Italy,Regular Season,6755,Pomigliano,6757,Sampdoria W,0,1,6,available,Stadio Amerigo Liguori,Luigi Catanoso
3929019,2024-05-12,13:00:00.000,131,281,Serie A Women,2023/2024,Italy,Championship Round,3144,FC Internazionale Milano W,3154,Sassuolo W,2,4,27,available,Arena Civica Gianni Brera,Francesco D''Eusanio
3929012,2024-05-06,16:00:00.000,131,281,Serie A Women,2023/2024,Italy,Championship Round,1086,Fiorentina W,1076,Juventus W,0,2,26,available,Stadio Curva Fiesole - Viola Park,Jules Roland Andeng Tona Mbei
3929011,2024-05-01,10:30:00.000,131,281,Serie A Women,2023/2024,Italy,Championship Round,3144,FC Internazionale Milano W,1086,Fiorentina W,2,2,25,available,Arena Civica Gianni Brera,Stefano Milone
3929010,2024-05-01,13:00:00.000,131,281,Serie A Women,2023/2024,Italy,Relegation Play-offs,11558,Como W,6757,Sampdoria W,3,1,25,available,Stadio Ferruccio,Alberto Poli
3929007,2024-04-27,12:30:00.000,131,281,Serie A Women,2023/2024,Italy,Relegation Play-offs,3155,Napoli W,11558,Como W,1,1,24,available,Stadio Giuseppe Piccolo,Emanuele Ceriello
3929006,2024-04-27,10:30:00.000,131,281,Serie A Women,2023/2024,Italy,Relegation Play-offs,6757,Sampdoria W,6755,Pomigliano,2,2,24,available,Stadio La Sciorba,Giorgio Di Cicco
3929004,2024-04-26,18:30:00.000,131,281,Serie A Women,2023/2024,Italy,Championship Round,1076,Juventus W,3144,FC Internazionale Milano W,0,2,24,available,Stadio Comunale Vittorio Pozzo Lamarmora,Gabriele Sacchi
3929002,2024-04-21,13:00:00.000,131,281,Serie A Women,2023/2024,Italy,Relegation Play-offs,3155,Napoli W,6755,Pomigliano,1,1,23,available,Stadio Giuseppe Piccolo,Marco Di Loreto
3928999,2024-04-14,12:30:00.000,131,281,Serie A Women,2023/2024,Italy,Relegation Play-offs,6755,Pomigliano,11558,Como W,1,2,22,available,Stadio Amerigo Liguori,Gabriele Restaldo
3928998,2024-04-13,13:00:00.000,131,281,Serie A Women,2023/2024,Italy,Championship Round,3154,Sassuolo W,3144,FC Internazionale Milano W,2,1,22,available,MAPEI Stadium - Città del Tricolore,Alessandro Silvestri
3928995,2024-03-30,11:30:00.000,131,281,Serie A Women,2023/2024,Italy,Relegation Play-offs,3155,Napoli W,6757,Sampdoria W,2,0,21,available,Stadio Giuseppe Piccolo,Giuseppe Vingo
3928992,2024-03-29,17:30:00.000,131,281,Serie A Women,2023/2024,Italy,Championship Round,3144,FC Internazionale Milano W,3152,AS Roma W,1,2,21,available,Stadio Giuseppe Meazza    ,Andrea Zanotti
3928990,2024-03-24,14:00:00.000,131,281,Serie A Women,2023/2024,Italy,Championship Round,1086,Fiorentina W,3144,FC Internazionale Milano W,0,3,20,available,Stadio Curva Fiesole - Viola Park,Andrea Calzavara
3928988,2024-03-23,11:30:00.000,131,281,Serie A Women,2023/2024,Italy,Relegation Play-offs,6757,Sampdoria W,11558,Como W,1,0,20,available,Stadio La Sciorba,Gabriele Restaldo
3928987,2024-03-17,11:30:00.000,131,281,Serie A Women,2023/2024,Italy,Relegation Play-offs,11558,Como W,3155,Napoli W,1,1,19,available,Stadio Ferruccio,Mattia Nigro
3928985,2024-03-16,14:00:00.000,131,281,Serie A Women,2023/2024,Italy,Championship Round,3154,Sassuolo W,1086,Fiorentina W,1,0,19,available,Stadio Enzo Ricci,Alberto Poli
3912553,2024-02-18,11:30:00.000,131,281,Serie A Women,2023/2024,Italy,Regular Season,1076,Juventus W,3155,Napoli W,4,1,18,available,Stadio Comunale Vittorio Pozzo Lamarmora,Bozzetto Di bergam
3912540,2024-02-11,17:00:00.000,131,281,Serie A Women,2023/2024,Italy,Regular Season,1076,Juventus W,11558,Como W,5,0,16,available,Stadio Comunale Vittorio Pozzo Lamarmora,Gianluca Catanzaro
3912545,2024-02-14,14:00:00.000,131,281,Serie A Women,2023/2024,Italy,Regular Season,11558,Como W,1086,Fiorentina W,0,1,17,available,Stadio Ferruccio,Alfredo Iannello
3912555,2024-02-03,17:00:00.000,131,281,Serie A Women,2023/2024,Italy,Regular Season,3144,FC Internazionale Milano W,11558,Como W,2,3,15,available,Stadio Giuseppe Meazza    ,Gioiele Iacobellis
3912484,2023-10-15,16:00:00.000,131,281,Serie A Women,2023/2024,Italy,Regular Season,1076,Juventus W,3154,Sassuolo W,4,0,4,available,Stadio Comunale Vittorio Pozzo Lamarmora,Giuseppe Vingo
3912537,2024-02-03,11:30:00.000,131,281,Serie A Women,2023/2024,Italy,Regular Season,3154,Sassuolo W,3155,Napoli W,2,0,15,available,MAPEI Stadium - Città del Tricolore,Antonio Di Reda
3912510,2023-11-25,12:45:00.000,131,281,Serie A Women,2023/2024,Italy,Regular Season,3144,FC Internazionale Milano W,3150,AC Milan W,1,0,9,available,Arena Civica Gianni Brera,Maria Marotta
3912512,2023-12-09,11:30:00.000,131,281,Serie A Women,2023/2024,Italy,Regular Season,3144,FC Internazionale Milano W,6757,Sampdoria W,1,1,10,available,Arena Civica Gianni Brera,Aleksandar Djurdjevic
3912505,2023-11-19,15:00:00.000,131,281,Serie A Women,2023/2024,Italy,Regular Season,1076,Juventus W,3144,FC Internazionale Milano W,5,0,8,available,Stadio Comunale Vittorio Pozzo Lamarmora,Leonardo Mastrodomenico
3912536,2024-01-27,13:30:00.000,131,281,Serie A Women,2023/2024,Italy,Regular Season,3152,AS Roma W,6757,Sampdoria W,2,0,14,available,Stadio Tre Fontane,Cristiano Ursini
3912538,2024-02-04,15:00:00.000,131,281,Serie A Women,2023/2024,Italy,Regular Season,3152,AS Roma W,1076,Juventus W,3,1,15,available,Stadio Tre Fontane,Marco Emmanuele
3912535,2024-01-28,11:30:00.000,131,281,Serie A Women,2023/2024,Italy,Regular Season,6755,Pomigliano,3150,AC Milan W,0,0,14,available,Stadio Comunale Di Palma Campania,Domenico Leone
3912519,2023-12-16,11:30:00.000,131,281,Serie A Women,2023/2024,Italy,Regular Season,3150,AC Milan W,3155,Napoli W,1,1,11,available,Puma House of Football - Centro P. Vismara,Giuseppe Maria Manzo
3912521,2023-12-18,17:00:00.000,131,281,Serie A Women,2023/2024,Italy,Regular Season,1086,Fiorentina W,3144,FC Internazionale Milano W,4,2,11,available,Stadio Curva Fiesole - Viola Park,
3912500,2023-11-11,14:00:00.000,131,281,Serie A Women,2023/2024,Italy,Regular Season,3150,AC Milan W,3154,Sassuolo W,1,1,7,available,Puma House of Football - Centro P. Vismara,Carlo Rinaldi
3912513,2023-12-10,14:00:00.000,131,281,Serie A Women,2023/2024,Italy,Regular Season,3155,Napoli W,11558,Como W,0,0,10,available,Stadio Giuseppe Piccolo,Simone Galipò
3912503,2023-11-19,17:00:00.000,131,281,Serie A Women,2023/2024,Italy,Regular Season,6755,Pomigliano,3155,Napoli W,2,1,8,available,Stadio Amerigo Liguori,Valerio Crezzini
3912480,2023-10-08,13:00:00.000,131,281,Serie A Women,2023/2024,Italy,Regular Season,3154,Sassuolo W,3144,FC Internazionale Milano W,1,2,3,available,Stadio Enzo Ricci,Simone Galipò
3912490,2023-10-22,13:00:00.000,131,281,Serie A Women,2023/2024,Italy,Regular Season,1086,Fiorentina W,1076,Juventus W,1,2,5,available,Stadio Curva Fiesole - Viola Park,Francesco Zago
3912496,2023-11-05,17:00:00.000,131,281,Serie A Women,2023/2024,Italy,Regular Season,11558,Como W,3144,FC Internazionale Milano W,2,1,6,available,Stadio Ferruccio,Mattia Ubaldi
3912494,2023-11-05,14:00:00.000,131,281,Serie A Women,2023/2024,Italy,Regular Season,3155,Napoli W,3154,Sassuolo W,0,1,6,available,Stadio Giuseppe Piccolo,Cristiano Ursini
3912486,2023-10-15,10:30:00.000,131,281,Serie A Women,2023/2024,Italy,Regular Season,6755,Pomigliano,1086,Fiorentina W,1,4,4,available,Stadio Amerigo Liguori,Dario Di Francesco
3912477,2023-10-07,13:00:00.000,131,281,Serie A Women,2023/2024,Italy,Regular Season,6755,Pomigliano,3152,AS Roma W,0,5,3,available,Stadio Amerigo Liguori,Antonio Di Reda
3912478,2023-10-07,10:30:00.000,131,281,Serie A Women,2023/2024,Italy,Regular Season,6757,Sampdoria W,11558,Como W,1,2,3,available,Stadio Silvio Piola,Edoardo Mazzoni
3912485,2023-10-14,10:30:00.000,131,281,Serie A Women,2023/2024,Italy,Regular Season,3155,Napoli W,6757,Sampdoria W,0,2,4,available,Stadio Giuseppe Piccolo,Adolfo Baratta
3911873,2023-10-02,16:00:00.000,131,281,Serie A Women,2023/2024,Italy,Regular Season,3144,FC Internazionale Milano W,1086,Fiorentina W,1,1,2,available,Stadio Ernesto Breda,Andrea Calzavara
3911871,2023-10-01,12:30:00.000,131,281,Serie A Women,2023/2024,Italy,Regular Season,3154,Sassuolo W,6755,Pomigliano,1,1,2,available,Stadio Enzo Ricci,Gianluca Renzi
3912552,2024-02-17,11:30:00.000,131,281,Serie A Women,2023/2024,Italy,Regular Season,3154,Sassuolo W,6757,Sampdoria W,2,0,18,available,MAPEI Stadium - Città del Tricolore,Fabio Rosario Luongo
3912548,2024-02-15,19:30:00.000,131,281,Serie A Women,2023/2024,Italy,Regular Season,3155,Napoli W,6755,Pomigliano,2,0,17,available,Stadio Giuseppe Piccolo,Giuseppe Mucera
3912546,2024-02-14,18:00:00.000,131,281,Serie A Women,2023/2024,Italy,Regular Season,3144,FC Internazionale Milano W,1076,Juventus W,0,2,17,available,Stadio Giuseppe Meazza    ,Maria Marotta
3912544,2024-02-11,14:15:00.000,131,281,Serie A Women,2023/2024,Italy,Regular Season,1086,Fiorentina W,6757,Sampdoria W,2,1,16,available,Stadio Curva Fiesole - Viola Park,Filippo Colaninno
3912541,2024-02-10,17:00:00.000,131,281,Serie A Women,2023/2024,Italy,Regular Season,3154,Sassuolo W,3150,AC Milan W,1,0,16,available,MAPEI Stadium - Città del Tricolore,Eugenio Scarpa
3912534,2024-01-27,11:30:00.000,131,281,Serie A Women,2023/2024,Italy,Regular Season,3155,Napoli W,3144,FC Internazionale Milano W,2,3,14,available,Stadio Giuseppe Piccolo,Gabriele Sacchi
3912533,2024-01-29,17:00:00.000,131,281,Serie A Women,2023/2024,Italy,Regular Season,1076,Juventus W,1086,Fiorentina W,2,2,14,available,Stadio Comunale Vittorio Pozzo Lamarmora,Mattia Drigo
3912532,2024-01-28,14:00:00.000,131,281,Serie A Women,2023/2024,Italy,Regular Season,11558,Como W,3154,Sassuolo W,0,1,14,available,Stadio Ferruccio,Edoardo Mazzoni
3912531,2024-01-21,11:30:00.000,131,281,Serie A Women,2023/2024,Italy,Regular Season,1086,Fiorentina W,6755,Pomigliano,3,1,13,available,Stadio Curva Fiesole - Viola Park,Simone Gavini
3912526,2024-01-14,14:00:00.000,131,281,Serie A Women,2023/2024,Italy,Regular Season,11558,Como W,6757,Sampdoria W,0,1,12,available,Stadio Ferruccio,Enrico Cappai
3912523,2024-01-13,11:30:00.000,131,281,Serie A Women,2023/2024,Italy,Regular Season,3155,Napoli W,1086,Fiorentina W,2,4,12,available,Stadio Giuseppe Piccolo,Erminio Cerbasi
3912522,2024-01-14,11:30:00.000,131,281,Serie A Women,2023/2024,Italy,Regular Season,3144,FC Internazionale Milano W,3154,Sassuolo W,0,1,12,available,Stadio Giuseppe Meazza    ,Marco Peletti
3912520,2023-12-16,13:30:00.000,131,281,Serie A Women,2023/2024,Italy,Regular Season,6757,Sampdoria W,1076,Juventus W,1,0,11,available,Stadio La Sciorba,Bozzetto Di bergam
3912517,2023-12-17,11:30:00.000,131,281,Serie A Women,2023/2024,Italy,Regular Season,6755,Pomigliano,3154,Sassuolo W,0,2,11,available,Stadio Amerigo Liguori,Valerio Vogliacco
3912516,2023-12-09,14:00:00.000,131,281,Serie A Women,2023/2024,Italy,Regular Season,1076,Juventus W,6755,Pomigliano,4,0,10,available,Stadio Comunale Vittorio Pozzo Lamarmora,Mattia Caldera
3912508,2023-11-25,13:30:00.000,131,281,Serie A Women,2023/2024,Italy,Regular Season,11558,Como W,6755,Pomigliano,0,0,9,available,Stadio Ferruccio Chittolina,Ermes Cavaliere
3912506,2023-11-18,14:00:00.000,131,281,Serie A Women,2023/2024,Italy,Regular Season,1086,Fiorentina W,11558,Como W,3,0,8,available, Viola Park,Fabrizio Pacella
3912501,2023-11-12,11:30:00.000,131,281,Serie A Women,2023/2024,Italy,Regular Season,6757,Sampdoria W,1086,Fiorentina W,0,1,7,available,Stadio Artemio Franchi    	,Maria Marotta
3912499,2023-11-12,14:00:00.000,131,281,Serie A Women,2023/2024,Italy,Regular Season,3144,FC Internazionale Milano W,6755,Pomigliano,2,1,7,available,Stadio Ernesto Breda,Stefano Nicolini
3912498,2023-11-12,19:30:00.000,131,281,Serie A Women,2023/2024,Italy,Regular Season,11558,Como W,1076,Juventus W,0,3,7,available,Stadio Ferruccio,Andrea Calzavara
3912497,2023-11-11,11:30:00.000,131,281,Serie A Women,2023/2024,Italy,Regular Season,3152,AS Roma W,3155,Napoli W,6,0,7,available,Stadio Tre Fontane,Luca De Angeli
3912491,2023-10-21,16:00:00.000,131,281,Serie A Women,2023/2024,Italy,Regular Season,3154,Sassuolo W,11558,Como W,1,2,5,available,Stadio Enzo Ricci,Andrea Zoppi
3912489,2023-10-21,10:30:00.000,131,281,Serie A Women,2023/2024,Italy,Regular Season,3144,FC Internazionale Milano W,3155,Napoli W,2,0,5,available,Stadio Ernesto Breda,Antonino Costanza
3912481,2023-10-08,10:30:00.000,131,281,Serie A Women,2023/2024,Italy,Regular Season,1086,Fiorentina W,3155,Napoli W,2,0,3,available,Stadio Curva Fiesole - Viola Park,Luca Cherchi
3911872,2023-10-01,16:00:00.000,131,281,Serie A Women,2023/2024,Italy,Regular Season,1076,Juventus W,6757,Sampdoria W,4,1,2,available,Stadio Comunale Vittorio Pozzo Lamarmora,Luca De Angeli
3910624,2023-09-17,16:00:00.000,131,281,Serie A Women,2023/2024,Italy,Regular Season,6757,Sampdoria W,3144,FC Internazionale Milano W,0,2,1,available,Stadio Silvio Piola,Edoardo Gianquinto
3910621,2023-09-16,16:00:00.000,131,281,Serie A Women,2023/2024,Italy,Regular Season,1086,Fiorentina W,3154,Sassuolo W,2,1,1,available,Stadio Comunale Gino Bozzi,Gabriele Sacchi
3910620,2023-09-17,10:30:00.000,131,281,Serie A Women,2023/2024,Italy,Regular Season,11558,Como W,3155,Napoli W,2,1,1,available,Stadio Ferruccio,Silvia Gasperotti
3930166,2024-06-18,19:00:00.000,55,282,UEFA Euro,2024,Europe,Group Stage,780,Portugal,912,Czech Republic,2,1,1,available,Red Bull Arena,Marco Guida
3930159,2024-06-15,13:00:00.000,55,282,UEFA Euro,2024,Europe,Group Stage,916,Hungary,773,Switzerland,1,3,1,available,RheinEnergieStadion,Slavko Vinčić
3930163,2024-06-16,19:00:00.000,55,282,UEFA Euro,2024,Europe,Group Stage,786,Serbia,768,England,0,1,1,available,VELTINS-Arena,Daniele Orsato
3930181,2024-06-25,19:00:00.000,55,282,UEFA Euro,2024,Europe,Group Stage,768,England,944,Slovenia,0,0,3,available,RheinEnergieStadion,Clément Turpin
3930178,2024-06-24,19:00:00.000,55,282,UEFA Euro,2024,Europe,Group Stage,785,Croatia,914,Italy,1,1,3,available,Red Bull Arena,Danny Desmond Makkelie
3930160,2024-06-15,16:00:00.000,55,282,UEFA Euro,2024,Europe,Group Stage,772,Spain,785,Croatia,3,0,1,available,Olympiastadion Berlin,Michael Oliver
3930170,2024-06-20,13:00:00.000,55,282,UEFA Euro,2024,Europe,Group Stage,944,Slovenia,786,Serbia,1,1,2,available,Allianz Arena,István Kovács
3938643,2024-06-25,16:00:00.000,55,282,UEFA Euro,2024,Europe,Group Stage,771,France,789,Poland,1,1,3,available,Signal-Iduna-Park,Marco Guida
3938641,2024-06-21,16:00:00.000,55,282,UEFA Euro,2024,Europe,Group Stage,789,Poland,915,Austria,1,3,2,available,Olympiastadion Berlin,Halil Umut Meler
3938642,2024-06-22,13:00:00.000,55,282,UEFA Euro,2024,Europe,Group Stage,2138,Georgia,912,Czech Republic,1,1,2,available,Volksparkstadion,Daniel Siebert
3938639,2024-06-18,16:00:00.000,55,282,UEFA Euro,2024,Europe,Group Stage,909,Turkey,2138,Georgia,3,1,1,available,Signal-Iduna-Park,Facundo Tello Figueroa
3938638,2024-06-17,13:00:00.000,55,282,UEFA Euro,2024,Europe,Group Stage,905,Romania,911,Ukraine,3,0,1,available,Allianz Arena,Glenn Nyberg
3938640,2024-06-21,13:00:00.000,55,282,UEFA Euro,2024,Europe,Group Stage,908,Slovakia,911,Ukraine,1,2,2,available,Merkur Spiel-Arena,Michael Oliver
3938637,2024-06-16,13:00:00.000,55,282,UEFA Euro,2024,Europe,Group Stage,789,Poland,941,Netherlands,1,2,1,available,Volksparkstadion,Artur Manuel Ribeiro Soares Dias
3938644,2024-06-26,19:00:00.000,55,282,UEFA Euro,2024,Europe,Group Stage,2138,Georgia,780,Portugal,2,0,3,available,VELTINS-Arena,Sandro Schärer
3941019,2024-07-01,16:00:00.000,55,282,UEFA Euro,2024,Europe,Round of 16,771,France,782,Belgium,1,0,4,available,Merkur Spiel-Arena,Glenn Nyberg
3942227,2024-07-06,16:00:00.000,55,282,UEFA Euro,2024,Europe,Quarter-finals,768,England,773,Switzerland,1,1,5,available,Merkur Spiel-Arena,Daniele Orsato
3930174,2024-06-22,16:00:00.000,55,282,UEFA Euro,2024,Europe,Group Stage,909,Turkey,780,Portugal,0,3,2,available,Signal-Iduna-Park,Felix Zwayer
3930162,2024-06-16,16:00:00.000,55,282,UEFA Euro,2024,Europe,Group Stage,944,Slovenia,776,Denmark,1,1,1,available,MHPArena,Sandro Schärer
3930176,2024-06-23,19:00:00.000,55,282,UEFA Euro,2024,Europe,Group Stage,773,Switzerland,770,Germany,1,1,3,available,Deutsche Bank Park,Daniele Orsato
3930169,2024-06-19,19:00:00.000,55,282,UEFA Euro,2024,Europe,Group Stage,942,Scotland,773,Switzerland,1,1,2,available,RheinEnergieStadion,Ivan Kružliak
3942819,2024-07-10,19:00:00.000,55,282,UEFA Euro,2024,Europe,Semi-finals,941,Netherlands,768,England,1,2,6,available,Signal-Iduna-Park,Felix Zwayer
3943043,2024-07-14,19:00:00.000,55,282,UEFA Euro,2024,Europe,Final,772,Spain,768,England,2,1,7,available,Olympiastadion Berlin,François Letexier
3942752,2024-07-09,19:00:00.000,55,282,UEFA Euro,2024,Europe,Semi-finals,772,Spain,771,France,2,1,6,available,Allianz Arena,Slavko Vinčić
3942382,2024-07-06,19:00:00.000,55,282,UEFA Euro,2024,Europe,Quarter-finals,941,Netherlands,909,Turkey,2,1,5,available,Olympiastadion Berlin,Clément Turpin
3942349,2024-07-05,19:00:00.000,55,282,UEFA Euro,2024,Europe,Quarter-finals,780,Portugal,771,France,0,0,5,available,Volksparkstadion,Michael Oliver
3930180,2024-06-25,16:00:00.000,55,282,UEFA Euro,2024,Europe,Group Stage,941,Netherlands,915,Austria,2,3,3,available,Olympiastadion Berlin,Ivan Kružliak
3930171,2024-06-20,16:00:00.000,55,282,UEFA Euro,2024,Europe,Group Stage,776,Denmark,768,England,1,1,2,available,Deutsche Bank Park,Artur Manuel Ribeiro Soares Dias
3942226,2024-07-05,16:00:00.000,55,282,UEFA Euro,2024,Europe,Quarter-finals,772,Spain,770,Germany,2,1,5,available,MHPArena,Anthony Taylor
3938645,2024-06-26,16:00:00.000,55,282,UEFA Euro,2024,Europe,Group Stage,911,Ukraine,782,Belgium,0,0,3,available,MHPArena,Anthony Taylor
3930184,2024-06-26,22:00:00.000,55,282,UEFA Euro,2024,Europe,Group Stage,912,Czech Republic,909,Turkey,1,2,3,available,Volksparkstadion,István Kovács
3941022,2024-07-02,19:00:00.000,55,282,UEFA Euro,2024,Europe,Round of 16,915,Austria,909,Turkey,1,2,4,available,Red Bull Arena,Artur Manuel Ribeiro Soares Dias
3941021,2024-07-02,16:00:00.000,55,282,UEFA Euro,2024,Europe,Round of 16,905,Romania,941,Netherlands,0,3,4,available,Allianz Arena,Felix Zwayer
3941020,2024-07-01,19:00:00.000,55,282,UEFA Euro,2024,Europe,Round of 16,780,Portugal,944,Slovenia,0,0,4,available,Deutsche Bank Park,Daniele Orsato
3941018,2024-06-30,19:00:00.000,55,282,UEFA Euro,2024,Europe,Round of 16,772,Spain,2138,Georgia,4,1,4,available,RheinEnergieStadion,François Letexier
3941017,2024-06-30,16:00:00.000,55,282,UEFA Euro,2024,Europe,Round of 16,768,England,908,Slovakia,2,1,4,available,VELTINS-Arena,Halil Umut Meler
3930182,2024-06-25,19:00:00.000,55,282,UEFA Euro,2024,Europe,Group Stage,776,Denmark,786,Serbia,0,0,3,available,Allianz Arena,François Letexier
3930179,2024-06-24,19:00:00.000,55,282,UEFA Euro,2024,Europe,Group Stage,906,Albania,772,Spain,0,1,3,available,Merkur Spiel-Arena,Glenn Nyberg
3940983,2024-06-29,19:00:00.000,55,282,UEFA Euro,2024,Europe,Round of 16,770,Germany,776,Denmark,2,0,4,available,Signal-Iduna-Park,Michael Oliver
3940878,2024-06-29,16:00:00.000,55,282,UEFA Euro,2024,Europe,Round of 16,773,Switzerland,914,Italy,2,0,4,available,Olympiastadion Berlin,Szymon Marciniak
3930177,2024-06-23,19:00:00.000,55,282,UEFA Euro,2024,Europe,Group Stage,942,Scotland,916,Hungary,0,1,3,available,MHPArena,Facundo Tello Figueroa
3930173,2024-06-21,19:00:00.000,55,282,UEFA Euro,2024,Europe,Group Stage,941,Netherlands,771,France,0,0,2,available,Trainingszentrum RB Leipzig Platz 1,Anthony Taylor
3930172,2024-06-20,19:00:00.000,55,282,UEFA Euro,2024,Europe,Group Stage,772,Spain,914,Italy,1,0,2,available,VELTINS-Arena,Slavko Vinčić
3930167,2024-06-19,13:00:00.000,55,282,UEFA Euro,2024,Europe,Group Stage,785,Croatia,906,Albania,2,2,2,available,Volksparkstadion,François Letexier
3930168,2024-06-19,16:00:00.000,55,282,UEFA Euro,2024,Europe,Group Stage,770,Germany,916,Hungary,2,0,2,available,MHPArena,Danny Desmond Makkelie
3930165,2024-06-17,19:00:00.000,55,282,UEFA Euro,2024,Europe,Group Stage,915,Austria,771,France,0,1,1,available,Merkur Spiel-Arena,Jesús Gil Manzano
3930164,2024-06-17,16:00:00.000,55,282,UEFA Euro,2024,Europe,Group Stage,782,Belgium,908,Slovakia,0,1,1,available,Deutsche Bank Park,Halil Umut Meler
3930161,2024-06-15,19:00:00.000,55,282,UEFA Euro,2024,Europe,Group Stage,914,Italy,906,Albania,2,1,1,available,Signal-Iduna-Park,Felix Zwayer
3930183,2024-06-26,16:00:00.000,55,282,UEFA Euro,2024,Europe,Group Stage,908,Slovakia,905,Romania,1,1,3,available,Deutsche Bank Park,Daniel Siebert
3930175,2024-06-22,19:00:00.000,55,282,UEFA Euro,2024,Europe,Group Stage,782,Belgium,905,Romania,2,0,2,available,RheinEnergieStadion,Szymon Marciniak
3930158,2024-06-14,19:00:00.000,55,282,UEFA Euro,2024,Europe,Group Stage,770,Germany,942,Scotland,5,1,1,available,Allianz Arena,Clément Turpin
3788758,2021-06-17,13:00:00.000,55,43,UEFA Euro,2020,Europe,Group Stage,911,Ukraine,2358,North Macedonia,2,1,2,available,Arena Naţională,Fernando Andrés Rapallini
3788773,2021-06-23,19:00:00.000,55,43,UEFA Euro,2020,Europe,Group Stage,780,Portugal,771,France,2,2,3,available,Puskás Aréna,Antonio Miguel Mateu Lahoz
3788765,2021-06-20,16:00:00.000,55,43,UEFA Euro,2020,Europe,Group Stage,773,Switzerland,909,Turkey,3,1,3,available,Bakı Olimpiya Stadionu,Slavko Vinčić
3788761,2021-06-18,13:00:00.000,55,43,UEFA Euro,2020,Europe,Group Stage,790,Sweden,908,Slovakia,1,0,2,available,Saint-Petersburg Stadium ( Gazprom Arena ),Daniel Siebert
3788760,2021-06-18,16:00:00.000,55,43,UEFA Euro,2020,Europe,Group Stage,785,Croatia,912,Czech Republic,1,1,2,available,Hampden Park,Carlos del Cerro Grande
3795108,2021-07-02,16:00:00.000,55,43,UEFA Euro,2020,Europe,Quarter-finals,773,Switzerland,772,Spain,1,1,5,available,Saint-Petersburg Stadium ( Gazprom Arena ),Michael Oliver
3794687,2021-06-27,19:00:00.000,55,43,UEFA Euro,2020,Europe,Round of 16,782,Belgium,780,Portugal,1,0,4,available,Estadio de La Cartuja,Felix Brych
3794690,2021-06-27,16:00:00.000,55,43,UEFA Euro,2020,Europe,Round of 16,941,Netherlands,912,Czech Republic,0,2,4,available,Puskás Aréna,Sergey Karasev
3794685,2021-06-26,19:00:00.000,55,43,UEFA Euro,2020,Europe,Round of 16,914,Italy,915,Austria,2,1,4,available,Wembley Stadium,Anthony Taylor
3794692,2021-06-29,19:00:00.000,55,43,UEFA Euro,2020,Europe,Round of 16,790,Sweden,911,Ukraine,1,2,4,available,Hampden Park,Daniele Orsato
3794689,2021-06-26,16:00:00.000,55,43,UEFA Euro,2020,Europe,Round of 16,907,Wales,776,Denmark,0,4,4,available,Johan Cruijff Arena (Amsterdam),Daniel Siebert
3795107,2021-07-02,19:00:00.000,55,43,UEFA Euro,2020,Europe,Quarter-finals,782,Belgium,914,Italy,1,2,5,available,Allianz Arena,Slavko Vinčić
3795187,2021-07-03,19:00:00.000,55,43,UEFA Euro,2020,Europe,Quarter-finals,911,Ukraine,768,England,0,4,5,available,Estadio Olímpico,Felix Brych
3795220,2021-07-06,19:00:00.000,55,43,UEFA Euro,2020,Europe,Semi-finals,914,Italy,772,Spain,1,1,6,available,Wembley Stadium,Felix Brych
3794686,2021-06-28,16:00:00.000,55,43,UEFA Euro,2020,Europe,Round of 16,785,Croatia,772,Spain,3,5,4,available,Parken,Cüneyt Çakιr
3788763,2021-06-19,13:00:00.000,55,43,UEFA Euro,2020,Europe,Group Stage,916,Hungary,771,France,1,1,2,available,Puskás Aréna,Michael Oliver
3795506,2021-07-11,21:00:00.000,55,43,UEFA Euro,2020,Europe,Final,914,Italy,768,England,1,1,7,available,Wembley Stadium,Björn Kuipers
3788769,2021-06-21,21:00:00.000,55,43,UEFA Euro,2020,Europe,Group Stage,796,Russia,776,Denmark,1,4,3,available,Parken,Clément Turpin
3788766,2021-06-20,18:00:00.000,55,43,UEFA Euro,2020,Europe,Group Stage,914,Italy,907,Wales,1,0,3,available,Estadio Olímpico,Ovidiu Alin Hațegan
3788764,2021-06-19,18:00:00.000,55,43,UEFA Euro,2020,Europe,Group Stage,780,Portugal,770,Germany,2,4,2,available,Allianz Arena,Anthony Taylor
3788755,2021-06-16,16:00:00.000,55,43,UEFA Euro,2020,Europe,Group Stage,909,Turkey,907,Wales,0,2,2,available,Bakı Olimpiya Stadionu,Artur Manuel Ribeiro Soares Dias
3788754,2021-06-16,21:00:00.000,55,43,UEFA Euro,2020,Europe,Group Stage,914,Italy,773,Switzerland,3,0,2,available,Estadio Olímpico,Sergey Karasev
3788762,2021-06-19,21:00:00.000,55,43,UEFA Euro,2020,Europe,Group Stage,772,Spain,789,Poland,1,1,2,available,Estadio de La Cartuja,Daniele Orsato
3788747,2021-06-13,16:00:00.000,55,43,UEFA Euro,2020,Europe,Group Stage,915,Austria,2358,North Macedonia,3,1,1,available,Arena Naţională,Lars Christian Andreas Ekberg
3788741,2021-06-11,21:00:00.000,55,43,UEFA Euro,2020,Europe,Group Stage,909,Turkey,914,Italy,0,3,1,available,Estadio Olímpico,Danny Desmond Makkelie
3795109,2021-07-03,16:00:00.000,55,43,UEFA Euro,2020,Europe,Quarter-finals,912,Czech Republic,776,Denmark,1,2,5,available,Bakı Olimpiya Stadionu,Björn Kuipers
3788770,2021-06-21,18:00:00.000,55,43,UEFA Euro,2020,Europe,Group Stage,2358,North Macedonia,941,Netherlands,0,3,3,available,Johan Cruijff Arena (Amsterdam),Istvan Kovacs
3794688,2021-06-29,18:00:00.000,55,43,UEFA Euro,2020,Europe,Round of 16,768,England,770,Germany,2,0,4,available,Wembley Stadium,Danny Desmond Makkelie
3788774,2021-06-23,21:00:00.000,55,43,UEFA Euro,2020,Europe,Group Stage,770,Germany,916,Hungary,2,2,3,available,Allianz Arena,Sergey Karasev
3788771,2021-06-22,21:00:00.000,55,43,UEFA Euro,2020,Europe,Group Stage,785,Croatia,942,Scotland,3,1,3,available,Hampden Park,Fernando Andrés Rapallini
3788772,2021-06-22,21:00:00.000,55,43,UEFA Euro,2020,Europe,Group Stage,912,Czech Republic,768,England,0,1,3,available,Wembley Stadium,Artur Manuel Ribeiro Soares Dias
3788768,2021-06-21,19:00:00.000,55,43,UEFA Euro,2020,Europe,Group Stage,1835,Finland,782,Belgium,0,2,3,available,Saint-Petersburg Stadium ( Gazprom Arena ),Felix Brych
3788767,2021-06-21,16:00:00.000,55,43,UEFA Euro,2020,Europe,Group Stage,911,Ukraine,915,Austria,0,1,3,available,Arena Naţională,Cüneyt Çakιr
3788753,2021-06-16,13:00:00.000,55,43,UEFA Euro,2020,Europe,Group Stage,1835,Finland,796,Russia,0,1,2,available,Saint-Petersburg Stadium ( Gazprom Arena ),Danny Desmond Makkelie
3788759,2021-06-18,21:00:00.000,55,43,UEFA Euro,2020,Europe,Group Stage,768,England,942,Scotland,0,0,2,available,Wembley Stadium,Antonio Miguel Mateu Lahoz
3788757,2021-06-17,18:00:00.000,55,43,UEFA Euro,2020,Europe,Group Stage,776,Denmark,782,Belgium,1,2,2,available,Parken,Björn Kuipers
3788745,2021-06-13,15:00:00.000,55,43,UEFA Euro,2020,Europe,Group Stage,768,England,785,Croatia,1,0,1,available,Wembley Stadium,Daniele Orsato
3795221,2021-07-07,21:00:00.000,55,43,UEFA Euro,2020,Europe,Semi-finals,768,England,776,Denmark,2,1,6,available,Wembley Stadium,Danny Desmond Makkelie
3788746,2021-06-13,21:00:00.000,55,43,UEFA Euro,2020,Europe,Group Stage,941,Netherlands,911,Ukraine,3,2,1,available,Johan Cruijff Arena (Amsterdam),Felix Brych
3794691,2021-06-28,19:00:00.000,55,43,UEFA Euro,2020,Europe,Round of 16,771,France,773,Switzerland,3,3,4,available,Arena Naţională,Fernando Andrés Rapallini
3788756,2021-06-17,21:00:00.000,55,43,UEFA Euro,2020,Europe,Group Stage,941,Netherlands,915,Austria,2,0,2,available,Johan Cruijff Arena (Amsterdam),Orel Grinfeeld
3788749,2021-06-14,16:00:00.000,55,43,UEFA Euro,2020,Europe,Group Stage,789,Poland,908,Slovakia,1,2,1,available,Saint-Petersburg Stadium ( Gazprom Arena ),Ovidiu Alin Hațegan
3788750,2021-06-14,21:00:00.000,55,43,UEFA Euro,2020,Europe,Group Stage,772,Spain,790,Sweden,0,0,1,available,Estadio de La Cartuja,Slavko Vinčić
3788748,2021-06-14,15:00:00.000,55,43,UEFA Euro,2020,Europe,Group Stage,942,Scotland,912,Czech Republic,0,2,1,available,Hampden Park,Daniel Siebert
3788751,2021-06-15,21:00:00.000,55,43,UEFA Euro,2020,Europe,Group Stage,771,France,770,Germany,1,0,1,available,Allianz Arena,Carlos del Cerro Grande
3788752,2021-06-15,18:00:00.000,55,43,UEFA Euro,2020,Europe,Group Stage,916,Hungary,780,Portugal,0,3,1,available,Puskás Aréna,Cüneyt Çakιr
3788742,2021-06-12,18:00:00.000,55,43,UEFA Euro,2020,Europe,Group Stage,776,Denmark,1835,Finland,0,1,1,available,Parken,Anthony Taylor
3788775,2021-06-23,18:00:00.000,55,43,UEFA Euro,2020,Europe,Group Stage,908,Slovakia,772,Spain,0,5,3,available,Estadio de La Cartuja,Björn Kuipers
3788776,2021-06-23,16:00:00.000,55,43,UEFA Euro,2020,Europe,Group Stage,790,Sweden,789,Poland,3,2,3,available,Saint-Petersburg Stadium ( Gazprom Arena ),Michael Oliver
3788743,2021-06-12,19:00:00.000,55,43,UEFA Euro,2020,Europe,Group Stage,782,Belgium,796,Russia,3,0,1,available,Saint-Petersburg Stadium ( Gazprom Arena ),Antonio Miguel Mateu Lahoz
3788744,2021-06-12,13:00:00.000,55,43,UEFA Euro,2020,Europe,Group Stage,907,Wales,773,Switzerland,1,1,1,available,Bakı Olimpiya Stadionu,Clément Turpin
3887188,1989-05-03,21:30:00.000,35,75,UEFA Europa League,1988/1989,Europe,Final,227,Napoli,174,VfB Stuttgart,2,1,12,available,Stadio Diego Armando Maradona,Gerasimos Germanakos
3750244,1989-04-05,,35,75,UEFA Europa League,1988/1989,Europe,Semi-finals,227,Napoli,169,Bayern Munich,2,0,10,available,Stadio Diego Armando Maradona,Michel Vautrot
3750245,1989-03-15,18:30:00.000,35,75,UEFA Europa League,1988/1989,Europe,Quarter-finals,227,Napoli,1076,Juventus W,3,0,9,available,Stadio Diego Armando Maradona,Siegfried Kirschen
3998853,2025-07-10,19:00:00.000,53,315,UEFA Women's Euro,2025,Europe,Group Stage,852,Norway Women's,862,Iceland Women's,4,3,3,available,Stockhorn Arena,Ionela Alina Peşu
3998838,2025-07-03,16:00:00.000,53,315,UEFA Women's Euro,2025,Europe,Group Stage,854,Belgium Women's,855,Italy Women's,0,1,1,available,Stade de Tourbillon,Désirée Grundbacher
3998841,2025-07-04,16:00:00.000,53,315,UEFA Women's Euro,2025,Europe,Group Stage,853,Denmark Women's,858,Sweden Women's,0,1,1,available,Stade de Genève,Edina Alves Batista
3998837,2025-07-02,19:00:00.000,53,315,UEFA Women's Euro,2025,Europe,Group Stage,860,Switzerland Women's,852,Norway Women's,1,2,1,available,St. Jakob-Park,Ionela Alina Peşu
4020846,2025-07-27,16:00:00.000,53,315,UEFA Women's Euro,2025,Europe,Final,865,England Women's,863,Spain Women's,1,1,6,available,St. Jakob-Park,Stéphanie Frappart
4020077,2025-07-23,19:00:00.000,53,315,UEFA Women's Euro,2025,Europe,Semi-finals,857,Germany Women's,863,Spain Women's,0,1,5,available,Stadion Letzigrund,Edina Alves Batista
4020005,2025-07-22,19:00:00.000,53,315,UEFA Women's Euro,2025,Europe,Semi-finals,865,England Women's,855,Italy Women's,2,1,5,available,Stade de Genève,Ivana Martinčić
4018357,2025-07-19,19:00:00.000,53,315,UEFA Women's Euro,2025,Europe,Quarter-finals,861,France Women's,857,Germany Women's,1,1,4,available,St. Jakob-Park,Tess Olofsson
4018356,2025-07-18,19:00:00.000,53,315,UEFA Women's Euro,2025,Europe,Quarter-finals,863,Spain Women's,860,Switzerland Women's,2,0,4,available,Stadion Wankdorf,Maria Sole Ferrieri Caputi
4018355,2025-07-17,19:00:00.000,53,315,UEFA Women's Euro,2025,Europe,Quarter-finals,858,Sweden Women's,865,England Women's,2,2,4,available,Stadion Letzigrund,Marta Huerta de Aza
4018354,2025-07-16,19:00:00.000,53,315,UEFA Women's Euro,2025,Europe,Quarter-finals,852,Norway Women's,855,Italy Women's,1,2,4,available,Stade de Genève,Stéphanie Frappart
3998858,2025-07-13,19:00:00.000,53,315,UEFA Women's Euro,2025,Europe,Group Stage,865,England Women's,2456,Wales W,6,1,3,available,Kybunpark,Frida Mia Klarlund Nielsen
3998859,2025-07-13,19:00:00.000,53,315,UEFA Women's Euro,2025,Europe,Group Stage,851,Netherlands Women's,861,France Women's,2,5,3,available,St. Jakob-Park,Ivana Martinčić
3998857,2025-07-12,19:00:00.000,53,315,UEFA Women's Euro,2025,Europe,Group Stage,29167,Poland Women's,853,Denmark Women's,3,2,3,available,swissporarena,Olatz Rivera Olmedo
3998856,2025-07-12,19:00:00.000,53,315,UEFA Women's Euro,2025,Europe,Group Stage,858,Sweden Women's,857,Germany Women's,4,1,3,available,Stadion Letzigrund,Silvia Gasperotti
3998855,2025-07-11,19:00:00.000,53,315,UEFA Women's Euro,2025,Europe,Group Stage,855,Italy Women's,863,Spain Women's,1,3,3,available,Stadion Wankdorf,Iuliana Elena Demetrescu
3998854,2025-07-11,19:00:00.000,53,315,UEFA Women's Euro,2025,Europe,Group Stage,864,Portugal Women's,854,Belgium Women's,1,2,3,available,Stade de Tourbillon,Tess Olofsson
3998852,2025-07-10,19:00:00.000,53,315,UEFA Women's Euro,2025,Europe,Group Stage,920,WNT Finland,860,Switzerland Women's,1,1,3,available,Stade de Genève,Stéphanie Frappart
3998851,2025-07-09,16:00:00.000,53,315,UEFA Women's Euro,2025,Europe,Group Stage,865,England Women's,851,Netherlands Women's,4,0,2,available,Stadion Letzigrund,Edina Alves Batista
3998850,2025-07-09,19:00:00.000,53,315,UEFA Women's Euro,2025,Europe,Group Stage,861,France Women's,2456,Wales W,4,1,2,available,Kybunpark,Désirée Grundbacher
3998848,2025-07-08,19:00:00.000,53,315,UEFA Women's Euro,2025,Europe,Group Stage,29167,Poland Women's,858,Sweden Women's,0,3,2,available,swissporarena,Maria Sole Ferrieri Caputi
3998849,2025-07-08,16:00:00.000,53,315,UEFA Women's Euro,2025,Europe,Group Stage,857,Germany Women's,853,Denmark Women's,2,1,2,available,St. Jakob-Park,Catarina Isabel Ferreira Campos
3998846,2025-07-07,19:00:00.000,53,315,UEFA Women's Euro,2025,Europe,Group Stage,864,Portugal Women's,855,Italy Women's,1,1,2,available,Stade de Genève,Ivana Martinčić
3998847,2025-07-07,16:00:00.000,53,315,UEFA Women's Euro,2025,Europe,Group Stage,863,Spain Women's,854,Belgium Women's,6,2,2,available,Stockhorn Arena,Katalin Kulcsar
3998844,2025-07-06,19:00:00.000,53,315,UEFA Women's Euro,2025,Europe,Group Stage,860,Switzerland Women's,862,Iceland Women's,2,0,2,available,Stadion Wankdorf,Marta Huerta de Aza
3998845,2025-07-06,16:00:00.000,53,315,UEFA Women's Euro,2025,Europe,Group Stage,852,Norway Women's,920,WNT Finland,2,1,2,available,Stade de Tourbillon,Silvia Gasperotti
3998842,2025-07-05,16:00:00.000,53,315,UEFA Women's Euro,2025,Europe,Group Stage,2456,Wales W,851,Netherlands Women's,0,3,1,available,swissporarena,Frida Mia Klarlund Nielsen
3998843,2025-07-05,19:00:00.000,53,315,UEFA Women's Euro,2025,Europe,Group Stage,861,France Women's,865,England Women's,2,1,1,available,Stadion Letzigrund,Tess Olofsson
3998840,2025-07-04,19:00:00.000,53,315,UEFA Women's Euro,2025,Europe,Group Stage,857,Germany Women's,29167,Poland Women's,2,0,1,available,Kybunpark,Stéphanie Frappart
3998839,2025-07-03,19:00:00.000,53,315,UEFA Women's Euro,2025,Europe,Group Stage,863,Spain Women's,864,Portugal Women's,5,0,1,available,Stadion Wankdorf,Iuliana Elena Demetrescu
3998836,2025-07-02,16:00:00.000,53,315,UEFA Women's Euro,2025,Europe,Group Stage,862,Iceland Women's,920,WNT Finland,0,1,1,available,Stockhorn Arena,Katalin Kulcsar
3835320,2022-07-07,19:00:00.000,53,106,UEFA Women's Euro,2022,Europe,Group Stage,852,Norway Women's,2457,Northern Ireland W,4,1,1,available,St. Mary's Stadium,Lina Lehtovaara
3835326,2022-07-10,16:00:00.000,53,106,UEFA Women's Euro,2022,Europe,Group Stage,854,Belgium Women's,862,Iceland Women's,1,1,1,available,Joie Stadium,Tess Olofsson
3835324,2022-07-09,19:00:00.000,53,106,UEFA Women's Euro,2022,Europe,Group Stage,851,Netherlands Women's,858,Sweden Women's,1,1,1,available,Bramall Lane,Cheryl Foster
3835336,2022-07-15,19:00:00.000,53,106,UEFA Women's Euro,2022,Europe,Group Stage,859,Austria Women's,852,Norway Women's,1,0,3,available,The American Express Community Stadium,Kateryna Monzul
3835334,2022-07-14,16:00:00.000,53,106,UEFA Women's Euro,2022,Europe,Group Stage,855,Italy Women's,862,Iceland Women's,1,1,2,available,Joie Stadium,Lina Lehtovaara
3844386,2022-07-22,19:00:00.000,53,106,UEFA Women's Euro,2022,Europe,Quarter-finals,858,Sweden Women's,854,Belgium Women's,1,0,4,available,Leigh Sports Village Stadium,Kateryna Monzul
3835327,2022-07-11,19:00:00.000,53,106,UEFA Women's Euro,2022,Europe,Group Stage,865,England Women's,852,Norway Women's,8,0,2,available,The American Express Community Stadium,Riem Hussein
3835330,2022-07-12,19:00:00.000,53,106,UEFA Women's Euro,2022,Europe,Group Stage,857,Germany Women's,863,Spain Women's,2,0,2,available,Gtech Community Stadium,Stéphanie Frappart
3844385,2022-07-21,19:00:00.000,53,106,UEFA Women's Euro,2022,Europe,Quarter-finals,857,Germany Women's,859,Austria Women's,2,0,4,available,Gtech Community Stadium,Rebecca Welch
3835339,2022-07-17,16:00:00.000,53,106,UEFA Women's Euro,2022,Europe,Group Stage,860,Switzerland Women's,851,Netherlands Women's,1,4,3,available,Bramall Lane,Iuliana Elena Demetrescu
3835331,2022-07-13,16:00:00.000,53,106,UEFA Women's Euro,2022,Europe,Group Stage,858,Sweden Women's,860,Switzerland Women's,2,1,2,available,Bramall Lane,Marta Huerta de Aza
3845507,2022-07-27,19:00:00.000,53,106,UEFA Women's Euro,2022,Europe,Semi-finals,857,Germany Women's,861,France Women's,2,1,5,available,Stadium MK,Cheryl Foster
3835321,2022-07-08,16:00:00.000,53,106,UEFA Women's Euro,2022,Europe,Group Stage,863,Spain Women's,920,WNT Finland,4,1,1,available,Stadium MK,Kateryna Monzul
3844384,2022-07-20,21:00:00.000,53,106,UEFA Women's Euro,2022,Europe,Quarter-finals,865,England Women's,863,Spain Women's,2,1,4,available,The American Express Community Stadium,Stéphanie Frappart
3847567,2022-07-31,18:00:00.000,53,106,UEFA Women's Euro,2022,Europe,Final,865,England Women's,857,Germany Women's,2,1,6,available,Wembley Stadium,Kateryna Monzul
3845506,2022-07-26,21:00:00.000,53,106,UEFA Women's Euro,2022,Europe,Semi-finals,865,England Women's,858,Sweden Women's,4,0,5,available,Bramall Lane,Esther Staubli
3835335,2022-07-15,19:00:00.000,53,106,UEFA Women's Euro,2022,Europe,Group Stage,2457,Northern Ireland W,865,England Women's,0,5,3,available,St. Mary's Stadium,Esther Staubli
3835323,2022-07-09,16:00:00.000,53,106,UEFA Women's Euro,2022,Europe,Group Stage,864,Portugal Women's,860,Switzerland Women's,2,2,1,available,Leigh Sports Village Stadium,Jana Adamkova
3835325,2022-07-10,19:00:00.000,53,106,UEFA Women's Euro,2022,Europe,Group Stage,861,France Women's,855,Italy Women's,5,1,1,available,AESSEAL New York Stadium ,Rebecca Welch
3844387,2022-07-23,19:00:00.000,53,106,UEFA Women's Euro,2022,Europe,Quarter-finals,861,France Women's,851,Netherlands Women's,1,0,4,available,AESSEAL New York Stadium ,Ivana Martinčić
3835342,2022-07-18,19:00:00.000,53,106,UEFA Women's Euro,2022,Europe,Group Stage,862,Iceland Women's,861,France Women's,1,1,3,available,AESSEAL New York Stadium ,Jana Adamkova
3835337,2022-07-16,19:00:00.000,53,106,UEFA Women's Euro,2022,Europe,Group Stage,853,Denmark Women's,863,Spain Women's,0,1,3,available,Gtech Community Stadium,Rebecca Welch
3835338,2022-07-16,19:00:00.000,53,106,UEFA Women's Euro,2022,Europe,Group Stage,920,WNT Finland,857,Germany Women's,0,3,3,available,Stadium MK,Emikar Caldera Barrera
3835329,2022-07-12,16:00:00.000,53,106,UEFA Women's Euro,2022,Europe,Group Stage,853,Denmark Women's,920,WNT Finland,1,0,2,available,Stadium MK,Iuliana Elena Demetrescu
3835322,2022-07-08,19:00:00.000,53,106,UEFA Women's Euro,2022,Europe,Group Stage,857,Germany Women's,853,Denmark Women's,4,0,1,available,Gtech Community Stadium,Esther Staubli
3835332,2022-07-13,19:00:00.000,53,106,UEFA Women's Euro,2022,Europe,Group Stage,851,Netherlands Women's,864,Portugal Women's,3,2,2,available,Leigh Sports Village Stadium,Ivana Martinčić
3835341,2022-07-18,21:00:00.000,53,106,UEFA Women's Euro,2022,Europe,Group Stage,855,Italy Women's,854,Belgium Women's,0,1,3,available,Joie Stadium,Ivana Martinčić
3835340,2022-07-17,16:00:00.000,53,106,UEFA Women's Euro,2022,Europe,Group Stage,858,Sweden Women's,864,Portugal Women's,5,0,3,available,Leigh Sports Village Stadium,Stéphanie Frappart
3835328,2022-07-11,16:00:00.000,53,106,UEFA Women's Euro,2022,Europe,Group Stage,859,Austria Women's,2457,Northern Ireland W,2,0,2,available,St. Mary's Stadium,Emikar Caldera Barrera
3835333,2022-07-14,19:00:00.000,53,106,UEFA Women's Euro,2022,Europe,Group Stage,861,France Women's,854,Belgium Women's,2,1,2,available,AESSEAL New York Stadium ,Cheryl Foster
3835319,2022-07-06,19:00:00.000,53,106,UEFA Women's Euro,2022,Europe,Group Stage,865,England Women's,859,Austria Women's,1,0,1,available,Old Trafford,Marta Huerta de Aza
3893834,2023-08-03,10:00:00.000,72,107,Women's World Cup,2023,International,Group Stage,2391,Morocco Women's,16802,Colombia Women's,1,0,3,available,HBF Park,Maria Sole Ferrieri Caputi
3893808,2023-07-27,01:00:00.000,72,107,Women's World Cup,2023,International,Group Stage,1214,United States Women's,851,Netherlands Women's,1,1,2,available,Wellington Regional Stadium,Yoshimi Yamashita
3893818,2023-07-30,09:30:00.000,72,107,Women's World Cup,2023,International,Group Stage,857,Germany Women's,16802,Colombia Women's,1,2,2,available,Allianz Stadium (Sydney),Melissa Paola Borjas Pastrana
3893795,2023-07-22,12:00:00.000,72,107,Women's World Cup,2023,International,Group Stage,853,Denmark Women's,1207,China PR Women's,1,0,1,available,HBF Park,Marie-Soleil Beaudoin
3893825,2023-08-01,11:00:00.000,72,107,Women's World Cup,2023,International,Group Stage,2355,Haiti Women's,853,Denmark Women's,0,2,3,available,HBF Park,Hyeon-Jeong Oh
3893798,2023-07-23,10:00:00.000,72,107,Women's World Cup,2023,International,Group Stage,861,France Women's,1212,Jamaica Women's,0,0,1,available,Allianz Stadium (Sydney),María Belén Carvajal Peña
3893832,2023-08-02,10:00:00.000,72,107,Women's World Cup,2023,International,Group Stage,1212,Jamaica Women's,1203,Brazil Women's,0,0,3,available,AAMI Park,Esther Staubli
3893829,2023-08-02,10:00:00.000,72,107,Women's World Cup,2023,International,Group Stage,16803,Panama Women's,861,France Women's,3,6,3,available,Allianz Stadium (Sydney),Laura Fortunato
3893805,2023-07-26,05:00:00.000,72,107,Women's World Cup,2023,International,Group Stage,1210,Japan Women's,1832,Costa Rica Women's,2,0,2,available,Forsyth Barr,Maria Sole Ferrieri Caputi
3901734,2023-08-05,08:00:00.000,72,107,Women's World Cup,2023,International,Round of 16,1210,Japan Women's,852,Norway Women's,3,1,4,available,Wellington Regional Stadium,Edina Alves Batista
3893802,2023-07-25,02:00:00.000,72,107,Women's World Cup,2023,International,Group Stage,16802,Colombia Women's,1211,Korea Republic Women's,2,0,1,available,Allianz Stadium (Sydney),Rebecca Welch
3893799,2023-07-24,08:30:00.000,72,107,Women's World Cup,2023,International,Group Stage,857,Germany Women's,2391,Morocco Women's,6,0,1,available,AAMI Park,Tori Penso
3893824,2023-07-31,10:00:00.000,72,107,Women's World Cup,2023,International,Group Stage,16768,Republic of Ireland Women's,1213,Nigeria Women's,0,0,3,available,Victoria Park,Katia Itzel García
3893827,2023-08-01,07:00:00.000,72,107,Women's World Cup,2023,International,Group Stage,16769,Vietnam Women's,851,Netherlands Women's,0,7,3,available,Forsyth Barr,Ivana Martinčić
3893819,2023-07-30,04:30:00.000,72,107,Women's World Cup,2023,International,Group Stage,1211,Korea Republic Women's,2391,Morocco Women's,0,1,2,available,Coopers Stadium,Edina Alves Batista
3893815,2023-07-29,10:00:00.000,72,107,Women's World Cup,2023,International,Group Stage,861,France Women's,1203,Brazil Women's,2,1,2,available,Victoria Park,Katherine Margaret Jacewicz
3893800,2023-07-24,06:00:00.000,72,107,Women's World Cup,2023,International,Group Stage,855,Italy Women's,1204,Argentina Women's,1,0,1,available,Eden Park,Melissa Paola Borjas Pastrana
3893816,2023-07-29,12:30:00.000,72,107,Women's World Cup,2023,International,Group Stage,16803,Panama Women's,1212,Jamaica Women's,0,1,2,available,HBF Park,Kateryna Monzul
3893830,2023-08-02,07:00:00.000,72,107,Women's World Cup,2023,International,Group Stage,1204,Argentina Women's,858,Sweden Women's,0,2,3,available,FMG Stadium Waikato,Salima Mukansanga
3893833,2023-08-03,10:00:00.000,72,107,Women's World Cup,2023,International,Group Stage,1211,Korea Republic Women's,857,Germany Women's,1,1,3,available,Victoria Park,Anna-Marie Keighley
3901833,2023-08-08,11:00:00.000,72,107,Women's World Cup,2023,International,Round of 16,861,France Women's,2391,Morocco Women's,4,0,4,available,Coopers Stadium,Tori Penso
3901736,2023-08-07,10:30:00.000,72,107,Women's World Cup,2023,International,Round of 16,1205,Australia Women's,853,Denmark Women's,2,0,4,available,Accor Stadium,Rebecca Welch
3902968,2023-08-12,07:00:00.000,72,107,Women's World Cup,2023,International,Quarter-finals,1205,Australia Women's,861,France Women's,0,0,5,available,Victoria Park,María Belén Carvajal Peña
3893793,2023-07-22,07:00:00.000,72,107,Women's World Cup,2023,International,Group Stage,6045,Zambia W,1210,Japan Women's,0,5,1,available,FMG Stadium Waikato,Tess Olofsson
3893826,2023-08-01,07:00:00.000,72,107,Women's World Cup,2023,International,Group Stage,864,Portugal Women's,1214,United States Women's,0,0,3,available,Eden Park,Rebecca Welch
3893823,2023-07-31,07:00:00.000,72,107,Women's World Cup,2023,International,Group Stage,1832,Costa Rica Women's,6045,Zambia W,1,3,3,available,FMG Stadium Waikato,Bouchra Karboubi
3893813,2023-07-28,11:00:00.000,72,107,Women's World Cup,2023,International,Group Stage,1207,China PR Women's,2355,Haiti Women's,1,0,2,available,Coopers Stadium,Marta Huerta de Aza
3893790,2023-07-21,02:30:00.000,72,107,Women's World Cup,2023,International,Group Stage,1213,Nigeria Women's,1206,Canada Women's,0,0,1,available,AAMI Park,Lina Lehtovaara
3893796,2023-07-23,05:00:00.000,72,107,Women's World Cup,2023,International,Group Stage,858,Sweden Women's,1216,South Africa Women's,2,1,1,available,Wellington Regional Stadium,Katja Koroleva
3893831,2023-08-02,07:00:00.000,72,107,Women's World Cup,2023,International,Group Stage,1216,South Africa Women's,855,Italy Women's,3,2,3,available,Wellington Regional Stadium,María Belén Carvajal Peña
3906390,2023-08-20,13:00:00.000,72,107,Women's World Cup,2023,International,Final,863,Spain Women's,865,England Women's,1,0,7,available,Accor Stadium,Tori Penso
3893804,2023-07-25,08:00:00.000,72,107,Women's World Cup,2023,International,Group Stage,860,Switzerland Women's,852,Norway Women's,0,0,2,available,FMG Stadium Waikato,Stéphanie Frappart
3893791,2023-07-21,07:30:00.000,72,107,Women's World Cup,2023,International,Group Stage,863,Spain Women's,1832,Costa Rica Women's,3,0,1,available,Wellington Regional Stadium,Casey Reibelt
3901733,2023-08-05,05:00:00.000,72,107,Women's World Cup,2023,International,Round of 16,860,Switzerland Women's,863,Spain Women's,1,5,4,available,Eden Park,Cheryl Foster
3893810,2023-07-27,07:30:00.000,72,107,Women's World Cup,2023,International,Group Stage,864,Portugal Women's,16769,Vietnam Women's,2,0,2,available,FMG Stadium Waikato,Salima Mukansanga
3893787,2023-07-20,10:00:00.000,72,107,Women's World Cup,2023,International,Group Stage,1215,New Zealand Women's,852,Norway Women's,1,0,1,available,Eden Park,Yoshimi Yamashita
3893820,2023-07-30,07:00:00.000,72,107,Women's World Cup,2023,International,Group Stage,852,Norway Women's,1106,Philippines Women's,6,0,3,available,Eden Park,Marie-Soleil Beaudoin
3893817,2023-07-30,10:00:00.000,72,107,Women's World Cup,2023,International,Group Stage,860,Switzerland Women's,1215,New Zealand Women's,0,0,3,available,Forsyth Barr,Tori Penso
3904629,2023-08-16,13:00:00.000,72,107,Women's World Cup,2023,International,Semi-finals,1205,Australia Women's,865,England Women's,1,3,6,available,Accor Stadium,Tori Penso
3906389,2023-08-19,11:00:00.000,72,107,Women's World Cup,2023,International,3rd Place Final,858,Sweden Women's,1205,Australia Women's,2,0,7,available,Victoria Park,Cheryl Foster
3893821,2023-07-31,13:00:00.000,72,107,Women's World Cup,2023,International,Group Stage,1206,Canada Women's,1205,Australia Women's,0,4,3,available,AAMI Park,Stéphanie Frappart
3904628,2023-08-15,08:00:00.000,72,107,Women's World Cup,2023,International,Semi-finals,863,Spain Women's,858,Sweden Women's,2,1,6,available,Eden Park,Edina Alves Batista
3893806,2023-07-26,07:30:00.000,72,107,Women's World Cup,2023,International,Group Stage,863,Spain Women's,6045,Zambia W,5,0,2,available,Eden Park,Hyeon-Jeong Oh
3893801,2023-07-24,11:00:00.000,72,107,Women's World Cup,2023,International,Group Stage,1203,Brazil Women's,16803,Panama Women's,4,0,1,available,Coopers Stadium,Cheryl Foster
3893797,2023-07-23,07:30:00.000,72,107,Women's World Cup,2023,International,Group Stage,851,Netherlands Women's,864,Portugal Women's,1,0,1,available,Forsyth Barr,
3893822,2023-07-31,07:00:00.000,72,107,Women's World Cup,2023,International,Group Stage,1210,Japan Women's,863,Spain Women's,4,0,3,available,Wellington Regional Stadium,Katja Koroleva
3893814,2023-07-29,07:30:00.000,72,107,Women's World Cup,2023,International,Group Stage,858,Sweden Women's,855,Italy Women's,5,0,2,available,Wellington Regional Stadium,Cheryl Foster
3901832,2023-08-08,08:00:00.000,72,107,Women's World Cup,2023,International,Round of 16,16802,Colombia Women's,1212,Jamaica Women's,1,0,4,available,AAMI Park,Katherine Margaret Jacewicz
3902967,2023-08-12,10:30:00.000,72,107,Women's World Cup,2023,International,Quarter-finals,865,England Women's,16802,Colombia Women's,2,1,5,available,Accor Stadium,Katja Koroleva
3901797,2023-08-06,09:00:00.000,72,107,Women's World Cup,2023,International,Round of 16,858,Sweden Women's,1214,United States Women's,0,0,4,available,AAMI Park,Stéphanie Frappart
3901796,2023-08-06,02:00:00.000,72,107,Women's World Cup,2023,International,Round of 16,851,Netherlands Women's,1216,South Africa Women's,2,0,4,available,Allianz Stadium (Sydney),Yoshimi Yamashita
3902240,2023-08-11,01:00:00.000,72,107,Women's World Cup,2023,International,Quarter-finals,863,Spain Women's,851,Netherlands Women's,2,1,5,available,Wellington Regional Stadium,Stéphanie Frappart
3902239,2023-08-11,07:30:00.000,72,107,Women's World Cup,2023,International,Quarter-finals,1210,Japan Women's,858,Sweden Women's,1,2,5,available,Eden Park,Esther Staubli
3901735,2023-08-07,07:30:00.000,72,107,Women's World Cup,2023,International,Round of 16,865,England Women's,1213,Nigeria Women's,0,0,4,available,Suncorp Stadium,Melissa Paola Borjas Pastrana
3893811,2023-07-28,08:30:00.000,72,107,Women's World Cup,2023,International,Group Stage,865,England Women's,853,Denmark Women's,1,0,2,available,Allianz Stadium (Sydney),Tess Olofsson
3893812,2023-07-28,00:00:00.000,72,107,Women's World Cup,2023,International,Group Stage,1204,Argentina Women's,1216,South Africa Women's,2,2,2,available,Forsyth Barr,Anna-Marie Keighley
3893809,2023-07-27,13:00:00.000,72,107,Women's World Cup,2023,International,Group Stage,1205,Australia Women's,1213,Nigeria Women's,2,3,2,available,Victoria Park,Esther Staubli
3893807,2023-07-26,12:00:00.000,72,107,Women's World Cup,2023,International,Group Stage,1206,Canada Women's,16768,Republic of Ireland Women's,2,1,2,available,HBF Park,Laura Fortunato
3893788,2023-07-20,13:00:00.000,72,107,Women's World Cup,2023,International,Group Stage,1205,Australia Women's,16768,Republic of Ireland Women's,1,0,1,available,Accor Stadium,Edina Alves Batista
3893789,2023-07-21,05:00:00.000,72,107,Women's World Cup,2023,International,Group Stage,1106,Philippines Women's,860,Switzerland Women's,0,2,1,available,Forsyth Barr,Vincentia Enyonam Amedome
3893794,2023-07-22,09:30:00.000,72,107,Women's World Cup,2023,International,Group Stage,865,England Women's,2355,Haiti Women's,1,0,1,available,Victoria Park,Emikar Caldera Barrera
3893792,2023-07-22,01:00:00.000,72,107,Women's World Cup,2023,International,Group Stage,1214,United States Women's,16769,Vietnam Women's,3,0,1,available,Eden Park,Bouchra Karboubi
3893828,2023-08-01,11:00:00.000,72,107,Women's World Cup,2023,International,Group Stage,1207,China PR Women's,865,England Women's,1,6,3,available,Coopers Stadium,Casey Reibelt
3893803,2023-07-25,08:30:00.000,72,107,Women's World Cup,2023,International,Group Stage,1215,New Zealand Women's,1106,Philippines Women's,0,1,2,available,Wellington Regional Stadium,Katia Itzel García
69284,2019-07-03,19:00:00.000,72,30,Women's World Cup,2019,International,Semi-finals,851,Netherlands Women's,858,Sweden Women's,1,0,6,available,Groupama Stadium,Marie-Soleil Beaudoin
68312,2019-06-18,19:00:00.000,72,30,Women's World Cup,2019,International,Group Stage,855,Italy Women's,1203,Brazil Women's,0,1,3,available,Stade du Hainaut,Lucila Venegas Montes
69163,2019-06-24,19:00:00.000,72,30,Women's World Cup,2019,International,Round of 16,858,Sweden Women's,1206,Canada Women's,1,0,4,available,Parc des Princes ,Katherine Margaret Jacewicz
22964,2019-06-15,13:00:00.000,72,30,Women's World Cup,2019,International,Group Stage,851,Netherlands Women's,1208,Cameroon W,3,1,2,available,Stade du Hainaut,
69301,2019-07-06,15:00:00.000,72,30,Women's World Cup,2019,International,3rd Place Final,865,England Women's,858,Sweden Women's,1,2,7,available,Allianz Riviera ,Anastasia Pustovoytova
22963,2019-06-14,16:00:00.000,72,30,Women's World Cup,2019,International,Group Stage,1212,Jamaica Women's,855,Italy Women's,0,5,2,available,Stade Auguste-Delaune II ,
69137,2019-06-23,19:00:00.000,72,30,Women's World Cup,2019,International,Round of 16,861,France Women's,1203,Brazil Women's,2,1,4,available,Stade Océane,Marie-Soleil Beaudoin
68355,2019-06-22,15:30:00.000,72,30,Women's World Cup,2019,International,Round of 16,857,Germany Women's,1213,Nigeria Women's,3,0,4,available,Stade des Alpes,
68357,2019-06-22,19:00:00.000,72,30,Women's World Cup,2019,International,Round of 16,852,Norway Women's,1205,Australia Women's,1,1,4,available,Allianz Riviera ,Riem Hussein
22973,2019-06-16,13:00:00.000,72,30,Women's World Cup,2019,International,Group Stage,858,Sweden Women's,1107,Thailand W,5,1,2,available,Allianz Riviera ,
68346,2019-06-20,16:00:00.000,72,30,Women's World Cup,2019,International,Group Stage,1208,Cameroon W,1215,New Zealand Women's,2,1,3,available,Stade de la Mosson ,Kateryna Monzul
22983,2019-06-17,16:00:00.000,72,30,Women's World Cup,2019,International,Group Stage,1207,China PR Women's,863,Spain Women's,0,0,3,available,Stade Océane,
69208,2019-06-29,16:30:00.000,72,30,Women's World Cup,2019,International,Quarter-finals,857,Germany Women's,858,Sweden Women's,1,2,5,available,Roazhon Park,Stéphanie Frappart
22949,2019-06-12,16:00:00.000,72,30,Women's World Cup,2019,International,Group Stage,857,Germany Women's,863,Spain Women's,1,0,2,available,Stade du Hainaut,Kateryna Monzul
69321,2019-07-07,15:00:00.000,72,30,Women's World Cup,2019,International,Final,1214,United States Women's,851,Netherlands Women's,2,0,7,available,Groupama Stadium,Stéphanie Frappart
22943,2019-06-11,19:00:00.000,72,30,Women's World Cup,2019,International,Group Stage,1214,United States Women's,1107,Thailand W,13,0,1,available,Stade Auguste-Delaune II ,
68362,2019-06-23,15:30:00.000,72,30,Women's World Cup,2019,International,Round of 16,865,England Women's,1208,Cameroon W,3,0,4,available,Stade du Hainaut,
68343,2019-06-20,19:00:00.000,72,30,Women's World Cup,2019,International,Group Stage,1107,Thailand W,1209,Chile Women's,0,2,3,available,Roazhon Park,
68311,2019-06-18,19:00:00.000,72,30,Women's World Cup,2019,International,Group Stage,1212,Jamaica Women's,1205,Australia Women's,1,4,3,available,Stade des Alpes,Katalin Kulcsar
22980,2019-06-17,19:00:00.000,72,30,Women's World Cup,2019,International,Group Stage,1213,Nigeria Women's,861,France Women's,0,1,3,available,Roazhon Park,Melissa Paola Borjas Pastrana
69202,2019-06-28,19:00:00.000,72,30,Women's World Cup,2019,International,Quarter-finals,861,France Women's,1214,United States Women's,1,2,5,available,Parc des Princes ,Kateryna Monzul
69258,2019-07-02,19:00:00.000,72,30,Women's World Cup,2019,International,Semi-finals,865,England Women's,1214,United States Women's,1,2,6,available,Groupama Stadium,
22948,2019-06-12,19:00:00.000,72,30,Women's World Cup,2019,International,Group Stage,861,France Women's,852,Norway Women's,2,1,2,available,Allianz Riviera ,
22966,2019-06-15,19:00:00.000,72,30,Women's World Cup,2019,International,Group Stage,1206,Canada Women's,1215,New Zealand Women's,2,0,2,available,Stade des Alpes,
22961,2019-06-14,13:00:00.000,72,30,Women's World Cup,2019,International,Group Stage,1210,Japan Women's,866,Scotland W,2,1,2,available,Roazhon Park,
22955,2019-06-13,16:00:00.000,72,30,Women's World Cup,2019,International,Group Stage,1205,Australia Women's,1203,Brazil Women's,3,2,2,available,Stade de la Mosson ,Esther Staubli
69188,2019-06-25,19:00:00.000,72,30,Women's World Cup,2019,International,Round of 16,851,Netherlands Women's,1210,Japan Women's,2,1,4,available,Roazhon Park,Melissa Paola Borjas Pastrana
69191,2019-06-25,16:00:00.000,72,30,Women's World Cup,2019,International,Round of 16,855,Italy Women's,1207,China PR Women's,2,0,4,available,Stade de la Mosson ,
68344,2019-06-20,16:00:00.000,72,30,Women's World Cup,2019,International,Group Stage,851,Netherlands Women's,1206,Canada Women's,2,1,3,available,Stade Auguste-Delaune II ,Stéphanie Frappart
22962,2019-06-14,19:00:00.000,72,30,Women's World Cup,2019,International,Group Stage,865,England Women's,1204,Argentina Women's,1,0,2,available,Stade Océane,
68338,2019-06-19,19:00:00.000,72,30,Women's World Cup,2019,International,Group Stage,866,Scotland W,1204,Argentina Women's,3,3,3,available,Parc des Princes ,Ok Ri-Hyang
22936,2019-06-09,16:00:00.000,72,30,Women's World Cup,2019,International,Group Stage,865,England Women's,866,Scotland W,2,1,1,available,Wembley Stadium,Jana Adamkova
22926,2019-06-08,13:00:00.000,72,30,Women's World Cup,2019,International,Group Stage,857,Germany Women's,1207,China PR Women's,1,0,1,available,Roazhon Park,Marie-Soleil Beaudoin
22944,2019-06-11,16:00:00.000,72,30,Women's World Cup,2019,International,Group Stage,1209,Chile Women's,858,Sweden Women's,0,2,1,available,Roazhon Park,Lucila Venegas Montes
22933,2019-06-09,11:00:00.000,72,30,Women's World Cup,2019,International,Group Stage,1205,Australia Women's,855,Italy Women's,1,2,1,available,Stade du Hainaut,Melissa Paola Borjas Pastrana
22940,2019-06-10,16:00:00.000,72,30,Women's World Cup,2019,International,Group Stage,1204,Argentina Women's,1210,Japan Women's,0,0,1,available,Parc des Princes ,Stéphanie Frappart
22945,2019-06-12,13:00:00.000,72,30,Women's World Cup,2019,International,Group Stage,1213,Nigeria Women's,1211,Korea Republic Women's,2,0,2,available,Stade des Alpes,Anastasia Pustovoytova
22956,2019-06-13,19:00:00.000,72,30,Women's World Cup,2019,International,Group Stage,1216,South Africa Women's,1207,China PR Women's,0,1,2,available,Parc des Princes ,Katalin Kulcsar
68345,2019-06-20,19:00:00.000,72,30,Women's World Cup,2019,International,Group Stage,858,Sweden Women's,1214,United States Women's,0,2,3,available,Stade Océane,Anastasia Pustovoytova
68337,2019-06-19,19:00:00.000,72,30,Women's World Cup,2019,International,Group Stage,1210,Japan Women's,865,England Women's,0,2,3,available,Allianz Riviera ,Claudia Umpiérrez
22981,2019-06-17,19:00:00.000,72,30,Women's World Cup,2019,International,Group Stage,1211,Korea Republic Women's,852,Norway Women's,1,2,3,available,Stade Auguste-Delaune II ,Marie-Soleil Beaudoin
22974,2019-06-16,16:00:00.000,72,30,Women's World Cup,2019,International,Group Stage,1214,United States Women's,1209,Chile Women's,3,0,2,available,Parc des Princes ,Riem Hussein
22924,2019-06-08,19:00:00.000,72,30,Women's World Cup,2019,International,Group Stage,852,Norway Women's,1213,Nigeria Women's,3,0,1,available,Stade Auguste-Delaune II ,Katherine Margaret Jacewicz
22921,2019-06-07,19:00:00.000,72,30,Women's World Cup,2019,International,Group Stage,861,France Women's,1211,Korea Republic Women's,4,0,1,available,Parc des Princes ,Claudia Umpiérrez
22930,2019-06-08,16:00:00.000,72,30,Women's World Cup,2019,International,Group Stage,863,Spain Women's,1216,South Africa Women's,3,1,1,available,Stade Océane,
22934,2019-06-09,13:30:00.000,72,30,Women's World Cup,2019,International,Group Stage,1203,Brazil Women's,1212,Jamaica Women's,3,0,1,available,Stade des Alpes,Riem Hussein
22939,2019-06-10,19:00:00.000,72,30,Women's World Cup,2019,International,Group Stage,1206,Canada Women's,1208,Cameroon W,1,0,1,available,Stade de la Mosson ,Ok Ri-Hyang
22942,2019-06-11,13:00:00.000,72,30,Women's World Cup,2019,International,Group Stage,1215,New Zealand Women's,851,Netherlands Women's,0,1,1,available,Stade Océane,
22984,2019-06-17,16:00:00.000,72,30,Women's World Cup,2019,International,Group Stage,1216,South Africa Women's,857,Germany Women's,0,4,3,available,Stade de la Mosson ,Sandra Braz Bastos
69199,2019-06-27,19:00:00.000,72,30,Women's World Cup,2019,International,Quarter-finals,852,Norway Women's,865,England Women's,0,3,5,available,Stade Océane,Lucila Venegas Montes
69205,2019-06-29,13:00:00.000,72,30,Women's World Cup,2019,International,Quarter-finals,855,Italy Women's,851,Netherlands Women's,0,2,5,available,Stade du Hainaut,Claudia Umpiérrez
69161,2019-06-24,16:00:00.000,72,30,Women's World Cup,2019,International,Round of 16,863,Spain Women's,1214,United States Women's,1,2,4,available,Stade Auguste-Delaune II ,Katalin Kulcsar
