source,source_event_id,match_id,index_in_match,competition_id,season_id,competition_name,season_name,country_name,competition_stage_name,match_date,home_team_id,home_team_name,away_team_id,away_team_name,stadium_name,referee_name,period,minute,second,shooter_id,shooter_name,shooter_name_normalized,shooter_team_id,shooter_team_name,shooter_position_name,location_x,location_y,shot_end_location_x,shot_end_location_y,shot_end_location_z,shot_outcome_name,shot_body_part_name,shot_technique_name,shot_statsbomb_xg,n_freeze_frame_players,keeper_id,keeper_name,keeper_name_normalized,keeper_nationality,keeper_resolution_method,gk_freeze_location_x,gk_freeze_location_y,gk_freeze_available,keeper_dive_direction,shot_zone,outcome_bin,outcome_3,is_shootout,shootout_kick_index,shootout_score_for_before,shootout_score_against_before,penalty_id,ingested_at,shot_end_location_x_is_missing,shot_end_location_y_is_missing,shot_end_location_z_is_missing,keeper_id_is_missing,gk_freeze_location_x_is_missing,gk_freeze_location_y_is_missing,shot_zone_is_missing
statsbomb_open_data,77b57057-8c74-4be7-9b9e-f63ed2930173,7443,2100,49,3,NWSL,2018,United States of America,Regular Season,2018-05-05,765,Portland Thorns,760,Seattle Reign,Providence Park,Karen Abt,2,63,29,5002,Jodie Taylor,jodie taylor,760,OL Reign,Center Forward,108.0,40.0,119.0,36.2,0.4,Goal,Right Foot,Normal,0.7835,0,,,,,no_lineup_file,,,False,,low_left,1,scored,False,,,,statsbomb_open_data_77b57057-8c74-4be7-9b9e-f63ed2930173,2026-06-24T16:04:38.431710+00:00,False,False,False,True,True,True,False
statsbomb_open_data,096d740a-b883-49f2-b5f4-05c292286d96,7456,2226,49,3,NWSL,2018,United States of America,Regular Season,2018-05-20,763,NJ/NY Gotham FC,766,North Carolina Courage,Yurcak Field,Danielle Chesky,2,71,40,5097,Carli Anne Hollins,carli anne hollins,763,NJ/NY Gotham FC,Right Center Midfield,109.0,41.0,119.0,36.6,1.0,Saved,Right Foot,Normal,0.7835,0,,,,,no_lineup_file,,,False,,low_left,0,saved,False,,,,statsbomb_open_data_096d740a-b883-49f2-b5f4-05c292286d96,2026-06-24T16:04:38.431710+00:00,False,False,False,True,True,True,False
statsbomb_open_data,76a5686f-4b43-4f13-a416-c86b3b91b7e2,7475,3137,49,3,NWSL,2018,United States of America,Regular Season,2018-07-05,766,North Carolina Courage,761,Chicago Red Stars,WakeMed Soccer Park,Matthew Franz,2,92,10,4963,Yuki Nagasato,yuki nagasato,761,Chicago Red Stars,Right Center Forward,109.0,41.0,120.0,36.2,0.7,Goal,Right Foot,Normal,0.7835,0,,,,,no_lineup_file,,,False,,low_left,1,scored,False,,,,statsbomb_open_data_76a5686f-4b43-4f13-a416-c86b3b91b7e2,2026-06-24T16:04:38.431710+00:00,False,False,False,True,True,True,False
statsbomb_open_data,f573e1d0-d641-46b3-9843-95c626545582,7478,2022,49,3,NWSL,2018,United States of America,Regular Season,2018-07-08,760,Seattle Reign,762,Houston Dash,UW Medicine Pitch at Memorial Stadium,Reyna Fonseca,2,55,55,8298,Megan Anna Rapinoe,megan anna rapinoe,760,OL Reign,Left Wing,109.0,41.0,120.0,36.4,2.3,Goal,Right Foot,Normal,0.7835,0,,,,,no_lineup_file,,,False,,high_left,1,scored,False,,,,statsbomb_open_data_f573e1d0-d641-46b3-9843-95c626545582,2026-06-24T16:04:38.431710+00:00,False,False,False,True,True,True,False
statsbomb_open_data,cb20cf9e-f593-41f6-8859-791fe46a3950,7483,1163,49,3,NWSL,2018,United States of America,Regular Season,2018-07-15,767,Utah Royals,764,Orlando Pride,America First Field,Reyna Fonseca,1,46,2,5085,Alexandra Morgan Carrasco,alexandra morgan carrasco,764,Orlando Pride,Right Center Forward,109.0,41.0,120.0,43.6,2.2,Goal,Left Foot,Normal,0.7835,0,,,,,no_lineup_file,,,False,,high_right,1,scored,False,,,,statsbomb_open_data_cb20cf9e-f593-41f6-8859-791fe46a3950,2026-06-24T16:04:38.431710+00:00,False,False,False,True,True,True,False
statsbomb_open_data,4f396ba1-e90b-47d7-ac39-492c70ebafad,7492,3063,49,3,NWSL,2018,United States of America,Regular Season,2018-08-06,764,Orlando Pride,763,NJ/NY Gotham FC,Inter&Co Stadium,Luis Guardia,2,96,33,5082,Marta Vieira da Silva,marta vieira da silva,764,Orlando Pride,Left Center Forward,108.0,40.0,118.0,42.4,1.3,Saved,Left Foot,Normal,0.7835,0,,,,,no_lineup_file,,,False,,low_right,0,saved,False,,,,statsbomb_open_data_4f396ba1-e90b-47d7-ac39-492c70ebafad,2026-06-24T16:04:38.431710+00:00,False,False,False,True,True,True,False
statsbomb_open_data,7dc322cf-6caa-4146-96ec-51c16fc371ac,7519,982,49,3,NWSL,2018,United States of America,Regular Season,2018-05-31,765,Portland Thorns,766,North Carolina Courage,Providence Park,Joe Dickerson,1,30,47,5055,Lynn Raenie Williams,lynn raenie williams,766,North Carolina Courage,Left Center Forward,109.0,41.0,120.0,44.0,1.6,Goal,Right Foot,Normal,0.7835,0,,,,,no_lineup_file,,,False,,low_right,1,scored,False,,,,statsbomb_open_data_7dc322cf-6caa-4146-96ec-51c16fc371ac,2026-06-24T16:04:38.431710+00:00,False,False,False,True,True,True,False
statsbomb_open_data,43a8d4bd-e830-472b-8632-f71f0416a98d,7529,2511,43,3,FIFA World Cup,2018,International,Group Stage,2018-06-16,785,Croatia,775,Nigeria,Rostec Arena,Sandro Ricci,2,70,51,5463,Luka Modrić,luka modric,785,Croatia,Center Attacking Midfield,109.0,41.0,120.0,36.2,0.3,Goal,Right Foot,Normal,0.7835,0,,,,,no_lineup_file,,,False,,low_left,1,scored,False,,,,statsbomb_open_data_43a8d4bd-e830-472b-8632-f71f0416a98d,2026-06-24T16:04:38.431710+00:00,False,False,False,True,True,True,False
statsbomb_open_data,ae063d62-ef0e-418c-b2c2-db594de6af00,7530,2188,43,3,FIFA World Cup,2018,International,Group Stage,2018-06-16,771,France,792,Australia,Ak Bars Arena,Andrés Cunha,2,57,9,5487,Antoine Griezmann,antoine griezmann,771,France,Center Forward,108.0,40.0,119.0,43.8,1.4,Goal,Left Foot,Normal,0.7835,0,,,,,no_lineup_file,,,False,,low_right,1,scored,False,,,,statsbomb_open_data_ae063d62-ef0e-418c-b2c2-db594de6af00,2026-06-24T16:04:38.431710+00:00,False,False,False,True,True,True,False
statsbomb_open_data,75d2d58d-3f72-4608-a865-27b3042504dd,7530,2252,43,3,FIFA World Cup,2018,International,Group Stage,2018-06-16,771,France,792,Australia,Ak Bars Arena,Andrés Cunha,2,61,16,5489,Mile Jedinak,mile jedinak,792,Australia,Right Center Midfield,109.0,41.0,120.0,42.0,0.2,Goal,Right Foot,Normal,0.7835,0,,,,,no_lineup_file,,,False,,low_right,1,scored,False,,,,statsbomb_open_data_75d2d58d-3f72-4608-a865-27b3042504dd,2026-06-24T16:04:38.431710+00:00,False,False,False,True,True,True,False
statsbomb_open_data,e1b01e75-3d76-4489-9a36-9296a4d2a6cd,7531,2434,43,3,FIFA World Cup,2018,International,Group Stage,2018-06-16,779,Argentina,793,Iceland,Otkritie Bank Arena,Szymon Marciniak,2,63,7,5503,Lionel Andrés Messi Cuccittini,lionel andres messi cuccittini,779,Argentina,Right Attacking Midfield,109.0,41.0,119.0,38.3,1.3,Saved,Left Foot,Normal,0.7835,0,,,,,no_lineup_file,,,False,,low_left,0,saved,False,,,,statsbomb_open_data_e1b01e75-3d76-4489-9a36-9296a4d2a6cd,2026-06-24T16:04:38.431710+00:00,False,False,False,True,True,True,False
statsbomb_open_data,d494b099-6afd-4da2-b6d6-8ad0fccd1dc0,7532,1526,43,3,FIFA World Cup,2018,International,Group Stage,2018-06-16,784,Peru,776,Denmark,Mordovia Arena,Bakary Papa Gassama,1,45,42,5519,Christian Alberto Cueva Bravo,christian alberto cueva bravo,784,Peru,Center Attacking Midfield,108.0,40.0,120.0,40.1,4.1,Off T,Right Foot,Normal,0.7835,0,,,,,no_lineup_file,,,False,,high_center,0,missed,False,,,,statsbomb_open_data_d494b099-6afd-4da2-b6d6-8ad0fccd1dc0,2026-06-24T16:04:38.431710+00:00,False,False,False,True,True,True,False
statsbomb_open_data,bbc786dc-661f-41d6-a9d9-d73b62947ebf,7537,1200,43,3,FIFA World Cup,2018,International,Group Stage,2018-06-18,777,Tunisia,768,England,Volgograd Arena,Wilmar Alexander Roldán Pérez,1,34,50,5650,Ferjani Sassi,ferjani sassi,777,Tunisia,Right Center Midfield,108.0,40.0,119.0,36.4,0.5,Goal,Right Foot,Normal,0.7835,0,,,,,no_lineup_file,,,False,,low_left,1,scored,False,,,,statsbomb_open_data_bbc786dc-661f-41d6-a9d9-d73b62947ebf,2026-06-24T16:04:38.431710+00:00,False,False,False,True,True,True,False
statsbomb_open_data,421b9232-ebb2-4872-a743-aa47254ebc9b,7538,2158,43,3,FIFA World Cup,2018,International,Group Stage,2018-06-18,790,Sweden,791,South Korea,Stadion Nizhny Novgorod (Nizhniy Novgorod),Joel Antonio Aguilar Chicas,2,64,37,5607,Andreas Granqvist,andreas granqvist,790,Sweden,Left Center Back,109.0,41.0,120.0,43.0,0.4,Goal,Right Foot,Normal,0.7835,0,,,,,no_lineup_file,,,False,,low_right,1,scored,False,,,,statsbomb_open_data_421b9232-ebb2-4872-a743-aa47254ebc9b,2026-06-24T16:04:38.431710+00:00,False,False,False,True,True,True,False
statsbomb_open_data,e2dc8ce1-da42-41b2-b1f5-0c6bafe999d2,7540,2488,43,3,FIFA World Cup,2018,International,Group Stage,2018-06-19,796,Russia,774,Egypt,Saint-Petersburg Stadium ( Gazprom Arena ),Enrique Cáceres,2,72,40,3531,Mohamed Salah,mohamed salah,774,Egypt,Right Center Forward,108.0,40.0,120.0,43.4,2.4,Goal,Left Foot,Normal,0.7835,0,,,,,no_lineup_file,,,False,,high_right,1,scored,False,,,,statsbomb_open_data_e2dc8ce1-da42-41b2-b1f5-0c6bafe999d2,2026-06-24T16:04:38.431710+00:00,False,False,False,True,True,True,False
statsbomb_open_data,38891c42-f0d5-429a-9bbc-9d804d53ee8b,7541,164,43,3,FIFA World Cup,2018,International,Group Stage,2018-06-19,769,Colombia,778,Japan,Mordovia Arena,Damir Skomina,1,5,15,5684,Shinji Kagawa,shinji kagawa,778,Japan,Center Attacking Midfield,108.0,40.0,119.0,41.5,0.3,Goal,Right Foot,Normal,0.7835,0,,,,,no_lineup_file,,,False,,low_right,1,scored,False,,,,statsbomb_open_data_38891c42-f0d5-429a-9bbc-9d804d53ee8b,2026-06-24T16:04:38.431710+00:00,False,False,False,True,True,True,False
statsbomb_open_data,18e9cb17-464e-4e41-8938-8319f4988921,7547,1474,43,3,FIFA World Cup,2018,International,Group Stage,2018-06-21,776,Denmark,792,Australia,Solidarnost Arena,Antonio Miguel Mateu Lahoz,1,37,56,5489,Mile Jedinak,mile jedinak,792,Australia,Left Center Midfield,109.0,41.0,120.0,42.4,0.2,Goal,Right Foot,Normal,0.7835,0,,,,,no_lineup_file,,,False,,low_right,1,scored,False,,,,statsbomb_open_data_18e9cb17-464e-4e41-8938-8319f4988921,2026-06-24T16:04:38.431710+00:00,False,False,False,True,True,True,False
statsbomb_open_data,cc293811-b6d3-41d9-9d33-7e94c83070b6,7549,2710,43,3,FIFA World Cup,2018,International,Group Stage,2018-06-22,775,Nigeria,793,Iceland,Volgograd Arena,Matthew Conger,2,82,8,3944,Gylfi Þór Sigurðsson,gylfi thor sigurdsson,793,Iceland,Left Defensive Midfield,108.0,40.0,120.0,43.2,3.9,Off T,Right Foot,Normal,0.7835,0,,,,,no_lineup_file,,,False,,high_right,0,missed,False,,,,statsbomb_open_data_cc293811-b6d3-41d9-9d33-7e94c83070b6,2026-06-24T16:04:38.431710+00:00,False,False,False,True,True,True,False
statsbomb_open_data,a51c4b26-1125-4a7b-9005-7310affbad74,7552,226,43,3,FIFA World Cup,2018,International,Group Stage,2018-06-23,782,Belgium,777,Tunisia,Otkritie Bank Arena,Jair Marrufo,1,6,0,3621,Eden Hazard,eden hazard,782,Belgium,Left Wing,108.0,40.0,120.0,37.0,0.0,Goal,Right Foot,Normal,0.7835,0,,,,,no_lineup_file,,,False,,low_left,1,scored,False,,,,statsbomb_open_data_a51c4b26-1125-4a7b-9005-7310affbad74,2026-06-24T16:04:38.431710+00:00,False,False,False,True,True,True,False
statsbomb_open_data,9fbe33b4-b777-4746-9cc0-ac621f278d7b,7553,849,43,3,FIFA World Cup,2018,International,Group Stage,2018-06-23,791,South Korea,794,Mexico,Rostov Arena,Milorad Mažić,1,25,22,5560,Carlos Alberto Vela Garrido,carlos alberto vela garrido,794,Mexico,Center Attacking Midfield,109.0,41.0,120.0,41.5,1.8,Goal,Left Foot,Normal,0.7835,0,,,,,no_lineup_file,,,False,,low_right,1,scored,False,,,,statsbomb_open_data_9fbe33b4-b777-4746-9cc0-ac621f278d7b,2026-06-24T16:04:38.431710+00:00,False,False,False,True,True,True,False
statsbomb_open_data,4b8bad04-11a8-4517-ab24-922461fdf387,7554,671,43,3,FIFA World Cup,2018,International,Group Stage,2018-06-24,768,England,798,Panama,Stadion Nizhny Novgorod (Nizhniy Novgorod),Ghead Grisha,1,21,35,10955,Harry Kane,harry kane,768,England,Left Center Forward,109.0,41.0,120.0,36.6,2.0,Goal,Right Foot,Normal,0.7835,0,,,,,no_lineup_file,,,False,,high_left,1,scored,False,,,,statsbomb_open_data_4b8bad04-11a8-4517-ab24-922461fdf387,2026-06-24T16:04:38.431710+00:00,False,False,False,True,True,True,False
statsbomb_open_data,0c03bd8b-c802-43bc-b710-21b9e7db896e,7554,1322,43,3,FIFA World Cup,2018,International,Group Stage,2018-06-24,768,England,798,Panama,Stadion Nizhny Novgorod (Nizhniy Novgorod),Ghead Grisha,1,45,16,10955,Harry Kane,harry kane,768,England,Left Center Forward,109.0,41.0,120.0,37.8,1.6,Goal,Right Foot,Normal,0.7835,0,,,,,no_lineup_file,,,False,,low_left,1,scored,False,,,,statsbomb_open_data_0c03bd8b-c802-43bc-b710-21b9e7db896e,2026-06-24T16:04:38.431710+00:00,False,False,False,True,True,True,False
statsbomb_open_data,020d19c3-c136-4f6c-a2e3-3e572617e232,7557,2045,43,3,FIFA World Cup,2018,International,Group Stage,2018-06-25,797,Iran,780,Portugal,Mordovia Arena,Enrique Cáceres,2,52,22,5207,Cristiano Ronaldo dos Santos Aveiro,cristiano ronaldo dos santos aveiro,780,Portugal,Left Center Forward,108.0,40.0,119.0,42.4,0.9,Saved,Right Foot,Normal,0.7835,0,,,,,no_lineup_file,,,False,,low_right,0,saved,False,,,,statsbomb_open_data_020d19c3-c136-4f6c-a2e3-3e572617e232,2026-06-24T16:04:38.431710+00:00,False,False,False,True,True,True,False
statsbomb_open_data,7e7f381c-ecbc-4bde-84dd-7520b3e10f41,7557,3098,43,3,FIFA World Cup,2018,International,Group Stage,2018-06-25,797,Iran,780,Portugal,Mordovia Arena,Enrique Cáceres,2,92,47,5231,Karim Ansarifard,karim ansarifard,797,Iran,Center Defensive Midfield,109.0,41.0,120.0,42.6,2.5,Goal,Right Foot,Normal,0.7835,0,,,,,no_lineup_file,,,False,,high_right,1,scored,False,,,,statsbomb_open_data_7e7f381c-ecbc-4bde-84dd-7520b3e10f41,2026-06-24T16:04:38.431710+00:00,False,False,False,True,True,True,False
statsbomb_open_data,03f43186-4b6f-4554-ae91-634ecf05fb62,7559,1697,43,3,FIFA World Cup,2018,International,Group Stage,2018-06-25,799,Saudi Arabia,774,Egypt,Volgograd Arena,Wilmar Alexander Roldán Pérez,1,40,16,5190,Fahad Mosaed Al Muwallad Al Harbi,fahad mosaed al muwallad al harbi,799,Saudi Arabia,Center Forward,108.0,40.0,120.0,37.6,0.3,Saved,Right Foot,Normal,0.7835,0,,,,,no_lineup_file,,,False,,low_left,0,saved,False,,,,statsbomb_open_data_03f43186-4b6f-4554-ae91-634ecf05fb62,2026-06-24T16:04:38.431710+00:00,False,False,False,True,True,True,False
statsbomb_open_data,abc4a06f-f5c9-4c7e-9cf5-fd808e32bc19,7559,1853,43,3,FIFA World Cup,2018,International,Group Stage,2018-06-25,799,Saudi Arabia,774,Egypt,Volgograd Arena,Wilmar Alexander Roldán Pérez,1,50,35,5178,Salman Mohammed Al Faraj,salman mohammed al faraj,799,Saudi Arabia,Left Center Midfield,108.0,40.0,120.0,37.4,2.3,Goal,Left Foot,Normal,0.7835,0,,,,,no_lineup_file,,,False,,high_left,1,scored,False,,,,statsbomb_open_data_abc4a06f-f5c9-4c7e-9cf5-fd808e32bc19,2026-06-24T16:04:38.431710+00:00,False,False,False,True,True,True,False
statsbomb_open_data,0cf61331-1a85-412b-84fe-0c2a77b80462,7561,2933,43,3,FIFA World Cup,2018,International,Group Stage,2018-06-26,793,Iceland,785,Croatia,Rostov Arena,Antonio Miguel Mateu Lahoz,2,75,9,3944,Gylfi Þór Sigurðsson,gylfi thor sigurdsson,793,Iceland,Right Center Midfield,109.0,41.0,120.0,40.7,2.4,Goal,Right Foot,Normal,0.7835,0,,,,,no_lineup_file,,,False,,high_center,1,scored,False,,,,statsbomb_open_data_0cf61331-1a85-412b-84fe-0c2a77b80462,2026-06-24T16:04:38.431710+00:00,False,False,False,True,True,True,False
statsbomb_open_data,55345a5a-f563-4e96-a584-ec152a58a474,7564,1971,43,3,FIFA World Cup,2018,International,Group Stage,2018-06-26,775,Nigeria,779,Argentina,Saint-Petersburg Stadium ( Gazprom Arena ),Cüneyt Çakιr,2,50,24,3963,Victor Moses,victor moses,775,Nigeria,Right Wing Back,109.0,41.0,120.0,42.2,0.4,Goal,Right Foot,Normal,0.7835,0,,,,,no_lineup_file,,,False,,low_right,1,scored,False,,,,statsbomb_open_data_55345a5a-f563-4e96-a584-ec152a58a474,2026-06-24T16:04:38.431710+00:00,False,False,False,True,True,True,False
statsbomb_open_data,6cd6d1d8-ea11-49ba-9c89-bb3546739771,7566,1922,43,3,FIFA World Cup,2018,International,Group Stage,2018-06-27,794,Mexico,790,Sweden,Ekaterinburg Arena,Néstor Fabián Pitana,2,61,34,5607,Andreas Granqvist,andreas granqvist,790,Sweden,Left Center Back,109.0,41.0,120.0,36.2,2.4,Goal,Right Foot,Normal,0.7835,0,,,,,no_lineup_file,,,False,,high_left,1,scored,False,,,,statsbomb_open_data_6cd6d1d8-ea11-49ba-9c89-bb3546739771,2026-06-24T16:04:38.431710+00:00,False,False,False,True,True,True,False
statsbomb_open_data,76fc70d6-ff96-4f63-a9fb-7f9fb628428d,7568,3300,43,3,FIFA World Cup,2018,International,Group Stage,2018-06-27,773,Switzerland,795,Costa Rica,Stadion Nizhny Novgorod (Nizhniy Novgorod),Clément Turpin,2,92,52,5592,Bryan Ruiz González,bryan ruiz gonzalez,795,Costa Rica,Right Wing,109.0,41.0,120.0,43.2,2.7,Post,Left Foot,Normal,0.7835,1,,,,,no_lineup_file,120.0,42.0,True,,high_right,0,missed,False,,,,statsbomb_open_data_76fc70d6-ff96-4f63-a9fb-7f9fb628428d,2026-06-24T16:04:38.431710+00:00,False,False,False,True,False,False,False
statsbomb_open_data,280bf19d-2774-4fb7-9630-b9e147a15c3e,7576,170,43,3,FIFA World Cup,2018,International,Group Stage,2018-06-15,780,Portugal,772,Spain,Olimpiyskiy Stadion Fisht,Gianluca Rocchi,1,3,28,5207,Cristiano Ronaldo dos Santos Aveiro,cristiano ronaldo dos santos aveiro,780,Portugal,Left Center Forward,109.0,41.0,120.0,43.8,1.3,Goal,Right Foot,Normal,0.7835,0,,,,,no_lineup_file,,,False,,low_right,1,scored,False,,,,statsbomb_open_data_280bf19d-2774-4fb7-9630-b9e147a15c3e,2026-06-24T16:04:38.431710+00:00,False,False,False,True,True,True,False
statsbomb_open_data,69b851b4-649c-4dc8-80b8-b4caf6fa4df6,7580,439,43,3,FIFA World Cup,2018,International,Round of 16,2018-06-30,771,France,779,Argentina,Ak Bars Arena,Alireza Faghani,1,12,42,5487,Antoine Griezmann,antoine griezmann,771,France,Right Wing Back,108.0,40.0,120.0,38.3,0.2,Goal,Left Foot,Normal,0.7835,0,,,,,no_lineup_file,,,False,,low_left,1,scored,False,,,,statsbomb_open_data_69b851b4-649c-4dc8-80b8-b4caf6fa4df6,2026-06-24T16:04:38.431710+00:00,False,False,False,True,True,True,False
statsbomb_open_data,94b78e58-6698-43ee-be7f-c4995aae88ea,7581,4046,43,3,FIFA World Cup,2018,International,Round of 16,2018-07-01,785,Croatia,776,Denmark,Stadion Nizhny Novgorod (Nizhniy Novgorod),Néstor Fabián Pitana,4,115,47,5463,Luka Modrić,luka modric,785,Croatia,Left Defensive Midfield,109.0,41.0,119.0,43.0,0.2,Saved,Right Foot,Normal,0.7835,0,,,,,no_lineup_file,,,False,,low_right,0,saved,False,,,,statsbomb_open_data_94b78e58-6698-43ee-be7f-c4995aae88ea,2026-06-24T16:04:38.431710+00:00,False,False,False,True,True,True,False
statsbomb_open_data,c60cc074-bad7-4872-b77c-6191d9feaea4,7581,4264,43,3,FIFA World Cup,2018,International,Round of 16,2018-07-01,785,Croatia,776,Denmark,Stadion Nizhny Novgorod (Nizhniy Novgorod),Néstor Fabián Pitana,5,120,7,3043,Christian Dannemann Eriksen,christian dannemann eriksen,776,Denmark,Secondary Striker,108.0,40.0,119.0,36.6,0.6,Saved,Right Foot,Normal,0.7835,0,,,,,no_lineup_file,,,False,,low_left,0,saved,True,1,0,0,statsbomb_open_data_c60cc074-bad7-4872-b77c-6191d9feaea4,2026-06-24T16:04:38.431710+00:00,False,False,False,True,True,True,False
statsbomb_open_data,c918229e-d917-406b-8e2b-b79d30ae5e5b,7581,4266,43,3,FIFA World Cup,2018,International,Round of 16,2018-07-01,785,Croatia,776,Denmark,Stadion Nizhny Novgorod (Nizhniy Novgorod),Néstor Fabián Pitana,5,120,57,6305,Milan Badelj,milan badelj,785,Croatia,Left Midfield,108.0,40.0,119.0,38.7,0.5,Saved,Right Foot,Normal,0.7835,0,,,,,no_lineup_file,,,False,,low_center,0,saved,True,2,0,0,statsbomb_open_data_c918229e-d917-406b-8e2b-b79d30ae5e5b,2026-06-24T16:04:38.431710+00:00,False,False,False,True,True,True,False
statsbomb_open_data,f1678dbf-b7ec-4c5c-8d85-9c79855e3123,7581,4268,43,3,FIFA World Cup,2018,International,Round of 16,2018-07-01,785,Croatia,776,Denmark,Stadion Nizhny Novgorod (Nizhniy Novgorod),Néstor Fabián Pitana,5,121,52,5534,Simon Thorup Kjær,simon thorup kjaer,776,Denmark,Right Center Back,108.0,40.0,119.0,42.8,2.5,Goal,Right Foot,Normal,0.7835,0,,,,,no_lineup_file,,,False,,high_right,1,scored,True,3,0,0,statsbomb_open_data_f1678dbf-b7ec-4c5c-8d85-9c79855e3123,2026-06-24T16:04:38.431710+00:00,False,False,False,True,True,True,False
statsbomb_open_data,ccf91754-57ba-4305-94d1-c58f0b041ef9,7581,4270,43,3,FIFA World Cup,2018,International,Round of 16,2018-07-01,785,Croatia,776,Denmark,Stadion Nizhny Novgorod (Nizhniy Novgorod),Néstor Fabián Pitana,5,122,36,5460,Andrej Kramarić,andrej kramaric,785,Croatia,Left Center Forward,108.0,40.0,120.0,37.0,0.2,Goal,Right Foot,Normal,0.7835,0,,,,,no_lineup_file,,,False,,low_left,1,scored,True,4,0,1,statsbomb_open_data_ccf91754-57ba-4305-94d1-c58f0b041ef9,2026-06-24T16:04:38.431710+00:00,False,False,False,True,True,True,False
statsbomb_open_data,725eb0c4-1361-48ce-9553-ce067c9a75b3,7581,4272,43,3,FIFA World Cup,2018,International,Round of 16,2018-07-01,785,Croatia,776,Denmark,Stadion Nizhny Novgorod (Nizhniy Novgorod),Néstor Fabián Pitana,5,123,29,6356,Michael Krohn-Dehli,michael krohn-dehli,776,Denmark,Left Center Midfield,108.0,40.0,120.0,37.0,0.2,Goal,Right Foot,Normal,0.7835,0,,,,,no_lineup_file,,,False,,low_left,1,scored,True,5,1,1,statsbomb_open_data_725eb0c4-1361-48ce-9553-ce067c9a75b3,2026-06-24T16:04:38.431710+00:00,False,False,False,True,True,True,False
statsbomb_open_data,8d346ca8-4d0f-4fe0-ae67-3f5e3d7931ea,7581,4274,43,3,FIFA World Cup,2018,International,Round of 16,2018-07-01,785,Croatia,776,Denmark,Stadion Nizhny Novgorod (Nizhniy Novgorod),Néstor Fabián Pitana,5,124,16,5463,Luka Modrić,luka modric,785,Croatia,Left Defensive Midfield,108.0,40.0,120.0,40.3,0.2,Goal,Right Foot,Normal,0.7835,0,,,,,no_lineup_file,,,False,,low_center,1,scored,True,6,1,2,statsbomb_open_data_8d346ca8-4d0f-4fe0-ae67-3f5e3d7931ea,2026-06-24T16:04:38.431710+00:00,False,False,False,True,True,True,False
statsbomb_open_data,a470edca-94a2-4853-a320-3a6e27641d6f,7581,4276,43,3,FIFA World Cup,2018,International,Round of 16,2018-07-01,785,Croatia,776,Denmark,Stadion Nizhny Novgorod (Nizhniy Novgorod),Néstor Fabián Pitana,5,125,7,5520,Lasse Schöne,lasse schone,776,Denmark,Right Center Midfield,108.0,40.0,119.0,36.2,0.8,Saved,Right Foot,Normal,0.7835,0,,,,,no_lineup_file,,,False,,low_left,0,saved,True,7,2,2,statsbomb_open_data_a470edca-94a2-4853-a320-3a6e27641d6f,2026-06-24T16:04:38.431710+00:00,False,False,False,True,True,True,False
statsbomb_open_data,b92c2a8a-54c8-440a-ab78-6f30d487464c,7581,4278,43,3,FIFA World Cup,2018,International,Round of 16,2018-07-01,785,Croatia,776,Denmark,Stadion Nizhny Novgorod (Nizhniy Novgorod),Néstor Fabián Pitana,5,126,15,6308,Josip Pivarić,josip pivaric,785,Croatia,Left Back,108.0,40.0,119.0,36.6,0.4,Saved,Left Foot,Normal,0.7835,0,,,,,no_lineup_file,,,False,,low_left,0,saved,True,8,2,2,statsbomb_open_data_b92c2a8a-54c8-440a-ab78-6f30d487464c,2026-06-24T16:04:38.431710+00:00,False,False,False,True,True,True,False
statsbomb_open_data,1bb13933-60a2-4d69-b63d-f14529fbe33c,7581,4280,43,3,FIFA World Cup,2018,International,Round of 16,2018-07-01,785,Croatia,776,Denmark,Stadion Nizhny Novgorod (Nizhniy Novgorod),Néstor Fabián Pitana,5,127,7,5522,Nicolai Jørgensen,nicolai jorgensen,776,Denmark,Center Forward,108.0,40.0,119.0,41.5,0.2,Saved,Right Foot,Normal,0.7835,0,,,,,no_lineup_file,,,False,,low_right,0,saved,True,9,2,2,statsbomb_open_data_1bb13933-60a2-4d69-b63d-f14529fbe33c,2026-06-24T16:04:38.431710+00:00,False,False,False,True,True,True,False
statsbomb_open_data,eaa1cfc6-7cef-4057-b95b-f5651a15f804,7581,4282,43,3,FIFA World Cup,2018,International,Round of 16,2018-07-01,785,Croatia,776,Denmark,Stadion Nizhny Novgorod (Nizhniy Novgorod),Néstor Fabián Pitana,5,128,4,5470,Ivan Rakitić,ivan rakitic,785,Croatia,Right Defensive Midfield,108.0,40.0,120.0,37.2,0.3,Goal,Right Foot,Normal,0.7835,0,,,,,no_lineup_file,,,False,,low_left,1,scored,True,10,2,2,statsbomb_open_data_eaa1cfc6-7cef-4057-b95b-f5651a15f804,2026-06-24T16:04:38.431710+00:00,False,False,False,True,True,True,False
statsbomb_open_data,26c6dc73-0105-4a97-afe1-a3454dd0c801,7582,1754,43,3,FIFA World Cup,2018,International,Round of 16,2018-07-01,772,Spain,796,Russia,Stadion Luzhniki,Björn Kuipers,1,40,55,5195,Artem Dzyuba,artem dzyuba,796,Russia,Center Forward,108.0,40.0,120.0,43.0,1.7,Goal,Right Foot,Normal,0.7835,0,,,,,no_lineup_file,,,False,,low_right,1,scored,False,,,,statsbomb_open_data_26c6dc73-0105-4a97-afe1-a3454dd0c801,2026-06-24T16:04:38.431710+00:00,False,False,False,True,True,True,False
statsbomb_open_data,d3852f12-2017-42fc-9608-25c60a7a0c07,7582,5005,43,3,FIFA World Cup,2018,International,Round of 16,2018-07-01,772,Spain,796,Russia,Stadion Luzhniki,Björn Kuipers,5,120,5,5216,Andrés Iniesta Luján,andres iniesta lujan,772,Spain,Center Attacking Midfield,109.0,41.0,120.0,42.0,1.6,Goal,Right Foot,Normal,0.7835,0,,,,,no_lineup_file,,,False,,low_right,1,scored,True,1,0,0,statsbomb_open_data_d3852f12-2017-42fc-9608-25c60a7a0c07,2026-06-24T16:04:38.431710+00:00,False,False,False,True,True,True,False
statsbomb_open_data,8cc92981-816d-4757-ab41-d9984074dd02,7582,5007,43,3,FIFA World Cup,2018,International,Round of 16,2018-07-01,772,Spain,796,Russia,Stadion Luzhniki,Björn Kuipers,5,120,45,5194,Fyodor Smolov,fyodor smolov,796,Russia,Secondary Striker,109.0,41.0,120.0,37.4,1.2,Goal,Right Foot,Normal,0.7835,0,,,,,no_lineup_file,,,False,,low_left,1,scored,True,2,0,1,statsbomb_open_data_8cc92981-816d-4757-ab41-d9984074dd02,2026-06-24T16:04:38.431710+00:00,False,False,False,True,True,True,False
statsbomb_open_data,ca7e08ec-85d0-458f-8309-bc817b346e2f,7582,5009,43,3,FIFA World Cup,2018,International,Round of 16,2018-07-01,772,Spain,796,Russia,Stadion Luzhniki,Björn Kuipers,5,121,25,5213,Gerard Piqué Bernabéu,gerard pique bernabeu,772,Spain,Right Center Back,109.0,41.0,120.0,36.2,1.1,Goal,Right Foot,Normal,0.7835,0,,,,,no_lineup_file,,,False,,low_left,1,scored,True,3,1,1,statsbomb_open_data_ca7e08ec-85d0-458f-8309-bc817b346e2f,2026-06-24T16:04:38.431710+00:00,False,False,False,True,True,True,False
statsbomb_open_data,40c2542c-66a8-4c5f-b633-25205f289a83,7582,5011,43,3,FIFA World Cup,2018,International,Round of 16,2018-07-01,772,Spain,796,Russia,Stadion Luzhniki,Björn Kuipers,5,122,8,5174,Sergei Ignashevich,sergei ignashevich,796,Russia,Left Center Back,109.0,41.0,120.0,43.4,1.6,Goal,Right Foot,Normal,0.7835,0,,,,,no_lineup_file,,,False,,low_right,1,scored,True,4,1,2,statsbomb_open_data_40c2542c-66a8-4c5f-b633-25205f289a83,2026-06-24T16:04:38.431710+00:00,False,False,False,True,True,True,False
statsbomb_open_data,5f278f43-4c1f-47f0-9707-55c5392bd89a,7582,5013,43,3,FIFA World Cup,2018,International,Round of 16,2018-07-01,772,Spain,796,Russia,Stadion Luzhniki,Björn Kuipers,5,122,44,5199,Jorge Resurrección Merodio,jorge resurreccion merodio,772,Spain,Right Defensive Midfield,109.0,41.0,120.0,37.8,0.6,Saved,Right Foot,Normal,0.7835,0,,,,,no_lineup_file,,,False,,low_left,0,saved,True,5,2,2,statsbomb_open_data_5f278f43-4c1f-47f0-9707-55c5392bd89a,2026-06-24T16:04:38.431710+00:00,False,False,False,True,True,True,False
statsbomb_open_data,f3a1b980-b785-40e4-8000-0c271d78cc69,7582,5015,43,3,FIFA World Cup,2018,International,Round of 16,2018-07-01,772,Spain,796,Russia,Stadion Luzhniki,Björn Kuipers,5,123,25,5177,Aleksandr Golovin,aleksandr golovin,796,Russia,Right Center Midfield,109.0,41.0,120.0,38.5,0.2,Goal,Right Foot,Normal,0.7835,0,,,,,no_lineup_file,,,False,,low_left,1,scored,True,6,2,2,statsbomb_open_data_f3a1b980-b785-40e4-8000-0c271d78cc69,2026-06-24T16:04:38.431710+00:00,False,False,False,True,True,True,False
statsbomb_open_data,f36eea64-e208-4f52-8716-6be5a62aff8b,7582,5017,43,3,FIFA World Cup,2018,International,Round of 16,2018-07-01,772,Spain,796,Russia,Stadion Luzhniki,Björn Kuipers,5,124,1,5201,Sergio Ramos García,sergio ramos garcia,772,Spain,Left Center Back,109.0,41.0,120.0,37.8,1.6,Goal,Right Foot,Normal,0.7835,0,,,,,no_lineup_file,,,False,,low_left,1,scored,True,7,2,3,statsbomb_open_data_f36eea64-e208-4f52-8716-6be5a62aff8b,2026-06-24T16:04:38.431710+00:00,False,False,False,True,True,True,False
statsbomb_open_data,c2450168-46d9-4717-92a8-c77c82062c60,7582,5019,43,3,FIFA World Cup,2018,International,Round of 16,2018-07-01,772,Spain,796,Russia,Stadion Luzhniki,Björn Kuipers,5,124,40,5186,Denis Cheryshev,denis cheryshev,796,Russia,Left Midfield,109.0,41.0,120.0,40.5,1.3,Goal,Left Foot,Normal,0.7835,0,,,,,no_lineup_file,,,False,,low_center,1,scored,True,8,3,3,statsbomb_open_data_c2450168-46d9-4717-92a8-c77c82062c60,2026-06-24T16:04:38.431710+00:00,False,False,False,True,True,True,False
statsbomb_open_data,1f69ab7f-3eca-4d2a-a2e7-b1d3f6999fe0,7582,5021,43,3,FIFA World Cup,2018,International,Round of 16,2018-07-01,772,Spain,796,Russia,Stadion Luzhniki,Björn Kuipers,5,125,36,5217,Iago Aspas Juncal,iago aspas juncal,772,Spain,Center Forward,109.0,41.0,119.0,39.1,0.9,Saved,Left Foot,Normal,0.7835,0,,,,,no_lineup_file,,,False,,low_center,0,saved,True,9,3,4,statsbomb_open_data_1f69ab7f-3eca-4d2a-a2e7-b1d3f6999fe0,2026-06-24T16:04:38.431710+00:00,False,False,False,True,True,True,False
statsbomb_open_data,8b2edc60-dbb0-4219-854c-8825d5a38144,7585,1973,43,3,FIFA World Cup,2018,International,Round of 16,2018-07-03,769,Colombia,768,England,Otkritie Bank Arena,Mark Geiger,2,56,54,10955,Harry Kane,harry kane,768,England,Left Center Forward,108.0,40.0,119.0,40.3,1.6,Goal,Right Foot,Normal,0.7835,0,,,,,no_lineup_file,,,False,,low_center,1,scored,False,,,,statsbomb_open_data_8b2edc60-dbb0-4219-854c-8825d5a38144,2026-06-24T16:04:38.431710+00:00,False,False,False,True,True,True,False
statsbomb_open_data,18545fbc-805e-4cb5-8fb4-62439a1f2228,7585,3998,43,3,FIFA World Cup,2018,International,Round of 16,2018-07-03,769,Colombia,768,England,Otkritie Bank Arena,Mark Geiger,5,120,14,3445,Radamel Falcao García Zárate,radamel falcao garcia zarate,769,Colombia,Right Center Forward,109.0,41.0,120.0,39.7,1.5,Goal,Right Foot,Normal,0.7835,0,,,,,no_lineup_file,,,False,,low_center,1,scored,True,1,0,0,statsbomb_open_data_18545fbc-805e-4cb5-8fb4-62439a1f2228,2026-06-24T16:04:38.431710+00:00,False,False,False,True,True,True,False
statsbomb_open_data,47ad0be9-1744-460d-9912-14e0353bf1aa,7585,4000,43,3,FIFA World Cup,2018,International,Round of 16,2018-07-03,769,Colombia,768,England,Otkritie Bank Arena,Mark Geiger,5,121,0,10955,Harry Kane,harry kane,768,England,Left Center Forward,109.0,41.0,120.0,36.2,0.5,Goal,Right Foot,Normal,0.7835,0,,,,,no_lineup_file,,,False,,low_left,1,scored,True,2,0,1,statsbomb_open_data_47ad0be9-1744-460d-9912-14e0353bf1aa,2026-06-24T16:04:38.431710+00:00,False,False,False,True,True,True,False
statsbomb_open_data,d762592c-4f71-4d17-9805-3067a5a01636,7585,4002,43,3,FIFA World Cup,2018,International,Round of 16,2018-07-03,769,Colombia,768,England,Otkritie Bank Arena,Mark Geiger,5,121,46,5689,Juan Guillermo Cuadrado Bello,juan guillermo cuadrado bello,769,Colombia,Right Wing,109.0,41.0,120.0,37.0,2.0,Goal,Right Foot,Normal,0.7835,0,,,,,no_lineup_file,,,False,,high_left,1,scored,True,3,1,1,statsbomb_open_data_d762592c-4f71-4d17-9805-3067a5a01636,2026-06-24T16:04:38.431710+00:00,False,False,False,True,True,True,False
statsbomb_open_data,d81b6b4f-5290-4c32-8f12-4b3644690ce4,7585,4004,43,3,FIFA World Cup,2018,International,Round of 16,2018-07-03,769,Colombia,768,England,Otkritie Bank Arena,Mark Geiger,5,122,29,3318,Marcus Rashford,marcus rashford,768,England,Right Center Back,109.0,41.0,120.0,36.2,0.5,Goal,Right Foot,Normal,0.7835,0,,,,,no_lineup_file,,,False,,low_left,1,scored,True,4,1,2,statsbomb_open_data_d81b6b4f-5290-4c32-8f12-4b3644690ce4,2026-06-24T16:04:38.431710+00:00,False,False,False,True,True,True,False
statsbomb_open_data,f89b333d-63c2-4e09-b654-30c65ec24954,7585,4006,43,3,FIFA World Cup,2018,International,Round of 16,2018-07-03,769,Colombia,768,England,Otkritie Bank Arena,Mark Geiger,5,123,13,6334,Luis Fernando Muriel Fruto,luis fernando muriel fruto,769,Colombia,Right Center Midfield,109.0,41.0,120.0,42.0,0.2,Goal,Right Foot,Normal,0.7835,0,,,,,no_lineup_file,,,False,,low_right,1,scored,True,5,2,2,statsbomb_open_data_f89b333d-63c2-4e09-b654-30c65ec24954,2026-06-24T16:04:38.431710+00:00,False,False,False,True,True,True,False
statsbomb_open_data,fd52691f-c11b-4464-9515-42aab2f0c61d,7585,4008,43,3,FIFA World Cup,2018,International,Round of 16,2018-07-03,769,Colombia,768,England,Otkritie Bank Arena,Mark Geiger,5,123,58,3532,Jordan Brian Henderson,jordan brian henderson,768,England,Center Defensive Midfield,109.0,41.0,120.0,43.8,0.5,Saved,Right Foot,Normal,0.7835,0,,,,,no_lineup_file,,,False,,low_right,0,saved,True,6,2,3,statsbomb_open_data_fd52691f-c11b-4464-9515-42aab2f0c61d,2026-06-24T16:04:38.431710+00:00,False,False,False,True,True,True,False
statsbomb_open_data,656b7495-8667-4026-be53-1d5423daeb92,7585,4010,43,3,FIFA World Cup,2018,International,Round of 16,2018-07-03,769,Colombia,768,England,Otkritie Bank Arena,Mark Geiger,5,124,50,6193,Andrés Mateus Uribe Villa,andres mateus uribe villa,769,Colombia,Left Center Midfield,109.0,41.0,120.0,43.4,2.7,Post,Right Foot,Normal,0.7835,0,,,,,no_lineup_file,,,False,,high_right,0,missed,True,7,3,2,statsbomb_open_data_656b7495-8667-4026-be53-1d5423daeb92,2026-06-24T16:04:38.431710+00:00,False,False,False,True,True,True,False
statsbomb_open_data,248aad43-431e-40e2-a896-540d5c533e0b,7585,4012,43,3,FIFA World Cup,2018,International,Round of 16,2018-07-03,769,Colombia,768,England,Otkritie Bank Arena,Mark Geiger,5,125,37,3308,Kieran Trippier,kieran trippier,768,England,Right Midfield,109.0,41.0,119.0,37.0,1.9,Goal,Right Foot,Normal,0.7835,0,,,,,no_lineup_file,,,False,,low_left,1,scored,True,8,2,3,statsbomb_open_data_248aad43-431e-40e2-a896-540d5c533e0b,2026-06-24T16:04:38.431710+00:00,False,False,False,True,True,True,False
statsbomb_open_data,0d5eb466-acfb-4432-a8ca-ea8533f72625,7585,4014,43,3,FIFA World Cup,2018,International,Round of 16,2018-07-03,769,Colombia,768,England,Otkritie Bank Arena,Mark Geiger,5,126,25,5688,Carlos Arturo Bacca Ahumada,carlos arturo bacca ahumada,769,Colombia,Left Center Forward,109.0,41.0,120.0,38.9,1.3,Saved,Right Foot,Normal,0.7835,0,,,,,no_lineup_file,,,False,,low_center,0,saved,True,9,3,3,statsbomb_open_data_0d5eb466-acfb-4432-a8ca-ea8533f72625,2026-06-24T16:04:38.431710+00:00,False,False,False,True,True,True,False
statsbomb_open_data,90523b61-4f2c-40bb-ad54-29bf70c0e6ec,7585,4016,43,3,FIFA World Cup,2018,International,Round of 16,2018-07-03,769,Colombia,768,England,Otkritie Bank Arena,Mark Geiger,5,127,14,10956,Eric Dier,eric dier,768,England,Left Attacking Midfield,109.0,41.0,120.0,36.4,0.4,Goal,Right Foot,Normal,0.7835,0,,,,,no_lineup_file,,,False,,low_left,1,scored,True,10,3,3,statsbomb_open_data_90523b61-4f2c-40bb-ad54-29bf70c0e6ec,2026-06-24T16:04:38.431710+00:00,False,False,False,True,True,True,False
statsbomb_open_data,add17168-0255-43e1-8f81-7386b8035924,8652,4020,43,3,FIFA World Cup,2018,International,Quarter-finals,2018-07-07,796,Russia,785,Croatia,Olimpiyskiy Stadion Fisht,Sandro Ricci,5,121,11,5194,Fyodor Smolov,fyodor smolov,796,Russia,Left Wing,109.0,41.0,119.0,38.1,1.1,Saved,Right Foot,Normal,0.7835,0,,,,,no_lineup_file,,,False,,low_left,0,saved,True,1,0,0,statsbomb_open_data_add17168-0255-43e1-8f81-7386b8035924,2026-06-24T16:04:38.431710+00:00,False,False,False,True,True,True,False
statsbomb_open_data,b6b3b457-02a2-4609-8474-c5f0ba243460,8652,4022,43,3,FIFA World Cup,2018,International,Quarter-finals,2018-07-07,796,Russia,785,Croatia,Olimpiyskiy Stadion Fisht,Sandro Ricci,5,121,57,5469,Marcelo Brozović,marcelo brozovic,785,Croatia,Left Midfield,109.0,41.0,120.0,43.6,1.7,Goal,Right Foot,Normal,0.7835,0,,,,,no_lineup_file,,,False,,low_right,1,scored,True,2,0,0,statsbomb_open_data_b6b3b457-02a2-4609-8474-c5f0ba243460,2026-06-24T16:04:38.431710+00:00,False,False,False,True,True,True,False
statsbomb_open_data,240479cb-4999-4735-b834-0b7681f1c8bd,8652,4024,43,3,FIFA World Cup,2018,International,Quarter-finals,2018-07-07,796,Russia,785,Croatia,Olimpiyskiy Stadion Fisht,Sandro Ricci,5,122,41,5180,Alan Dzagoev,alan dzagoev,796,Russia,Center Attacking Midfield,109.0,41.0,120.0,43.2,0.4,Goal,Right Foot,Normal,0.7835,0,,,,,no_lineup_file,,,False,,low_right,1,scored,True,3,0,1,statsbomb_open_data_240479cb-4999-4735-b834-0b7681f1c8bd,2026-06-24T16:04:38.431710+00:00,False,False,False,True,True,True,False
statsbomb_open_data,0a2972d8-dcff-4635-a6da-57313ae4fc6d,8652,4026,43,3,FIFA World Cup,2018,International,Quarter-finals,2018-07-07,796,Russia,785,Croatia,Olimpiyskiy Stadion Fisht,Sandro Ricci,5,123,24,5456,Mateo Kovačić,mateo kovacic,785,Croatia,Right Wing,109.0,41.0,120.0,43.8,0.1,Saved,Right Foot,Normal,0.7835,0,,,,,no_lineup_file,,,False,,low_right,0,saved,True,4,1,1,statsbomb_open_data_0a2972d8-dcff-4635-a6da-57313ae4fc6d,2026-06-24T16:04:38.431710+00:00,False,False,False,True,True,True,False
statsbomb_open_data,7ad28bc8-de76-4766-b445-16e543bb606a,8652,4028,43,3,FIFA World Cup,2018,International,Quarter-finals,2018-07-07,796,Russia,785,Croatia,Olimpiyskiy Stadion Fisht,Sandro Ricci,5,124,10,5170,Mário Figueira Fernandes,mario figueira fernandes,796,Russia,Right Back,109.0,41.0,120.0,35.2,0.3,Off T,Right Foot,Normal,0.7835,1,,,,,no_lineup_file,120.0,41.0,True,,low_left,0,missed,True,5,1,1,statsbomb_open_data_7ad28bc8-de76-4766-b445-16e543bb606a,2026-06-24T16:04:38.431710+00:00,False,False,False,True,False,False,False
statsbomb_open_data,b2c7081e-b1c2-42ad-a651-e2a7084dcc1e,8652,4030,43,3,FIFA World Cup,2018,International,Quarter-finals,2018-07-07,796,Russia,785,Croatia,Olimpiyskiy Stadion Fisht,Sandro Ricci,5,125,8,5463,Luka Modrić,luka modric,785,Croatia,Right Midfield,109.0,41.0,119.0,37.6,0.2,Goal,Right Foot,Normal,0.7835,0,,,,,no_lineup_file,,,False,,low_left,1,scored,True,6,1,1,statsbomb_open_data_b2c7081e-b1c2-42ad-a651-e2a7084dcc1e,2026-06-24T16:04:38.431710+00:00,False,False,False,True,True,True,False
statsbomb_open_data,2cc37884-9168-436c-8adf-cdb9ed15b9e9,8652,4032,43,3,FIFA World Cup,2018,International,Quarter-finals,2018-07-07,796,Russia,785,Croatia,Olimpiyskiy Stadion Fisht,Sandro Ricci,5,125,51,5174,Sergei Ignashevich,sergei ignashevich,796,Russia,Left Center Back,109.0,41.0,120.0,37.0,0.7,Goal,Right Foot,Normal,0.7835,0,,,,,no_lineup_file,,,False,,low_left,1,scored,True,7,1,2,statsbomb_open_data_2cc37884-9168-436c-8adf-cdb9ed15b9e9,2026-06-24T16:04:38.431710+00:00,False,False,False,True,True,True,False
statsbomb_open_data,63fa054f-e13b-4f89-9648-d2c014884881,8652,4034,43,3,FIFA World Cup,2018,International,Quarter-finals,2018-07-07,796,Russia,785,Croatia,Olimpiyskiy Stadion Fisht,Sandro Ricci,5,126,31,5468,Domagoj Vida,domagoj vida,785,Croatia,Right Back,109.0,41.0,120.0,36.6,1.6,Goal,Right Foot,Normal,0.7835,0,,,,,no_lineup_file,,,False,,low_left,1,scored,True,8,2,2,statsbomb_open_data_63fa054f-e13b-4f89-9648-d2c014884881,2026-06-24T16:04:38.431710+00:00,False,False,False,True,True,True,False
statsbomb_open_data,8a2f13f3-f6fc-40fb-8b70-efefcc8bf55b,8652,4036,43,3,FIFA World Cup,2018,International,Quarter-finals,2018-07-07,796,Russia,785,Croatia,Olimpiyskiy Stadion Fisht,Sandro Ricci,5,127,8,5179,Daler Kuzyaev,daler kuzyaev,796,Russia,Right Center Midfield,109.0,41.0,120.0,36.2,0.4,Goal,Right Foot,Normal,0.7835,0,,,,,no_lineup_file,,,False,,low_left,1,scored,True,9,2,3,statsbomb_open_data_8a2f13f3-f6fc-40fb-8b70-efefcc8bf55b,2026-06-24T16:04:38.431710+00:00,False,False,False,True,True,True,False
statsbomb_open_data,57cfec3b-1aa4-4cda-b534-ebf3b5fd8c4c,8652,4038,43,3,FIFA World Cup,2018,International,Quarter-finals,2018-07-07,796,Russia,785,Croatia,Olimpiyskiy Stadion Fisht,Sandro Ricci,5,127,59,5470,Ivan Rakitić,ivan rakitic,785,Croatia,Center Midfield,109.0,41.0,120.0,36.6,0.4,Goal,Right Foot,Normal,0.7835,0,,,,,no_lineup_file,,,False,,low_left,1,scored,True,10,3,3,statsbomb_open_data_57cfec3b-1aa4-4cda-b534-ebf3b5fd8c4c,2026-06-24T16:04:38.431710+00:00,False,False,False,True,True,True,False
statsbomb_open_data,864ce121-d6ff-4c6e-b1f9-73f51c8c48bc,8658,1053,43,3,FIFA World Cup,2018,International,Final,2018-07-15,771,France,785,Croatia,Stadion Luzhniki,Néstor Fabián Pitana,1,37,56,5487,Antoine Griezmann,antoine griezmann,771,France,Right Center Forward,108.0,40.0,120.0,37.6,0.1,Goal,Left Foot,Normal,0.7835,0,,,,,no_lineup_file,,,False,,low_left,1,scored,False,,,,statsbomb_open_data_864ce121-d6ff-4c6e-b1f9-73f51c8c48bc,2026-06-24T16:04:38.431710+00:00,False,False,False,True,True,True,False
statsbomb_open_data,f0a90598-ce1d-4858-9699-68bab27c0b4a,9581,1595,11,1,La Liga,2017/2018,Spain,Regular Season,2017-08-26,206,Deportivo Alavés,217,Barcelona,Estadio de Mendizorroza,Carlos del Cerro Grande,1,38,39,5503,Lionel Andrés Messi Cuccittini,lionel andres messi cuccittini,217,Barcelona,Center Forward,108.0,40.0,119.1,36.9,1.1,Saved,Left Foot,Normal,0.7835,0,,,,,no_lineup_file,,,False,,low_left,0,saved,False,,,,statsbomb_open_data_f0a90598-ce1d-4858-9699-68bab27c0b4a,2026-06-24T16:04:38.431710+00:00,False,False,False,True,True,True,False
statsbomb_open_data,d4705b10-9d1a-4ab1-8b79-52d63507923f,9609,881,11,1,La Liga,2017/2018,Spain,Regular Season,2017-09-19,217,Barcelona,322,Eibar,Spotify Camp Nou,Alejandro José Hernández Hernández,1,20,1,5503,Lionel Andrés Messi Cuccittini,lionel andres messi cuccittini,217,Barcelona,Center Forward,108.0,40.0,120.0,36.9,1.6,Goal,Left Foot,Normal,0.7835,0,,,,,no_lineup_file,,,False,,low_left,1,scored,False,,,,statsbomb_open_data_d4705b10-9d1a-4ab1-8b79-52d63507923f,2026-06-24T16:04:38.431710+00:00,False,False,False,True,True,True,False
statsbomb_open_data,0e7f0d9b-d5c3-45f9-ba07-3b48285851d7,9726,3076,11,1,La Liga,2017/2018,Spain,Regular Season,2017-12-17,217,Barcelona,219,RC Deportivo La Coruña,Spotify Camp Nou,Antonio Miguel Mateu Lahoz,2,69,39,5503,Lionel Andrés Messi Cuccittini,lionel andres messi cuccittini,217,Barcelona,Right Center Forward,108.2,40.1,119.3,42.8,1.4,Saved,Left Foot,Normal,0.7835,0,,,,,no_lineup_file,,,False,,low_right,0,saved,False,,,,statsbomb_open_data_0e7f0d9b-d5c3-45f9-ba07-3b48285851d7,2026-06-24T16:04:38.431710+00:00,False,False,False,True,True,True,False
statsbomb_open_data,93c50fb5-3515-4a85-ba9c-7f2c97fdfa80,9736,2867,11,1,La Liga,2017/2018,Spain,Regular Season,2017-12-23,220,Real Madrid,217,Barcelona,Bernabéu,,2,63,29,5503,Lionel Andrés Messi Cuccittini,lionel andres messi cuccittini,217,Barcelona,Left Center Forward,108.0,40.0,120.0,41.8,1.6,Goal,Left Foot,Normal,0.7835,0,,,,,no_lineup_file,,,False,,low_right,1,scored,False,,,,statsbomb_open_data_93c50fb5-3515-4a85-ba9c-7f2c97fdfa80,2026-06-24T16:04:38.431710+00:00,False,False,False,True,True,True,False
statsbomb_open_data,23020bac-db02-44fa-9c8f-dace69ea0e6e,9827,1605,11,1,La Liga,2017/2018,Spain,Regular Season,2018-03-01,208,Las Palmas,217,Barcelona,Estadio de Gran Canaria,Antonio Miguel Mateu Lahoz,2,47,50,6930,Jonathan Calleri,jonathan calleri,208,Las Palmas,Center Forward,108.1,40.1,120.0,43.5,2.3,Goal,Right Foot,Normal,0.7835,0,,,,,no_lineup_file,,,False,,high_right,1,scored,False,,,,statsbomb_open_data_23020bac-db02-44fa-9c8f-dace69ea0e6e,2026-06-24T16:04:38.431710+00:00,False,False,False,True,True,True,False
statsbomb_open_data,2c493e50-e52a-4e78-be52-4baf54deb1e9,9880,3680,11,1,La Liga,2017/2018,Spain,Regular Season,2018-04-14,217,Barcelona,207,Valencia,Spotify Camp Nou,Carlos del Cerro Grande,2,86,7,6595,Daniel Parejo Muñoz,daniel parejo munoz,207,Valencia,Right Defensive Midfield,108.0,40.0,120.0,43.1,0.2,Goal,Right Foot,Normal,0.7835,0,,,,,no_lineup_file,,,False,,low_right,1,scored,False,,,,statsbomb_open_data_2c493e50-e52a-4e78-be52-4baf54deb1e9,2026-06-24T16:04:38.431710+00:00,False,False,False,True,True,True,False
statsbomb_open_data,05cdd436-051e-4837-8998-4cce440ad3c1,15973,3433,11,4,La Liga,2018/2019,Spain,Regular Season,2018-09-02,217,Barcelona,902,Huesca,Spotify Camp Nou,Mario Melero López,2,92,5,5246,Luis Alberto Suárez Díaz,luis alberto suarez diaz,217,Barcelona,Left Center Forward,108.1,40.1,120.0,43.1,0.3,Goal,Right Foot,Normal,0.7835,0,9747.0,Axel Werner,axel werner,Argentina,lineup_position_window,,,False,,low_right,1,scored,False,,,,statsbomb_open_data_05cdd436-051e-4837-8998-4cce440ad3c1,2026-06-24T16:04:38.431710+00:00,False,False,False,False,True,True,False
statsbomb_open_data,00760352-2e05-4ef1-9a29-7f556c3f4ce0,16029,2392,11,4,La Liga,2018/2019,Spain,Regular Season,2018-10-20,217,Barcelona,213,Sevilla,Spotify Camp Nou,,2,62,21,5246,Luis Alberto Suárez Díaz,luis alberto suarez diaz,217,Barcelona,Center Forward,108.1,40.1,120.0,37.2,0.2,Goal,Right Foot,Normal,0.7835,0,11541.0,Tomáš Vaclík,tomas vaclik,Czech Republic,lineup_position_window,,,False,,low_left,1,scored,False,,,,statsbomb_open_data_00760352-2e05-4ef1-9a29-7f556c3f4ce0,2026-06-24T16:04:38.431710+00:00,False,False,False,False,True,True,False
statsbomb_open_data,9dcd6e8b-26db-4283-80ee-76c05fad03b7,16056,2526,11,4,La Liga,2018/2019,Spain,Regular Season,2018-11-11,217,Barcelona,218,Real Betis,Spotify Camp Nou,Antonio Miguel Mateu Lahoz,2,67,17,5503,Lionel Andrés Messi Cuccittini,lionel andres messi cuccittini,217,Barcelona,Right Wing,108.1,40.1,120.0,43.0,2.1,Goal,Left Foot,Normal,0.7835,0,6792.0,Pau López Sabata,pau lopez sabata,Spain,lineup_position_window,,,False,,high_right,1,scored,False,,,,statsbomb_open_data_9dcd6e8b-26db-4283-80ee-76c05fad03b7,2026-06-24T16:04:38.431710+00:00,False,False,False,False,True,True,False
statsbomb_open_data,ae48eaf9-5d33-431f-9bf3-3f80955793ea,16157,1478,11,4,La Liga,2018/2019,Spain,Regular Season,2019-02-02,217,Barcelona,207,Valencia,Spotify Camp Nou,Alberto Undiano Mallenco,1,31,51,6595,Daniel Parejo Muñoz,daniel parejo munoz,207,Valencia,Left Center Midfield,108.1,40.1,120.0,36.7,1.4,Goal,Right Foot,Normal,0.7835,0,20055.0,Marc-André ter Stegen,marc-andre ter stegen,Germany,lineup_position_window,,,False,,low_left,1,scored,False,,,,statsbomb_open_data_ae48eaf9-5d33-431f-9bf3-3f80955793ea,2026-06-24T16:04:38.431710+00:00,False,False,False,False,True,True,False
statsbomb_open_data,099a7c3d-aa74-44d1-82ab-9aead403cbf7,16157,1723,11,4,La Liga,2018/2019,Spain,Regular Season,2019-02-02,217,Barcelona,207,Valencia,Spotify Camp Nou,Alberto Undiano Mallenco,1,38,43,5503,Lionel Andrés Messi Cuccittini,lionel andres messi cuccittini,217,Barcelona,Right Wing,108.0,40.0,120.0,41.7,0.2,Goal,Left Foot,Normal,0.7835,0,6590.0,Norberto Murara Neto,norberto murara neto,Brazil,lineup_position_window,,,False,,low_right,1,scored,False,,,,statsbomb_open_data_099a7c3d-aa74-44d1-82ab-9aead403cbf7,2026-06-24T16:04:38.431710+00:00,False,False,False,False,True,True,False
statsbomb_open_data,c03605ad-3939-4f8d-bc5d-2cfdc767c93b,16182,2139,11,4,La Liga,2018/2019,Spain,Regular Season,2019-02-16,217,Barcelona,901,Real Valladolid,Spotify Camp Nou,,1,42,43,5503,Lionel Andrés Messi Cuccittini,lionel andres messi cuccittini,217,Barcelona,Right Wing,108.0,40.0,120.0,43.6,0.2,Goal,Left Foot,Normal,0.7835,0,11302.0,Jordi Masip López,jordi masip lopez,Spain,lineup_position_window,,,False,,low_right,1,scored,False,,,,statsbomb_open_data_c03605ad-3939-4f8d-bc5d-2cfdc767c93b,2026-06-24T16:04:38.431710+00:00,False,False,False,False,True,True,False
statsbomb_open_data,7420e889-272c-4945-8021-62d11d77d847,16182,4084,11,4,La Liga,2018/2019,Spain,Regular Season,2019-02-16,217,Barcelona,901,Real Valladolid,Spotify Camp Nou,,2,84,47,5503,Lionel Andrés Messi Cuccittini,lionel andres messi cuccittini,217,Barcelona,Right Wing,108.1,40.1,119.1,43.1,0.6,Saved,Left Foot,Normal,0.7835,0,11302.0,Jordi Masip López,jordi masip lopez,Spain,lineup_position_window,,,False,,low_right,0,saved,False,,,,statsbomb_open_data_7420e889-272c-4945-8021-62d11d77d847,2026-06-24T16:04:38.431710+00:00,False,False,False,False,True,True,False
statsbomb_open_data,7028a89f-e6b2-4761-add5-bff93eaf2e8c,16205,2059,11,4,La Liga,2018/2019,Spain,Regular Season,2019-03-09,217,Barcelona,360,Rayo Vallecano,Spotify Camp Nou,,2,50,36,5503,Lionel Andrés Messi Cuccittini,lionel andres messi cuccittini,217,Barcelona,Center Attacking Midfield,108.1,40.1,120.0,43.1,0.2,Goal,Left Foot,Normal,0.7835,0,21397.0,Stole Dimitrievski,stole dimitrievski,"Macedonia, Republic of",lineup_position_window,,,False,,low_right,1,scored,False,,,,statsbomb_open_data_7028a89f-e6b2-4761-add5-bff93eaf2e8c,2026-06-24T16:04:38.431710+00:00,False,False,False,False,True,True,False
statsbomb_open_data,ff68e31d-ba75-4a7c-8a87-6cde99c7634f,16275,2338,11,4,La Liga,2018/2019,Spain,Regular Season,2019-04-23,206,Deportivo Alavés,217,Barcelona,Estadio de Mendizorroza,,2,59,50,5246,Luis Alberto Suárez Díaz,luis alberto suarez diaz,217,Barcelona,Center Forward,108.0,39.9,120.0,43.7,1.1,Goal,Right Foot,Normal,0.7835,0,6629.0,Fernando Pacheco Flores,fernando pacheco flores,Spain,lineup_position_window,,,False,,low_right,1,scored,False,,,,statsbomb_open_data_ff68e31d-ba75-4a7c-8a87-6cde99c7634f,2026-06-24T16:04:38.431710+00:00,False,False,False,False,True,True,False
statsbomb_open_data,0c34c7f4-4f70-4f05-a0dc-4e9845c02e6d,18237,3711,16,23,Champions League,2011/2012,Europe,Final,2012-05-19,169,Bayern Munich,33,Chelsea,Allianz Arena,Pedro Proença,3,94,45,8218,Arjen Robben,arjen robben,169,Bayern Munich,Right Wing,109.0,41.0,120.0,42.0,0.5,Saved,Left Foot,Normal,0.7835,0,3461.0,Petr Čech,petr cech,Czech Republic,lineup_position_window,,,False,,low_right,0,saved,False,,,,statsbomb_open_data_0c34c7f4-4f70-4f05-a0dc-4e9845c02e6d,2026-06-24T16:04:38.431710+00:00,False,False,False,False,True,True,False
statsbomb_open_data,81e22b49-addf-47d2-936a-fedb5d0c10c6,18237,4674,16,23,Champions League,2011/2012,Europe,Final,2012-05-19,169,Bayern Munich,33,Chelsea,Allianz Arena,Pedro Proença,5,120,11,19295,Philipp Lahm,philipp lahm,169,Bayern Munich,Right Back,108.0,40.0,120.0,43.4,1.7,Goal,Right Foot,Normal,0.7835,0,3461.0,Petr Čech,petr cech,Czech Republic,lineup_position_window,,,False,,low_right,1,scored,True,1,0,0,statsbomb_open_data_81e22b49-addf-47d2-936a-fedb5d0c10c6,2026-06-24T16:04:38.431710+00:00,False,False,False,False,True,True,False
statsbomb_open_data,8330be18-c540-481d-a946-112b813f6af2,18237,4676,16,23,Champions League,2011/2012,Europe,Final,2012-05-19,169,Bayern Munich,33,Chelsea,Allianz Arena,Pedro Proença,5,120,56,3294,Juan Manuel Mata García,juan manuel mata garcia,33,Chelsea,Center Attacking Midfield,108.0,40.0,119.0,41.3,0.5,Saved,Left Foot,Normal,0.7835,0,5570.0,Manuel Neuer,manuel neuer,Germany,lineup_position_window,,,False,,low_center,0,saved,True,2,0,1,statsbomb_open_data_8330be18-c540-481d-a946-112b813f6af2,2026-06-24T16:04:38.431710+00:00,False,False,False,False,True,True,False
statsbomb_open_data,02307817-1740-490e-ab2d-79fec3618ca3,18237,4678,16,23,Champions League,2011/2012,Europe,Final,2012-05-19,169,Bayern Munich,33,Chelsea,Allianz Arena,Pedro Proença,5,121,33,5565,Mario Gómez García,mario gomez garcia,169,Bayern Munich,Center Forward,108.0,40.0,119.0,43.2,0.2,Goal,Right Foot,Normal,0.7835,0,3461.0,Petr Čech,petr cech,Czech Republic,lineup_position_window,,,False,,low_right,1,scored,True,3,1,0,statsbomb_open_data_02307817-1740-490e-ab2d-79fec3618ca3,2026-06-24T16:04:38.431710+00:00,False,False,False,False,True,True,False
statsbomb_open_data,8d14582c-8f2b-4814-8509-fdc81326637c,18237,4680,16,23,Champions League,2011/2012,Europe,Final,2012-05-19,169,Bayern Munich,33,Chelsea,Allianz Arena,Pedro Proença,5,122,14,3956,David Luiz Moreira Marinho,david luiz moreira marinho,33,Chelsea,Left Center Back,108.0,40.0,119.0,43.6,2.0,Goal,Right Foot,Normal,0.7835,0,5570.0,Manuel Neuer,manuel neuer,Germany,lineup_position_window,,,False,,high_right,1,scored,True,4,0,2,statsbomb_open_data_8d14582c-8f2b-4814-8509-fdc81326637c,2026-06-24T16:04:38.431710+00:00,False,False,False,False,True,True,False
statsbomb_open_data,364fd9d8-76cd-49fd-ac6d-0b414fc7c653,18237,4682,16,23,Champions League,2011/2012,Europe,Final,2012-05-19,169,Bayern Munich,33,Chelsea,Allianz Arena,Pedro Proença,5,123,3,5570,Manuel Neuer,manuel neuer,169,Bayern Munich,Goalkeeper,108.0,40.0,119.0,36.6,0.5,Goal,Right Foot,Normal,0.7835,0,3461.0,Petr Čech,petr cech,Czech Republic,lineup_position_window,,,False,,low_left,1,scored,True,5,2,1,statsbomb_open_data_364fd9d8-76cd-49fd-ac6d-0b414fc7c653,2026-06-24T16:04:38.431710+00:00,False,False,False,False,True,True,False
statsbomb_open_data,77d35786-8a38-4878-bb93-44d87b29af35,18237,4684,16,23,Champions League,2011/2012,Europe,Final,2012-05-19,169,Bayern Munich,33,Chelsea,Allianz Arena,Pedro Proença,5,123,48,20330,Frank Lampard,frank lampard,33,Chelsea,Left Defensive Midfield,108.0,40.0,119.0,40.1,1.8,Goal,Right Foot,Normal,0.7835,0,5570.0,Manuel Neuer,manuel neuer,Germany,lineup_position_window,,,False,,low_center,1,scored,True,6,1,3,statsbomb_open_data_77d35786-8a38-4878-bb93-44d87b29af35,2026-06-24T16:04:38.431710+00:00,False,False,False,False,True,True,False
statsbomb_open_data,7241b443-c6e5-4f6b-aa86-dca0086fb3ea,18237,4686,16,23,Champions League,2011/2012,Europe,Final,2012-05-19,169,Bayern Munich,33,Chelsea,Allianz Arena,Pedro Proença,5,124,28,19289,Ivica Olić,ivica olic,169,Bayern Munich,Left Wing,108.0,40.0,119.0,42.6,1.2,Saved,Left Foot,Normal,0.7835,0,3461.0,Petr Čech,petr cech,Czech Republic,lineup_position_window,,,False,,low_right,0,saved,True,7,3,2,statsbomb_open_data_7241b443-c6e5-4f6b-aa86-dca0086fb3ea,2026-06-24T16:04:38.431710+00:00,False,False,False,False,True,True,False
statsbomb_open_data,01992a93-2d14-4586-961d-02ccddd789a3,18237,4688,16,23,Champions League,2011/2012,Europe,Final,2012-05-19,169,Bayern Munich,33,Chelsea,Allianz Arena,Pedro Proença,5,125,18,12529,Ashley Cole,ashley cole,33,Chelsea,Left Back,108.0,40.0,120.0,43.8,1.2,Goal,Left Foot,Normal,0.7835,0,5570.0,Manuel Neuer,manuel neuer,Germany,lineup_position_window,,,False,,low_right,1,scored,True,8,2,3,statsbomb_open_data_01992a93-2d14-4586-961d-02ccddd789a3,2026-06-24T16:04:38.431710+00:00,False,False,False,False,True,True,False
statsbomb_open_data,18d17a04-728f-4622-a8e4-bdd5203157d9,18237,4690,16,23,Champions League,2011/2012,Europe,Final,2012-05-19,169,Bayern Munich,33,Chelsea,Allianz Arena,Pedro Proença,5,126,4,18414,Bastian Schweinsteiger,bastian schweinsteiger,169,Bayern Munich,Left Defensive Midfield,108.0,40.0,119.0,43.2,0.9,Saved,Right Foot,Normal,0.7835,0,3461.0,Petr Čech,petr cech,Czech Republic,lineup_position_window,,,False,,low_right,0,saved,True,9,3,3,statsbomb_open_data_18d17a04-728f-4622-a8e4-bdd5203157d9,2026-06-24T16:04:38.431710+00:00,False,False,False,False,True,True,False
statsbomb_open_data,0305bd45-4243-4657-9db1-72ae41eaa2f9,18237,4692,16,23,Champions League,2011/2012,Europe,Final,2012-05-19,169,Bayern Munich,33,Chelsea,Allianz Arena,Pedro Proença,5,127,6,20352,Didier Yves Drogba Tébily,didier yves drogba tebily,33,Chelsea,Center Forward,108.0,40.0,120.0,36.8,0.2,Goal,Right Foot,Normal,0.7835,0,5570.0,Manuel Neuer,manuel neuer,Germany,lineup_position_window,,,False,,low_left,1,scored,True,10,3,3,statsbomb_open_data_0305bd45-4243-4657-9db1-72ae41eaa2f9,2026-06-24T16:04:38.431710+00:00,False,False,False,False,True,True,False
statsbomb_open_data,1cea8bfe-7d7c-4e55-a72f-f1e991f1c188,18240,2621,16,24,Champions League,2012/2013,Europe,Final,2013-05-25,180,Borussia Dortmund,169,Bayern Munich,Wembley Stadium,Nicola Rizzoli,2,67,34,10287,İlkay Gündoğan,ilkay gundogan,180,Borussia Dortmund,Left Defensive Midfield,108.0,40.0,120.0,43.0,0.2,Goal,Right Foot,Normal,0.7835,0,5570.0,Manuel Neuer,manuel neuer,Germany,lineup_position_window,,,False,,low_right,1,scored,False,,,,statsbomb_open_data_1cea8bfe-7d7c-4e55-a72f-f1e991f1c188,2026-06-24T16:04:38.431710+00:00,False,False,False,False,True,True,False
statsbomb_open_data,8b6b58dc-d2bd-48bf-851e-51227e31e6bd,18241,4252,16,25,Champions League,2013/2014,Europe,Final,2014-05-24,220,Real Madrid,212,Atlético Madrid,Estádio da Luz,Björn Kuipers,4,119,53,5207,Cristiano Ronaldo dos Santos Aveiro,cristiano ronaldo dos santos aveiro,220,Real Madrid,Left Wing,108.0,40.0,120.0,42.4,1.5,Goal,Right Foot,Normal,0.7835,0,3509.0,Thibaut Courtois,thibaut courtois,Belgium,lineup_position_window,,,False,,low_right,1,scored,False,,,,statsbomb_open_data_8b6b58dc-d2bd-48bf-851e-51227e31e6bd,2026-06-24T16:04:38.431710+00:00,False,False,False,False,True,True,False
statsbomb_open_data,e64ae9d5-81cf-47ae-be17-f722322c3bdd,18243,2023,16,27,Champions League,2015/2016,Europe,Final,2016-05-28,220,Real Madrid,212,Atlético Madrid,Stadio Giuseppe Meazza    ,Mark Clattenburg,2,47,8,5487,Antoine Griezmann,antoine griezmann,212,Atlético Madrid,Left Center Forward,108.0,40.0,120.0,40.3,2.7,Post,Left Foot,Normal,0.7835,0,5597.0,Keylor Navas Gamboa,keylor navas gamboa,Costa Rica,lineup_position_window,,,False,,high_center,0,missed,False,,,,statsbomb_open_data_e64ae9d5-81cf-47ae-be17-f722322c3bdd,2026-06-24T16:04:38.431710+00:00,False,False,False,False,True,True,False
statsbomb_open_data,85011ca9-6869-4a82-8101-8db06eb88d21,18243,4689,16,27,Champions League,2015/2016,Europe,Final,2016-05-28,220,Real Madrid,212,Atlético Madrid,Stadio Giuseppe Meazza    ,Mark Clattenburg,5,120,0,5200,Lucas Vázquez Iglesias,lucas vazquez iglesias,220,Real Madrid,Right Wing,109.0,41.0,120.0,42.8,0.3,Goal,Right Foot,Normal,0.7835,0,6378.0,Jan Oblak,jan oblak,Slovenia,lineup_position_window,,,False,,low_right,1,scored,True,1,0,0,statsbomb_open_data_85011ca9-6869-4a82-8101-8db06eb88d21,2026-06-24T16:04:38.431710+00:00,False,False,False,False,True,True,False
statsbomb_open_data,25bfc13b-728a-4c3a-9b3d-3f171aed8226,18243,4691,16,27,Champions League,2015/2016,Europe,Final,2016-05-28,220,Real Madrid,212,Atlético Madrid,Stadio Giuseppe Meazza    ,Mark Clattenburg,5,120,43,5487,Antoine Griezmann,antoine griezmann,212,Atlético Madrid,Left Center Forward,109.0,41.0,120.0,38.0,0.3,Goal,Left Foot,Normal,0.7835,0,5597.0,Keylor Navas Gamboa,keylor navas gamboa,Costa Rica,lineup_position_window,,,False,,low_left,1,scored,True,2,0,1,statsbomb_open_data_25bfc13b-728a-4c3a-9b3d-3f171aed8226,2026-06-24T16:04:38.431710+00:00,False,False,False,False,True,True,False
statsbomb_open_data,8dc4d35e-2a71-45f5-a86f-ec807f8d2669,18243,4693,16,27,Champions League,2015/2016,Europe,Final,2016-05-28,220,Real Madrid,212,Atlético Madrid,Stadio Giuseppe Meazza    ,Mark Clattenburg,5,121,21,5552,Marcelo Vieira da Silva Júnior,marcelo vieira da silva junior,220,Real Madrid,Left Back,109.0,41.0,120.0,43.6,1.3,Goal,Left Foot,Normal,0.7835,0,6378.0,Jan Oblak,jan oblak,Slovenia,lineup_position_window,,,False,,low_right,1,scored,True,3,1,1,statsbomb_open_data_8dc4d35e-2a71-45f5-a86f-ec807f8d2669,2026-06-24T16:04:38.431710+00:00,False,False,False,False,True,True,False
statsbomb_open_data,5fa09018-29c2-4da8-bd5b-b51280504044,18243,4695,16,27,Champions League,2015/2016,Europe,Final,2016-05-28,220,Real Madrid,212,Atlético Madrid,Stadio Giuseppe Meazza    ,Mark Clattenburg,5,121,57,6384,Gabriel Fernández Arenas,gabriel fernandez arenas,212,Atlético Madrid,Right Defensive Midfield,109.0,41.0,120.0,36.8,2.2,Goal,Right Foot,Normal,0.7835,0,5597.0,Keylor Navas Gamboa,keylor navas gamboa,Costa Rica,lineup_position_window,,,False,,high_left,1,scored,True,4,1,2,statsbomb_open_data_5fa09018-29c2-4da8-bd5b-b51280504044,2026-06-24T16:04:38.431710+00:00,False,False,False,False,True,True,False
statsbomb_open_data,78ebee34-5ae5-42b0-a011-998692ce96c2,18243,4697,16,27,Champions League,2015/2016,Europe,Final,2016-05-28,220,Real Madrid,212,Atlético Madrid,Stadio Giuseppe Meazza    ,Mark Clattenburg,5,122,36,6399,Gareth Frank Bale,gareth frank bale,220,Real Madrid,Left Wing,109.0,41.0,120.0,43.6,0.2,Goal,Left Foot,Normal,0.7835,0,6378.0,Jan Oblak,jan oblak,Slovenia,lineup_position_window,,,False,,low_right,1,scored,True,5,2,2,statsbomb_open_data_78ebee34-5ae5-42b0-a011-998692ce96c2,2026-06-24T16:04:38.431710+00:00,False,False,False,False,True,True,False
statsbomb_open_data,4b61142e-441c-446d-a3ed-56ecb120d8fb,18243,4699,16,27,Champions League,2015/2016,Europe,Final,2016-05-28,220,Real Madrid,212,Atlético Madrid,Stadio Giuseppe Meazza    ,Mark Clattenburg,5,123,23,6381,Saúl Ñíguez Esclapez,saul niguez esclapez,212,Atlético Madrid,Right Midfield,109.0,41.0,120.0,36.8,0.1,Goal,Left Foot,Normal,0.7835,0,5597.0,Keylor Navas Gamboa,keylor navas gamboa,Costa Rica,lineup_position_window,,,False,,low_left,1,scored,True,6,2,3,statsbomb_open_data_4b61142e-441c-446d-a3ed-56ecb120d8fb,2026-06-24T16:04:38.431710+00:00,False,False,False,False,True,True,False
statsbomb_open_data,cc50dfff-4bb1-460f-ba87-a180c26cb953,18243,4701,16,27,Champions League,2015/2016,Europe,Final,2016-05-28,220,Real Madrid,212,Atlético Madrid,Stadio Giuseppe Meazza    ,Mark Clattenburg,5,124,1,5201,Sergio Ramos García,sergio ramos garcia,220,Real Madrid,Left Center Back,109.0,41.0,120.0,43.4,0.4,Goal,Right Foot,Normal,0.7835,0,6378.0,Jan Oblak,jan oblak,Slovenia,lineup_position_window,,,False,,low_right,1,scored,True,7,3,3,statsbomb_open_data_cc50dfff-4bb1-460f-ba87-a180c26cb953,2026-06-24T16:04:38.431710+00:00,False,False,False,False,True,True,False
statsbomb_open_data,138e3962-bbde-4540-ab10-2d7d2d5c1ad4,18243,4703,16,27,Champions League,2015/2016,Europe,Final,2016-05-28,220,Real Madrid,212,Atlético Madrid,Stadio Giuseppe Meazza    ,Mark Clattenburg,5,124,32,6375,Juan Francisco Torres Belén,juan francisco torres belen,212,Atlético Madrid,Right Back,109.0,41.0,120.0,36.0,0.1,Post,Right Foot,Normal,0.7835,0,5597.0,Keylor Navas Gamboa,keylor navas gamboa,Costa Rica,lineup_position_window,,,False,,low_left,0,missed,True,8,3,4,statsbomb_open_data_138e3962-bbde-4540-ab10-2d7d2d5c1ad4,2026-06-24T16:04:38.431710+00:00,False,False,False,False,True,True,False
statsbomb_open_data,776b3657-1b16-42ad-a1ad-48018917dd93,18243,4705,16,27,Champions League,2015/2016,Europe,Final,2016-05-28,220,Real Madrid,212,Atlético Madrid,Stadio Giuseppe Meazza    ,Mark Clattenburg,5,125,12,5207,Cristiano Ronaldo dos Santos Aveiro,cristiano ronaldo dos santos aveiro,220,Real Madrid,Center Forward,109.0,41.0,120.0,42.6,1.8,Goal,Right Foot,Normal,0.7835,0,6378.0,Jan Oblak,jan oblak,Slovenia,lineup_position_window,,,False,,low_right,1,scored,True,9,4,3,statsbomb_open_data_776b3657-1b16-42ad-a1ad-48018917dd93,2026-06-24T16:04:38.431710+00:00,False,False,False,False,True,True,False
statsbomb_open_data,f8824d03-63fa-4edd-9c60-4ef917451285,19716,2097,37,4,FA Women's Super League,2018/2019,England,Regular Season,2018-09-09,974,Reading WFC,970,Yeovil Town LFC,Adams Park ,Helen Conley,2,58,50,15726,Lauren Bruton,lauren bruton,974,Reading WFC,Right Wing,108.0,40.0,119.0,37.0,0.9,Goal,Right Foot,Normal,0.7835,0,15709.0,Megan Walsh,megan walsh,Ireland,lineup_position_window,,,False,,low_left,1,scored,False,,,,statsbomb_open_data_f8824d03-63fa-4edd-9c60-4ef917451285,2026-06-24T16:04:38.431710+00:00,False,False,False,False,True,True,False
statsbomb_open_data,2e266697-a125-487a-8d91-188c73cfb644,19728,2911,37,4,FA Women's Super League,2018/2019,England,Regular Season,2018-09-23,746,Manchester City WFC,973,Bristol City WFC,Joie Stadium,Asaka Koizumi,2,82,44,4654,Nikita Parris,nikita parris,746,Manchester City WFC,Right Wing,109.0,41.0,120.0,36.4,0.5,Goal,Right Foot,Normal,0.7835,0,16376.0,Sophie Baggaley,sophie baggaley,England,lineup_position_window,,,False,,low_left,1,scored,False,,,,statsbomb_open_data_2e266697-a125-487a-8d91-188c73cfb644,2026-06-24T16:04:38.431710+00:00,False,False,False,False,True,True,False
statsbomb_open_data,5782aaf9-3a71-45c3-9bed-fcac28184a38,19736,733,37,4,FA Women's Super League,2018/2019,England,Regular Season,2018-10-14,971,Chelsea FCW,968,Arsenal WFC,Kingsmeadow,Sam Purkiss,1,20,20,15616,Kim Little,kim little,968,Arsenal WFC,Right Defensive Midfield,108.0,40.0,119.0,36.4,1.6,Goal,Right Foot,Normal,0.7835,0,19421.0,Carly Mitchell Telford,carly mitchell telford,England,lineup_position_window,,,False,,low_left,1,scored,False,,,,statsbomb_open_data_5782aaf9-3a71-45c3-9bed-fcac28184a38,2026-06-24T16:04:38.431710+00:00,False,False,False,False,True,True,False
statsbomb_open_data,94868337-9b1f-471e-a1f3-d299146ac60d,19738,1138,37,4,FA Women's Super League,2018/2019,England,Regular Season,2018-10-14,973,Bristol City WFC,969,Birmingham City WFC,Stoke Gifford Stadium,Samuel Allison,1,31,45,19503,Aoife Mannion,aoife mannion,969,Birmingham City WFC,Center Back,108.0,40.0,119.0,43.8,1.9,Saved,Right Foot,Normal,0.7835,0,16376.0,Sophie Baggaley,sophie baggaley,England,lineup_position_window,,,False,,low_right,0,saved,False,,,,statsbomb_open_data_94868337-9b1f-471e-a1f3-d299146ac60d,2026-06-24T16:04:38.431710+00:00,False,False,False,False,True,True,False
statsbomb_open_data,f082bdce-42b3-4545-b1ea-1ad2b6642fb4,19743,2973,37,4,FA Women's Super League,2018/2019,England,Regular Season,2018-10-21,969,Birmingham City WFC,971,Chelsea FCW,ARMCO Arena,Amy Fearn,2,74,40,15553,Karen Julia Carney,karen julia carney,971,Chelsea FCW,Left Midfield,108.0,40.0,119.0,42.4,1.2,Saved,Right Foot,Normal,0.7835,0,15560.0,Ann-Katrin Berger,ann-katrin berger,Germany,lineup_position_window,,,False,,low_right,0,saved,False,,,,statsbomb_open_data_f082bdce-42b3-4545-b1ea-1ad2b6642fb4,2026-06-24T16:04:38.431710+00:00,False,False,False,False,True,True,False
statsbomb_open_data,69c2f9c9-d363-4f5a-bd4e-941220862ec4,19745,1901,37,4,FA Women's Super League,2018/2019,England,Regular Season,2018-10-28,965,Brighton & Hove Albion WFC,970,Yeovil Town LFC,Broadfield Stadium,Jacob Miles,2,68,33,15715,Ellie Mason,ellie mason,970,Yeovil Town LFC,Left Center Midfield,109.0,41.0,119.0,42.8,0.5,Saved,Left Foot,Normal,0.7835,0,19419.0,Marie Hourihan,marie hourihan,Ireland,lineup_position_window,,,False,,low_right,0,saved,False,,,,statsbomb_open_data_69c2f9c9-d363-4f5a-bd4e-941220862ec4,2026-06-24T16:04:38.431710+00:00,False,False,False,False,True,True,False
statsbomb_open_data,eff3cd7f-5f22-4faf-961c-7e65028ac846,19746,1856,37,4,FA Women's Super League,2018/2019,England,Regular Season,2018-10-28,967,Everton LFC,972,West Ham United LFC,Haig Avenue,Aaron Jackson,2,54,15,4653,Jane Ross,jane ross,972,West Ham United LFC,Left Center Forward,108.0,40.0,118.0,36.4,0.2,Saved,Right Foot,Normal,0.7835,0,15576.0,Kirstie Levell,kirstie levell,England,lineup_position_window,,,False,,low_left,0,saved,False,,,,statsbomb_open_data_eff3cd7f-5f22-4faf-961c-7e65028ac846,2026-06-24T16:04:38.431710+00:00,False,False,False,False,True,True,False
statsbomb_open_data,0ed3d0e3-b8a2-497d-ac0c-d4bbed3e8150,19749,2682,37,4,FA Women's Super League,2018/2019,England,Regular Season,2018-11-04,968,Arsenal WFC,969,Birmingham City WFC,Meadow Park ,Rebecca Welch,2,66,31,10658,Danielle van de Donk,danielle van de donk,968,Arsenal WFC,Right Center Midfield,108.0,40.0,119.0,43.6,0.4,Goal,Right Foot,Normal,0.7835,0,15560.0,Ann-Katrin Berger,ann-katrin berger,Germany,lineup_position_window,,,False,,low_right,1,scored,False,,,,statsbomb_open_data_0ed3d0e3-b8a2-497d-ac0c-d4bbed3e8150,2026-06-24T16:04:38.431710+00:00,False,False,False,False,True,True,False
statsbomb_open_data,41297c81-d98d-4e42-bb23-54cc1d32935f,19752,3565,37,4,FA Women's Super League,2018/2019,England,Regular Season,2018-11-04,966,Liverpool WFC,746,Manchester City WFC,Prenton Park,Thomas Parsons,2,84,36,4654,Nikita Parris,nikita parris,746,Manchester City WFC,Center Forward,108.0,40.0,118.0,36.2,0.8,Goal,Right Foot,Normal,0.7835,0,15626.0,Anke Preuß,anke preuss,Germany,lineup_position_window,,,False,,low_left,1,scored,False,,,,statsbomb_open_data_41297c81-d98d-4e42-bb23-54cc1d32935f,2026-06-24T16:04:38.431710+00:00,False,False,False,False,True,True,False
statsbomb_open_data,e5c119bb-3760-48fb-a5fd-d027039cf26d,19754,3023,37,4,FA Women's Super League,2018/2019,England,Regular Season,2019-03-24,966,Liverpool WFC,968,Arsenal WFC,Prenton Park,Helen Conley,2,75,35,15611,Courtney Sweetman-Kirk,courtney sweetman-kirk,966,Liverpool WFC,Left Midfield,109.0,41.0,120.0,36.4,1.9,Goal,Right Foot,Normal,0.7835,0,15615.0,Pauline Peyraud Magnin,pauline peyraud magnin,France,lineup_position_window,,,False,,low_left,1,scored,False,,,,statsbomb_open_data_e5c119bb-3760-48fb-a5fd-d027039cf26d,2026-06-24T16:04:38.431710+00:00,False,False,False,False,True,True,False
statsbomb_open_data,0dba460b-292d-40ee-a02c-c97d15b96485,19756,2193,37,4,FA Women's Super League,2018/2019,England,Regular Season,2019-04-17,967,Everton LFC,969,Birmingham City WFC,Haig Avenue,Paul Clarke,2,72,57,15579,Inessa Kaagman,inessa kaagman,967,Everton LFC,Center Attacking Midfield,108.1,40.1,119.2,39.3,1.2,Saved,Left Foot,Normal,0.7835,0,22032.0,Hannah Hampton,hannah hampton,England,lineup_position_window,,,False,,low_center,0,saved,False,,,,statsbomb_open_data_0dba460b-292d-40ee-a02c-c97d15b96485,2026-06-24T16:04:38.431710+00:00,False,False,False,False,True,True,False
statsbomb_open_data,2c0c6510-44e1-47e8-ba0f-94588ec577c5,19779,2859,37,4,FA Women's Super League,2018/2019,England,Regular Season,2019-01-06,973,Bristol City WFC,746,Manchester City WFC,Stoke Gifford Stadium,James Durkin,2,61,17,16386,Lucy Hope,lucy hope,973,Bristol City WFC,Center Attacking Midfield,108.0,40.0,119.0,41.7,0.8,Goal,Right Foot,Normal,0.7835,0,4637.0,Ellie Roebuck,ellie roebuck,England,lineup_position_window,,,False,,low_right,1,scored,False,,,,statsbomb_open_data_2c0c6510-44e1-47e8-ba0f-94588ec577c5,2026-06-24T16:04:38.431710+00:00,False,False,False,False,True,True,False
statsbomb_open_data,78430a85-17c5-4c94-bf6b-b7aba5aab2d4,19788,852,37,4,FA Women's Super League,2018/2019,England,Regular Season,2019-01-13,970,Yeovil Town LFC,966,Liverpool WFC,Clayson Stadium,Marc Whaley,1,26,36,15611,Courtney Sweetman-Kirk,courtney sweetman-kirk,966,Liverpool WFC,Center Forward,109.0,41.0,120.0,36.4,1.1,Goal,Right Foot,Normal,0.7835,0,15709.0,Megan Walsh,megan walsh,Ireland,lineup_position_window,,,False,,low_left,1,scored,False,,,,statsbomb_open_data_78430a85-17c5-4c94-bf6b-b7aba5aab2d4,2026-06-24T16:04:38.431710+00:00,False,False,False,False,True,True,False
statsbomb_open_data,de72b5a8-3b59-4d1a-a64a-483102484466,19790,101,37,4,FA Women's Super League,2018/2019,England,Regular Season,2019-01-27,746,Manchester City WFC,965,Brighton & Hove Albion WFC,Joie Stadium,Amy Fearn,1,2,15,4654,Nikita Parris,nikita parris,746,Manchester City WFC,Right Center Forward,109.0,41.0,120.0,36.4,1.3,Goal,Right Foot,Normal,0.7835,0,19419.0,Marie Hourihan,marie hourihan,Ireland,lineup_fallback_first_gk,,,False,,low_left,1,scored,False,,,,statsbomb_open_data_de72b5a8-3b59-4d1a-a64a-483102484466,2026-06-24T16:04:38.431710+00:00,False,False,False,False,True,True,False
statsbomb_open_data,43fc2a0a-c104-4f86-b04e-3a0913938382,19791,2737,37,4,FA Women's Super League,2018/2019,England,Regular Season,2019-01-27,974,Reading WFC,968,Arsenal WFC,Adams Park ,Lucy Oliver,2,79,51,15616,Kim Little,kim little,968,Arsenal WFC,Right Center Midfield,109.0,41.0,120.0,42.8,0.7,Goal,Right Foot,Normal,0.7835,0,15719.0,Grace Moloney,grace moloney,Ireland,lineup_position_window,,,False,,low_right,1,scored,False,,,,statsbomb_open_data_43fc2a0a-c104-4f86-b04e-3a0913938382,2026-06-24T16:04:38.431710+00:00,False,False,False,False,True,True,False
statsbomb_open_data,a6a11f11-f3eb-4f73-8cdf-f1d93b4e7751,19792,1904,37,4,FA Women's Super League,2018/2019,England,Regular Season,2019-01-27,973,Bristol City WFC,970,Yeovil Town LFC,Stoke Gifford Stadium,Kirsty Dowle,2,55,1,16386,Lucy Hope,lucy hope,973,Bristol City WFC,Center Attacking Midfield,108.0,40.0,118.0,43.8,0.8,Goal,Right Foot,Normal,0.7835,0,15709.0,Megan Walsh,megan walsh,Ireland,lineup_position_window,,,False,,low_right,1,scored,False,,,,statsbomb_open_data_a6a11f11-f3eb-4f73-8cdf-f1d93b4e7751,2026-06-24T16:04:38.431710+00:00,False,False,False,False,True,True,False
statsbomb_open_data,b90ba192-4048-40b1-8c0c-57bdbfdb6e45,19794,3535,37,4,FA Women's Super League,2018/2019,England,Regular Season,2019-02-20,971,Chelsea FCW,973,Bristol City WFC,Kingsmeadow,Tom Bishop,2,81,53,4641,Francesca Kirby,francesca kirby,971,Chelsea FCW,Right Center Forward,108.0,40.0,119.0,37.8,0.2,Goal,Right Foot,Normal,0.7835,0,16376.0,Sophie Baggaley,sophie baggaley,England,lineup_position_window,,,False,,low_left,1,scored,False,,,,statsbomb_open_data_b90ba192-4048-40b1-8c0c-57bdbfdb6e45,2026-06-24T16:04:38.431710+00:00,False,False,False,False,True,True,False
statsbomb_open_data,f894fea2-e84c-4b21-a7c6-a923d3992f41,19795,2106,37,4,FA Women's Super League,2018/2019,England,Regular Season,2019-02-20,974,Reading WFC,972,West Ham United LFC,Madejski Stadium,Rebecca Welch,2,65,15,10251,Fara Williams,fara williams,974,Reading WFC,Left Defensive Midfield,109.0,41.0,120.0,43.6,0.3,Goal,Right Foot,Normal,0.7835,0,22027.0,Anne Moorhouse,anne moorhouse,England,lineup_position_window,,,False,,low_right,1,scored,False,,,,statsbomb_open_data_f894fea2-e84c-4b21-a7c6-a923d3992f41,2026-06-24T16:04:38.431710+00:00,False,False,False,False,True,True,False
statsbomb_open_data,c64779a4-c52e-4233-8375-663fbb0dbe59,19797,2550,37,4,FA Women's Super League,2018/2019,England,Regular Season,2019-02-20,968,Arsenal WFC,970,Yeovil Town LFC,Meadow Park ,Kirsty Dowle,2,72,53,15616,Kim Little,kim little,968,Arsenal WFC,Left Center Midfield,109.0,41.0,120.0,36.4,1.3,Goal,Right Foot,Normal,0.7835,0,15709.0,Megan Walsh,megan walsh,Ireland,lineup_position_window,,,False,,low_left,1,scored,False,,,,statsbomb_open_data_c64779a4-c52e-4233-8375-663fbb0dbe59,2026-06-24T16:04:38.431710+00:00,False,False,False,False,True,True,False
statsbomb_open_data,a025504d-c280-4324-974e-c831a0c1818a,19799,864,37,4,FA Women's Super League,2018/2019,England,Regular Season,2019-03-13,966,Liverpool WFC,971,Chelsea FCW,Prenton Park,Joe Hull,1,21,5,4641,Francesca Kirby,francesca kirby,971,Chelsea FCW,Center Attacking Midfield,109.0,41.0,120.0,42.8,0.5,Goal,Right Foot,Normal,0.7835,0,15626.0,Anke Preuß,anke preuss,Germany,lineup_position_window,,,False,,low_right,1,scored,False,,,,statsbomb_open_data_a025504d-c280-4324-974e-c831a0c1818a,2026-06-24T16:04:38.431710+00:00,False,False,False,False,True,True,False
statsbomb_open_data,f295e526-e322-4b40-97cc-0136046d3821,19801,2606,37,4,FA Women's Super League,2018/2019,England,Regular Season,2019-03-13,974,Reading WFC,746,Manchester City WFC,Adams Park ,Tom Reeves,2,61,3,10251,Fara Williams,fara williams,974,Reading WFC,Center Attacking Midfield,108.0,40.0,119.0,43.6,0.8,Goal,Right Foot,Normal,0.7835,0,4637.0,Ellie Roebuck,ellie roebuck,England,lineup_position_window,,,False,,low_right,1,scored,False,,,,statsbomb_open_data_f295e526-e322-4b40-97cc-0136046d3821,2026-06-24T16:04:38.431710+00:00,False,False,False,False,True,True,False
statsbomb_open_data,d969cc88-30a0-4daa-b607-03ee9e9bc9e1,19806,1852,37,4,FA Women's Super League,2018/2019,England,Regular Season,2019-03-31,973,Bristol City WFC,974,Reading WFC,Stoke Gifford Stadium,Samuel Allison,2,48,19,10251,Fara Williams,fara williams,974,Reading WFC,Center Attacking Midfield,108.0,40.1,120.0,43.0,0.6,Saved,Right Foot,Normal,0.7835,0,16376.0,Sophie Baggaley,sophie baggaley,England,lineup_position_window,,,False,,low_right,0,saved,False,,,,statsbomb_open_data_d969cc88-30a0-4daa-b607-03ee9e9bc9e1,2026-06-24T16:04:38.431710+00:00,False,False,False,False,True,True,False
statsbomb_open_data,d7a0453a-95c9-4785-809c-fc31e49dc851,19807,2309,37,4,FA Women's Super League,2018/2019,England,Regular Season,2019-03-31,746,Manchester City WFC,966,Liverpool WFC,Joie Stadium,Lucy Oliver,2,52,52,15611,Courtney Sweetman-Kirk,courtney sweetman-kirk,966,Liverpool WFC,Left Midfield,108.1,40.2,120.0,42.5,0.6,Goal,Right Foot,Normal,0.7835,0,4637.0,Ellie Roebuck,ellie roebuck,England,lineup_position_window,,,False,,low_right,1,scored,False,,,,statsbomb_open_data_d7a0453a-95c9-4785-809c-fc31e49dc851,2026-06-24T16:04:38.431710+00:00,False,False,False,False,True,True,False
statsbomb_open_data,2a6f19e4-9fd6-49c2-aa15-e7fa1251199a,19818,1187,37,4,FA Women's Super League,2018/2019,England,Regular Season,2019-04-28,746,Manchester City WFC,970,Yeovil Town LFC,Joie Stadium,Richard Aspinall,1,29,34,4654,Nikita Parris,nikita parris,746,Manchester City WFC,Right Center Forward,108.3,40.1,120.0,37.1,1.8,Goal,Right Foot,Normal,0.7835,0,15709.0,Megan Walsh,megan walsh,Ireland,lineup_position_window,,,False,,low_left,1,scored,False,,,,statsbomb_open_data_2a6f19e4-9fd6-49c2-aa15-e7fa1251199a,2026-06-24T16:04:38.431710+00:00,False,False,False,False,True,True,False
statsbomb_open_data,ea96e2b2-af1e-4157-a700-5919a9c075dc,22912,34,16,4,Champions League,2018/2019,Europe,Final,2019-06-01,38,Tottenham Hotspur,24,Liverpool,Estádio Cívitas Metropolitano,Damir Skomina,1,1,48,3531,Mohamed Salah,mohamed salah,24,Liverpool,Right Wing,108.2,40.1,120.0,42.5,0.9,Goal,Left Foot,Normal,0.7835,0,3099.0,Hugo Lloris,hugo lloris,France,lineup_position_window,,,False,,low_right,1,scored,False,,,,statsbomb_open_data_ea96e2b2-af1e-4157-a700-5919a9c075dc,2026-06-24T16:04:38.431710+00:00,False,False,False,False,True,True,False
statsbomb_open_data,117a352e-ef72-4bfe-b2e5-9f3126f7f22d,22930,2751,72,30,Women's World Cup,2019,International,Group Stage,2019-06-08,863,Spain Women's,1216,South Africa Women's,Stade Océane,,2,69,6,10151,Jennifer Hermoso Fuentes,jennifer hermoso fuentes,863,Spain Women's,Center Forward,108.0,39.9,120.0,37.6,1.0,Goal,Left Foot,Normal,0.7835,0,25515.0,Andile Dlamini,andile dlamini,South Africa,lineup_position_window,,,False,,low_left,1,scored,False,,,,statsbomb_open_data_117a352e-ef72-4bfe-b2e5-9f3126f7f22d,2026-06-24T16:04:38.431710+00:00,False,False,False,False,True,True,False
statsbomb_open_data,f38d1c34-38b1-4681-8887-046ce9e0b6e4,22930,3011,72,30,Women's World Cup,2019,International,Group Stage,2019-06-08,863,Spain Women's,1216,South Africa Women's,Stade Océane,,2,82,20,10151,Jennifer Hermoso Fuentes,jennifer hermoso fuentes,863,Spain Women's,Center Forward,107.9,40.1,120.0,43.0,1.2,Goal,Left Foot,Normal,0.7835,0,25515.0,Andile Dlamini,andile dlamini,South Africa,lineup_position_window,,,False,,low_right,1,scored,False,,,,statsbomb_open_data_f38d1c34-38b1-4681-8887-046ce9e0b6e4,2026-06-24T16:04:38.431710+00:00,False,False,False,False,True,True,False
statsbomb_open_data,fd51164a-2c03-43aa-8f81-665aad5c8a7d,22933,654,72,30,Women's World Cup,2019,International,Group Stage,2019-06-09,1205,Australia Women's,855,Italy Women's,Stade du Hainaut,Melissa Paola Borjas Pastrana,1,21,35,4961,Samantha May Kerr,samantha may kerr,1205,Australia Women's,Center Forward,108.1,40.3,119.7,37.2,0.3,Saved,Right Foot,Normal,0.7835,1,10218.0,Laura Giuliani,laura giuliani,Italy,lineup_position_window,119.3,40.1,True,,low_left,0,saved,False,,,,statsbomb_open_data_fd51164a-2c03-43aa-8f81-665aad5c8a7d,2026-06-24T16:04:38.431710+00:00,False,False,False,False,False,False,False
statsbomb_open_data,2864ccf8-c400-4fff-85a0-635792d2f989,22934,1244,72,30,Women's World Cup,2019,International,Group Stage,2019-06-09,1203,Brazil Women's,1212,Jamaica Women's,Stade des Alpes,Riem Hussein,1,37,55,24368,Andressa Alves da Silva,andressa alves da silva,1203,Brazil Women's,Right Midfield,107.9,40.0,118.9,37.1,0.1,Saved,Left Foot,Normal,0.7835,0,25550.0,Sydney Schneider,sydney schneider,Jamaica,lineup_position_window,,,False,,low_left,0,saved,False,,,,statsbomb_open_data_2864ccf8-c400-4fff-85a0-635792d2f989,2026-06-24T16:04:38.431710+00:00,False,False,False,False,True,True,False
statsbomb_open_data,bf8041b8-3500-4086-aacb-11127d2f5329,22936,503,72,30,Women's World Cup,2019,International,Group Stage,2019-06-09,865,England Women's,866,Scotland W,Wembley Stadium,Jana Adamkova,1,13,6,4654,Nikita Parris,nikita parris,865,England Women's,Right Midfield,108.0,39.9,120.0,37.0,2.4,Goal,Right Foot,Normal,0.7835,0,25570.0,Lee Alexander,lee alexander,Scotland,lineup_position_window,,,False,,high_left,1,scored,False,,,,statsbomb_open_data_bf8041b8-3500-4086-aacb-11127d2f5329,2026-06-24T16:04:38.431710+00:00,False,False,False,False,True,True,False
statsbomb_open_data,ebb1d001-3377-42d3-a9da-b3e79caa1d3d,22948,2220,72,30,Women's World Cup,2019,International,Group Stage,2019-06-12,861,France Women's,852,Norway Women's,Allianz Riviera ,,2,71,45,10121,Eugénie Le Sommer,eugenie le sommer,861,France Women's,Left Midfield,108.1,40.1,120.0,36.8,0.2,Goal,Right Foot,Normal,0.7835,0,10394.0,Ingrid Hjelmseth,ingrid hjelmseth,Norway,lineup_position_window,,,False,,low_left,1,scored,False,,,,statsbomb_open_data_ebb1d001-3377-42d3-a9da-b3e79caa1d3d,2026-06-24T16:04:38.431710+00:00,False,False,False,False,True,True,False
statsbomb_open_data,21e4c524-ca2a-40c7-850f-cd77eb9995cd,22955,978,72,30,Women's World Cup,2019,International,Group Stage,2019-06-13,1205,Australia Women's,1203,Brazil Women's,Stade de la Mosson ,Esther Staubli,1,26,51,5082,Marta Vieira da Silva Veiga,marta vieira da silva veiga,1203,Brazil Women's,Right Center Midfield,108.4,40.0,120.0,37.2,0.5,Goal,Left Foot,Normal,0.7835,0,5066.0,Lydia Grace Yilkari Williams,lydia grace yilkari williams,Australia,lineup_position_window,,,False,,low_left,1,scored,False,,,,statsbomb_open_data_21e4c524-ca2a-40c7-850f-cd77eb9995cd,2026-06-24T16:04:38.431710+00:00,False,False,False,False,True,True,False
statsbomb_open_data,bc04225d-f671-4fe9-a0f6-580d92c9faff,22961,1471,72,30,Women's World Cup,2019,International,Group Stage,2019-06-14,1210,Japan Women's,866,Scotland W,Roazhon Park,,1,36,30,25637,Yuika Sugasawa,yuika sugasawa,1210,Japan Women's,Right Center Forward,108.1,40.1,120.0,43.1,0.2,Goal,Right Foot,Normal,0.7835,1,25570.0,Lee Alexander,lee alexander,Scotland,lineup_position_window,119.5,40.1,True,,low_right,1,scored,False,,,,statsbomb_open_data_bc04225d-f671-4fe9-a0f6-580d92c9faff,2026-06-24T16:04:38.431710+00:00,False,False,False,False,False,False,False
statsbomb_open_data,e2a97bad-c492-400d-a560-d3f4df083bae,22962,811,72,30,Women's World Cup,2019,International,Group Stage,2019-06-14,865,England Women's,1204,Argentina Women's,Stade Océane,,1,27,45,4654,Nikita Parris,nikita parris,865,England Women's,Right Midfield,108.0,40.1,119.5,42.0,1.2,Saved to Post,Right Foot,Normal,0.7835,0,25611.0,Vanina Noemí Correa,vanina noemi correa,Argentina,lineup_position_window,,,False,,low_right,0,unknown,False,,,,statsbomb_open_data_e2a97bad-c492-400d-a560-d3f4df083bae,2026-06-24T16:04:38.431710+00:00,False,False,False,False,True,True,False
statsbomb_open_data,9c86376d-a10b-4fda-8682-1fada8c1d935,22963,356,72,30,Women's World Cup,2019,International,Group Stage,2019-06-14,1212,Jamaica Women's,855,Italy Women's,Stade Auguste-Delaune II ,,1,11,49,10203,Cristiana Girelli,cristiana girelli,855,Italy Women's,Center Attacking Midfield,108.1,40.1,120.0,37.0,0.2,Goal,Right Foot,Normal,0.7835,0,25550.0,Sydney Schneider,sydney schneider,Jamaica,lineup_position_window,,,False,,low_left,1,scored,False,,,,statsbomb_open_data_9c86376d-a10b-4fda-8682-1fada8c1d935,2026-06-24T16:04:38.431710+00:00,False,False,False,False,True,True,False
statsbomb_open_data,4230da54-56d5-44c7-a548-c33abfc427ac,22973,3469,72,30,Women's World Cup,2019,International,Group Stage,2019-06-16,858,Sweden Women's,1107,Thailand W,Allianz Riviera ,,2,95,11,10221,Elin Ingrid Johanna Rubensson,elin ingrid johanna rubensson,858,Sweden Women's,Left Center Midfield,108.0,40.0,120.0,36.5,1.1,Goal,Right Foot,Normal,0.7835,0,25813.0,Waraporn Boonsing,waraporn boonsing,Thailand,lineup_position_window,,,False,,low_left,1,scored,False,,,,statsbomb_open_data_4230da54-56d5-44c7-a548-c33abfc427ac,2026-06-24T16:04:38.431710+00:00,False,False,False,False,True,True,False
statsbomb_open_data,b201ce15-db5c-4569-8e0a-782007956131,22974,2825,72,30,Women's World Cup,2019,International,Group Stage,2019-06-16,1214,United States Women's,1209,Chile Women's,Parc des Princes ,Riem Hussein,2,80,35,5097,Carli Anne Hollins,carli anne hollins,1214,United States Women's,Left Center Midfield,108.1,39.9,120.0,35.7,0.2,Off T,Right Foot,Normal,0.7835,1,24462.0,Claudia Christiane Endler Mutinelli,claudia christiane endler mutinelli,Chile,lineup_position_window,119.6,39.9,True,,low_left,0,missed,False,,,,statsbomb_open_data_b201ce15-db5c-4569-8e0a-782007956131,2026-06-24T16:04:38.431710+00:00,False,False,False,False,False,False,False
statsbomb_open_data,bffebdf0-42c5-43b0-b359-12c4fe6b0baa,22980,2557,72,30,Women's World Cup,2019,International,Group Stage,2019-06-17,1213,Nigeria Women's,861,France Women's,Roazhon Park,Melissa Paola Borjas Pastrana,2,78,53,10125,Wendie Renard,wendie renard,861,France Women's,Left Center Back,108.0,40.1,120.0,43.7,2.0,Goal,Right Foot,Normal,0.7835,0,25718.0,Chiamaka Cynthia Nnadozie,chiamaka cynthia nnadozie,Nigeria,lineup_position_window,,,False,,high_right,1,scored,False,,,,statsbomb_open_data_bffebdf0-42c5-43b0-b359-12c4fe6b0baa,2026-06-24T16:04:38.431710+00:00,False,False,False,False,True,True,False
statsbomb_open_data,4445056d-0f8c-401f-975b-6ceb99f0c6ea,22981,116,72,30,Women's World Cup,2019,International,Group Stage,2019-06-17,1211,Korea Republic Women's,852,Norway Women's,Stade Auguste-Delaune II ,Marie-Soleil Beaudoin,1,4,34,10386,Caroline Graham Hansen,caroline graham hansen,852,Norway Women's,Right Midfield,108.1,40.1,120.0,36.5,0.2,Goal,Right Foot,Normal,0.7835,0,25449.0,Min-Jeong Kim,min-jeong kim,Korea (South),lineup_position_window,,,False,,low_left,1,scored,False,,,,statsbomb_open_data_4445056d-0f8c-401f-975b-6ceb99f0c6ea,2026-06-24T16:04:38.431710+00:00,False,False,False,False,True,True,False
statsbomb_open_data,f61070df-35b6-443b-97f1-0a64b1d96873,22981,1543,72,30,Women's World Cup,2019,International,Group Stage,2019-06-17,1211,Korea Republic Women's,852,Norway Women's,Stade Auguste-Delaune II ,Marie-Soleil Beaudoin,2,50,44,13479,Isabell Herlovsen,isabell herlovsen,852,Norway Women's,Center Forward,107.9,40.1,120.0,36.6,0.7,Goal,Right Foot,Normal,0.7835,0,25449.0,Min-Jeong Kim,min-jeong kim,Korea (South),lineup_position_window,,,False,,low_left,1,scored,False,,,,statsbomb_open_data_f61070df-35b6-443b-97f1-0a64b1d96873,2026-06-24T16:04:38.431710+00:00,False,False,False,False,True,True,False
statsbomb_open_data,3fa81307-4a3d-4583-bbf0-70c5d8dd506f,68312,2478,72,30,Women's World Cup,2019,International,Group Stage,2019-06-18,855,Italy Women's,1203,Brazil Women's,Stade du Hainaut,Lucila Venegas Montes,2,73,41,5082,Marta Vieira da Silva Veiga,marta vieira da silva veiga,1203,Brazil Women's,Center Attacking Midfield,108.1,40.0,120.0,43.5,0.3,Goal,Left Foot,Normal,0.7835,0,,,,,no_lineup_file,,,False,,low_right,1,scored,False,,,,statsbomb_open_data_3fa81307-4a3d-4583-bbf0-70c5d8dd506f,2026-06-24T16:04:38.431710+00:00,False,False,False,True,True,True,False
statsbomb_open_data,cceac2ed-f6fb-41ef-9e4e-9a6ff0a2997d,68313,1352,11,37,La Liga,2004/2005,Spain,Regular Season,2004-10-24,217,Barcelona,422,Osasuna,Spotify Camp Nou,Vicente José Lizondo Cortés,1,43,38,25879,Ronaldo de Assis Moreira,ronaldo de assis moreira,217,Barcelona,Left Wing,108.0,39.9,120.0,36.5,0.6,Goal,Right Foot,Normal,0.7835,0,,,,,no_lineup_file,,,False,,low_left,1,scored,False,,,,statsbomb_open_data_cceac2ed-f6fb-41ef-9e4e-9a6ff0a2997d,2026-06-24T16:04:38.431710+00:00,False,False,False,True,True,True,False
statsbomb_open_data,4dc1572b-34b3-47a3-9bff-d04d715cd08d,68317,2650,11,38,La Liga,2005/2006,Spain,Regular Season,2005-10-01,217,Barcelona,395,Real Zaragoza,Spotify Camp Nou,Carlos Megía Dávila,2,78,40,25879,Ronaldo de Assis Moreira,ronaldo de assis moreira,217,Barcelona,Left Midfield,108.4,40.1,120.0,36.9,0.4,Goal,Right Foot,Normal,0.7835,0,,,,,no_lineup_file,,,False,,low_left,1,scored,False,,,,statsbomb_open_data_4dc1572b-34b3-47a3-9bff-d04d715cd08d,2026-06-24T16:04:38.431710+00:00,False,False,False,True,True,True,False
statsbomb_open_data,64d30227-6d7f-4604-89b9-7f668beab18b,68322,1757,11,38,La Liga,2005/2006,Spain,Regular Season,2005-12-17,552,Cádiz,217,Barcelona,Estadio Nuevo Mirandilla,Miguel Ayza,1,47,1,19298,Samuel Eto''o Fils,samuel eto''o fils,217,Barcelona,Center Forward,108.3,40.0,120.0,37.2,1.0,Goal,Right Foot,Normal,0.7835,0,,,,,no_lineup_file,,,False,,low_left,1,scored,False,,,,statsbomb_open_data_64d30227-6d7f-4604-89b9-7f668beab18b,2026-06-24T16:04:38.431710+00:00,False,False,False,True,True,True,False
statsbomb_open_data,021ab8b1-9cf7-4549-b5c0-66de85741c6e,68324,2634,11,38,La Liga,2005/2006,Spain,Regular Season,2006-01-22,217,Barcelona,206,Deportivo Alavés,Spotify Camp Nou,Turienzo,2,68,36,25879,Ronaldo de Assis Moreira,ronaldo de assis moreira,217,Barcelona,Left Wing,108.1,40.1,120.0,35.5,1.7,Off T,Right Foot,Normal,0.7835,1,,,,,no_lineup_file,119.7,40.0,True,,low_left,0,missed,False,,,,statsbomb_open_data_021ab8b1-9cf7-4549-b5c0-66de85741c6e,2026-06-24T16:04:38.431710+00:00,False,False,False,True,False,False,False
statsbomb_open_data,e6e2a04d-7130-4d17-ae06-330202b9fb48,68329,1112,11,39,La Liga,2006/2007,Spain,Regular Season,2006-10-15,217,Barcelona,213,Sevilla,Spotify Camp Nou,César Muñiz,1,27,22,25879,Ronaldo de Assis Moreira,ronaldo de assis moreira,217,Barcelona,Left Wing,108.0,40.1,120.0,43.6,0.3,Goal,Right Foot,Normal,0.7835,0,,,,,no_lineup_file,,,False,,low_right,1,scored,False,,,,statsbomb_open_data_e6e2a04d-7130-4d17-ae06-330202b9fb48,2026-06-24T16:04:38.431710+00:00,False,False,False,True,True,True,False
statsbomb_open_data,b8a557e4-d6b2-4461-83c1-324791f06771,68334,1198,11,39,La Liga,2006/2007,Spain,Regular Season,2007-03-03,213,Sevilla,217,Barcelona,Estadio Ramón Sánchez Pizjuán,Bernardino Gonzalez,1,28,49,25879,Ronaldo de Assis Moreira,ronaldo de assis moreira,217,Barcelona,Center Forward,107.8,40.0,119.3,38.7,0.6,Saved,Right Foot,Normal,0.7835,1,,,,,no_lineup_file,119.2,39.7,True,,low_center,0,saved,False,,,,statsbomb_open_data_b8a557e4-d6b2-4461-83c1-324791f06771,2026-06-24T16:04:38.431710+00:00,False,False,False,True,False,False,False
statsbomb_open_data,9f4e17b9-595d-4941-96ca-0c11395f0dd3,68335,482,11,39,La Liga,2006/2007,Spain,Regular Season,2007-03-10,217,Barcelona,220,Real Madrid,Spotify Camp Nou,Alberto Undiano Mallenco,1,12,55,19729,Ruud van Nistelrooy,ruud van nistelrooy,220,Real Madrid,Center Forward,108.2,40.1,120.0,42.4,0.1,Goal,Right Foot,Normal,0.7835,0,,,,,no_lineup_file,,,False,,low_right,1,scored,False,,,,statsbomb_open_data_9f4e17b9-595d-4941-96ca-0c11395f0dd3,2026-06-24T16:04:38.431710+00:00,False,False,False,True,True,True,False
statsbomb_open_data,a46613c7-8f03-434f-b498-bef1a2cde43c,68338,3095,72,30,Women's World Cup,2019,International,Group Stage,2019-06-19,866,Scotland W,1204,Argentina Women's,Parc des Princes ,Ok Ri-Hyang,2,93,20,25640,María Florencia Bonsegundo,maria florencia bonsegundo,1204,Argentina Women's,Left Midfield,108.0,40.1,119.9,39.8,0.9,Goal,Right Foot,Normal,0.7835,0,,,,,no_lineup_file,,,False,,low_center,1,scored,False,,,,statsbomb_open_data_a46613c7-8f03-434f-b498-bef1a2cde43c,2026-06-24T16:04:38.431710+00:00,False,False,False,True,True,True,False
statsbomb_open_data,b2025794-2632-4c7f-b41d-861ac2b8b887,68340,3244,11,39,La Liga,2006/2007,Spain,Regular Season,2006-09-17,1217,Racing Santander,217,Barcelona,Campos de Sport de El Sardinero,Carlos Velasco Carballo,2,91,28,25879,Ronaldo de Assis Moreira,ronaldo de assis moreira,217,Barcelona,Left Wing,108.0,40.0,120.0,43.6,0.6,Goal,Right Foot,Normal,0.7835,0,,,,,no_lineup_file,,,False,,low_right,1,scored,False,,,,statsbomb_open_data_b2025794-2632-4c7f-b41d-861ac2b8b887,2026-06-24T16:04:38.431710+00:00,False,False,False,True,True,True,False
statsbomb_open_data,cca517a3-e2ba-4a56-9834-71e7409c7911,68342,1319,11,38,La Liga,2005/2006,Spain,Regular Season,2006-01-15,217,Barcelona,215,Athletic Club,Spotify Camp Nou,Fernando Teixeira,1,37,55,25879,Ronaldo de Assis Moreira,ronaldo de assis moreira,217,Barcelona,Left Wing,108.0,39.9,120.0,42.5,0.3,Goal,Right Foot,Normal,0.7835,0,,,,,no_lineup_file,,,False,,low_right,1,scored,False,,,,statsbomb_open_data_cca517a3-e2ba-4a56-9834-71e7409c7911,2026-06-24T16:04:38.431710+00:00,False,False,False,True,True,True,False
statsbomb_open_data,e8a3845e-1b66-4424-9043-6b12a40de059,68343,2818,72,30,Women's World Cup,2019,International,Group Stage,2019-06-20,1107,Thailand W,1209,Chile Women's,Roazhon Park,,2,83,36,25690,Francisca Alejandra Lara Lara,francisca alejandra lara lara,1209,Chile Women's,Left Wing Back,108.0,40.0,120.0,41.7,2.8,Post,Left Foot,Normal,0.7835,1,,,,,no_lineup_file,119.4,40.1,True,,high_right,0,missed,False,,,,statsbomb_open_data_e8a3845e-1b66-4424-9043-6b12a40de059,2026-06-24T16:04:38.431710+00:00,False,False,False,True,False,False,False
statsbomb_open_data,07003353-7a08-48fa-bbb3-ebc725d1db2b,68351,3103,11,38,La Liga,2005/2006,Spain,Regular Season,2006-02-25,395,Real Zaragoza,217,Barcelona,Estadio de la Romareda,Victor José Esquinas Torres,2,79,2,25879,Ronaldo de Assis Moreira,ronaldo de assis moreira,217,Barcelona,Left Wing,108.1,40.0,120.0,43.3,0.3,Goal,Right Foot,Normal,0.7835,1,,,,,no_lineup_file,119.6,40.3,True,,low_right,1,scored,False,,,,statsbomb_open_data_07003353-7a08-48fa-bbb3-ebc725d1db2b,2026-06-24T16:04:38.431710+00:00,False,False,False,True,False,False,False
statsbomb_open_data,33d46a14-0366-4718-bdd1-74f1c5423d17,68354,129,11,38,La Liga,2005/2006,Spain,Regular Season,2005-11-27,217,Barcelona,1217,Racing Santander,Spotify Camp Nou,Rafael Ramírez Domínguez,1,3,6,25879,Ronaldo de Assis Moreira,ronaldo de assis moreira,217,Barcelona,Left Wing,107.9,40.0,119.2,38.1,0.4,Saved,Right Foot,Normal,0.7835,1,,,,,no_lineup_file,119.7,39.9,True,,low_left,0,saved,False,,,,statsbomb_open_data_33d46a14-0366-4718-bdd1-74f1c5423d17,2026-06-24T16:04:38.431710+00:00,False,False,False,True,False,False,False
statsbomb_open_data,799daaec-84ac-4956-bf5e-deb1f68f9881,68354,2332,11,38,La Liga,2005/2006,Spain,Regular Season,2005-11-27,217,Barcelona,1217,Racing Santander,Spotify Camp Nou,Rafael Ramírez Domínguez,2,56,7,25879,Ronaldo de Assis Moreira,ronaldo de assis moreira,217,Barcelona,Left Wing,108.1,40.0,120.0,36.7,2.0,Goal,Right Foot,Normal,0.7835,0,,,,,no_lineup_file,,,False,,high_left,1,scored,False,,,,statsbomb_open_data_799daaec-84ac-4956-bf5e-deb1f68f9881,2026-06-24T16:04:38.431710+00:00,False,False,False,True,True,True,False
statsbomb_open_data,403e6900-898f-4e1d-b63a-f35fa8fada2a,68354,2758,11,38,La Liga,2005/2006,Spain,Regular Season,2005-11-27,217,Barcelona,1217,Racing Santander,Spotify Camp Nou,Rafael Ramírez Domínguez,2,70,28,26144,Francisco Javier Casquero Paredes,francisco javier casquero paredes,1217,Racing Santander,Center Defensive Midfield,108.0,40.0,119.9,42.7,0.2,Goal,Right Foot,Normal,0.7835,0,,,,,no_lineup_file,,,False,,low_right,1,scored,False,,,,statsbomb_open_data_403e6900-898f-4e1d-b63a-f35fa8fada2a,2026-06-24T16:04:38.431710+00:00,False,False,False,True,True,True,False
statsbomb_open_data,a56a9bf9-1e65-4b91-9c92-6da847721480,68355,562,72,30,Women's World Cup,2019,International,Round of 16,2019-06-22,857,Germany Women's,1213,Nigeria Women's,Stade des Alpes,,1,26,45,10263,Sara Däbritz,sara dabritz,857,Germany Women's,Left Midfield,108.0,40.0,120.0,42.9,0.7,Goal,Left Foot,Normal,0.7835,0,,,,,no_lineup_file,,,False,,low_right,1,scored,False,,,,statsbomb_open_data_a56a9bf9-1e65-4b91-9c92-6da847721480,2026-06-24T16:04:38.431710+00:00,False,False,False,True,True,True,False
statsbomb_open_data,5ef41dbc-2563-488a-a842-1db57ed29ff0,68357,4579,72,30,Women's World Cup,2019,International,Round of 16,2019-06-22,852,Norway Women's,1205,Australia Women's,Allianz Riviera ,Riem Hussein,5,120,0,10386,Caroline Graham Hansen,caroline graham hansen,852,Norway Women's,Center Attacking Midfield,108.1,40.2,120.0,43.1,0.4,Goal,Right Foot,Normal,0.7835,0,,,,,no_lineup_file,,,False,,low_right,1,scored,True,1,0,0,statsbomb_open_data_5ef41dbc-2563-488a-a842-1db57ed29ff0,2026-06-24T16:04:38.431710+00:00,False,False,False,True,True,True,False
statsbomb_open_data,435b4046-3618-4a8a-a494-91a7935be28c,68357,4581,72,30,Women's World Cup,2019,International,Round of 16,2019-06-22,852,Norway Women's,1205,Australia Women's,Allianz Riviera ,Riem Hussein,5,120,49,4961,Samantha May Kerr,samantha may kerr,1205,Australia Women's,Center Forward,108.1,40.1,120.0,43.2,4.0,Off T,Right Foot,Normal,0.7835,1,,,,,no_lineup_file,120.0,40.1,True,,high_right,0,missed,True,2,0,1,statsbomb_open_data_435b4046-3618-4a8a-a494-91a7935be28c,2026-06-24T16:04:38.431710+00:00,False,False,False,True,False,False,False
statsbomb_open_data,93f3de8c-b51b-49b1-85c8-405d12ebf426,68357,4583,72,30,Women's World Cup,2019,International,Round of 16,2019-06-22,852,Norway Women's,1205,Australia Women's,Allianz Riviera ,Riem Hussein,5,121,33,10514,Guro Reiten,guro reiten,852,Norway Women's,Left Midfield,108.2,40.2,120.0,43.3,0.2,Goal,Left Foot,Normal,0.7835,0,,,,,no_lineup_file,,,False,,low_right,1,scored,True,3,1,0,statsbomb_open_data_93f3de8c-b51b-49b1-85c8-405d12ebf426,2026-06-24T16:04:38.431710+00:00,False,False,False,True,True,True,False
statsbomb_open_data,b56cf18f-b576-4d10-b81a-da9e2e48e205,68357,4585,72,30,Women's World Cup,2019,International,Round of 16,2019-06-22,852,Norway Women's,1205,Australia Women's,Allianz Riviera ,Riem Hussein,5,122,23,25744,Emily Gielnik,emily gielnik,1205,Australia Women's,Left Wing,108.1,40.0,119.6,37.0,0.4,Saved,Right Foot,Normal,0.7835,1,,,,,no_lineup_file,119.7,40.0,True,,low_left,0,saved,True,4,0,2,statsbomb_open_data_b56cf18f-b576-4d10-b81a-da9e2e48e205,2026-06-24T16:04:38.431710+00:00,False,False,False,True,False,False,False
statsbomb_open_data,ae496113-e1a7-4138-90b2-e1f8a4765ecf,68357,4587,72,30,Women's World Cup,2019,International,Round of 16,2019-06-22,852,Norway Women's,1205,Australia Women's,Allianz Riviera ,Riem Hussein,5,123,8,10395,Maren Nævdal Mjelde,maren naevdal mjelde,852,Norway Women's,Right Center Back,108.1,40.2,120.0,36.4,0.3,Goal,Right Foot,Normal,0.7835,0,,,,,no_lineup_file,,,False,,low_left,1,scored,True,5,2,0,statsbomb_open_data_ae496113-e1a7-4138-90b2-e1f8a4765ecf,2026-06-24T16:04:38.431710+00:00,False,False,False,True,True,True,False
statsbomb_open_data,6a60ef89-7189-4ee0-a5c5-9752d2ec62b3,68357,4589,72,30,Women's World Cup,2019,International,Round of 16,2019-06-22,852,Norway Women's,1205,Australia Women's,Allianz Riviera ,Riem Hussein,5,123,48,5000,Stephanie-Elise Catley,stephanie-elise catley,1205,Australia Women's,Left Center Back,108.1,40.1,120.0,43.2,1.7,Goal,Left Foot,Normal,0.7835,0,,,,,no_lineup_file,,,False,,low_right,1,scored,True,6,0,3,statsbomb_open_data_6a60ef89-7189-4ee0-a5c5-9752d2ec62b3,2026-06-24T16:04:38.431710+00:00,False,False,False,True,True,True,False
statsbomb_open_data,35f872e8-d178-45ed-aaf5-f896d54438e7,68357,4591,72,30,Women's World Cup,2019,International,Round of 16,2019-06-22,852,Norway Women's,1205,Australia Women's,Allianz Riviera ,Riem Hussein,5,124,31,24374,Ingrid Syrstad Engen,ingrid syrstad engen,852,Norway Women's,Left Center Midfield,108.1,40.3,120.0,43.2,1.4,Goal,Right Foot,Normal,0.7835,0,,,,,no_lineup_file,,,False,,low_right,1,scored,True,7,3,1,statsbomb_open_data_35f872e8-d178-45ed-aaf5-f896d54438e7,2026-06-24T16:04:38.431710+00:00,False,False,False,True,True,True,False
statsbomb_open_data,f9f42d23-5715-4cbb-8396-b11672a6af87,68360,1614,11,40,La Liga,2007/2008,Spain,Regular Season,2008-02-24,217,Barcelona,221,Levante UD,Spotify Camp Nou,Carlos Velasco Carballo,1,40,46,26181,Rahamat Riga Mustapha,rahamat riga mustapha,221,Levante UD,Left Center Forward,108.1,40.1,120.0,36.8,0.2,Goal,Right Foot,Normal,0.7835,0,,,,,no_lineup_file,,,False,,low_left,1,scored,False,,,,statsbomb_open_data_f9f42d23-5715-4cbb-8396-b11672a6af87,2026-06-24T16:04:38.431710+00:00,False,False,False,True,True,True,False
statsbomb_open_data,92fa0143-ba7c-46b2-8dd2-45675334988d,68361,2828,11,40,La Liga,2007/2008,Spain,Regular Season,2008-05-07,220,Real Madrid,217,Barcelona,Bernabéu,Alfonso Perez Burrull,2,77,42,19729,Ruud van Nistelrooy,ruud van nistelrooy,220,Real Madrid,Center Forward,108.0,40.0,120.0,43.6,0.4,Goal,Right Foot,Normal,0.7835,0,,,,,no_lineup_file,,,False,,low_right,1,scored,False,,,,statsbomb_open_data_92fa0143-ba7c-46b2-8dd2-45675334988d,2026-06-24T16:04:38.431710+00:00,False,False,False,True,True,True,False
statsbomb_open_data,c9d92f30-2159-4a5a-a5bf-9d1163e4b33f,68364,587,11,40,La Liga,2007/2008,Spain,Regular Season,2007-10-20,222,Villarreal,217,Barcelona,Estadio de la Cerámica,Manuel Enrique Mejuto Gonzalez,1,12,58,20135,Marcos Antonio Senna da Silva,marcos antonio senna da silva,222,Villarreal,Left Center Midfield,108.0,40.0,120.0,41.8,1.2,Goal,Right Foot,Normal,0.7835,0,,,,,no_lineup_file,,,False,,low_right,1,scored,False,,,,statsbomb_open_data_c9d92f30-2159-4a5a-a5bf-9d1163e4b33f,2026-06-24T16:04:38.431710+00:00,False,False,False,True,True,True,False
statsbomb_open_data,b4e53b72-55e6-4e9a-a2b8-44284a27426d,68364,1553,11,40,La Liga,2007/2008,Spain,Regular Season,2007-10-20,222,Villarreal,217,Barcelona,Estadio de la Cerámica,Manuel Enrique Mejuto Gonzalez,1,34,18,20135,Marcos Antonio Senna da Silva,marcos antonio senna da silva,222,Villarreal,Left Center Midfield,108.0,40.0,120.0,40.2,0.2,Goal,Right Foot,Normal,0.7835,0,,,,,no_lineup_file,,,False,,low_center,1,scored,False,,,,statsbomb_open_data_b4e53b72-55e6-4e9a-a2b8-44284a27426d,2026-06-24T16:04:38.431710+00:00,False,False,False,True,True,True,False
statsbomb_open_data,06fbce7d-3858-45fa-91fc-d3c8c4ae2957,68365,2464,11,40,La Liga,2007/2008,Spain,Regular Season,2008-03-01,212,Atlético Madrid,217,Barcelona,Estadio Vicente Calderón,David Fernández Borbalan,2,61,19,26199,Diego Forlán Corazo,diego forlan corazo,212,Atlético Madrid,Left Center Forward,108.1,40.1,120.0,41.8,0.2,Goal,Right Foot,Normal,0.7835,0,,,,,no_lineup_file,,,False,,low_right,1,scored,False,,,,statsbomb_open_data_06fbce7d-3858-45fa-91fc-d3c8c4ae2957,2026-06-24T16:04:38.431710+00:00,False,False,False,True,True,True,False
statsbomb_open_data,c47b7e56-5271-437d-9445-e1f356d53c86,69141,217,11,40,La Liga,2007/2008,Spain,Regular Season,2008-05-04,217,Barcelona,207,Valencia,Spotify Camp Nou,Alberto Undiano Mallenco,1,5,2,5503,Lionel Andrés Messi Cuccittini,lionel andres messi cuccittini,217,Barcelona,Right Wing,107.9,40.0,120.0,41.8,0.2,Goal,Left Foot,Normal,0.7835,0,,,,,no_lineup_file,,,False,,low_right,1,scored,False,,,,statsbomb_open_data_c47b7e56-5271-437d-9445-e1f356d53c86,2026-06-24T16:04:38.431710+00:00,False,False,False,True,True,True,False
statsbomb_open_data,1845a772-a010-471c-a8bf-4b99dc32c89c,69148,2829,11,40,La Liga,2007/2008,Spain,Regular Season,2007-09-22,217,Barcelona,213,Sevilla,Spotify Camp Nou,Alberto Undiano Mallenco,2,79,43,5503,Lionel Andrés Messi Cuccittini,lionel andres messi cuccittini,217,Barcelona,Center Forward,108.0,39.9,120.0,43.3,0.2,Goal,Left Foot,Normal,0.7835,0,,,,,no_lineup_file,,,False,,low_right,1,scored,False,,,,statsbomb_open_data_1845a772-a010-471c-a8bf-4b99dc32c89c,2026-06-24T16:04:38.431710+00:00,False,False,False,True,True,True,False
statsbomb_open_data,505eaf67-2835-4cfd-8d73-591300834ebb,69151,2607,11,40,La Liga,2007/2008,Spain,Regular Season,2007-09-29,221,Levante UD,217,Barcelona,Estadio Ciudad de Valencia,Carlos Clos Gómez,2,71,58,26399,Emilio José Viqueira Moure,emilio jose viqueira moure,221,Levante UD,Left Defensive Midfield,108.1,40.3,120.0,43.5,0.2,Goal,Right Foot,Normal,0.7835,1,,,,,no_lineup_file,119.2,40.0,True,,low_right,1,scored,False,,,,statsbomb_open_data_505eaf67-2835-4cfd-8d73-591300834ebb,2026-06-24T16:04:38.431710+00:00,False,False,False,True,False,False,False
statsbomb_open_data,34c52073-77cc-4839-b183-fac61905c9df,69154,979,11,39,La Liga,2006/2007,Spain,Regular Season,2007-02-11,217,Barcelona,1217,Racing Santander,Spotify Camp Nou,Manuel Enrique Mejuto Gonzalez,1,25,54,6891,Ezequiel Marcelo Garay,ezequiel marcelo garay,1217,Racing Santander,Left Center Back,107.8,39.8,119.6,37.0,0.6,Saved,Right Foot,Normal,0.7835,1,,,,,no_lineup_file,119.6,39.9,True,,low_left,0,saved,False,,,,statsbomb_open_data_34c52073-77cc-4839-b183-fac61905c9df,2026-06-24T16:04:38.431710+00:00,False,False,False,True,False,False,False
statsbomb_open_data,4ce22ffa-23c6-40a5-b700-4909ae846bc7,69158,2968,11,40,La Liga,2007/2008,Spain,Regular Season,2007-10-28,217,Barcelona,403,Almería,Spotify Camp Nou,Miguel Ayza,2,80,28,5503,Lionel Andrés Messi Cuccittini,lionel andres messi cuccittini,217,Barcelona,Left Wing,108.1,40.1,120.0,41.8,1.5,Goal,Left Foot,Normal,0.7835,0,,,,,no_lineup_file,,,False,,low_right,1,scored,False,,,,statsbomb_open_data_4ce22ffa-23c6-40a5-b700-4909ae846bc7,2026-06-24T16:04:38.431710+00:00,False,False,False,True,True,True,False
statsbomb_open_data,202048f0-79da-43cb-bec7-22a12e6b5725,69159,1324,11,39,La Liga,2006/2007,Spain,Regular Season,2007-04-15,217,Barcelona,1043,Mallorca,Spotify Camp Nou,Rafael Ramírez Domínguez,1,30,3,25997,Jonás Manuel Gutiérrez,jonas manuel gutierrez,1043,Mallorca,Left Wing,108.1,40.1,118.8,38.1,0.3,Saved,Right Foot,Normal,0.7835,1,,,,,no_lineup_file,118.9,39.8,True,,low_left,0,saved,False,,,,statsbomb_open_data_202048f0-79da-43cb-bec7-22a12e6b5725,2026-06-24T16:04:38.431710+00:00,False,False,False,True,False,False,False
statsbomb_open_data,06ff8eb5-0dab-4d26-acd0-8980a0492d98,69161,199,72,30,Women's World Cup,2019,International,Round of 16,2019-06-24,863,Spain Women's,1214,United States Women's,Stade Auguste-Delaune II ,Katalin Kulcsar,1,6,6,8298,Megan Anna Rapinoe,megan anna rapinoe,1214,United States Women's,Left Wing,108.1,40.1,120.0,36.3,0.2,Goal,Right Foot,Normal,0.7835,0,,,,,no_lineup_file,,,False,,low_left,1,scored,False,,,,statsbomb_open_data_06ff8eb5-0dab-4d26-acd0-8980a0492d98,2026-06-24T16:04:38.431710+00:00,False,False,False,True,True,True,False
statsbomb_open_data,4dd79712-1f21-44b4-8df5-a85485db1d8c,69161,2433,72,30,Women's World Cup,2019,International,Round of 16,2019-06-24,863,Spain Women's,1214,United States Women's,Stade Auguste-Delaune II ,Katalin Kulcsar,2,75,36,8298,Megan Anna Rapinoe,megan anna rapinoe,1214,United States Women's,Left Wing,108.0,40.0,120.0,36.3,0.2,Goal,Right Foot,Normal,0.7835,0,,,,,no_lineup_file,,,False,,low_left,1,scored,False,,,,statsbomb_open_data_4dd79712-1f21-44b4-8df5-a85485db1d8c,2026-06-24T16:04:38.431710+00:00,False,False,False,True,True,True,False
statsbomb_open_data,bb2cefd0-f98e-43bd-b225-d16c8226b596,69162,199,11,39,La Liga,2006/2007,Spain,Regular Season,2007-05-13,217,Barcelona,218,Real Betis,Spotify Camp Nou,Eduardo Iturralde Gonzalez,1,4,53,25879,Ronaldo de Assis Moreira,ronaldo de assis moreira,217,Barcelona,Left Wing,107.9,39.9,120.0,37.5,2.3,Goal,Right Foot,Normal,0.7835,0,,,,,no_lineup_file,,,False,,high_left,1,scored,False,,,,statsbomb_open_data_bb2cefd0-f98e-43bd-b225-d16c8226b596,2026-06-24T16:04:38.431710+00:00,False,False,False,True,True,True,False
statsbomb_open_data,5495aafe-e9c0-4849-863f-89e73c761b5e,69163,2526,72,30,Women's World Cup,2019,International,Round of 16,2019-06-24,858,Sweden Women's,1206,Canada Women's,Parc des Princes ,Katherine Margaret Jacewicz,2,68,27,4992,Janine Elizabeth Sonis,janine elizabeth sonis,1206,Canada Women's,Right Back,108.0,40.0,118.7,37.2,0.3,Saved,Right Foot,Normal,0.7835,1,,,,,no_lineup_file,119.1,40.1,True,,low_left,0,saved,False,,,,statsbomb_open_data_5495aafe-e9c0-4849-863f-89e73c761b5e,2026-06-24T16:04:38.431710+00:00,False,False,False,True,False,False,False
statsbomb_open_data,d5397895-a088-43f0-beed-d01b1bce614e,69164,2750,11,38,La Liga,2005/2006,Spain,Regular Season,2005-10-26,217,Barcelona,223,Málaga,Spotify Camp Nou,Puentes Leira,2,80,9,25879,Ronaldo de Assis Moreira,ronaldo de assis moreira,217,Barcelona,Left Wing,108.0,40.0,120.0,36.4,2.4,Goal,Right Foot,Normal,0.7835,1,,,,,no_lineup_file,119.5,39.7,True,,high_left,1,scored,False,,,,statsbomb_open_data_d5397895-a088-43f0-beed-d01b1bce614e,2026-06-24T16:04:38.431710+00:00,False,False,False,True,False,False,False
statsbomb_open_data,90dd00c0-c137-4228-b487-656c718039a2,69169,1362,11,40,La Liga,2007/2008,Spain,Regular Season,2007-09-02,217,Barcelona,215,Athletic Club,Spotify Camp Nou,Carlos Megía Dávila,1,34,15,25879,Ronaldo de Assis Moreira,ronaldo de assis moreira,217,Barcelona,Left Wing,108.0,40.1,120.0,36.4,0.1,Goal,Right Foot,Normal,0.7835,0,,,,,no_lineup_file,,,False,,low_left,1,scored,False,,,,statsbomb_open_data_90dd00c0-c137-4228-b487-656c718039a2,2026-06-24T16:04:38.431710+00:00,False,False,False,True,True,True,False
statsbomb_open_data,e56dad7d-330c-418a-9d84-4a83b2a88190,69170,1742,11,40,La Liga,2007/2008,Spain,Regular Season,2007-12-09,217,Barcelona,219,RC Deportivo La Coruña,Spotify Camp Nou,David Fernández Borbalan,1,40,6,25879,Ronaldo de Assis Moreira,ronaldo de assis moreira,217,Barcelona,Left Wing,107.8,39.8,120.0,43.5,0.2,Goal,Right Foot,Normal,0.7835,0,,,,,no_lineup_file,,,False,,low_right,1,scored,False,,,,statsbomb_open_data_e56dad7d-330c-418a-9d84-4a83b2a88190,2026-06-24T16:04:38.431710+00:00,False,False,False,True,True,True,False
statsbomb_open_data,bb9cc9e0-bd42-4de4-a5b9-c53d2d017d9f,69174,1571,11,39,La Liga,2006/2007,Spain,Regular Season,2006-11-04,219,RC Deportivo La Coruña,217,Barcelona,Estadio Abanca-Riazor,Luis Medina Cantalejo,1,39,31,25879,Ronaldo de Assis Moreira,ronaldo de assis moreira,217,Barcelona,Left Wing,108.0,40.0,120.0,43.5,0.2,Goal,Right Foot,Normal,0.7835,0,,,,,no_lineup_file,,,False,,low_right,1,scored,False,,,,statsbomb_open_data_bb9cc9e0-bd42-4de4-a5b9-c53d2d017d9f,2026-06-24T16:04:38.431710+00:00,False,False,False,True,True,True,False
statsbomb_open_data,d6cd9d4e-0d14-4fc4-a553-8308f65145e5,69174,2704,11,39,La Liga,2006/2007,Spain,Regular Season,2006-11-04,219,RC Deportivo La Coruña,217,Barcelona,Estadio Abanca-Riazor,Luis Medina Cantalejo,2,72,18,25947,Fabián Larry Estoyanoff Poggio,fabian larry estoyanoff poggio,219,RC Deportivo La Coruña,Right Defensive Midfield,107.9,40.0,119.3,43.1,0.4,Saved,Right Foot,Normal,0.7835,0,,,,,no_lineup_file,,,False,,low_right,0,saved,False,,,,statsbomb_open_data_d6cd9d4e-0d14-4fc4-a553-8308f65145e5,2026-06-24T16:04:38.431710+00:00,False,False,False,True,True,True,False
statsbomb_open_data,2ab6ec87-21af-4521-9004-14fb188d6bf6,69182,1734,11,40,La Liga,2007/2008,Spain,Regular Season,2008-02-16,395,Real Zaragoza,217,Barcelona,Estadio de la Romareda,Bernardino Gonzalez,1,42,34,19294,Diego Alberto Milito,diego alberto milito,395,Real Zaragoza,Right Center Forward,108.0,40.0,120.0,39.0,3.5,Off T,Right Foot,Normal,0.7835,1,,,,,no_lineup_file,119.8,39.4,True,,high_center,0,missed,False,,,,statsbomb_open_data_2ab6ec87-21af-4521-9004-14fb188d6bf6,2026-06-24T16:04:38.431710+00:00,False,False,False,True,False,False,False
statsbomb_open_data,1a73359e-2862-4d62-966e-c7faf042004a,69182,3190,11,40,La Liga,2007/2008,Spain,Regular Season,2008-02-16,395,Real Zaragoza,217,Barcelona,Estadio de la Romareda,Bernardino Gonzalez,2,82,56,25879,Ronaldo de Assis Moreira,ronaldo de assis moreira,217,Barcelona,Left Wing,108.0,40.2,120.0,43.6,1.3,Goal,Right Foot,Normal,0.7835,0,,,,,no_lineup_file,,,False,,low_right,1,scored,False,,,,statsbomb_open_data_1a73359e-2862-4d62-966e-c7faf042004a,2026-06-24T16:04:38.431710+00:00,False,False,False,True,True,True,False
statsbomb_open_data,5f33267f-9d1a-4afe-a879-20936414779f,69183,3227,11,41,La Liga,2008/2009,Spain,Regular Season,2009-01-17,217,Barcelona,219,RC Deportivo La Coruña,Spotify Camp Nou,Julian Rodriguez Santiago,2,86,6,19298,Samuel Eto''o Fils,samuel eto''o fils,217,Barcelona,Center Forward,108.1,40.2,120.0,36.5,1.7,Goal,Right Foot,Normal,0.7835,0,,,,,no_lineup_file,,,False,,low_left,1,scored,False,,,,statsbomb_open_data_5f33267f-9d1a-4afe-a879-20936414779f,2026-06-24T16:04:38.431710+00:00,False,False,False,True,True,True,False
statsbomb_open_data,1eb93fb6-e979-4768-92b4-c42e1ab33fe0,69184,3127,11,40,La Liga,2007/2008,Spain,Regular Season,2007-11-24,217,Barcelona,1220,Recreativo Huelva,Spotify Camp Nou,Antonio Rubinos Perez,2,81,0,5503,Lionel Andrés Messi Cuccittini,lionel andres messi cuccittini,217,Barcelona,Right Wing,108.1,40.1,120.0,37.4,0.2,Goal,Left Foot,Normal,0.7835,0,,,,,no_lineup_file,,,False,,low_left,1,scored,False,,,,statsbomb_open_data_1eb93fb6-e979-4768-92b4-c42e1ab33fe0,2026-06-24T16:04:38.431710+00:00,False,False,False,True,True,True,False
statsbomb_open_data,ca0aa21f-e94c-4004-a51f-82f18f047b7d,69185,2872,11,41,La Liga,2008/2009,Spain,Regular Season,2009-03-01,212,Atlético Madrid,217,Barcelona,Estadio Vicente Calderón,Bernardino Gonzalez,2,78,57,26199,Diego Forlán Corazo,diego forlan corazo,212,Atlético Madrid,Left Center Forward,108.1,40.2,120.0,36.7,0.9,Goal,Right Foot,Normal,0.7835,0,,,,,no_lineup_file,,,False,,low_left,1,scored,False,,,,statsbomb_open_data_ca0aa21f-e94c-4004-a51f-82f18f047b7d,2026-06-24T16:04:38.431710+00:00,False,False,False,True,True,True,False
statsbomb_open_data,1b9a8df2-2726-43d0-85d9-43a26f1132ef,69186,3331,11,40,La Liga,2007/2008,Spain,Regular Season,2008-05-17,1230,Real Murcia CF,217,Barcelona,Estadio Enrique Roca de Murcia,Rafael Ramírez Domínguez,2,80,39,26243,Iván Daniel Alonso Vallejo,ivan daniel alonso vallejo,1230,Real Murcia CF,Left Center Forward,108.1,40.1,120.0,41.5,2.0,Goal,Left Foot,Normal,0.7835,0,,,,,no_lineup_file,,,False,,high_right,1,scored,False,,,,statsbomb_open_data_1b9a8df2-2726-43d0-85d9-43a26f1132ef,2026-06-24T16:04:38.431710+00:00,False,False,False,True,True,True,False
statsbomb_open_data,f771394a-e560-4e30-8595-ee26e678da6b,69188,3920,72,30,Women's World Cup,2019,International,Round of 16,2019-06-25,851,Netherlands Women's,1210,Japan Women's,Roazhon Park,Melissa Paola Borjas Pastrana,2,89,22,10649,Lieke Martens,lieke martens,851,Netherlands Women's,Left Wing,108.2,40.1,120.0,42.2,0.3,Goal,Right Foot,Normal,0.7835,0,,,,,no_lineup_file,,,False,,low_right,1,scored,False,,,,statsbomb_open_data_f771394a-e560-4e30-8595-ee26e678da6b,2026-06-24T16:04:38.431710+00:00,False,False,False,True,True,True,False
statsbomb_open_data,c71dc13b-fd9e-479e-81a2-ffb2cbd37e94,69195,1434,11,41,La Liga,2008/2009,Spain,Regular Season,2009-02-14,218,Real Betis,217,Barcelona,Estadio Benito Villamarín,Eduardo Iturralde Gonzalez,1,47,27,19298,Samuel Eto''o Fils,samuel eto''o fils,217,Barcelona,Center Forward,108.1,40.2,119.4,37.4,0.6,Saved,Right Foot,Normal,0.7835,0,,,,,no_lineup_file,,,False,,low_left,0,saved,False,,,,statsbomb_open_data_c71dc13b-fd9e-479e-81a2-ffb2cbd37e94,2026-06-24T16:04:38.431710+00:00,False,False,False,True,True,True,False
statsbomb_open_data,a2de4c7d-3a5a-4736-8098-827306392cec,69199,3079,72,30,Women's World Cup,2019,International,Quarter-finals,2019-06-27,852,Norway Women's,865,England Women's,Stade Océane,Lucila Venegas Montes,2,82,57,4654,Nikita Parris,nikita parris,865,England Women's,Right Midfield,108.0,39.9,119.6,37.2,1.3,Saved,Right Foot,Normal,0.7835,0,,,,,no_lineup_file,,,False,,low_left,0,saved,False,,,,statsbomb_open_data_a2de4c7d-3a5a-4736-8098-827306392cec,2026-06-24T16:04:38.431710+00:00,False,False,False,True,True,True,False
statsbomb_open_data,01d7c272-222b-48af-a6c1-f145bddac14c,69209,2332,11,41,La Liga,2008/2009,Spain,Regular Season,2009-02-01,1217,Racing Santander,217,Barcelona,Campos de Sport de El Sardinero,David Fernández Borbalan,2,55,3,26074,Nikola Žigić,nikola zigic,1217,Racing Santander,Center Forward,108.2,40.2,120.0,36.7,0.0,Goal,Right Foot,Normal,0.7835,0,,,,,no_lineup_file,,,False,,low_left,1,scored,False,,,,statsbomb_open_data_01d7c272-222b-48af-a6c1-f145bddac14c,2026-06-24T16:04:38.431710+00:00,False,False,False,True,True,True,False
statsbomb_open_data,dcd133bc-7801-4f61-bd00-f67179c76b10,69211,2930,11,41,La Liga,2008/2009,Spain,Regular Season,2008-09-27,214,Espanyol,217,Barcelona,Estadi Olímpic Lluís Companys,Luis Medina Cantalejo,2,98,6,5503,Lionel Andrés Messi Cuccittini,lionel andres messi cuccittini,217,Barcelona,Right Wing,108.0,39.9,120.0,42.5,0.0,Goal,Left Foot,Normal,0.7835,0,,,,,no_lineup_file,,,False,,low_right,1,scored,False,,,,statsbomb_open_data_dcd133bc-7801-4f61-bd00-f67179c76b10,2026-06-24T16:04:38.431710+00:00,False,False,False,True,True,True,False
statsbomb_open_data,85306fd1-ba7d-4e4a-aae9-cd0ec772b6d0,69212,176,11,41,La Liga,2008/2009,Spain,Regular Season,2008-10-04,217,Barcelona,212,Atlético Madrid,Spotify Camp Nou,Eduardo Iturralde Gonzalez,1,5,7,19298,Samuel Eto''o Fils,samuel eto''o fils,217,Barcelona,Center Forward,108.0,39.9,120.0,36.4,0.2,Goal,Right Foot,Normal,0.7835,0,,,,,no_lineup_file,,,False,,low_left,1,scored,False,,,,statsbomb_open_data_85306fd1-ba7d-4e4a-aae9-cd0ec772b6d0,2026-06-24T16:04:38.431710+00:00,False,False,False,True,True,True,False
statsbomb_open_data,00811f27-5607-4989-9cb1-30e46592b494,69215,2799,11,41,La Liga,2008/2009,Spain,Regular Season,2008-09-13,217,Barcelona,1217,Racing Santander,Spotify Camp Nou,Rafael Ramírez Domínguez,2,70,36,5503,Lionel Andrés Messi Cuccittini,lionel andres messi cuccittini,217,Barcelona,Right Wing,108.2,40.1,120.0,37.2,0.2,Goal,Left Foot,Normal,0.7835,0,,,,,no_lineup_file,,,False,,low_left,1,scored,False,,,,statsbomb_open_data_00811f27-5607-4989-9cb1-30e46592b494,2026-06-24T16:04:38.431710+00:00,False,False,False,True,True,True,False
statsbomb_open_data,31ce3d01-5a21-446a-855e-9defd35021cc,69216,1182,11,41,La Liga,2008/2009,Spain,Regular Season,2009-03-07,217,Barcelona,215,Athletic Club,Spotify Camp Nou,Alberto Undiano Mallenco,1,31,2,5503,Lionel Andrés Messi Cuccittini,lionel andres messi cuccittini,217,Barcelona,Right Wing,107.9,40.1,120.0,37.3,1.5,Goal,Left Foot,Normal,0.7835,0,,,,,no_lineup_file,,,False,,low_left,1,scored,False,,,,statsbomb_open_data_31ce3d01-5a21-446a-855e-9defd35021cc,2026-06-24T16:04:38.431710+00:00,False,False,False,True,True,True,False
statsbomb_open_data,1706936c-59d7-4a94-bb0d-fdfdba7ed1e3,69217,3200,11,41,La Liga,2008/2009,Spain,Regular Season,2009-05-10,217,Barcelona,222,Villarreal,Spotify Camp Nou,Fernando Teixeira,2,77,18,26192,Matías Ariel Fernández Fernández,matias ariel fernandez fernandez,222,Villarreal,Center Attacking Midfield,108.1,40.1,120.0,36.0,2.0,Goal,Right Foot,Normal,0.7835,0,,,,,no_lineup_file,,,False,,high_left,1,scored,False,,,,statsbomb_open_data_1706936c-59d7-4a94-bb0d-fdfdba7ed1e3,2026-06-24T16:04:38.431710+00:00,False,False,False,True,True,True,False
statsbomb_open_data,febad414-83fd-4c07-80c1-f83b20373dd8,69222,2859,11,41,La Liga,2008/2009,Spain,Regular Season,2009-04-11,217,Barcelona,1220,Recreativo Huelva,Spotify Camp Nou,Eduardo Iturralde Gonzalez,2,80,51,5503,Lionel Andrés Messi Cuccittini,lionel andres messi cuccittini,217,Barcelona,Right Wing,108.2,40.1,119.4,37.9,0.2,Saved,Left Foot,Normal,0.7835,0,,,,,no_lineup_file,,,False,,low_left,0,saved,False,,,,statsbomb_open_data_febad414-83fd-4c07-80c1-f83b20373dd8,2026-06-24T16:04:38.431710+00:00,False,False,False,True,True,True,False
statsbomb_open_data,f4050c2e-8f17-4e3d-925f-8019c4fefb76,69225,2754,11,41,La Liga,2008/2009,Spain,Regular Season,2008-12-13,217,Barcelona,220,Real Madrid,Spotify Camp Nou,Luis Medina Cantalejo,2,69,39,19298,Samuel Eto''o Fils,samuel eto''o fils,217,Barcelona,Center Forward,108.3,40.1,119.8,43.4,0.5,Saved,Right Foot,Normal,0.7835,1,,,,,no_lineup_file,119.8,40.3,True,,low_right,0,saved,False,,,,statsbomb_open_data_f4050c2e-8f17-4e3d-925f-8019c4fefb76,2026-06-24T16:04:38.431710+00:00,False,False,False,True,False,False,False
statsbomb_open_data,738d9580-a57c-49a1-805a-92854755687d,69227,3330,11,21,La Liga,2009/2010,Spain,Regular Season,2010-03-21,395,Real Zaragoza,217,Barcelona,Estadio de la Romareda,Carlos Delgado,2,90,36,3672,Zlatan Ibrahimović,zlatan ibrahimovic,217,Barcelona,Center Forward,107.9,40.2,120.0,36.8,0.3,Goal,Right Foot,Normal,0.7835,0,,,,,no_lineup_file,,,False,,low_left,1,scored,False,,,,statsbomb_open_data_738d9580-a57c-49a1-805a-92854755687d,2026-06-24T16:04:38.431710+00:00,False,False,False,True,True,True,False
statsbomb_open_data,004b07d5-5506-447e-9e6e-f1f835ea8afd,69240,3622,11,21,La Liga,2009/2010,Spain,Regular Season,2010-02-06,217,Barcelona,216,Getafe,Spotify Camp Nou,Fernando Teixeira,2,93,1,26009,Roberto Soldado Rillo,roberto soldado rillo,216,Getafe,Right Center Forward,108.0,40.0,120.0,38.5,0.1,Goal,Right Foot,Normal,0.7835,0,,,,,no_lineup_file,,,False,,low_left,1,scored,False,,,,statsbomb_open_data_004b07d5-5506-447e-9e6e-f1f835ea8afd,2026-06-24T16:04:38.431710+00:00,False,False,False,True,True,True,False
statsbomb_open_data,b68d2af2-8073-41cf-ac37-1abca76f8424,69245,2129,11,22,La Liga,2010/2011,Spain,Regular Season,2011-04-16,220,Real Madrid,217,Barcelona,Bernabéu,César Muñiz,2,52,4,5503,Lionel Andrés Messi Cuccittini,lionel andres messi cuccittini,217,Barcelona,Center Forward,108.1,40.1,120.0,41.7,1.3,Goal,Left Foot,Normal,0.7835,0,,,,,no_lineup_file,,,False,,low_right,1,scored,False,,,,statsbomb_open_data_b68d2af2-8073-41cf-ac37-1abca76f8424,2026-06-24T16:04:38.431710+00:00,False,False,False,True,True,True,False
statsbomb_open_data,a40c6a6c-489e-467b-ab72-b2f53ba42406,69245,3260,11,22,La Liga,2010/2011,Spain,Regular Season,2011-04-16,220,Real Madrid,217,Barcelona,Bernabéu,César Muñiz,2,81,39,5207,Cristiano Ronaldo dos Santos Aveiro,cristiano ronaldo dos santos aveiro,220,Real Madrid,Left Wing,108.0,40.0,120.0,43.2,0.9,Goal,Right Foot,Normal,0.7835,0,,,,,no_lineup_file,,,False,,low_right,1,scored,False,,,,statsbomb_open_data_a40c6a6c-489e-467b-ab72-b2f53ba42406,2026-06-24T16:04:38.431710+00:00,False,False,False,True,True,True,False
statsbomb_open_data,5ed01352-5bee-41ea-bf96-e4b9dbceba34,69246,3261,11,22,La Liga,2010/2011,Spain,Regular Season,2011-04-30,210,Real Sociedad,217,Barcelona,Reale Arena,Fernando Teixeira,2,81,29,6690,Xabier Prieto Argarate,xabier prieto argarate,210,Real Sociedad,Right Wing,107.9,40.0,120.0,39.1,1.5,Goal,Right Foot,Normal,0.7835,0,,,,,no_lineup_file,,,False,,low_center,1,scored,False,,,,statsbomb_open_data_5ed01352-5bee-41ea-bf96-e4b9dbceba34,2026-06-24T16:04:38.431710+00:00,False,False,False,True,True,True,False
statsbomb_open_data,4e048f1d-9be7-4aea-9447-adbb735f7cf9,69250,2928,11,21,La Liga,2009/2010,Spain,Regular Season,2009-11-07,217,Barcelona,1043,Mallorca,Spotify Camp Nou,Turienzo,2,86,57,5503,Lionel Andrés Messi Cuccittini,lionel andres messi cuccittini,217,Barcelona,Right Wing,108.3,39.9,120.0,44.0,0.4,Goal,Left Foot,Normal,0.7835,0,,,,,no_lineup_file,,,False,,low_right,1,scored,False,,,,statsbomb_open_data_4e048f1d-9be7-4aea-9447-adbb735f7cf9,2026-06-24T16:04:38.431710+00:00,False,False,False,True,True,True,False
statsbomb_open_data,968a547a-6a90-494d-b4d0-0e2b943b898d,69258,2694,72,30,Women's World Cup,2019,International,Semi-finals,2019-07-02,865,England Women's,1214,United States Women's,Groupama Stadium,,2,83,10,10185,Stephanie Houghton,stephanie houghton,865,England Women's,Right Center Back,108.1,40.1,119.6,37.2,0.3,Saved,Right Foot,Normal,0.7835,0,,,,,no_lineup_file,,,False,,low_left,0,saved,False,,,,statsbomb_open_data_968a547a-6a90-494d-b4d0-0e2b943b898d,2026-06-24T16:04:38.431710+00:00,False,False,False,True,True,True,False
statsbomb_open_data,0d1d89db-6e58-4384-ac4a-9ca257694c8b,69270,3013,11,22,La Liga,2010/2011,Spain,Regular Season,2010-11-07,216,Getafe,217,Barcelona,Coliseum Alfonso Pérez,Miguel Ayza,2,69,30,24507,Manuel del Moral Fernández,manuel del moral fernandez,216,Getafe,Left Wing,108.0,40.1,120.0,36.5,1.0,Goal,Right Foot,Normal,0.7835,0,,,,,no_lineup_file,,,False,,low_left,1,scored,False,,,,statsbomb_open_data_0d1d89db-6e58-4384-ac4a-9ca257694c8b,2026-06-24T16:04:38.431710+00:00,False,False,False,True,True,True,False
statsbomb_open_data,0603dcc9-f4b1-41be-8241-0b0c2ff60693,69282,2438,11,22,La Liga,2010/2011,Spain,Regular Season,2011-02-20,217,Barcelona,215,Athletic Club,Spotify Camp Nou,Rafael Ramírez Domínguez,2,49,55,26031,Andoni Iraola Sagarna,andoni iraola sagarna,215,Athletic Club,Right Back,107.8,40.0,120.0,43.2,0.4,Goal,Right Foot,Normal,0.7835,0,,,,,no_lineup_file,,,False,,low_right,1,scored,False,,,,statsbomb_open_data_0603dcc9-f4b1-41be-8241-0b0c2ff60693,2026-06-24T16:04:38.431710+00:00,False,False,False,True,True,True,False
statsbomb_open_data,941ae4d7-a6f3-4c7b-94ed-8d61bdc3b9dd,69286,1317,11,22,La Liga,2010/2011,Spain,Regular Season,2010-08-29,1217,Racing Santander,217,Barcelona,Campos de Sport de El Sardinero,Carlos Delgado,1,35,1,26490,Mohamed Gasana Tchité,mohamed gasana tchite,1217,Racing Santander,Right Center Forward,108.0,40.0,119.3,37.0,1.3,Saved,Right Foot,Normal,0.7835,0,,,,,no_lineup_file,,,False,,low_left,0,saved,False,,,,statsbomb_open_data_941ae4d7-a6f3-4c7b-94ed-8d61bdc3b9dd,2026-06-24T16:04:38.431710+00:00,False,False,False,True,True,True,False
statsbomb_open_data,dac75d97-56e4-4576-b4f2-82d99046a67a,69295,1498,11,22,La Liga,2010/2011,Spain,Regular Season,2011-01-22,217,Barcelona,1217,Racing Santander,Spotify Camp Nou,Ignacio Iglesias Villanueva,1,32,44,5503,Lionel Andrés Messi Cuccittini,lionel andres messi cuccittini,217,Barcelona,Center Forward,108.0,40.0,120.0,43.4,0.1,Goal,Left Foot,Normal,0.7835,0,,,,,no_lineup_file,,,False,,low_right,1,scored,False,,,,statsbomb_open_data_dac75d97-56e4-4576-b4f2-82d99046a67a,2026-06-24T16:04:38.431710+00:00,False,False,False,True,True,True,False
statsbomb_open_data,64d44737-1461-44f7-91db-ddfdc366dc65,69305,2268,11,22,La Liga,2010/2011,Spain,Regular Season,2011-04-09,217,Barcelona,403,Almería,Spotify Camp Nou,Miguel Ayza,2,52,50,5503,Lionel Andrés Messi Cuccittini,lionel andres messi cuccittini,217,Barcelona,Center Forward,108.3,40.1,120.0,42.1,0.8,Goal,Left Foot,Normal,0.7835,0,,,,,no_lineup_file,,,False,,low_right,1,scored,False,,,,statsbomb_open_data_64d44737-1461-44f7-91db-ddfdc366dc65,2026-06-24T16:04:38.431710+00:00,False,False,False,True,True,True,False
statsbomb_open_data,87b481f1-463f-439b-974b-61a08f40e7fd,69307,3548,11,22,La Liga,2010/2011,Spain,Regular Season,2010-12-04,422,Osasuna,217,Barcelona,Estadio El Sadar,Fernando Teixeira,2,83,0,5503,Lionel Andrés Messi Cuccittini,lionel andres messi cuccittini,217,Barcelona,Center Forward,108.0,40.0,120.0,43.5,0.0,Goal,Left Foot,Normal,0.7835,0,,,,,no_lineup_file,,,False,,low_right,1,scored,False,,,,statsbomb_open_data_87b481f1-463f-439b-974b-61a08f40e7fd,2026-06-24T16:04:38.431710+00:00,False,False,False,True,True,True,False
statsbomb_open_data,cca991c9-7c5a-4609-b20c-9f4d22eef466,69314,540,11,23,La Liga,2011/2012,Spain,Regular Season,2011-10-29,217,Barcelona,1043,Mallorca,Spotify Camp Nou,Pedro Jesús Pérez Montero,1,12,51,5503,Lionel Andrés Messi Cuccittini,lionel andres messi cuccittini,217,Barcelona,Center Attacking Midfield,108.0,40.0,120.0,42.9,2.3,Goal,Left Foot,Normal,0.7835,0,,,,,no_lineup_file,,,False,,high_right,1,scored,False,,,,statsbomb_open_data_cca991c9-7c5a-4609-b20c-9f4d22eef466,2026-06-24T16:04:38.431710+00:00,False,False,False,True,True,True,False
statsbomb_open_data,a888cd86-b0bd-442d-87b1-9ee9a5ed728e,69320,2766,11,23,La Liga,2011/2012,Spain,Regular Season,2012-05-05,217,Barcelona,214,Espanyol,Spotify Camp Nou,Fernando Teixeira,2,63,38,5503,Lionel Andrés Messi Cuccittini,lionel andres messi cuccittini,217,Barcelona,Center Forward,108.1,40.1,120.0,43.8,0.2,Goal,Left Foot,Normal,0.7835,0,,,,,no_lineup_file,,,False,,low_right,1,scored,False,,,,statsbomb_open_data_a888cd86-b0bd-442d-87b1-9ee9a5ed728e,2026-06-24T16:04:38.431710+00:00,False,False,False,True,True,True,False
statsbomb_open_data,430ac2a9-1135-4525-8a29-fa212daef93b,69320,3233,11,23,La Liga,2011/2012,Spain,Regular Season,2012-05-05,217,Barcelona,214,Espanyol,Spotify Camp Nou,Fernando Teixeira,2,78,29,5503,Lionel Andrés Messi Cuccittini,lionel andres messi cuccittini,217,Barcelona,Center Forward,108.2,40.0,120.0,43.4,1.3,Goal,Left Foot,Normal,0.7835,0,,,,,no_lineup_file,,,False,,low_right,1,scored,False,,,,statsbomb_open_data_430ac2a9-1135-4525-8a29-fa212daef93b,2026-06-24T16:04:38.431710+00:00,False,False,False,True,True,True,False
statsbomb_open_data,827fde24-0e8c-4c6d-89df-d71520fd8f2d,69321,1989,72,30,Women's World Cup,2019,International,Final,2019-07-07,1214,United States Women's,851,Netherlands Women's,Groupama Stadium,Stéphanie Frappart,2,60,56,8298,Megan Anna Rapinoe,megan anna rapinoe,1214,United States Women's,Left Wing,108.2,40.2,120.0,43.2,0.2,Goal,Right Foot,Normal,0.7835,0,,,,,no_lineup_file,,,False,,low_right,1,scored,False,,,,statsbomb_open_data_827fde24-0e8c-4c6d-89df-d71520fd8f2d,2026-06-24T16:04:38.431710+00:00,False,False,False,True,True,True,False
statsbomb_open_data,ed5fe70a-631f-492a-ab4a-d312079f021e,69322,2483,11,23,La Liga,2011/2012,Spain,Regular Season,2012-03-11,1217,Racing Santander,217,Barcelona,Campos de Sport de El Sardinero,,2,55,47,5503,Lionel Andrés Messi Cuccittini,lionel andres messi cuccittini,217,Barcelona,Center Forward,108.0,40.0,120.0,42.5,0.2,Goal,Left Foot,Normal,0.7835,0,,,,,no_lineup_file,,,False,,low_right,1,scored,False,,,,statsbomb_open_data_ed5fe70a-631f-492a-ab4a-d312079f021e,2026-06-24T16:04:38.431710+00:00,False,False,False,True,True,True,False
statsbomb_open_data,0ebdb4a1-0c69-44e3-a77f-1b98089a73fd,69323,2699,11,23,La Liga,2011/2012,Spain,Regular Season,2012-03-31,217,Barcelona,215,Athletic Club,Spotify Camp Nou,Antonio Miguel Mateu Lahoz,2,57,51,5503,Lionel Andrés Messi Cuccittini,lionel andres messi cuccittini,217,Barcelona,Center Forward,108.1,40.2,120.0,43.2,0.2,Goal,Left Foot,Normal,0.7835,0,,,,,no_lineup_file,,,False,,low_right,1,scored,False,,,,statsbomb_open_data_0ebdb4a1-0c69-44e3-a77f-1b98089a73fd,2026-06-24T16:04:38.431710+00:00,False,False,False,True,True,True,False
statsbomb_open_data,035e3e81-4737-4e63-ba0e-5e90045e8711,69327,3883,11,23,La Liga,2011/2012,Spain,Regular Season,2012-01-15,217,Barcelona,218,Real Betis,Spotify Camp Nou,Ignacio Iglesias Villanueva,2,85,32,5503,Lionel Andrés Messi Cuccittini,lionel andres messi cuccittini,217,Barcelona,Center Forward,108.0,40.0,120.0,38.0,1.3,Goal,Left Foot,Normal,0.7835,0,,,,,no_lineup_file,,,False,,low_left,1,scored,False,,,,statsbomb_open_data_035e3e81-4737-4e63-ba0e-5e90045e8711,2026-06-24T16:04:38.431710+00:00,False,False,False,True,True,True,False
statsbomb_open_data,2926ff0a-e3a4-423b-9006-fdaef80343c6,69329,4084,11,23,La Liga,2011/2012,Spain,Regular Season,2011-10-22,217,Barcelona,213,Sevilla,Spotify Camp Nou,Eduardo Iturralde Gonzalez,2,94,40,5503,Lionel Andrés Messi Cuccittini,lionel andres messi cuccittini,217,Barcelona,Center Forward,108.2,40.3,119.4,43.3,0.9,Saved,Left Foot,Normal,0.7835,1,,,,,no_lineup_file,120.0,40.9,True,,low_right,0,saved,False,,,,statsbomb_open_data_2926ff0a-e3a4-423b-9006-fdaef80343c6,2026-06-24T16:04:38.431710+00:00,False,False,False,True,False,False,False
statsbomb_open_data,4f3a27e3-d10d-49ea-887f-faeffa1e4c63,69340,1635,11,23,La Liga,2011/2012,Spain,Regular Season,2012-05-02,217,Barcelona,223,Málaga,Spotify Camp Nou,Turienzo,1,34,13,5503,Lionel Andrés Messi Cuccittini,lionel andres messi cuccittini,217,Barcelona,Center Forward,108.0,40.0,120.0,38.7,0.2,Goal,Left Foot,Normal,0.7835,1,,,,,no_lineup_file,119.6,40.1,True,,low_center,1,scored,False,,,,statsbomb_open_data_4f3a27e3-d10d-49ea-887f-faeffa1e4c63,2026-06-24T16:04:38.431710+00:00,False,False,False,True,False,False,False
statsbomb_open_data,d21b7eeb-e20e-4424-b7dd-2b469cedc7c1,69340,2619,11,23,La Liga,2011/2012,Spain,Regular Season,2012-05-02,217,Barcelona,223,Málaga,Spotify Camp Nou,Turienzo,2,58,46,5503,Lionel Andrés Messi Cuccittini,lionel andres messi cuccittini,217,Barcelona,Center Forward,108.1,40.1,120.0,43.4,1.9,Goal,Left Foot,Normal,0.7835,1,,,,,no_lineup_file,120.0,40.1,True,,low_right,1,scored,False,,,,statsbomb_open_data_d21b7eeb-e20e-4424-b7dd-2b469cedc7c1,2026-06-24T16:04:38.431710+00:00,False,False,False,True,False,False,False
statsbomb_open_data,297397f2-1e0b-478e-ae43-5e3535636a2f,70219,1001,11,23,La Liga,2011/2012,Spain,Regular Season,2012-04-07,395,Real Zaragoza,217,Barcelona,Estadio de la Romareda,Turienzo,1,23,30,26020,Ángel Lafita Castillo,angel lafita castillo,395,Real Zaragoza,Center Attacking Midfield,108.0,39.8,119.0,42.7,0.5,Saved,Right Foot,Normal,0.7835,1,,,,,no_lineup_file,119.4,40.0,True,,low_right,0,saved,False,,,,statsbomb_open_data_297397f2-1e0b-478e-ae43-5e3535636a2f,2026-06-24T16:04:38.431710+00:00,False,False,False,True,False,False,False
statsbomb_open_data,15ccef1d-4322-4622-98f4-758ebd64e645,70219,3056,11,23,La Liga,2011/2012,Spain,Regular Season,2012-04-07,395,Real Zaragoza,217,Barcelona,Estadio de la Romareda,Turienzo,2,85,5,5503,Lionel Andrés Messi Cuccittini,lionel andres messi cuccittini,217,Barcelona,Center Forward,108.0,40.0,120.0,38.8,1.9,Goal,Left Foot,Normal,0.7835,0,,,,,no_lineup_file,,,False,,low_center,1,scored,False,,,,statsbomb_open_data_15ccef1d-4322-4622-98f4-758ebd64e645,2026-06-24T16:04:38.431710+00:00,False,False,False,True,True,True,False
statsbomb_open_data,a133ebdc-2720-4612-921b-8e273875fd70,70221,959,11,23,La Liga,2011/2012,Spain,Regular Season,2012-04-14,221,Levante UD,217,Barcelona,Estadio Ciudad de Valencia,José Teixeira,1,22,43,26226,José Javier Barkero Saludes,jose javier barkero saludes,221,Levante UD,Center Attacking Midfield,107.9,40.0,120.0,37.6,0.2,Goal,Left Foot,Normal,0.7835,0,,,,,no_lineup_file,,,False,,low_left,1,scored,False,,,,statsbomb_open_data_a133ebdc-2720-4612-921b-8e273875fd70,2026-06-24T16:04:38.431710+00:00,False,False,False,True,True,True,False
statsbomb_open_data,2f24304f-ba4e-4dae-9819-2120bef558c1,70221,2846,11,23,La Liga,2011/2012,Spain,Regular Season,2012-04-14,221,Levante UD,217,Barcelona,Estadio Ciudad de Valencia,José Teixeira,2,71,38,5503,Lionel Andrés Messi Cuccittini,lionel andres messi cuccittini,217,Barcelona,Center Attacking Midfield,108.0,40.0,120.0,42.2,2.1,Goal,Left Foot,Normal,0.7835,0,,,,,no_lineup_file,,,False,,high_right,1,scored,False,,,,statsbomb_open_data_2f24304f-ba4e-4dae-9819-2120bef558c1,2026-06-24T16:04:38.431710+00:00,False,False,False,True,True,True,False
statsbomb_open_data,4b758ca0-a3ae-417f-bd1d-018a1f4b96e9,70225,2744,11,23,La Liga,2011/2012,Spain,Regular Season,2012-03-20,217,Barcelona,1049,Granada,Spotify Camp Nou,José Teixeira,2,61,44,26780,Guilherme Magdalena Siqueira,guilherme magdalena siqueira,1049,Granada,Left Back,107.9,40.0,120.0,38.0,0.2,Goal,Left Foot,Normal,0.7835,0,,,,,no_lineup_file,,,False,,low_left,1,scored,False,,,,statsbomb_open_data_4b758ca0-a3ae-417f-bd1d-018a1f4b96e9,2026-06-24T16:04:38.431710+00:00,False,False,False,True,True,True,False
statsbomb_open_data,7b6e4f52-bec2-40fa-9c54-ba22f9e488bf,70225,3619,11,23,La Liga,2011/2012,Spain,Regular Season,2012-03-20,217,Barcelona,1049,Granada,Spotify Camp Nou,José Teixeira,2,88,54,26780,Guilherme Magdalena Siqueira,guilherme magdalena siqueira,1049,Granada,Left Back,108.2,40.0,120.0,43.6,0.2,Goal,Left Foot,Lob,0.7835,0,,,,,no_lineup_file,,,False,,low_right,1,scored,False,,,,statsbomb_open_data_7b6e4f52-bec2-40fa-9c54-ba22f9e488bf,2026-06-24T16:04:38.431710+00:00,False,False,False,True,True,True,False
statsbomb_open_data,6648cdb0-47e9-4445-aa42-655953ebb4cf,70260,933,11,24,La Liga,2012/2013,Spain,Regular Season,2013-01-27,217,Barcelona,422,Osasuna,Spotify Camp Nou,Fernando Teixeira,1,27,9,5503,Lionel Andrés Messi Cuccittini,lionel andres messi cuccittini,217,Barcelona,Center Forward,108.2,40.2,120.0,36.6,0.5,Goal,Left Foot,Normal,0.7835,0,,,,,no_lineup_file,,,False,,low_left,1,scored,False,,,,statsbomb_open_data_6648cdb0-47e9-4445-aa42-655953ebb4cf,2026-06-24T16:04:38.431710+00:00,False,False,False,True,True,True,False
statsbomb_open_data,311eee2b-56a1-45ea-8d12-dc950c3d1fbc,70277,1665,11,25,La Liga,2013/2014,Spain,Regular Season,2013-08-18,217,Barcelona,221,Levante UD,Spotify Camp Nou,,1,41,18,5503,Lionel Andrés Messi Cuccittini,lionel andres messi cuccittini,217,Barcelona,Center Forward,107.9,40.0,120.0,37.1,1.0,Goal,Left Foot,Normal,0.7835,1,,,,,no_lineup_file,118.3,39.9,True,,low_left,1,scored,False,,,,statsbomb_open_data_311eee2b-56a1-45ea-8d12-dc950c3d1fbc,2026-06-24T16:04:38.431710+00:00,False,False,False,True,False,False,False
statsbomb_open_data,fcdc63ea-a580-4194-9b30-710aca6c5089,70280,4245,11,24,La Liga,2012/2013,Spain,Regular Season,2012-11-25,221,Levante UD,217,Barcelona,Estadio Ciudad de Valencia,Pedro Jesús Pérez Montero,2,86,39,26226,José Javier Barkero Saludes,jose javier barkero saludes,221,Levante UD,Center Attacking Midfield,108.1,40.1,119.0,37.7,0.5,Saved,Left Foot,Normal,0.7835,0,,,,,no_lineup_file,,,False,,low_left,0,saved,False,,,,statsbomb_open_data_fcdc63ea-a580-4194-9b30-710aca6c5089,2026-06-24T16:04:38.431710+00:00,False,False,False,True,True,True,False
statsbomb_open_data,ce3166ef-5c42-4881-99fb-4a5833d38cce,70282,1786,11,24,La Liga,2012/2013,Spain,Regular Season,2013-02-03,207,Valencia,217,Barcelona,Estadio de Mestalla,José Luis González González,1,38,23,5503,Lionel Andrés Messi Cuccittini,lionel andres messi cuccittini,217,Barcelona,Center Forward,108.1,40.1,120.0,36.7,2.3,Goal,Left Foot,Normal,0.7835,0,,,,,no_lineup_file,,,False,,high_left,1,scored,False,,,,statsbomb_open_data_ce3166ef-5c42-4881-99fb-4a5833d38cce,2026-06-24T16:04:38.431710+00:00,False,False,False,True,True,True,False
statsbomb_open_data,288dc3f9-ea9d-4c2d-82dc-97db1565d6d6,70292,2871,11,24,La Liga,2012/2013,Spain,Regular Season,2012-09-15,216,Getafe,217,Barcelona,Coliseum Alfonso Pérez,Fernando Teixeira,2,73,24,5503,Lionel Andrés Messi Cuccittini,lionel andres messi cuccittini,217,Barcelona,Center Forward,108.2,40.1,120.0,42.4,1.3,Goal,Left Foot,Normal,0.7835,0,,,,,no_lineup_file,,,False,,low_right,1,scored,False,,,,statsbomb_open_data_288dc3f9-ea9d-4c2d-82dc-97db1565d6d6,2026-06-24T16:04:38.431710+00:00,False,False,False,True,True,True,False
statsbomb_open_data,6d221322-fd5e-47bb-8176-85bb44ed90db,265857,2511,11,25,La Liga,2013/2014,Spain,Regular Season,2014-03-23,220,Real Madrid,217,Barcelona,Bernabéu,Alberto Undiano Mallenco,2,54,19,5207,Cristiano Ronaldo dos Santos Aveiro,cristiano ronaldo dos santos aveiro,220,Real Madrid,Left Wing,108.0,40.1,120.0,36.4,0.3,Goal,Right Foot,Normal,0.7835,0,20176.0,Víctor Valdés Arribas,victor valdes arribas,Spain,lineup_position_window,,,False,,low_left,1,scored,False,,,,statsbomb_open_data_6d221322-fd5e-47bb-8176-85bb44ed90db,2026-06-24T16:04:38.431710+00:00,False,False,False,False,True,True,False
statsbomb_open_data,33252fd4-3a5b-4b69-98f8-39c254f032dc,265857,2870,11,25,La Liga,2013/2014,Spain,Regular Season,2014-03-23,220,Real Madrid,217,Barcelona,Bernabéu,Alberto Undiano Mallenco,2,64,8,5503,Lionel Andrés Messi Cuccittini,lionel andres messi cuccittini,217,Barcelona,Center Forward,107.8,39.9,120.0,43.3,1.4,Goal,Left Foot,Normal,0.7835,0,6768.0,Diego López Rodríguez,diego lopez rodriguez,Spain,lineup_position_window,,,False,,low_right,1,scored,False,,,,statsbomb_open_data_33252fd4-3a5b-4b69-98f8-39c254f032dc,2026-06-24T16:04:38.431710+00:00,False,False,False,False,True,True,False
statsbomb_open_data,80cf5232-3eee-4fb2-86a8-ac457fe57463,265857,3608,11,25,La Liga,2013/2014,Spain,Regular Season,2014-03-23,220,Real Madrid,217,Barcelona,Bernabéu,Alberto Undiano Mallenco,2,83,42,5503,Lionel Andrés Messi Cuccittini,lionel andres messi cuccittini,217,Barcelona,Center Forward,108.0,40.0,120.0,43.7,2.4,Goal,Left Foot,Normal,0.7835,0,6768.0,Diego López Rodríguez,diego lopez rodriguez,Spain,lineup_position_window,,,False,,high_right,1,scored,False,,,,statsbomb_open_data_80cf5232-3eee-4fb2-86a8-ac457fe57463,2026-06-24T16:04:38.431710+00:00,False,False,False,False,True,True,False
statsbomb_open_data,62019d56-2230-499e-afa2-39b482a1693b,265866,3499,11,26,La Liga,2014/2015,Spain,Regular Season,2015-05-02,373,Córdoba CF,217,Barcelona,Estadio Nuevo Arcángel,Carlos Clos Gómez,2,84,17,4320,Neymar da Silva Santos Junior,neymar da silva santos junior,217,Barcelona,Left Wing,108.1,40.1,120.0,42.5,0.0,Goal,Right Foot,Normal,0.7835,0,24255.0,Juan Carlos Martín Corral,juan carlos martin corral,Spain,lineup_position_window,,,False,,low_right,1,scored,False,,,,statsbomb_open_data_62019d56-2230-499e-afa2-39b482a1693b,2026-06-24T16:04:38.431710+00:00,False,False,False,False,True,True,False
statsbomb_open_data,846a2b2d-0550-42ec-9eda-a10bdaaeb191,265944,3019,11,27,La Liga,2015/2016,Spain,Regular Season,2016-04-23,217,Barcelona,1041,Sporting Gijón,Spotify Camp Nou,Carlos Clos Gómez,2,73,38,5246,Luis Alberto Suárez Díaz,luis alberto suarez diaz,217,Barcelona,Center Forward,108.3,40.3,120.0,43.2,1.5,Goal,Right Foot,Normal,0.7835,0,6610.0,Iván Cuéllar Sacristán,ivan cuellar sacristan,Spain,lineup_position_window,,,False,,low_right,1,scored,False,,,,statsbomb_open_data_846a2b2d-0550-42ec-9eda-a10bdaaeb191,2026-06-24T16:04:38.431710+00:00,False,False,False,False,True,True,False
statsbomb_open_data,46ae35d4-c369-45c3-bc55-8c90ca122d10,265944,3089,11,27,La Liga,2015/2016,Spain,Regular Season,2016-04-23,217,Barcelona,1041,Sporting Gijón,Spotify Camp Nou,Carlos Clos Gómez,2,76,52,5246,Luis Alberto Suárez Díaz,luis alberto suarez diaz,217,Barcelona,Center Forward,108.2,40.1,120.0,39.3,2.0,Goal,Right Foot,Normal,0.7835,0,6610.0,Iván Cuéllar Sacristán,ivan cuellar sacristan,Spain,lineup_position_window,,,False,,high_center,1,scored,False,,,,statsbomb_open_data_46ae35d4-c369-45c3-bc55-8c90ca122d10,2026-06-24T16:04:38.431710+00:00,False,False,False,False,True,True,False
statsbomb_open_data,6943634e-e4ee-4bf4-a9e9-19c17521a0ad,265944,3412,11,27,La Liga,2015/2016,Spain,Regular Season,2016-04-23,217,Barcelona,1041,Sporting Gijón,Spotify Camp Nou,Carlos Clos Gómez,2,85,6,4320,Neymar da Silva Santos Junior,neymar da silva santos junior,217,Barcelona,Left Wing,108.1,40.1,120.0,38.6,0.4,Goal,Right Foot,Normal,0.7835,0,6610.0,Iván Cuéllar Sacristán,ivan cuellar sacristan,Spain,lineup_position_window,,,False,,low_left,1,scored,False,,,,statsbomb_open_data_6943634e-e4ee-4bf4-a9e9-19c17521a0ad,2026-06-24T16:04:38.431710+00:00,False,False,False,False,True,True,False
statsbomb_open_data,fbd7a6d7-cd19-444a-9c59-3cb90e78a826,265963,444,11,26,La Liga,2014/2015,Spain,Regular Season,2015-04-28,217,Barcelona,216,Getafe,Spotify Camp Nou,David Fernández Borbalan,1,8,46,5503,Lionel Andrés Messi Cuccittini,lionel andres messi cuccittini,217,Barcelona,Right Wing,108.0,40.0,120.0,40.4,1.9,Goal,Left Foot,Lob,0.7835,0,6625.0,Vicente Guaita Panadero,vicente guaita panadero,Spain,lineup_position_window,,,False,,low_center,1,scored,False,,,,statsbomb_open_data_fbd7a6d7-cd19-444a-9c59-3cb90e78a826,2026-06-24T16:04:38.431710+00:00,False,False,False,False,True,True,False
statsbomb_open_data,f4410738-23ae-4c31-a6cf-44ca59f9f07d,266033,3680,11,2,La Liga,2016/2017,Spain,Regular Season,2016-10-22,207,Valencia,217,Barcelona,Estadio de Mestalla,Alberto Undiano Mallenco,2,93,23,5503,Lionel Andrés Messi Cuccittini,lionel andres messi cuccittini,217,Barcelona,Right Wing,107.9,40.1,120.0,36.5,0.2,Goal,Left Foot,Normal,0.7835,0,25144.0,Diego Alves Carreira,diego alves carreira,Brazil,lineup_position_window,,,False,,low_left,1,scored,False,,,,statsbomb_open_data_f4410738-23ae-4c31-a6cf-44ca59f9f07d,2026-06-24T16:04:38.431710+00:00,False,False,False,False,True,True,False
statsbomb_open_data,36874b07-67b8-4503-ac3a-e997d2063436,266056,3310,11,27,La Liga,2015/2016,Spain,Regular Season,2016-03-06,322,Eibar,217,Barcelona,Estadio Municipal de Ipurúa,Alberto Undiano Mallenco,2,75,18,5503,Lionel Andrés Messi Cuccittini,lionel andres messi cuccittini,217,Barcelona,Right Wing,108.1,40.2,120.0,40.1,1.3,Goal,Left Foot,Normal,0.7835,0,10763.0,Asier Riesgo Unamuno,asier riesgo unamuno,Spain,lineup_position_window,,,False,,low_center,1,scored,False,,,,statsbomb_open_data_36874b07-67b8-4503-ac3a-e997d2063436,2026-06-24T16:04:38.431710+00:00,False,False,False,False,True,True,False
statsbomb_open_data,24d5dd73-5b13-488a-b274-ec1e0593c2ac,266106,1708,11,27,La Liga,2015/2016,Spain,Regular Season,2016-03-20,222,Villarreal,217,Barcelona,Estadio de la Cerámica,,1,40,42,4320,Neymar da Silva Santos Junior,neymar da silva santos junior,217,Barcelona,Left Wing,108.1,40.1,120.0,37.5,1.0,Goal,Right Foot,Normal,0.7835,0,6755.0,Sergio Asenjo Andrés,sergio asenjo andres,Spain,lineup_position_window,,,False,,low_left,1,scored,False,,,,statsbomb_open_data_24d5dd73-5b13-488a-b274-ec1e0593c2ac,2026-06-24T16:04:38.431710+00:00,False,False,False,False,True,True,False
statsbomb_open_data,a03d512c-aa96-4b45-84d6-cfbab64fae20,266149,158,11,27,La Liga,2015/2016,Spain,Regular Season,2016-01-17,217,Barcelona,215,Athletic Club,Spotify Camp Nou,Antonio Miguel Mateu Lahoz,1,6,24,5503,Lionel Andrés Messi Cuccittini,lionel andres messi cuccittini,217,Barcelona,Right Wing,108.0,40.0,120.0,43.7,0.1,Goal,Left Foot,Normal,0.7835,1,6576.0,Gorka Iraizoz Moreno,gorka iraizoz moreno,Spain,lineup_fallback_first_gk,119.6,40.1,True,,low_right,1,scored,False,,,,statsbomb_open_data_a03d512c-aa96-4b45-84d6-cfbab64fae20,2026-06-24T16:04:38.431710+00:00,False,False,False,False,False,False,False
statsbomb_open_data,c84e0b34-271a-4c32-bd3e-a735297dd7f4,266236,1293,11,27,La Liga,2015/2016,Spain,Regular Season,2015-08-23,215,Athletic Club,217,Barcelona,San Mamés Barria,,1,30,15,5503,Lionel Andrés Messi Cuccittini,lionel andres messi cuccittini,217,Barcelona,Right Wing,107.9,40.1,119.3,36.8,0.2,Saved,Left Foot,Normal,0.7835,0,6576.0,Gorka Iraizoz Moreno,gorka iraizoz moreno,Spain,lineup_position_window,,,False,,low_left,0,saved,False,,,,statsbomb_open_data_c84e0b34-271a-4c32-bd3e-a735297dd7f4,2026-06-24T16:04:38.431710+00:00,False,False,False,False,True,True,False
statsbomb_open_data,585285ab-0b11-4b65-837e-f9dcfe9b0106,266254,1519,11,27,La Liga,2015/2016,Spain,Regular Season,2016-02-14,217,Barcelona,209,Celta Vigo,Spotify Camp Nou,,1,38,53,6038,John Guidetti,john guidetti,209,Celta Vigo,Center Forward,108.1,40.1,120.0,37.3,1.0,Goal,Right Foot,Normal,0.7835,0,4691.0,Claudio Andrés Bravo Muñoz,claudio andres bravo munoz,Chile,lineup_position_window,,,False,,low_left,1,scored,False,,,,statsbomb_open_data_585285ab-0b11-4b65-837e-f9dcfe9b0106,2026-06-24T16:04:38.431710+00:00,False,False,False,False,True,True,False
statsbomb_open_data,a623a086-f98c-4403-b849-6a878ff47496,266254,3202,11,27,La Liga,2015/2016,Spain,Regular Season,2016-02-14,217,Barcelona,209,Celta Vigo,Spotify Camp Nou,,2,80,58,5503,Lionel Andrés Messi Cuccittini,lionel andres messi cuccittini,217,Barcelona,Right Wing,108.1,40.1,111.4,43.2,,Wayward,Left Foot,Normal,0.7835,1,6884.0,Sergio Álvarez Conde,sergio alvarez conde,Spain,lineup_position_window,119.7,40.1,True,,low_right,0,missed,False,,,,statsbomb_open_data_a623a086-f98c-4403-b849-6a878ff47496,2026-06-24T16:04:38.431710+00:00,False,False,True,False,False,False,False
statsbomb_open_data,dadbf966-df68-40e6-b546-983fb0916c7f,266433,1325,11,24,La Liga,2012/2013,Spain,Regular Season,2013-01-06,217,Barcelona,214,Espanyol,Spotify Camp Nou,Jesús Gil Manzano,1,28,30,5503,Lionel Andrés Messi Cuccittini,lionel andres messi cuccittini,217,Barcelona,Center Forward,108.1,39.9,120.0,37.5,0.2,Goal,Left Foot,Normal,0.7835,0,6706.0,Francisco Casilla Cortés,francisco casilla cortes,Spain,lineup_position_window,,,False,,low_left,1,scored,False,,,,statsbomb_open_data_dadbf966-df68-40e6-b546-983fb0916c7f,2026-06-24T16:04:38.431710+00:00,False,False,False,False,True,True,False
statsbomb_open_data,5433196d-f8c5-4d0e-a33f-9c11273ffe25,266440,1663,11,2,La Liga,2016/2017,Spain,Regular Season,2017-03-19,217,Barcelona,207,Valencia,Spotify Camp Nou,,1,44,34,5503,Lionel Andrés Messi Cuccittini,lionel andres messi cuccittini,217,Barcelona,Right Wing,108.0,40.0,120.0,40.0,0.2,Goal,Left Foot,Normal,0.7835,0,25144.0,Diego Alves Carreira,diego alves carreira,Brazil,lineup_position_window,,,False,,low_center,1,scored,False,,,,statsbomb_open_data_5433196d-f8c5-4d0e-a33f-9c11273ffe25,2026-06-24T16:04:38.431710+00:00,False,False,False,False,True,True,False
statsbomb_open_data,8aef0d3b-1739-4035-83a1-dfa73570b967,266490,2569,11,27,La Liga,2015/2016,Spain,Regular Season,2015-09-20,217,Barcelona,221,Levante UD,Spotify Camp Nou,David Fernández Borbalan,2,60,29,5503,Lionel Andrés Messi Cuccittini,lionel andres messi cuccittini,217,Barcelona,Center Attacking Midfield,108.1,40.1,120.0,41.9,2.0,Goal,Left Foot,Normal,0.7835,0,6730.0,Rubén Iván Martínez Andrade,ruben ivan martinez andrade,Spain,lineup_position_window,,,False,,high_right,1,scored,False,,,,statsbomb_open_data_8aef0d3b-1739-4035-83a1-dfa73570b967,2026-06-24T16:04:38.431710+00:00,False,False,False,False,True,True,False
statsbomb_open_data,a8f1c2d5-aa75-4e3a-b92e-be4db8acf4bd,266490,3109,11,27,La Liga,2015/2016,Spain,Regular Season,2015-09-20,217,Barcelona,221,Levante UD,Spotify Camp Nou,David Fernández Borbalan,2,75,0,5503,Lionel Andrés Messi Cuccittini,lionel andres messi cuccittini,217,Barcelona,Center Attacking Midfield,108.3,40.1,120.0,41.1,3.6,Off T,Left Foot,Normal,0.7835,1,6730.0,Rubén Iván Martínez Andrade,ruben ivan martinez andrade,Spain,lineup_position_window,119.8,40.0,True,,high_center,0,missed,False,,,,statsbomb_open_data_a8f1c2d5-aa75-4e3a-b92e-be4db8acf4bd,2026-06-24T16:04:38.431710+00:00,False,False,False,False,False,False,False
statsbomb_open_data,ba5bf2df-a64b-4a91-8c4b-c6154175b20c,266498,440,11,27,La Liga,2015/2016,Spain,Regular Season,2016-03-12,217,Barcelona,216,Getafe,Spotify Camp Nou,Pedro Jesús Pérez Montero,1,10,20,5503,Lionel Andrés Messi Cuccittini,lionel andres messi cuccittini,217,Barcelona,Right Wing,108.0,40.0,119.3,42.3,0.1,Saved,Left Foot,Normal,0.7835,0,6625.0,Vicente Guaita Panadero,vicente guaita panadero,Spain,lineup_position_window,,,False,,low_right,0,saved,False,,,,statsbomb_open_data_ba5bf2df-a64b-4a91-8c4b-c6154175b20c,2026-06-24T16:04:38.431710+00:00,False,False,False,False,True,True,False
statsbomb_open_data,136bdfc3-5aaf-49a6-b9f3-d30b7dfa046f,266525,390,11,26,La Liga,2014/2015,Spain,Regular Season,2015-04-18,217,Barcelona,207,Valencia,Spotify Camp Nou,José Luis González González,1,9,25,6595,Daniel Parejo Muñoz,daniel parejo munoz,207,Valencia,Right Center Midfield,108.1,40.0,119.5,37.9,0.4,Saved,Right Foot,Normal,0.7835,0,4691.0,Claudio Andrés Bravo Muñoz,claudio andres bravo munoz,Chile,lineup_position_window,,,False,,low_left,0,saved,False,,,,statsbomb_open_data_136bdfc3-5aaf-49a6-b9f3-d30b7dfa046f,2026-06-24T16:04:38.431710+00:00,False,False,False,False,True,True,False
statsbomb_open_data,ed663118-b422-4ace-8f87-1ce6defcb538,266613,2482,11,25,La Liga,2013/2014,Spain,Regular Season,2014-02-01,217,Barcelona,207,Valencia,Spotify Camp Nou,Pedro Jesús Pérez Montero,2,53,14,5503,Lionel Andrés Messi Cuccittini,lionel andres messi cuccittini,217,Barcelona,Center Forward,108.1,40.1,120.0,43.8,2.4,Goal,Left Foot,Normal,0.7835,0,25144.0,Diego Alves Carreira,diego alves carreira,Brazil,lineup_position_window,,,False,,high_right,1,scored,False,,,,statsbomb_open_data_ed663118-b422-4ace-8f87-1ce6defcb538,2026-06-24T16:04:38.431710+00:00,False,False,False,False,True,True,False
statsbomb_open_data,6d71526f-eca6-4cfd-a138-2528a22cf3d2,266653,2484,11,27,La Liga,2015/2016,Spain,Regular Season,2016-03-03,360,Rayo Vallecano,217,Barcelona,Estadio de Vallecas,,2,68,10,5246,Luis Alberto Suárez Díaz,luis alberto suarez diaz,217,Barcelona,Center Forward,108.0,39.9,119.5,38.8,0.9,Saved,Right Foot,Normal,0.7835,0,24255.0,Juan Carlos Martín Corral,juan carlos martin corral,Spain,lineup_position_window,,,False,,low_center,0,saved,False,,,,statsbomb_open_data_6d71526f-eca6-4cfd-a138-2528a22cf3d2,2026-06-24T16:04:38.431710+00:00,False,False,False,False,True,True,False
statsbomb_open_data,f4b3b17b-af01-490f-ae58-ff0159b0dff6,266724,2603,11,24,La Liga,2012/2013,Spain,Regular Season,2012-11-11,1043,Mallorca,217,Barcelona,Visit Mallorca Estadi,Ignacio Iglesias Villanueva,2,57,41,23791,Víctor Casadesús Castaño,victor casadesus castano,1043,Mallorca,Right Center Forward,108.1,40.1,120.0,40.2,0.5,Goal,Right Foot,Normal,0.7835,0,20176.0,Víctor Valdés Arribas,victor valdes arribas,Spain,lineup_position_window,,,False,,low_center,1,scored,False,,,,statsbomb_open_data_f4b3b17b-af01-490f-ae58-ff0159b0dff6,2026-06-24T16:04:38.431710+00:00,False,False,False,False,True,True,False
statsbomb_open_data,ce7d1dab-3c7b-4d9e-beb3-8c25f8230854,266741,2569,11,26,La Liga,2014/2015,Spain,Regular Season,2015-02-15,217,Barcelona,221,Levante UD,Spotify Camp Nou,,2,64,57,5503,Lionel Andrés Messi Cuccittini,lionel andres messi cuccittini,217,Barcelona,Right Wing,108.0,40.0,120.0,43.3,0.0,Goal,Left Foot,Normal,0.7835,0,23843.0,Diego Mariño Villar,diego marino villar,Spain,lineup_position_window,,,False,,low_right,1,scored,False,,,,statsbomb_open_data_ce7d1dab-3c7b-4d9e-beb3-8c25f8230854,2026-06-24T16:04:38.431710+00:00,False,False,False,False,True,True,False
statsbomb_open_data,f28dc8c0-232a-459f-8d6d-072d4cd978ea,266770,1545,11,26,La Liga,2014/2015,Spain,Regular Season,2014-09-21,221,Levante UD,217,Barcelona,Estadio Ciudad de Valencia,José Luis González González,1,41,12,5503,Lionel Andrés Messi Cuccittini,lionel andres messi cuccittini,217,Barcelona,Center Forward,108.2,40.1,120.0,35.5,1.6,Off T,Left Foot,Normal,0.7835,1,27240.0,Jesús Fernández Collado,jesus fernandez collado,Spain,lineup_position_window,119.1,39.3,True,,low_left,0,missed,False,,,,statsbomb_open_data_f28dc8c0-232a-459f-8d6d-072d4cd978ea,2026-06-24T16:04:38.431710+00:00,False,False,False,False,False,False,False
statsbomb_open_data,cc858ec8-5173-4323-8983-e2b54763a270,266794,2174,11,26,La Liga,2014/2015,Spain,Regular Season,2015-01-24,1042,Elche,217,Barcelona,Estadio Manuel Martínez Valero,Carlos Clos Gómez,2,54,7,5503,Lionel Andrés Messi Cuccittini,lionel andres messi cuccittini,217,Barcelona,Center Forward,108.0,40.0,120.0,37.7,0.2,Goal,Left Foot,Normal,0.7835,0,9082.0,Przemysław Tytoń,przemyslaw tyton,Poland,lineup_position_window,,,False,,low_left,1,scored,False,,,,statsbomb_open_data_cc858ec8-5173-4323-8983-e2b54763a270,2026-06-24T16:04:38.431710+00:00,False,False,False,False,True,True,False
statsbomb_open_data,7ab917c3-35df-4675-965a-6527b0450723,266815,2432,11,27,La Liga,2015/2016,Spain,Regular Season,2016-02-17,1041,Sporting Gijón,217,Barcelona,Estadio Municipal El Molinón,,2,61,29,5246,Luis Alberto Suárez Díaz,luis alberto suarez diaz,217,Barcelona,Center Forward,107.8,40.0,118.9,37.1,0.9,Saved,Right Foot,Normal,0.7835,1,6610.0,Iván Cuéllar Sacristán,ivan cuellar sacristan,Spain,lineup_position_window,118.7,40.1,True,,low_left,0,saved,False,,,,statsbomb_open_data_7ab917c3-35df-4675-965a-6527b0450723,2026-06-24T16:04:38.431710+00:00,False,False,False,False,False,False,False
statsbomb_open_data,0594d7ad-1ace-48ff-a8ad-7153fc870377,266883,3751,11,25,La Liga,2013/2014,Spain,Regular Season,2013-11-10,218,Real Betis,217,Barcelona,Estadio Benito Villamarín,José Luis González González,2,91,35,6630,Jorge Molina Vidal,jorge molina vidal,218,Real Betis,Center Attacking Midfield,108.1,40.3,120.0,36.6,1.6,Goal,Right Foot,Normal,0.7835,0,20176.0,Víctor Valdés Arribas,victor valdes arribas,Spain,lineup_position_window,,,False,,low_left,1,scored,False,,,,statsbomb_open_data_0594d7ad-1ace-48ff-a8ad-7153fc870377,2026-06-24T16:04:38.431710+00:00,False,False,False,False,True,True,False
statsbomb_open_data,0b6a6b8c-39b3-4ea9-b153-bee3b6b0bf2e,266916,2088,11,26,La Liga,2014/2015,Spain,Regular Season,2015-03-08,217,Barcelona,360,Rayo Vallecano,Spotify Camp Nou,Jesús Gil Manzano,2,55,51,5503,Lionel Andrés Messi Cuccittini,lionel andres messi cuccittini,217,Barcelona,Right Wing,108.1,40.1,120.0,43.5,0.0,Goal,Left Foot,Normal,0.7835,0,24040.0,Cristian Darío Álvarez,cristian dario alvarez,Argentina,lineup_position_window,,,False,,low_right,1,scored,False,,,,statsbomb_open_data_0b6a6b8c-39b3-4ea9-b153-bee3b6b0bf2e,2026-06-24T16:04:38.431710+00:00,False,False,False,False,True,True,False
statsbomb_open_data,d06c220c-1855-43e6-9c37-c8e208416df2,266916,2964,11,26,La Liga,2014/2015,Spain,Regular Season,2015-03-08,217,Barcelona,360,Rayo Vallecano,Spotify Camp Nou,Jesús Gil Manzano,2,80,10,6879,Alberto Bueno Calvo,alberto bueno calvo,360,Rayo Vallecano,Right Center Midfield,108.0,40.2,120.0,39.5,2.0,Goal,Right Foot,Normal,0.7835,0,4691.0,Claudio Andrés Bravo Muñoz,claudio andres bravo munoz,Chile,lineup_position_window,,,False,,high_center,1,scored,False,,,,statsbomb_open_data_d06c220c-1855-43e6-9c37-c8e208416df2,2026-06-24T16:04:38.431710+00:00,False,False,False,False,True,True,False
statsbomb_open_data,9edf8b29-f2a0-40af-ba39-c7a210845600,266952,3490,11,2,La Liga,2016/2017,Spain,Regular Season,2017-05-06,217,Barcelona,222,Villarreal,Spotify Camp Nou,,2,81,16,5503,Lionel Andrés Messi Cuccittini,lionel andres messi cuccittini,217,Barcelona,Right Wing,108.1,40.1,120.0,41.1,2.2,Goal,Left Foot,Normal,0.7835,0,8697.0,Andrés Eduardo Fernández Moreno,andres eduardo fernandez moreno,Spain,lineup_position_window,,,False,,high_center,1,scored,False,,,,statsbomb_open_data_9edf8b29-f2a0-40af-ba39-c7a210845600,2026-06-24T16:04:38.431710+00:00,False,False,False,False,True,True,False
statsbomb_open_data,4add3585-d0d8-4871-9de6-35d118e98a95,266967,1425,11,26,La Liga,2014/2015,Spain,Regular Season,2015-03-14,322,Eibar,217,Barcelona,Estadio Municipal de Ipurúa,,1,30,56,5503,Lionel Andrés Messi Cuccittini,lionel andres messi cuccittini,217,Barcelona,Right Wing,108.1,40.1,120.0,42.6,1.6,Goal,Left Foot,Normal,0.7835,0,27517.0,Jaime Jiménez Merlo,jaime jimenez merlo,Spain,lineup_position_window,,,False,,low_right,1,scored,False,,,,statsbomb_open_data_4add3585-d0d8-4871-9de6-35d118e98a95,2026-06-24T16:04:38.431710+00:00,False,False,False,False,True,True,False
statsbomb_open_data,cf593116-f7d6-4452-8894-c08943584ceb,267085,1347,11,26,La Liga,2014/2015,Spain,Regular Season,2014-10-25,220,Real Madrid,217,Barcelona,Bernabéu,Jesús Gil Manzano,1,33,23,5207,Cristiano Ronaldo dos Santos Aveiro,cristiano ronaldo dos santos aveiro,220,Real Madrid,Left Center Forward,108.0,40.0,120.0,43.0,0.4,Goal,Right Foot,Normal,0.7835,0,4691.0,Claudio Andrés Bravo Muñoz,claudio andres bravo munoz,Chile,lineup_position_window,,,False,,low_right,1,scored,False,,,,statsbomb_open_data_cf593116-f7d6-4452-8894-c08943584ceb,2026-06-24T16:04:38.431710+00:00,False,False,False,False,True,True,False
statsbomb_open_data,2b7e69c7-5495-494e-9800-b703a14afd5a,267101,2789,11,2,La Liga,2016/2017,Spain,Regular Season,2017-04-26,217,Barcelona,422,Osasuna,Spotify Camp Nou,,2,66,41,5506,Javier Alejandro Mascherano,javier alejandro mascherano,217,Barcelona,Right Center Back,108.1,40.1,120.0,39.3,2.1,Goal,Right Foot,Normal,0.7835,0,7469.0,Salvatore Sirigu,salvatore sirigu,Italy,lineup_position_window,,,False,,high_center,1,scored,False,,,,statsbomb_open_data_2b7e69c7-5495-494e-9800-b703a14afd5a,2026-06-24T16:04:38.431710+00:00,False,False,False,False,True,True,False
statsbomb_open_data,4db9e988-7519-4a04-943d-ca25d7d10525,267212,2213,11,2,La Liga,2016/2017,Spain,Regular Season,2016-09-17,205,Leganés,217,Barcelona,Estadio Municipal de Butarque,,2,54,27,5503,Lionel Andrés Messi Cuccittini,lionel andres messi cuccittini,217,Barcelona,Right Wing,108.3,40.1,120.0,43.0,2.0,Goal,Left Foot,Normal,0.7835,0,9879.0,Jon Ander Serantes Simon,jon ander serantes simon,Spain,lineup_position_window,,,False,,high_right,1,scored,False,,,,statsbomb_open_data_4db9e988-7519-4a04-943d-ca25d7d10525,2026-06-24T16:04:38.431710+00:00,False,False,False,False,True,True,False
statsbomb_open_data,03268226-a8e0-4872-94a7-641886e5e9fb,267327,1037,11,27,La Liga,2015/2016,Spain,Regular Season,2015-12-30,217,Barcelona,218,Real Betis,Spotify Camp Nou,,1,28,58,4320,Neymar da Silva Santos Junior,neymar da silva santos junior,217,Barcelona,Left Wing,108.0,40.1,120.0,42.5,3.0,Post,Right Foot,Normal,0.7835,1,6654.0,Antonio Adán Garrido,antonio adan garrido,Spain,lineup_position_window,119.1,40.5,True,,high_right,0,missed,False,,,,statsbomb_open_data_03268226-a8e0-4872-94a7-641886e5e9fb,2026-06-24T16:04:38.431710+00:00,False,False,False,False,False,False,False
statsbomb_open_data,e0ddb2a6-756d-42b0-9d44-c66e70a856ec,267343,1811,11,26,La Liga,2014/2015,Spain,Regular Season,2015-02-28,1049,Granada,217,Barcelona,Estadio Nuevo Los Cármenes,,2,52,18,25707,Francisco Manuel Rico Castro,francisco manuel rico castro,1049,Granada,Left Defensive Midfield,108.1,39.9,120.0,43.6,1.6,Goal,Right Foot,Normal,0.7835,0,4691.0,Claudio Andrés Bravo Muñoz,claudio andres bravo munoz,Chile,lineup_position_window,,,False,,low_right,1,scored,False,,,,statsbomb_open_data_e0ddb2a6-756d-42b0-9d44-c66e70a856ec,2026-06-24T16:04:38.431710+00:00,False,False,False,False,True,True,False
statsbomb_open_data,f717ffcf-2a7f-473f-bbcd-6ee0b40e4175,267368,657,11,25,La Liga,2013/2014,Spain,Regular Season,2014-04-05,217,Barcelona,218,Real Betis,Spotify Camp Nou,Eduardo Prieto Iglesias,1,14,2,5503,Lionel Andrés Messi Cuccittini,lionel andres messi cuccittini,217,Barcelona,Center Forward,108.0,40.1,120.0,38.4,0.2,Goal,Left Foot,Normal,0.7835,0,6654.0,Antonio Adán Garrido,antonio adan garrido,Spain,lineup_position_window,,,False,,low_left,1,scored,False,,,,statsbomb_open_data_f717ffcf-2a7f-473f-bbcd-6ee0b40e4175,2026-06-24T16:04:38.431710+00:00,False,False,False,False,True,True,False
statsbomb_open_data,acfefa82-043e-4c1d-bb6f-de1dd835c6f8,267368,3581,11,25,La Liga,2013/2014,Spain,Regular Season,2014-04-05,217,Barcelona,218,Real Betis,Spotify Camp Nou,Eduardo Prieto Iglesias,2,85,14,5503,Lionel Andrés Messi Cuccittini,lionel andres messi cuccittini,217,Barcelona,Center Forward,108.1,40.2,119.5,42.3,0.9,Saved,Left Foot,Normal,0.7835,1,6654.0,Antonio Adán Garrido,antonio adan garrido,Spain,lineup_position_window,119.4,40.3,True,,low_right,0,saved,False,,,,statsbomb_open_data_acfefa82-043e-4c1d-bb6f-de1dd835c6f8,2026-06-24T16:04:38.431710+00:00,False,False,False,False,False,False,False
statsbomb_open_data,372e6ff5-cc5f-4c9a-b1b9-25cd4fb645e1,267432,2684,11,2,La Liga,2016/2017,Spain,Regular Season,2017-05-21,217,Barcelona,322,Eibar,Spotify Camp Nou,,2,69,36,5503,Lionel Andrés Messi Cuccittini,lionel andres messi cuccittini,217,Barcelona,Right Wing,108.1,40.1,119.2,41.3,0.9,Saved,Left Foot,Normal,0.7835,0,10612.0,Yoel Rodríguez Oterino,yoel rodriguez oterino,Spain,lineup_position_window,,,False,,low_center,0,saved,False,,,,statsbomb_open_data_372e6ff5-cc5f-4c9a-b1b9-25cd4fb645e1,2026-06-24T16:04:38.431710+00:00,False,False,False,False,True,True,False
statsbomb_open_data,a0eaeaa9-ab20-426f-8f06-f2e987d554c8,267432,2823,11,2,La Liga,2016/2017,Spain,Regular Season,2017-05-21,217,Barcelona,322,Eibar,Spotify Camp Nou,,2,74,55,5503,Lionel Andrés Messi Cuccittini,lionel andres messi cuccittini,217,Barcelona,Right Center Midfield,108.1,40.1,120.0,43.7,1.3,Goal,Left Foot,Normal,0.7835,0,10612.0,Yoel Rodríguez Oterino,yoel rodriguez oterino,Spain,lineup_position_window,,,False,,low_right,1,scored,False,,,,statsbomb_open_data_a0eaeaa9-ab20-426f-8f06-f2e987d554c8,2026-06-24T16:04:38.431710+00:00,False,False,False,False,True,True,False
statsbomb_open_data,55208db0-11bd-4dab-9b0d-6054d47c8a7c,267596,3752,11,2,La Liga,2016/2017,Spain,Regular Season,2017-02-19,217,Barcelona,205,Leganés,Spotify Camp Nou,Ignacio Iglesias Villanueva,2,89,12,5503,Lionel Andrés Messi Cuccittini,lionel andres messi cuccittini,217,Barcelona,Right Wing,108.0,40.0,120.0,36.8,1.8,Goal,Left Foot,Normal,0.7835,0,6662.0,Iago Herrerín Buisán,iago herrerin buisan,Spain,lineup_position_window,,,False,,low_left,1,scored,False,,,,statsbomb_open_data_55208db0-11bd-4dab-9b0d-6054d47c8a7c,2026-06-24T16:04:38.431710+00:00,False,False,False,False,True,True,False
statsbomb_open_data,6f2bb685-bf90-4b83-af94-4d5e1e9a1069,267611,2663,11,27,La Liga,2015/2016,Spain,Regular Season,2015-09-26,217,Barcelona,208,Las Palmas,Spotify Camp Nou,,2,66,1,4320,Neymar da Silva Santos Junior,neymar da silva santos junior,217,Barcelona,Left Wing,108.1,40.1,120.0,40.2,3.8,Off T,Right Foot,Normal,0.7835,1,26753.0,Javier Varas Herrera,javier varas herrera,Spain,lineup_position_window,119.4,40.0,True,,high_center,0,missed,False,,,,statsbomb_open_data_6f2bb685-bf90-4b83-af94-4d5e1e9a1069,2026-06-24T16:04:38.431710+00:00,False,False,False,False,False,False,False
statsbomb_open_data,e6fea991-d781-4197-9064-8a2e08d0a41f,303400,595,11,42,La Liga,2019/2020,Spain,Regular Season,2020-01-25,207,Valencia,217,Barcelona,Estadio de Mestalla,Jesús Gil Manzano,1,11,37,6297,Maximiliano Gómez González,maximiliano gomez gonzalez,207,Valencia,Left Center Forward,108.0,40.0,118.9,42.8,1.3,Saved,Right Foot,Normal,0.7835,1,20055.0,Marc-André ter Stegen,marc-andre ter stegen,Germany,lineup_position_window,119.3,40.3,True,,low_right,0,saved,False,,,,statsbomb_open_data_e6fea991-d781-4197-9064-8a2e08d0a41f,2026-06-24T16:04:38.431710+00:00,False,False,False,False,False,False,False
statsbomb_open_data,1d86d89c-c25b-4cd0-a352-d4b039c980f3,303479,3195,11,42,La Liga,2019/2020,Spain,Regular Season,2020-03-07,217,Barcelona,210,Real Sociedad,Spotify Camp Nou,,2,80,32,5503,Lionel Andrés Messi Cuccittini,lionel andres messi cuccittini,217,Barcelona,Center Forward,108.2,40.0,120.0,43.3,1.1,Goal,Left Foot,Normal,0.7835,0,32185.0,Alejandro Remiro Gargallo,alejandro remiro gargallo,Spain,lineup_position_window,,,False,,low_right,1,scored,False,,,,statsbomb_open_data_1d86d89c-c25b-4cd0-a352-d4b039c980f3,2026-06-24T16:04:38.431710+00:00,False,False,False,False,True,True,False
statsbomb_open_data,d0cb82f7-bf75-4e1c-9f10-295ec30f0b06,303487,1094,11,42,La Liga,2019/2020,Spain,Regular Season,2019-11-09,217,Barcelona,209,Celta Vigo,Spotify Camp Nou,,1,22,32,5503,Lionel Andrés Messi Cuccittini,lionel andres messi cuccittini,217,Barcelona,Right Wing,107.9,40.0,120.0,36.5,0.0,Goal,Left Foot,Normal,0.7835,0,6795.0,Rubén Blanco Veiga,ruben blanco veiga,Spain,lineup_position_window,,,False,,low_left,1,scored,False,,,,statsbomb_open_data_d0cb82f7-bf75-4e1c-9f10-295ec30f0b06,2026-06-24T16:04:38.431710+00:00,False,False,False,False,True,True,False
statsbomb_open_data,d30db613-31b1-4eba-8cd6-94830e9ba36d,303504,1483,11,42,La Liga,2019/2020,Spain,Regular Season,2019-11-02,221,Levante UD,217,Barcelona,Estadio Ciudad de Valencia,,1,37,33,5503,Lionel Andrés Messi Cuccittini,lionel andres messi cuccittini,217,Barcelona,Right Wing,108.2,39.9,120.0,42.4,2.0,Goal,Left Foot,Normal,0.7835,1,23344.0,Aitor Fernández Abarisketa,aitor fernandez abarisketa,Spain,lineup_position_window,119.2,39.4,True,,high_right,1,scored,False,,,,statsbomb_open_data_d30db613-31b1-4eba-8cd6-94830e9ba36d,2026-06-24T16:04:38.431710+00:00,False,False,False,False,False,False,False
statsbomb_open_data,e8ef60ea-8ee5-4fda-a5c8-2b36250c6c3e,303517,3142,11,42,La Liga,2019/2020,Spain,Regular Season,2019-12-21,217,Barcelona,206,Deportivo Alavés,Spotify Camp Nou,,2,74,23,5246,Luis Alberto Suárez Díaz,luis alberto suarez diaz,217,Barcelona,Center Forward,108.1,40.1,120.0,37.9,1.2,Goal,Right Foot,Normal,0.7835,0,6629.0,Fernando Pacheco Flores,fernando pacheco flores,Spain,lineup_position_window,,,False,,low_left,1,scored,False,,,,statsbomb_open_data_e8ef60ea-8ee5-4fda-a5c8-2b36250c6c3e,2026-06-24T16:04:38.431710+00:00,False,False,False,False,True,True,False
statsbomb_open_data,7aba96d4-71fd-4f14-90f7-45e6cf35d412,303532,3120,11,42,La Liga,2019/2020,Spain,Regular Season,2020-06-16,217,Barcelona,205,Leganés,Spotify Camp Nou,,2,68,58,5503,Lionel Andrés Messi Cuccittini,lionel andres messi cuccittini,217,Barcelona,Right Wing,108.1,40.1,120.0,43.6,0.8,Goal,Left Foot,Normal,0.7835,0,6610.0,Iván Cuéllar Sacristán,ivan cuellar sacristan,Spain,lineup_position_window,,,False,,low_right,1,scored,False,,,,statsbomb_open_data_7aba96d4-71fd-4f14-90f7-45e6cf35d412,2026-06-24T16:04:38.431710+00:00,False,False,False,False,True,True,False
statsbomb_open_data,f45cb589-f9c5-47da-89c0-87e6f756d1fc,303664,503,11,42,La Liga,2019/2020,Spain,Regular Season,2019-12-14,210,Real Sociedad,217,Barcelona,Reale Arena,,1,11,23,6685,Mikel Oyarzabal Ugarte,mikel oyarzabal ugarte,210,Real Sociedad,Left Midfield,108.0,40.1,120.0,38.8,0.7,Goal,Left Foot,Normal,0.7835,0,20055.0,Marc-André ter Stegen,marc-andre ter stegen,Germany,lineup_position_window,,,False,,low_center,1,scored,False,,,,statsbomb_open_data_f45cb589-f9c5-47da-89c0-87e6f756d1fc,2026-06-24T16:04:38.431710+00:00,False,False,False,False,True,True,False
statsbomb_open_data,aa4d501c-745d-4e49-9177-3ea4b74cc6d5,303666,2446,11,42,La Liga,2019/2020,Spain,Regular Season,2019-09-21,1049,Granada,217,Barcelona,Estadio Nuevo Los Cármenes,,2,65,21,24143,Álvaro Vadillo Cifuentes,alvaro vadillo cifuentes,1049,Granada,Left Wing,108.0,40.0,120.0,37.1,0.2,Goal,Right Foot,Normal,0.7835,0,20055.0,Marc-André ter Stegen,marc-andre ter stegen,Germany,lineup_position_window,,,False,,low_left,1,scored,False,,,,statsbomb_open_data_aa4d501c-745d-4e49-9177-3ea4b74cc6d5,2026-06-24T16:04:38.431710+00:00,False,False,False,False,True,True,False
statsbomb_open_data,3e4c72fa-1d1a-4ad7-8c3c-c5fda3cb4ed5,303696,623,11,42,La Liga,2019/2020,Spain,Regular Season,2020-06-30,217,Barcelona,212,Atlético Madrid,Spotify Camp Nou,,1,18,4,6381,Saúl Ñíguez Esclapez,saul niguez esclapez,212,Atlético Madrid,Left Defensive Midfield,108.2,40.1,120.0,43.3,0.2,Goal,Left Foot,Normal,0.7835,0,20055.0,Marc-André ter Stegen,marc-andre ter stegen,Germany,lineup_position_window,,,False,,low_right,1,scored,False,,,,statsbomb_open_data_3e4c72fa-1d1a-4ad7-8c3c-c5fda3cb4ed5,2026-06-24T16:04:38.431710+00:00,False,False,False,False,True,True,False
statsbomb_open_data,cc1c6108-56ad-4eb5-9347-e28385ae3ad5,303696,2023,11,42,La Liga,2019/2020,Spain,Regular Season,2020-06-30,217,Barcelona,212,Atlético Madrid,Spotify Camp Nou,,2,49,2,5503,Lionel Andrés Messi Cuccittini,lionel andres messi cuccittini,217,Barcelona,Right Center Forward,108.2,39.7,120.0,37.6,1.1,Goal,Left Foot,Normal,0.7835,1,6378.0,Jan Oblak,jan oblak,Slovenia,lineup_position_window,119.7,39.8,True,,low_left,1,scored,False,,,,statsbomb_open_data_cc1c6108-56ad-4eb5-9347-e28385ae3ad5,2026-06-24T16:04:38.431710+00:00,False,False,False,False,False,False,False
statsbomb_open_data,c3f3fe55-9d39-4a3b-a32b-ca6bf012452a,303696,2524,11,42,La Liga,2019/2020,Spain,Regular Season,2020-06-30,217,Barcelona,212,Atlético Madrid,Spotify Camp Nou,,2,61,45,6381,Saúl Ñíguez Esclapez,saul niguez esclapez,212,Atlético Madrid,Left Defensive Midfield,107.9,39.7,120.0,43.3,0.2,Goal,Left Foot,Normal,0.7835,1,20055.0,Marc-André ter Stegen,marc-andre ter stegen,Germany,lineup_position_window,119.0,39.4,True,,low_right,1,scored,False,,,,statsbomb_open_data_c3f3fe55-9d39-4a3b-a32b-ca6bf012452a,2026-06-24T16:04:38.431710+00:00,False,False,False,False,False,False,False
statsbomb_open_data,cf409513-16dd-4ca0-8270-682a0e416250,303707,178,11,42,La Liga,2019/2020,Spain,Regular Season,2020-02-09,218,Real Betis,217,Barcelona,Estadio Benito Villamarín,,1,5,41,6673,Sergio Canales Madrazo,sergio canales madrazo,218,Real Betis,Right Center Midfield,108.0,40.0,120.0,37.1,0.2,Goal,Left Foot,Normal,0.7835,0,20055.0,Marc-André ter Stegen,marc-andre ter stegen,Germany,lineup_position_window,,,False,,low_left,1,scored,False,,,,statsbomb_open_data_cf409513-16dd-4ca0-8270-682a0e416250,2026-06-24T16:04:38.431710+00:00,False,False,False,False,True,True,False
statsbomb_open_data,818f285b-20d5-40a3-841f-dfa74aee83b2,2275029,1914,37,42,FA Women's Super League,2019/2020,England,Regular Season,2020-01-19,973,Bristol City WFC,966,Liverpool WFC,Stoke Gifford Stadium,Savvas Yianni,2,62,16,15563,Charlie Wellings,charlie wellings,973,Bristol City WFC,Center Attacking Midfield,108.0,40.1,118.9,38.4,1.6,Saved,Right Foot,Normal,0.7835,0,15626.0,Anke Preuß,anke preuss,Germany,lineup_position_window,,,False,,low_left,0,saved,False,,,,statsbomb_open_data_818f285b-20d5-40a3-841f-dfa74aee83b2,2026-06-24T16:04:38.431710+00:00,False,False,False,False,True,True,False
statsbomb_open_data,e4dbf262-9b8d-4f96-bea4-78e80f75ed4d,2275030,2215,37,42,FA Women's Super League,2019/2020,England,Regular Season,2020-02-23,965,Brighton & Hove Albion WFC,749,Tottenham Hotspur Women,Broadfield Stadium,Louise Saunders,2,66,11,31702,Rianna Dean,rianna dean,749,Tottenham Hotspur Women,Center Forward,108.1,40.0,120.0,43.4,0.9,Goal,Right Foot,Normal,0.7835,0,15709.0,Megan Walsh,megan walsh,Ireland,lineup_position_window,,,False,,low_right,1,scored,False,,,,statsbomb_open_data_e4dbf262-9b8d-4f96-bea4-78e80f75ed4d,2026-06-24T16:04:38.431710+00:00,False,False,False,False,True,True,False
statsbomb_open_data,8ad85262-8ac2-4c50-8a49-74b7e080bb77,2275033,2283,37,42,FA Women's Super League,2019/2020,England,Regular Season,2019-10-27,973,Bristol City WFC,749,Tottenham Hotspur Women,Stoke Gifford Stadium,Daniel Lamport,2,67,19,15706,Rachel Furness,rachel furness,749,Tottenham Hotspur Women,Right Center Midfield,107.9,40.1,119.2,37.7,0.5,Saved,Left Foot,Normal,0.7835,1,16376.0,Sophie Baggaley,sophie baggaley,England,lineup_position_window,119.2,40.2,True,,low_left,0,saved,False,,,,statsbomb_open_data_8ad85262-8ac2-4c50-8a49-74b7e080bb77,2026-06-24T16:04:38.431710+00:00,False,False,False,False,False,False,False
statsbomb_open_data,445ba297-58b7-4ece-9b5c-b3e6a4b4dd3d,2275034,1749,37,42,FA Women's Super League,2019/2020,England,Regular Season,2019-09-15,749,Tottenham Hotspur Women,966,Liverpool WFC,The Hive Stadium,Ryan Atkin,1,45,53,15706,Rachel Furness,rachel furness,749,Tottenham Hotspur Women,Left Center Midfield,108.2,40.2,120.0,37.7,0.0,Goal,Left Foot,Normal,0.7835,0,15626.0,Anke Preuß,anke preuss,Germany,lineup_position_window,,,False,,low_left,1,scored,False,,,,statsbomb_open_data_445ba297-58b7-4ece-9b5c-b3e6a4b4dd3d,2026-06-24T16:04:38.431710+00:00,False,False,False,False,True,True,False
statsbomb_open_data,a359eaf4-f59a-48ff-bbfe-1dd15ef464a4,2275036,1024,37,42,FA Women's Super League,2019/2020,England,Regular Season,2020-01-19,967,Everton LFC,974,Reading WFC,DCBL Stadium,Peter Shacklady,1,30,20,10251,Fara Williams,fara williams,974,Reading WFC,Center Attacking Midfield,108.0,40.0,120.0,37.1,1.8,Goal,Right Foot,Normal,0.7835,0,34360.0,Alexandra MacIver,alexandra maciver,England,lineup_position_window,,,False,,low_left,1,scored,False,,,,statsbomb_open_data_a359eaf4-f59a-48ff-bbfe-1dd15ef464a4,2026-06-24T16:04:38.431710+00:00,False,False,False,False,True,True,False
statsbomb_open_data,c0271eab-1f0c-4313-922c-04dc54e153c2,2275040,2397,37,42,FA Women's Super League,2019/2020,England,Regular Season,2019-10-13,965,Brighton & Hove Albion WFC,972,West Ham United LFC,Broadfield Stadium,Lisa Benn,2,69,35,15421,Kenza Dali,kenza dali,972,West Ham United LFC,Right Center Midfield,108.2,40.1,120.0,44.0,0.1,Goal,Right Foot,Normal,0.7835,0,15709.0,Megan Walsh,megan walsh,Ireland,lineup_position_window,,,False,,low_right,1,scored,False,,,,statsbomb_open_data_c0271eab-1f0c-4313-922c-04dc54e153c2,2026-06-24T16:04:38.431710+00:00,False,False,False,False,True,True,False
statsbomb_open_data,6e72c892-6752-4c23-ae43-28df26fd4d13,2275061,1527,37,42,FA Women's Super League,2019/2020,England,Regular Season,2019-09-07,973,Bristol City WFC,965,Brighton & Hove Albion WFC,Ashton Gate,Abigail Byrne,1,41,49,19420,Fern Whelan,fern whelan,965,Brighton & Hove Albion WFC,Right Center Back,108.0,40.0,119.0,37.1,1.1,Saved,Right Foot,Normal,0.7835,1,16376.0,Sophie Baggaley,sophie baggaley,England,lineup_position_window,119.8,40.1,True,,low_left,0,saved,False,,,,statsbomb_open_data_6e72c892-6752-4c23-ae43-28df26fd4d13,2026-06-24T16:04:38.431710+00:00,False,False,False,False,False,False,False
statsbomb_open_data,d39e2d4b-dc64-41f7-b860-474a63af8757,2275065,462,37,42,FA Women's Super League,2019/2020,England,Regular Season,2019-11-17,965,Brighton & Hove Albion WFC,969,Birmingham City WFC,The American Express Community Stadium,Helen Conley,1,14,37,16400,Kayleigh Green,kayleigh green,965,Brighton & Hove Albion WFC,Left Center Forward,107.9,40.0,120.0,42.8,2.4,Goal,Right Foot,Normal,0.7835,0,22032.0,Hannah Hampton,hannah hampton,England,lineup_position_window,,,False,,high_right,1,scored,False,,,,statsbomb_open_data_d39e2d4b-dc64-41f7-b860-474a63af8757,2026-06-24T16:04:38.431710+00:00,False,False,False,False,True,True,False
statsbomb_open_data,38444afc-cbed-4e87-95e0-e961f4555814,2275070,2463,37,42,FA Women's Super League,2019/2020,England,Regular Season,2019-10-13,966,Liverpool WFC,973,Bristol City WFC,Prenton Park,Martin Woods,2,71,30,15547,Melissa Lawley,melissa lawley,966,Liverpool WFC,Center Attacking Midfield,108.1,40.1,120.0,36.9,0.3,Goal,Right Foot,Normal,0.7835,0,16376.0,Sophie Baggaley,sophie baggaley,England,lineup_position_window,,,False,,low_left,1,scored,False,,,,statsbomb_open_data_38444afc-cbed-4e87-95e0-e961f4555814,2026-06-24T16:04:38.431710+00:00,False,False,False,False,True,True,False
statsbomb_open_data,e2799ca4-04da-4517-91e6-2b45dcb194bf,2275085,738,37,42,FA Women's Super League,2019/2020,England,Regular Season,2020-01-05,749,Tottenham Hotspur Women,746,Manchester City WFC,The Hive Stadium,Helen Conley,1,19,33,31702,Rianna Dean,rianna dean,749,Tottenham Hotspur Women,Left Center Forward,108.0,40.1,120.0,36.4,0.2,Goal,Right Foot,Normal,0.7835,0,4637.0,Ellie Roebuck,ellie roebuck,England,lineup_position_window,,,False,,low_left,1,scored,False,,,,statsbomb_open_data_e2799ca4-04da-4517-91e6-2b45dcb194bf,2026-06-24T16:04:38.431710+00:00,False,False,False,False,True,True,False
statsbomb_open_data,4bb9be7d-b9f4-4bae-93be-a897fbf49d1f,2275103,2282,37,42,FA Women's Super League,2019/2020,England,Regular Season,2019-12-08,966,Liverpool WFC,972,West Ham United LFC,Prenton Park,Peter Gibbons,2,65,37,15547,Melissa Lawley,melissa lawley,966,Liverpool WFC,Right Midfield,107.9,40.0,120.0,35.0,0.2,Off T,Right Foot,Normal,0.7835,1,31555.0,Courtney Brosnan,courtney brosnan,Ireland,lineup_position_window,119.4,40.2,True,,low_left,0,missed,False,,,,statsbomb_open_data_4bb9be7d-b9f4-4bae-93be-a897fbf49d1f,2026-06-24T16:04:38.431710+00:00,False,False,False,False,False,False,False
statsbomb_open_data,857b563f-e350-4760-ac50-edc83255f3ee,2275104,3379,37,42,FA Women's Super League,2019/2020,England,Regular Season,2019-12-01,968,Arsenal WFC,973,Bristol City WFC,Meadow Park ,Helen Conley,2,83,56,10093,Yana Daniëls,yana daniels,973,Bristol City WFC,Right Center Midfield,108.0,40.0,119.2,42.6,0.4,Saved,Right Foot,Normal,0.7835,0,10237.0,Manuela Zinsberger,manuela zinsberger,Austria,lineup_position_window,,,False,,low_right,0,saved,False,,,,statsbomb_open_data_857b563f-e350-4760-ac50-edc83255f3ee,2026-06-24T16:04:38.431710+00:00,False,False,False,False,True,True,False
statsbomb_open_data,b4bfabd1-b541-47c4-99fa-c2c2b08aeb8d,2275105,2662,37,42,FA Women's Super League,2019/2020,England,Regular Season,2020-02-23,746,Manchester City WFC,971,Chelsea FCW,Joie Stadium,Rebecca Welch,2,69,40,4643,Georgia Stanway,georgia stanway,746,Manchester City WFC,Right Center Forward,108.0,40.1,119.7,38.5,0.6,Saved,Right Foot,Normal,0.7835,1,15560.0,Ann-Katrin Berger,ann-katrin berger,Germany,lineup_position_window,119.9,40.2,True,,low_left,0,saved,False,,,,statsbomb_open_data_b4bfabd1-b541-47c4-99fa-c2c2b08aeb8d,2026-06-24T16:04:38.431710+00:00,False,False,False,False,False,False,False
statsbomb_open_data,76b805ca-b571-44c6-9b3d-63cc82388649,2275117,2360,37,42,FA Women's Super League,2019/2020,England,Regular Season,2019-12-15,967,Everton LFC,968,Arsenal WFC,Haig Avenue,Ben Speedie,2,54,12,15616,Kim Little,kim little,968,Arsenal WFC,Right Center Midfield,108.0,40.0,120.0,42.8,0.4,Goal,Right Foot,Normal,0.7835,0,13857.0,Tinja-Riikka Tellervo Korpela,tinja-riikka tellervo korpela,Finland,lineup_position_window,,,False,,low_right,1,scored,False,,,,statsbomb_open_data_76b805ca-b571-44c6-9b3d-63cc82388649,2026-06-24T16:04:38.431710+00:00,False,False,False,False,True,True,False
statsbomb_open_data,cce0562c-8792-453d-bb45-22e81959f6e1,2275127,534,37,42,FA Women's Super League,2019/2020,England,Regular Season,2019-10-13,974,Reading WFC,967,Everton LFC,Adams Park ,Alan Dale,1,22,23,16386,Lucy Hope,lucy hope,967,Everton LFC,Center Attacking Midfield,108.0,40.0,120.0,36.7,0.2,Goal,Right Foot,Normal,0.7835,0,15719.0,Grace Moloney,grace moloney,Ireland,lineup_position_window,,,False,,low_left,1,scored,False,,,,statsbomb_open_data_cce0562c-8792-453d-bb45-22e81959f6e1,2026-06-24T16:04:38.431710+00:00,False,False,False,False,True,True,False
statsbomb_open_data,5f6707a8-ea8d-44b4-9c78-f6fa1b85d8ef,2275137,2175,37,42,FA Women's Super League,2019/2020,England,Regular Season,2020-01-19,1475,Manchester United W,749,Tottenham Hotspur Women,Leigh Sports Village Stadium,Edward Duckworth,2,57,15,31540,Katie Zelem,katie zelem,1475,Manchester United,Right Center Midfield,108.1,40.1,120.0,38.0,0.2,Goal,Right Foot,Normal,0.7835,0,33349.0,Chloe Morgan,chloe morgan,England,lineup_position_window,,,False,,low_left,1,scored,False,,,,statsbomb_open_data_5f6707a8-ea8d-44b4-9c78-f6fa1b85d8ef,2026-06-24T16:04:38.431710+00:00,False,False,False,False,True,True,False
statsbomb_open_data,f775d480-75cd-4b9f-afbd-52108c6c1967,2275138,3226,37,42,FA Women's Super League,2019/2020,England,Regular Season,2019-09-28,1475,Manchester United W,966,Liverpool WFC,Leigh Sports Village Stadium,Lucy Oliver,2,94,13,31540,Katie Zelem,katie zelem,1475,Manchester United,Right Center Midfield,108.2,40.0,120.0,43.6,0.2,Goal,Right Foot,Normal,0.7835,0,15626.0,Anke Preuß,anke preuss,Germany,lineup_position_window,,,False,,low_right,1,scored,False,,,,statsbomb_open_data_f775d480-75cd-4b9f-afbd-52108c6c1967,2026-06-24T16:04:38.431710+00:00,False,False,False,False,True,True,False
statsbomb_open_data,f5e288d3-c8cb-4dc3-8f0a-04952f7c0948,2275140,3190,37,42,FA Women's Super League,2019/2020,England,Regular Season,2019-11-24,1475,Manchester United W,965,Brighton & Hove Albion WFC,Leigh Sports Village Stadium,Steven Copeland,2,86,31,31540,Katie Zelem,katie zelem,1475,Manchester United W,Left Center Midfield,108.2,40.1,120.0,36.8,0.8,Goal,Right Foot,Normal,0.7835,0,15709.0,Megan Walsh,megan walsh,Ireland,lineup_position_window,,,False,,low_left,1,scored,False,,,,statsbomb_open_data_f5e288d3-c8cb-4dc3-8f0a-04952f7c0948,2026-06-24T16:04:38.431710+00:00,False,False,False,False,True,True,False
statsbomb_open_data,738ed887-5873-45bd-aa12-2d0c8b4ffeb6,2275146,390,37,42,FA Women's Super League,2019/2020,England,Regular Season,2019-12-08,1475,Manchester United W,967,Everton LFC,Leigh Sports Village Stadium,Joe Hull,1,10,50,31540,Katie Zelem,katie zelem,1475,Manchester United,Right Defensive Midfield,108.0,40.0,120.0,36.5,0.2,Goal,Right Foot,Normal,0.7835,0,13857.0,Tinja-Riikka Tellervo Korpela,tinja-riikka tellervo korpela,Finland,lineup_position_window,,,False,,low_left,1,scored,False,,,,statsbomb_open_data_738ed887-5873-45bd-aa12-2d0c8b4ffeb6,2026-06-24T16:04:38.431710+00:00,False,False,False,False,True,True,False
statsbomb_open_data,2d602699-b3b4-4fcd-98c6-c81cdbca019d,2275153,2010,37,42,FA Women's Super League,2019/2020,England,Regular Season,2020-02-02,974,Reading WFC,1475,Manchester United W,Adams Park ,Kirsty Dowle,2,65,49,10251,Fara Williams,fara williams,974,Reading WFC,Center Attacking Midfield,108.1,40.0,118.6,38.6,0.4,Saved,Right Foot,Normal,0.7835,1,31538.0,Mary Alexandra Earps,mary alexandra earps,England,lineup_position_window,118.8,40.9,True,,low_left,0,saved,False,,,,statsbomb_open_data_2d602699-b3b4-4fcd-98c6-c81cdbca019d,2026-06-24T16:04:38.431710+00:00,False,False,False,False,False,False,False
statsbomb_open_data,92b6e05e-3bd7-43d1-803f-a468275bea64,2275153,2301,37,42,FA Women's Super League,2019/2020,England,Regular Season,2020-02-02,974,Reading WFC,1475,Manchester United W,Adams Park ,Kirsty Dowle,2,79,30,10251,Fara Williams,fara williams,974,Reading WFC,Center Attacking Midfield,108.2,40.0,120.0,37.2,2.2,Goal,Right Foot,Normal,0.7835,1,31538.0,Mary Alexandra Earps,mary alexandra earps,England,lineup_position_window,119.0,41.1,True,,high_left,1,scored,False,,,,statsbomb_open_data_92b6e05e-3bd7-43d1-803f-a468275bea64,2026-06-24T16:04:38.431710+00:00,False,False,False,False,False,False,False
statsbomb_open_data,41c670eb-80db-496e-8603-6cec25d5d83f,2275154,2100,37,42,FA Women's Super League,2019/2020,England,Regular Season,2019-11-17,971,Chelsea FCW,1475,Manchester United W,Kingsmeadow,Jack Packman,2,64,21,10395,Maren Nævdal Mjelde,maren naevdal mjelde,971,Chelsea FCW,Right Back,108.1,40.2,120.0,36.8,0.2,Goal,Right Foot,Normal,0.7835,0,31538.0,Mary Alexandra Earps,mary alexandra earps,England,lineup_position_window,,,False,,low_left,1,scored,False,,,,statsbomb_open_data_41c670eb-80db-496e-8603-6cec25d5d83f,2026-06-24T16:04:38.431710+00:00,False,False,False,False,True,True,False
statsbomb_open_data,76002b10-608c-41ea-8b4c-7ed986c190a6,2302764,2369,16,37,Champions League,2004/2005,Europe,Final,2005-05-25,243,AC Milan,24,Liverpool,Atatürk Olimpiyat Stadı,,2,59,50,20133,Xabier Alonso Olano,xabier alonso olano,24,Liverpool,Left Defensive Midfield,107.9,39.9,120.0,37.4,0.0,Saved,Right Foot,Normal,0.7835,1,34393.0,Nelson de Jesus da Silva,nelson de jesus da silva,Brazil,lineup_position_window,119.5,40.3,True,,low_left,0,saved,False,,,,statsbomb_open_data_76002b10-608c-41ea-8b4c-7ed986c190a6,2026-06-24T16:04:38.431710+00:00,False,False,False,False,False,False,False
statsbomb_open_data,2a8656c0-311f-4abc-b097-be10d19c3e0b,2302764,4631,16,37,Champions League,2004/2005,Europe,Final,2005-05-25,243,AC Milan,24,Liverpool,Atatürk Olimpiyat Stadı,,5,120,1,34385,Claudio Santos,claudio santos,243,AC Milan,Left Center Midfield,108.2,40.1,120.0,36.4,3.9,Off T,Left Foot,Normal,0.7835,1,34390.0,Jerzy Dudek,jerzy dudek,Poland,lineup_position_window,119.1,40.1,True,,high_left,0,missed,True,1,0,0,statsbomb_open_data_2a8656c0-311f-4abc-b097-be10d19c3e0b,2026-06-24T16:04:38.431710+00:00,False,False,False,False,False,False,False
statsbomb_open_data,1189c477-e8c6-4223-aa26-6dd33efce810,2302764,4633,16,37,Champions League,2004/2005,Europe,Final,2005-05-25,243,AC Milan,24,Liverpool,Atatürk Olimpiyat Stadı,,5,120,50,18103,Dietmar Hamann,dietmar hamann,24,Liverpool,Right Back,107.9,40.1,120.0,36.6,1.7,Goal,Right Foot,Normal,0.7835,0,34393.0,Nelson de Jesus da Silva,nelson de jesus da silva,Brazil,lineup_position_window,,,False,,low_left,1,scored,True,2,0,0,statsbomb_open_data_1189c477-e8c6-4223-aa26-6dd33efce810,2026-06-24T16:04:38.431710+00:00,False,False,False,False,True,True,False
statsbomb_open_data,a6a25249-4830-4d63-81f3-b2be6fe5a2bb,2302764,4635,16,37,Champions League,2004/2005,Europe,Final,2005-05-25,243,AC Milan,24,Liverpool,Atatürk Olimpiyat Stadı,,5,121,40,19849,Andrea Pirlo,andrea pirlo,243,AC Milan,Center Defensive Midfield,107.9,40.1,118.7,37.7,0.5,Saved,Right Foot,Normal,0.7835,1,34390.0,Jerzy Dudek,jerzy dudek,Poland,lineup_position_window,119.0,40.3,True,,low_left,0,saved,True,3,0,1,statsbomb_open_data_a6a25249-4830-4d63-81f3-b2be6fe5a2bb,2026-06-24T16:04:38.431710+00:00,False,False,False,False,False,False,False
statsbomb_open_data,568d51d9-9aa6-43f4-930f-3273612e425a,2302764,4637,16,37,Champions League,2004/2005,Europe,Final,2005-05-25,243,AC Milan,24,Liverpool,Atatürk Olimpiyat Stadı,,5,122,37,34384,Djibril Cissé,djibril cisse,24,Liverpool,Center Forward,107.8,40.0,120.0,42.3,0.5,Goal,Right Foot,Normal,0.7835,0,34393.0,Nelson de Jesus da Silva,nelson de jesus da silva,Brazil,lineup_position_window,,,False,,low_right,1,scored,True,4,1,0,statsbomb_open_data_568d51d9-9aa6-43f4-930f-3273612e425a,2026-06-24T16:04:38.431710+00:00,False,False,False,False,True,True,False
statsbomb_open_data,df6ce76c-4c81-42ea-a0d7-22df299169fc,2302764,4639,16,37,Champions League,2004/2005,Europe,Final,2005-05-25,243,AC Milan,24,Liverpool,Atatürk Olimpiyat Stadı,,5,123,17,15526,Jon Dahl Tomasson,jon dahl tomasson,243,AC Milan,Left Center Forward,107.9,40.0,120.0,37.9,0.3,Goal,Right Foot,Normal,0.7835,0,34390.0,Jerzy Dudek,jerzy dudek,Poland,lineup_position_window,,,False,,low_left,1,scored,True,5,0,2,statsbomb_open_data_df6ce76c-4c81-42ea-a0d7-22df299169fc,2026-06-24T16:04:38.431710+00:00,False,False,False,False,True,True,False
statsbomb_open_data,4e1d34db-44b9-438b-b97e-18f7d1ba1df7,2302764,4641,16,37,Champions League,2004/2005,Europe,Final,2005-05-25,243,AC Milan,24,Liverpool,Atatürk Olimpiyat Stadı,,5,124,11,34386,John Arne Semundseth Riise,john arne semundseth riise,24,Liverpool,Left Midfield,108.0,40.1,119.3,37.0,0.1,Saved,Left Foot,Normal,0.7835,1,34393.0,Nelson de Jesus da Silva,nelson de jesus da silva,Brazil,lineup_position_window,119.0,40.3,True,,low_left,0,saved,True,6,2,1,statsbomb_open_data_4e1d34db-44b9-438b-b97e-18f7d1ba1df7,2026-06-24T16:04:38.431710+00:00,False,False,False,False,False,False,False
statsbomb_open_data,4239ce66-302f-4a84-8ddd-baa07a89911a,2302764,4643,16,37,Champions League,2004/2005,Europe,Final,2005-05-25,243,AC Milan,24,Liverpool,Atatürk Olimpiyat Stadı,,5,125,3,26712,Ricardo Izecson dos Santos Leite,ricardo izecson dos santos leite,243,AC Milan,Center Attacking Midfield,108.1,40.0,120.0,37.9,2.0,Goal,Right Foot,Normal,0.7835,0,34390.0,Jerzy Dudek,jerzy dudek,Poland,lineup_position_window,,,False,,high_left,1,scored,True,7,1,2,statsbomb_open_data_4239ce66-302f-4a84-8ddd-baa07a89911a,2026-06-24T16:04:38.431710+00:00,False,False,False,False,True,True,False
statsbomb_open_data,821df754-6b55-4d98-ad76-fc2335ef5852,2302764,4645,16,37,Champions League,2004/2005,Europe,Final,2005-05-25,243,AC Milan,24,Liverpool,Atatürk Olimpiyat Stadı,,5,125,43,15280,Vladimir Smicer,vladimir smicer,24,Liverpool,Right Midfield,108.1,40.0,120.0,42.2,0.8,Goal,Right Foot,Normal,0.7835,0,34393.0,Nelson de Jesus da Silva,nelson de jesus da silva,Brazil,lineup_position_window,,,False,,low_right,1,scored,True,8,2,2,statsbomb_open_data_821df754-6b55-4d98-ad76-fc2335ef5852,2026-06-24T16:04:38.431710+00:00,False,False,False,False,True,True,False
statsbomb_open_data,4d4c74a8-a9e1-4086-beb8-06161f34c060,3749068,3131,2,44,Premier League,2003/2004,England,Regular Season,2004-04-25,38,Tottenham Hotspur,1,Arsenal,White Hart Lane,,2,93,58,11348,Robbie Keane,robbie keane,38,Tottenham Hotspur,Left Center Forward,108.0,40.1,120.0,43.1,1.5,Goal,Right Foot,Normal,0.7835,0,20015.0,Jens Lehmann,jens lehmann,Germany,lineup_position_window,,,False,,low_right,1,scored,False,,,,statsbomb_open_data_4d4c74a8-a9e1-4086-beb8-06161f34c060,2026-06-24T16:04:38.431710+00:00,False,False,False,False,True,True,False
statsbomb_open_data,b5ede6e0-d806-4277-9e81-3b5128767561,3749133,1924,2,44,Premier League,2003/2004,England,Regular Season,2004-01-18,59,Aston Villa,1,Arsenal,Villa Park,,2,52,34,15516,Thierry Henry,thierry henry,1,Arsenal,Left Center Forward,108.1,40.1,120.0,43.1,1.5,Goal,Right Foot,Normal,0.7835,1,20145.0,Thomas Løvendahl Sørensen,thomas lovendahl sorensen,Denmark,lineup_position_window,119.9,39.9,True,,low_right,1,scored,False,,,,statsbomb_open_data_b5ede6e0-d806-4277-9e81-3b5128767561,2026-06-24T16:04:38.431710+00:00,False,False,False,False,False,False,False
statsbomb_open_data,9678feaa-8586-4043-8f98-073dda34fddb,3749153,1382,2,44,Premier League,2003/2004,England,Regular Season,2004-01-10,1,Arsenal,47,Middlesbrough,Arsenal Stadium,,1,37,22,15516,Thierry Henry,thierry henry,1,Arsenal,Left Center Forward,108.0,40.1,120.0,42.6,0.1,Goal,Right Foot,Normal,0.7835,0,40322.0,Mark Schwarzer,mark schwarzer,Australia,lineup_position_window,,,False,,low_right,1,scored,False,,,,statsbomb_open_data_9678feaa-8586-4043-8f98-073dda34fddb,2026-06-24T16:04:38.431710+00:00,False,False,False,False,True,True,False
statsbomb_open_data,4f3484b5-6e9a-4fc6-baf5-38e7fc001d3f,3749153,3325,2,44,Premier League,2003/2004,England,Regular Season,2004-01-10,1,Arsenal,47,Middlesbrough,Arsenal Stadium,,2,85,3,40252,Massimo Maccarone,massimo maccarone,47,Middlesbrough,Left Center Forward,108.0,40.1,120.0,37.3,1.8,Goal,Right Foot,Normal,0.7835,0,20015.0,Jens Lehmann,jens lehmann,Germany,lineup_position_window,,,False,,low_left,1,scored,False,,,,statsbomb_open_data_4f3484b5-6e9a-4fc6-baf5-38e7fc001d3f,2026-06-24T16:04:38.431710+00:00,False,False,False,False,True,True,False
statsbomb_open_data,42db5935-2196-4942-b043-2cb1e07ea2ba,3749257,1870,2,44,Premier League,2003/2004,England,Regular Season,2004-05-15,1,Arsenal,22,Leicester City,Arsenal Stadium,,2,46,45,15516,Thierry Henry,thierry henry,1,Arsenal,Left Center Forward,108.3,40.1,120.0,37.4,0.3,Goal,Right Foot,Normal,0.7835,0,40235.0,Danny Coyne,danny coyne,Wales,lineup_fallback_first_gk,,,False,,low_left,1,scored,False,,,,statsbomb_open_data_42db5935-2196-4942-b043-2cb1e07ea2ba,2026-06-24T16:04:38.431710+00:00,False,False,False,False,True,True,False
statsbomb_open_data,d4fddb9f-22a0-4846-84df-a162e453b511,3749296,1343,2,44,Premier League,2003/2004,England,Regular Season,2003-09-13,1,Arsenal,105,Portsmouth,Arsenal Stadium,,1,38,56,15516,Thierry Henry,thierry henry,1,Arsenal,Left Center Forward,107.7,40.0,120.0,41.8,0.7,Goal,Right Foot,Normal,0.7835,1,38403.0,Shaka Hislop,shaka hislop,Trinidad and Tobago,lineup_position_window,119.3,40.0,True,,low_right,1,scored,False,,,,statsbomb_open_data_d4fddb9f-22a0-4846-84df-a162e453b511,2026-06-24T16:04:38.431710+00:00,False,False,False,False,False,False,False
statsbomb_open_data,71994690-dc3a-4b0c-9f3b-b56e91b7c501,3749453,1292,2,44,Premier League,2003/2004,England,Regular Season,2004-04-16,1,Arsenal,101,Leeds United,Arsenal Stadium,,1,32,20,15516,Thierry Henry,thierry henry,1,Arsenal,Left Center Forward,107.8,40.0,120.0,40.9,1.7,Goal,Right Foot,Lob,0.7835,0,40132.0,Paul Robinson,paul robinson,England,lineup_position_window,,,False,,low_center,1,scored,False,,,,statsbomb_open_data_71994690-dc3a-4b0c-9f3b-b56e91b7c501,2026-06-24T16:04:38.431710+00:00,False,False,False,False,True,True,False
statsbomb_open_data,0bb948e8-5328-4534-8972-09ee8569f3e9,3749493,1081,2,44,Premier League,2003/2004,England,Regular Season,2003-08-16,1,Arsenal,29,Everton,Arsenal Stadium,,1,34,19,15516,Thierry Henry,thierry henry,1,Arsenal,Left Center Forward,107.9,39.7,120.0,38.1,0.2,Goal,Right Foot,Normal,0.7835,6,40280.0,Richard Wright,richard wright,England,lineup_position_window,118.9,40.3,True,,low_left,1,scored,False,,,,statsbomb_open_data_0bb948e8-5328-4534-8972-09ee8569f3e9,2026-06-24T16:04:38.431710+00:00,False,False,False,False,False,False,False
statsbomb_open_data,627b4567-e07f-4a1f-a15a-ff51b88fc623,3749526,1001,2,44,Premier League,2003/2004,England,Regular Season,2003-10-26,75,Charlton Athletic,1,Arsenal,The Valley,,1,26,45,40375,Paolo Di Canio,paolo di canio,75,Charlton Athletic,Right Center Forward,107.9,40.1,120.0,39.2,1.7,Goal,Right Foot,Lob,0.7835,1,20015.0,Jens Lehmann,jens lehmann,Germany,lineup_position_window,119.8,40.2,True,,low_center,1,scored,False,,,,statsbomb_open_data_627b4567-e07f-4a1f-a15a-ff51b88fc623,2026-06-24T16:04:38.431710+00:00,False,False,False,False,False,False,False
statsbomb_open_data,ef54ea7b-c235-4cb4-a20e-23fd3fc83c10,3749528,2739,2,44,Premier League,2003/2004,England,Regular Season,2003-09-26,1,Arsenal,37,Newcastle United,Arsenal Stadium,,2,79,11,15516,Thierry Henry,thierry henry,1,Arsenal,Left Center Forward,108.1,40.3,120.0,39.6,0.5,Goal,Right Foot,Lob,0.7835,0,20446.0,Shay Given,shay given,Ireland,lineup_position_window,,,False,,low_center,1,scored,False,,,,statsbomb_open_data_ef54ea7b-c235-4cb4-a20e-23fd3fc83c10,2026-06-24T16:04:38.431710+00:00,False,False,False,False,True,True,False
statsbomb_open_data,05626f6b-2e04-4dc4-8e48-2744dddacdbe,3749552,3541,2,44,Premier League,2003/2004,England,Regular Season,2003-09-21,39,Manchester United,1,Arsenal,Old Trafford,,2,93,5,19729,Ruud van Nistelrooy,ruud van nistelrooy,39,Manchester United,Center Forward,108.2,40.1,120.0,37.5,2.9,Post,Right Foot,Normal,0.7835,1,20015.0,Jens Lehmann,jens lehmann,Germany,lineup_position_window,119.9,40.0,True,,high_left,0,missed,False,,,,statsbomb_open_data_05626f6b-2e04-4dc4-8e48-2744dddacdbe,2026-06-24T16:04:38.431710+00:00,False,False,False,False,False,False,False
statsbomb_open_data,21662df1-da80-4e76-9827-8862238117cd,3750245,311,35,75,UEFA Europa League,1988/1989,Europe,Quarter-finals,1989-03-15,227,Napoli,1076,Juventus W,Stadio Diego Armando Maradona,Siegfried Kirschen,1,9,58,38641,Diego Armando Maradona,diego armando maradona,227,Napoli,Right Center Midfield,108.0,39.9,120.0,43.3,0.2,Goal,Left Foot,Normal,0.7835,0,39825.0,Stefano Tacconi,stefano tacconi,Italy,lineup_position_window,,,False,,low_right,1,scored,False,,,,statsbomb_open_data_21662df1-da80-4e76-9827-8862238117cd,2026-06-24T16:04:38.431710+00:00,False,False,False,False,True,True,False
statsbomb_open_data,8f2cb467-bd16-435b-b344-89447a21bff3,3753972,1397,2,27,Premier League,2015/2016,England,Regular Season,2015-11-21,26,Swansea City,28,AFC Bournemouth,Swansea.com Stadium,Andre Marriner,1,38,17,3057,Jonjo Shelvey,jonjo shelvey,26,Swansea City,Center Attacking Midfield,108.1,40.1,120.0,43.8,0.2,Goal,Right Foot,Normal,0.7835,0,24888.0,Adam Federici,adam federici,Australia,lineup_position_window,,,False,,low_right,1,scored,False,,,,statsbomb_open_data_8f2cb467-bd16-435b-b344-89447a21bff3,2026-06-24T16:04:38.431710+00:00,False,False,False,False,True,True,False
statsbomb_open_data,193bfaa5-f5d7-4677-a25a-20c13163e792,3753973,3322,2,27,Premier League,2015/2016,England,Regular Season,2016-03-19,33,Chelsea,40,West Ham United,Stamford Bridge,Robert Madley,2,88,23,3478,Francesc Fàbregas i Soler,francesc fabregas i soler,33,Chelsea,Right Defensive Midfield,108.0,39.7,120.0,43.3,1.3,Goal,Right Foot,Normal,0.7835,0,3623.0,Adrián San Miguel del Castillo,adrian san miguel del castillo,Spain,lineup_position_window,,,False,,low_right,1,scored,False,,,,statsbomb_open_data_193bfaa5-f5d7-4677-a25a-20c13163e792,2026-06-24T16:04:38.431710+00:00,False,False,False,False,True,True,False
statsbomb_open_data,3ff51b82-2bbe-4d10-a8ea-ca3126a9ae97,3753978,3031,2,27,Premier League,2015/2016,England,Regular Season,2015-09-26,25,Southampton,26,Swansea City,St. Mary's Stadium,Roger East,2,82,53,3944,Gylfi Þór Sigurðsson,gylfi thor sigurdsson,26,Swansea City,Left Attacking Midfield,108.1,40.2,120.0,39.5,1.4,Goal,Right Foot,Normal,0.7835,1,20201.0,Maarten Stekelenburg,maarten stekelenburg,Netherlands,lineup_position_window,120.0,40.5,True,,low_center,1,scored,False,,,,statsbomb_open_data_3ff51b82-2bbe-4d10-a8ea-ca3126a9ae97,2026-06-24T16:04:38.431710+00:00,False,False,False,False,False,False,False
statsbomb_open_data,cc360ba7-11dc-4738-8bd8-cdd165461582,3753994,2749,2,27,Premier League,2015/2016,England,Regular Season,2016-05-15,25,Southampton,31,Crystal Palace,St. Mary's Stadium,Michael Oliver,2,74,38,20045,Ryan Bertrand,ryan bertrand,25,Southampton,Left Back,107.1,40.0,120.0,37.2,1.8,Goal,Left Foot,Normal,0.7835,0,3487.0,Julián Speroni,julian speroni,Argentina,lineup_position_window,,,False,,low_left,1,scored,False,,,,statsbomb_open_data_cc360ba7-11dc-4738-8bd8-cdd165461582,2026-06-24T16:04:38.431710+00:00,False,False,False,False,True,True,False
statsbomb_open_data,daf405a6-c36b-4243-8279-ff3e3c2da943,3754000,2451,2,27,Premier League,2015/2016,England,Regular Season,2015-11-07,41,Sunderland,25,Southampton,Stadium of Light,Mike Jones,2,68,48,3831,Dušan Tadić,dusan tadic,25,Southampton,Left Wing,108.3,40.1,120.0,43.2,0.4,Goal,Left Foot,Normal,0.7835,0,6871.0,Costel Fane Pantilimon,costel fane pantilimon,Romania,lineup_position_window,,,False,,low_right,1,scored,False,,,,statsbomb_open_data_daf405a6-c36b-4243-8279-ff3e3c2da943,2026-06-24T16:04:38.431710+00:00,False,False,False,False,True,True,False
statsbomb_open_data,1fe63d97-82f1-4e4b-819e-913a5aa02e7b,3754003,2849,2,27,Premier League,2015/2016,England,Regular Season,2015-09-12,39,Manchester United,24,Liverpool,Old Trafford,Michael Oliver,2,69,46,3606,Ander Herrera Agüera,ander herrera aguera,39,Manchester United,Center Attacking Midfield,108.3,40.2,120.0,37.8,2.3,Goal,Right Foot,Normal,0.7835,0,3539.0,Simon Mignolet,simon mignolet,Belgium,lineup_position_window,,,False,,high_left,1,scored,False,,,,statsbomb_open_data_1fe63d97-82f1-4e4b-819e-913a5aa02e7b,2026-06-24T16:04:38.431710+00:00,False,False,False,False,True,True,False
statsbomb_open_data,3e5db0db-6aef-4072-9edc-a4c3f4c1b447,3754004,2087,2,27,Premier League,2015/2016,England,Regular Season,2016-01-16,28,AFC Bournemouth,56,Norwich City,Vitality Stadium,Robert Madley,2,53,27,3345,Charlie Daniels,charlie daniels,28,AFC Bournemouth,Left Back,108.0,40.0,120.0,43.2,0.4,Goal,Left Foot,Normal,0.7835,0,9014.0,Declan Rudd,declan rudd,England,lineup_position_window,,,False,,low_right,1,scored,False,,,,statsbomb_open_data_3e5db0db-6aef-4072-9edc-a4c3f4c1b447,2026-06-24T16:04:38.431710+00:00,False,False,False,False,True,True,False
statsbomb_open_data,1e241263-5d6e-4d0a-b48b-f62139ba475a,3754006,2442,2,27,Premier League,2015/2016,England,Regular Season,2015-10-31,27,West Bromwich Albion,22,Leicester City,The Hawthorns,Anthony Taylor,2,83,34,40124,Rickie Lambert,rickie lambert,27,West Bromwich Albion,Right Center Forward,108.0,40.0,120.0,43.5,0.4,Goal,Right Foot,Normal,0.7835,0,3815.0,Kasper Schmeichel,kasper schmeichel,Denmark,lineup_position_window,,,False,,low_right,1,scored,False,,,,statsbomb_open_data_1e241263-5d6e-4d0a-b48b-f62139ba475a,2026-06-24T16:04:38.431710+00:00,False,False,False,False,True,True,False
statsbomb_open_data,7cca5992-108c-4faf-8cef-198535adacb4,3754023,2791,2,27,Premier League,2015/2016,England,Regular Season,2015-08-29,28,AFC Bournemouth,22,Leicester City,Vitality Stadium,Neil Swarbrick,2,85,45,10960,Jamie Vardy,jamie vardy,22,Leicester City,Center Forward,108.1,40.1,120.0,42.5,2.0,Goal,Right Foot,Normal,0.7835,0,20074.0,Artur Boruc,artur boruc,Poland,lineup_position_window,,,False,,high_right,1,scored,False,,,,statsbomb_open_data_7cca5992-108c-4faf-8cef-198535adacb4,2026-06-24T16:04:38.431710+00:00,False,False,False,False,True,True,False
statsbomb_open_data,bf99e9f3-055c-4735-9134-714ab51febd3,3754025,1909,2,27,Premier League,2015/2016,England,Regular Season,2015-12-19,33,Chelsea,41,Sunderland,Stamford Bridge,Roger East,2,49,16,40122,Oscar dos Santos Emboaba Júnior,oscar dos santos emboaba junior,33,Chelsea,Center Attacking Midfield,108.0,40.2,120.0,42.7,0.5,Goal,Right Foot,Normal,0.7835,0,6871.0,Costel Fane Pantilimon,costel fane pantilimon,Romania,lineup_position_window,,,False,,low_right,1,scored,False,,,,statsbomb_open_data_bf99e9f3-055c-4735-9134-714ab51febd3,2026-06-24T16:04:38.431710+00:00,False,False,False,False,True,True,False
statsbomb_open_data,31636214-316a-4ad3-a856-823ac1311fc8,3754027,2905,2,27,Premier League,2015/2016,England,Regular Season,2016-01-16,38,Tottenham Hotspur,41,Sunderland,White Hart Lane,Mike Dean,2,78,41,10955,Harry Kane,harry kane,38,Tottenham Hotspur,Center Forward,108.0,40.3,120.0,36.4,0.2,Goal,Right Foot,Normal,0.7835,0,3468.0,Jordan Pickford,jordan pickford,England,lineup_position_window,,,False,,low_left,1,scored,False,,,,statsbomb_open_data_31636214-316a-4ad3-a856-823ac1311fc8,2026-06-24T16:04:38.431710+00:00,False,False,False,False,True,True,False
statsbomb_open_data,fe031f5e-f4ec-4e37-944b-1b9865facdd3,3754033,2418,2,27,Premier League,2015/2016,England,Regular Season,2016-05-07,22,Leicester City,29,Everton,King Power Stadium ,Andre Marriner,2,64,49,10960,Jamie Vardy,jamie vardy,22,Leicester City,Left Center Forward,108.1,40.1,120.0,36.6,0.0,Goal,Right Foot,Normal,0.7835,0,16309.0,Joel Robles Blázquez,joel robles blazquez,Spain,lineup_position_window,,,False,,low_left,1,scored,False,,,,statsbomb_open_data_fe031f5e-f4ec-4e37-944b-1b9865facdd3,2026-06-24T16:04:38.431710+00:00,False,False,False,False,True,True,False
statsbomb_open_data,6d8bb442-733d-4db0-a99b-7fcb306dbdc6,3754033,2545,2,27,Premier League,2015/2016,England,Regular Season,2016-05-07,22,Leicester City,29,Everton,King Power Stadium ,Andre Marriner,2,71,11,10960,Jamie Vardy,jamie vardy,22,Leicester City,Left Center Forward,108.1,40.1,120.0,40.1,4.5,Off T,Right Foot,Normal,0.7835,1,16309.0,Joel Robles Blázquez,joel robles blazquez,Spain,lineup_position_window,118.8,40.0,True,,high_center,0,missed,False,,,,statsbomb_open_data_6d8bb442-733d-4db0-a99b-7fcb306dbdc6,2026-06-24T16:04:38.431710+00:00,False,False,False,False,False,False,False
statsbomb_open_data,931486b1-8649-41cd-acf2-ca00bf6cf97b,3754035,515,2,27,Premier League,2015/2016,England,Regular Season,2016-04-09,36,Manchester City,27,West Bromwich Albion,Etihad Stadium,Mike Jones,1,18,10,3237,Sergio Leonel Agüero del Castillo,sergio leonel aguero del castillo,36,Manchester City,Right Center Forward,108.0,40.0,120.0,43.3,0.7,Goal,Right Foot,Normal,0.7835,0,4053.0,Ben Foster,ben foster,England,lineup_position_window,,,False,,low_right,1,scored,False,,,,statsbomb_open_data_931486b1-8649-41cd-acf2-ca00bf6cf97b,2026-06-24T16:04:38.431710+00:00,False,False,False,False,True,True,False
statsbomb_open_data,f6ba8665-c823-437b-b821-573111571903,3754039,488,2,27,Premier League,2015/2016,England,Regular Season,2016-02-13,31,Crystal Palace,23,Watford,Selhurst Park,Robert Madley,1,15,11,3454,Troy Deeney,troy deeney,23,Watford,Right Wing,107.4,40.1,120.0,37.9,0.2,Goal,Right Foot,Normal,0.7835,0,3488.0,Wayne Hennessey,wayne hennessey,Wales,lineup_position_window,,,False,,low_left,1,scored,False,,,,statsbomb_open_data_f6ba8665-c823-437b-b821-573111571903,2026-06-24T16:04:38.431710+00:00,False,False,False,False,True,True,False
statsbomb_open_data,b5b615ae-6627-4ff5-a387-0a17881260cc,3754047,2667,2,27,Premier League,2015/2016,England,Regular Season,2015-11-29,24,Liverpool,26,Swansea City,Anfield ,Anthony Taylor,2,61,59,3473,James Philip Milner,james philip milner,24,Liverpool,Right Center Midfield,108.3,39.6,120.0,39.9,2.1,Goal,Right Foot,Normal,0.7835,0,3262.0,Łukasz Fabiański,lukasz fabianski,Poland,lineup_position_window,,,False,,high_center,1,scored,False,,,,statsbomb_open_data_b5b615ae-6627-4ff5-a387-0a17881260cc,2026-06-24T16:04:38.431710+00:00,False,False,False,False,True,True,False
statsbomb_open_data,21ccf9ca-93b9-47d1-a54d-fa212095962e,3754054,2664,2,27,Premier League,2015/2016,England,Regular Season,2015-12-26,36,Manchester City,41,Sunderland,Etihad Stadium,Anthony Taylor,2,68,34,3598,Wilfried Guemiand Bony,wilfried guemiand bony,36,Manchester City,Center Forward,108.3,40.0,120.0,42.9,4.2,Off T,Right Foot,Normal,0.7835,1,9539.0,Vito Mannone,vito mannone,Italy,lineup_position_window,119.5,40.0,True,,high_right,0,missed,False,,,,statsbomb_open_data_21ccf9ca-93b9-47d1-a54d-fa212095962e,2026-06-24T16:04:38.431710+00:00,False,False,False,False,False,False,False
statsbomb_open_data,b729fb7f-33bf-4f03-901f-a989dcc040f7,3754056,3469,2,27,Premier League,2015/2016,England,Regular Season,2015-12-28,29,Everton,30,Stoke City,Goodison Park,Mark Clattenburg,2,90,33,3325,Marko Arnautović,marko arnautovic,30,Stoke City,Left Wing,108.1,40.1,120.0,39.5,1.5,Goal,Right Foot,Normal,0.7835,0,13042.0,Tim Howard,tim howard,United States of America,lineup_position_window,,,False,,low_center,1,scored,False,,,,statsbomb_open_data_b729fb7f-33bf-4f03-901f-a989dcc040f7,2026-06-24T16:04:38.431710+00:00,False,False,False,False,True,True,False
statsbomb_open_data,ca813dec-c15e-47de-85d6-106d1dedd719,3754057,802,2,27,Premier League,2015/2016,England,Regular Season,2015-12-26,38,Tottenham Hotspur,56,Norwich City,White Hart Lane,Mike Jones,1,25,52,10955,Harry Kane,harry kane,38,Tottenham Hotspur,Center Forward,108.1,40.1,120.0,39.4,1.5,Goal,Right Foot,Normal,0.7835,0,9014.0,Declan Rudd,declan rudd,England,lineup_position_window,,,False,,low_center,1,scored,False,,,,statsbomb_open_data_ca813dec-c15e-47de-85d6-106d1dedd719,2026-06-24T16:04:38.431710+00:00,False,False,False,False,True,True,False
statsbomb_open_data,f4be3b30-a789-4f02-8f16-ee9547c719cb,3754058,2524,2,27,Premier League,2015/2016,England,Regular Season,2016-01-02,22,Leicester City,28,AFC Bournemouth,King Power Stadium ,Andre Marriner,2,58,11,3814,Riyad Mahrez,riyad mahrez,22,Leicester City,Right Midfield,108.4,40.2,118.9,43.0,0.9,Saved,Left Foot,Normal,0.7835,0,20074.0,Artur Boruc,artur boruc,Poland,lineup_position_window,,,False,,low_right,0,saved,False,,,,statsbomb_open_data_f4be3b30-a789-4f02-8f16-ee9547c719cb,2026-06-24T16:04:38.431710+00:00,False,False,False,False,True,True,False
statsbomb_open_data,8f58a1f3-8c77-4c1e-b2c3-84c5818022f5,3754059,597,2,27,Premier League,2015/2016,England,Regular Season,2015-08-23,27,West Bromwich Albion,33,Chelsea,The Hawthorns,Mark Clattenburg,1,13,6,3490,James Morrison,james morrison,27,West Bromwich Albion,Right Center Midfield,107.9,40.0,119.6,40.1,0.4,Saved,Right Foot,Normal,0.7835,0,3509.0,Thibaut Courtois,thibaut courtois,Belgium,lineup_position_window,,,False,,low_center,0,saved,False,,,,statsbomb_open_data_8f58a1f3-8c77-4c1e-b2c3-84c5818022f5,2026-06-24T16:04:38.431710+00:00,False,False,False,False,True,True,False
statsbomb_open_data,ca0e53e5-b8f6-48d0-8dc8-0321fe72bce1,3754064,2089,2,27,Premier League,2015/2016,England,Regular Season,2016-03-20,25,Southampton,24,Liverpool,St. Mary's Stadium,Roger East,2,49,0,3629,Sadio Mané,sadio mane,25,Southampton,Right Wing,108.0,40.0,119.1,36.8,1.3,Saved,Right Foot,Normal,0.7835,1,3539.0,Simon Mignolet,simon mignolet,Belgium,lineup_position_window,119.2,40.4,True,,low_left,0,saved,False,,,,statsbomb_open_data_ca0e53e5-b8f6-48d0-8dc8-0321fe72bce1,2026-06-24T16:04:38.431710+00:00,False,False,False,False,False,False,False
statsbomb_open_data,8d67f6f0-ad39-4e18-842b-8db1cc55818a,3754067,773,2,27,Premier League,2015/2016,England,Regular Season,2015-10-17,31,Crystal Palace,40,West Ham United,Selhurst Park,Mark Clattenburg,1,24,44,3277,Yohan Cabaye,yohan cabaye,31,Crystal Palace,Right Defensive Midfield,108.5,40.2,120.0,36.7,2.3,Goal,Right Foot,Normal,0.7835,0,3623.0,Adrián San Miguel del Castillo,adrian san miguel del castillo,Spain,lineup_position_window,,,False,,high_left,1,scored,False,,,,statsbomb_open_data_8d67f6f0-ad39-4e18-842b-8db1cc55818a,2026-06-24T16:04:38.431710+00:00,False,False,False,False,True,True,False
statsbomb_open_data,4bdba452-1190-4aa4-a691-4043a1b3b852,3754071,851,2,27,Premier League,2015/2016,England,Regular Season,2016-01-13,26,Swansea City,41,Sunderland,Swansea.com Stadium,Graham Scott,1,20,40,3944,Gylfi Þór Sigurðsson,gylfi thor sigurdsson,26,Swansea City,Center Attacking Midfield,108.1,40.1,120.0,37.5,1.0,Goal,Right Foot,Normal,0.7835,0,9539.0,Vito Mannone,vito mannone,Italy,lineup_position_window,,,False,,low_left,1,scored,False,,,,statsbomb_open_data_4bdba452-1190-4aa4-a691-4043a1b3b852,2026-06-24T16:04:38.431710+00:00,False,False,False,False,True,True,False
statsbomb_open_data,ff984c0d-052d-4276-9a84-0bda5f54813d,3754075,1839,2,27,Premier League,2015/2016,England,Regular Season,2016-04-02,59,Aston Villa,33,Chelsea,Villa Park,Neil Swarbrick,1,47,20,25351,Alexandre Rodrigues da Silva,alexandre rodrigues da silva,33,Chelsea,Center Forward,108.0,40.1,120.0,36.6,2.2,Goal,Right Foot,Normal,0.7835,0,12608.0,Bradley Guzan,bradley guzan,United States of America,lineup_position_window,,,False,,high_left,1,scored,False,,,,statsbomb_open_data_ff984c0d-052d-4276-9a84-0bda5f54813d,2026-06-24T16:04:38.431710+00:00,False,False,False,False,True,True,False
statsbomb_open_data,c6449f88-065a-4ed9-a5a3-5b66eea49733,3754078,2013,2,27,Premier League,2015/2016,England,Regular Season,2015-08-08,33,Chelsea,26,Swansea City,Stamford Bridge,Michael Oliver,2,54,5,20521,Bafétimbi Gomis,bafetimbi gomis,26,Swansea City,Center Forward,108.1,40.1,120.0,42.5,0.3,Goal,Right Foot,Normal,0.7835,0,3339.0,Asmir Begović,asmir begovic,Bosnia and Herzegovina,lineup_fallback_first_gk,,,False,,low_right,1,scored,False,,,,statsbomb_open_data_c6449f88-065a-4ed9-a5a3-5b66eea49733,2026-06-24T16:04:38.431710+00:00,False,False,False,False,True,True,False
statsbomb_open_data,ae3a797e-7cd5-4ddc-9624-5c62f3fc88ac,3754086,1747,2,27,Premier League,2015/2016,England,Regular Season,2016-04-20,40,West Ham United,23,Watford,Boleyn Ground,Mike Dean,1,44,31,3874,Mark Noble,mark noble,40,West Ham United,Right Center Midfield,108.1,40.3,120.0,42.5,0.2,Goal,Right Foot,Normal,0.7835,0,3522.0,Heurelho da Silva Gomes,heurelho da silva gomes,Brazil,lineup_position_window,,,False,,low_right,1,scored,False,,,,statsbomb_open_data_ae3a797e-7cd5-4ddc-9624-5c62f3fc88ac,2026-06-24T16:04:38.431710+00:00,False,False,False,False,True,True,False
statsbomb_open_data,b687afd0-6bbb-4006-9a14-dd90aa03b4da,3754086,2038,2,27,Premier League,2015/2016,England,Regular Season,2016-04-20,40,West Ham United,23,Watford,Boleyn Ground,Mike Dean,2,52,40,3874,Mark Noble,mark noble,40,West Ham United,Right Center Midfield,107.8,40.0,120.0,39.8,1.1,Goal,Right Foot,Normal,0.7835,0,3522.0,Heurelho da Silva Gomes,heurelho da silva gomes,Brazil,lineup_position_window,,,False,,low_center,1,scored,False,,,,statsbomb_open_data_b687afd0-6bbb-4006-9a14-dd90aa03b4da,2026-06-24T16:04:38.431710+00:00,False,False,False,False,True,True,False
statsbomb_open_data,4097e71f-fc71-43ea-af4b-5245ccd7edb4,3754086,3148,2,27,Premier League,2015/2016,England,Regular Season,2016-04-20,40,West Ham United,23,Watford,Boleyn Ground,Mike Dean,2,91,16,3454,Troy Deeney,troy deeney,23,Watford,Left Center Forward,108.4,40.2,118.7,39.8,0.5,Saved,Right Foot,Normal,0.7835,1,3623.0,Adrián San Miguel del Castillo,adrian san miguel del castillo,Spain,lineup_position_window,119.4,40.2,True,,low_center,0,saved,False,,,,statsbomb_open_data_4097e71f-fc71-43ea-af4b-5245ccd7edb4,2026-06-24T16:04:38.431710+00:00,False,False,False,False,False,False,False
statsbomb_open_data,2eadd720-134b-4fac-beb1-49174d26ba55,3754088,342,2,27,Premier League,2015/2016,England,Regular Season,2016-01-12,37,Newcastle United,39,Manchester United,St. James' Park,Mike Dean,1,8,57,3538,Wayne Mark Rooney,wayne mark rooney,39,Manchester United,Center Forward,108.0,39.9,119.9,42.0,0.2,Goal,Right Foot,Normal,0.7835,0,3096.0,Rob Elliot,rob elliot,Ireland,lineup_position_window,,,False,,low_right,1,scored,False,,,,statsbomb_open_data_2eadd720-134b-4fac-beb1-49174d26ba55,2026-06-24T16:04:38.431710+00:00,False,False,False,False,True,True,False
statsbomb_open_data,cb8093b9-ad41-4706-ad39-16061c43d46c,3754088,2723,2,27,Premier League,2015/2016,England,Regular Season,2016-01-12,37,Newcastle United,39,Manchester United,St. James' Park,Mike Dean,2,66,4,4269,Aleksandar Mitrović,aleksandar mitrovic,37,Newcastle United,Center Forward,107.8,39.8,120.0,42.5,0.2,Goal,Right Foot,Normal,0.7835,0,3333.0,David de Gea Quintana,david de gea quintana,Spain,lineup_position_window,,,False,,low_right,1,scored,False,,,,statsbomb_open_data_cb8093b9-ad41-4706-ad39-16061c43d46c,2026-06-24T16:04:38.431710+00:00,False,False,False,False,True,True,False
statsbomb_open_data,7bef8a90-cba3-4364-a7d5-1cd6f04e48a9,3754099,2843,2,27,Premier League,2015/2016,England,Regular Season,2015-10-03,31,Crystal Palace,27,West Bromwich Albion,Selhurst Park,Jonathan Moss,2,88,3,3277,Yohan Cabaye,yohan cabaye,31,Crystal Palace,Center Defensive Midfield,108.2,40.1,120.0,42.4,2.3,Goal,Right Foot,Normal,0.7835,0,5108.0,Glyn Oliver Myhill,glyn oliver myhill,Wales,lineup_position_window,,,False,,high_right,1,scored,False,,,,statsbomb_open_data_7bef8a90-cba3-4364-a7d5-1cd6f04e48a9,2026-06-24T16:04:38.431710+00:00,False,False,False,False,True,True,False
statsbomb_open_data,e93110ed-73a5-4858-a1a7-105477a1f925,3754110,338,2,27,Premier League,2015/2016,England,Regular Season,2016-01-23,40,West Ham United,36,Manchester City,Boleyn Ground,Craig Pawson,1,8,47,3237,Sergio Leonel Agüero del Castillo,sergio leonel aguero del castillo,36,Manchester City,Center Forward,107.8,39.9,120.0,37.0,0.0,Goal,Right Foot,Normal,0.7835,1,3623.0,Adrián San Miguel del Castillo,adrian san miguel del castillo,Spain,lineup_position_window,118.9,39.9,True,,low_left,1,scored,False,,,,statsbomb_open_data_e93110ed-73a5-4858-a1a7-105477a1f925,2026-06-24T16:04:38.431710+00:00,False,False,False,False,False,False,False
statsbomb_open_data,e78b5ec3-97f5-4e71-ae28-68a5c6162125,3754117,308,2,27,Premier League,2015/2016,England,Regular Season,2015-12-13,59,Aston Villa,1,Arsenal,Villa Park,Kevin Friend,1,7,30,3604,Olivier Giroud,olivier giroud,1,Arsenal,Center Forward,108.3,40.2,120.0,42.9,0.0,Goal,Left Foot,Normal,0.7835,0,12608.0,Bradley Guzan,bradley guzan,United States of America,lineup_position_window,,,False,,low_right,1,scored,False,,,,statsbomb_open_data_e78b5ec3-97f5-4e71-ae28-68a5c6162125,2026-06-24T16:04:38.431710+00:00,False,False,False,False,True,True,False
statsbomb_open_data,4da0c744-557c-43af-b9af-2435485661b7,3754119,1370,2,27,Premier League,2015/2016,England,Regular Season,2015-10-25,41,Sunderland,37,Newcastle United,Stadium of Light,Robert Madley,1,47,17,42902,Adam Johnson,adam johnson,41,Sunderland,Right Wing,108.1,40.2,120.0,43.2,0.2,Goal,Left Foot,Normal,0.7835,0,3096.0,Rob Elliot,rob elliot,Ireland,lineup_position_window,,,False,,low_right,1,scored,False,,,,statsbomb_open_data_4da0c744-557c-43af-b9af-2435485661b7,2026-06-24T16:04:38.431710+00:00,False,False,False,False,True,True,False
statsbomb_open_data,2ce42b5e-a637-46b5-bd53-1744637d1fdb,3754123,1493,2,27,Premier League,2015/2016,England,Regular Season,2016-05-15,29,Everton,56,Norwich City,Goodison Park,Lee Mason,1,43,58,3518,Leighton Baines,leighton baines,29,Everton,Left Back,108.2,40.2,120.0,39.7,0.9,Goal,Left Foot,Normal,0.7835,0,23635.0,John Ruddy,john ruddy,England,lineup_position_window,,,False,,low_center,1,scored,False,,,,statsbomb_open_data_2ce42b5e-a637-46b5-bd53-1744637d1fdb,2026-06-24T16:04:38.431710+00:00,False,False,False,False,True,True,False
statsbomb_open_data,f1d0a5ba-abf6-419a-8f67-e778f0910a21,3754127,395,2,27,Premier League,2015/2016,England,Regular Season,2016-02-06,30,Stoke City,29,Everton,bet365 Stadium,Andre Marriner,1,10,44,3289,Romelu Lukaku Menama,romelu lukaku menama,29,Everton,Center Forward,108.2,40.1,120.0,40.1,0.2,Goal,Left Foot,Normal,0.7835,1,3537.0,Jack Butland,jack butland,England,lineup_position_window,119.2,40.1,True,,low_center,1,scored,False,,,,statsbomb_open_data_f1d0a5ba-abf6-419a-8f67-e778f0910a21,2026-06-24T16:04:38.431710+00:00,False,False,False,False,False,False,False
statsbomb_open_data,9ca0d0da-98dc-4660-be86-efe549bf2480,3754131,1696,2,27,Premier League,2015/2016,England,Regular Season,2015-08-22,40,West Ham United,28,AFC Bournemouth,Boleyn Ground,Jonathan Moss,2,47,5,3874,Mark Noble,mark noble,40,West Ham United,Left Center Midfield,108.0,40.0,120.0,37.7,1.2,Goal,Right Foot,Normal,0.7835,0,20074.0,Artur Boruc,artur boruc,Poland,lineup_position_window,,,False,,low_left,1,scored,False,,,,statsbomb_open_data_9ca0d0da-98dc-4660-be86-efe549bf2480,2026-06-24T16:04:38.431710+00:00,False,False,False,False,True,True,False
statsbomb_open_data,cb839d59-707e-458f-9846-d16a73b4b7cd,3754131,2670,2,27,Premier League,2015/2016,England,Regular Season,2015-08-22,40,West Ham United,28,AFC Bournemouth,Boleyn Ground,Jonathan Moss,2,78,57,3616,Callum Wilson,callum wilson,28,AFC Bournemouth,Right Center Forward,108.1,40.1,120.0,43.3,0.2,Goal,Right Foot,Normal,0.7835,0,20066.0,Darren Randolph,darren randolph,Ireland,lineup_position_window,,,False,,low_right,1,scored,False,,,,statsbomb_open_data_cb839d59-707e-458f-9846-d16a73b4b7cd,2026-06-24T16:04:38.431710+00:00,False,False,False,False,True,True,False
statsbomb_open_data,d719091d-77ce-49d4-90a4-ab475badb597,3754132,2771,2,27,Premier League,2015/2016,England,Regular Season,2016-04-30,30,Stoke City,41,Sunderland,bet365 Stadium,Craig Pawson,2,93,32,3337,Jermain Defoe,jermain defoe,41,Sunderland,Center Forward,107.9,39.9,120.0,42.4,0.5,Goal,Right Foot,Normal,0.7835,0,41185.0,Jakob Haugaard,jakob haugaard,Denmark,lineup_position_window,,,False,,low_right,1,scored,False,,,,statsbomb_open_data_d719091d-77ce-49d4-90a4-ab475badb597,2026-06-24T16:04:38.431710+00:00,False,False,False,False,True,True,False
statsbomb_open_data,7bcc1989-6517-4cb8-ab6b-43dabbabe492,3754146,1885,2,27,Premier League,2015/2016,England,Regular Season,2015-09-19,30,Stoke City,22,Leicester City,bet365 Stadium,Andre Marriner,2,50,43,3814,Riyad Mahrez,riyad mahrez,22,Leicester City,Right Midfield,108.0,40.0,120.0,43.5,0.0,Goal,Left Foot,Normal,0.7835,0,3537.0,Jack Butland,jack butland,England,lineup_position_window,,,False,,low_right,1,scored,False,,,,statsbomb_open_data_7bcc1989-6517-4cb8-ab6b-43dabbabe492,2026-06-24T16:04:38.431710+00:00,False,False,False,False,True,True,False
statsbomb_open_data,6cc5801d-4808-4e13-8360-936b57d72bf4,3754147,2372,2,27,Premier League,2015/2016,England,Regular Season,2016-02-14,36,Manchester City,38,Tottenham Hotspur,Etihad Stadium,Mark Clattenburg,2,52,58,10955,Harry Kane,harry kane,38,Tottenham Hotspur,Center Forward,108.0,40.0,119.9,42.1,1.4,Goal,Right Foot,Normal,0.7835,0,3291.0,Joe Hart,joe hart,England,lineup_position_window,,,False,,low_right,1,scored,False,,,,statsbomb_open_data_6cc5801d-4808-4e13-8360-936b57d72bf4,2026-06-24T16:04:38.431710+00:00,False,False,False,False,True,True,False
statsbomb_open_data,f85cfeed-b285-4eac-8fe9-7f1a55ab8ca6,3754153,1675,2,27,Premier League,2015/2016,England,Regular Season,2015-12-19,30,Stoke City,31,Crystal Palace,bet365 Stadium,Robert Madley,1,45,57,20641,Connor Wickham,connor wickham,31,Crystal Palace,Right Center Forward,108.1,40.1,120.0,40.8,0.7,Goal,Right Foot,Normal,0.7835,0,3537.0,Jack Butland,jack butland,England,lineup_position_window,,,False,,low_center,1,scored,False,,,,statsbomb_open_data_f85cfeed-b285-4eac-8fe9-7f1a55ab8ca6,2026-06-24T16:04:38.431710+00:00,False,False,False,False,True,True,False
statsbomb_open_data,28d7b69f-d331-47a2-ba1c-9a86f2d97f8b,3754153,2487,2,27,Premier League,2015/2016,England,Regular Season,2015-12-19,30,Stoke City,31,Crystal Palace,bet365 Stadium,Robert Madley,2,75,36,4913,Bojan Krkíc Pérez,bojan krkic perez,30,Stoke City,Center Forward,108.1,40.1,119.9,37.1,1.6,Goal,Right Foot,Normal,0.7835,0,3488.0,Wayne Hennessey,wayne hennessey,Wales,lineup_position_window,,,False,,low_left,1,scored,False,,,,statsbomb_open_data_28d7b69f-d331-47a2-ba1c-9a86f2d97f8b,2026-06-24T16:04:38.431710+00:00,False,False,False,False,True,True,False
statsbomb_open_data,600b9e87-2eba-4701-bbd2-2c6e19f9157f,3754155,2234,2,27,Premier League,2015/2016,England,Regular Season,2016-04-16,27,West Bromwich Albion,23,Watford,The Hawthorns,Michael Oliver,2,66,53,4630,Saido Berahino,saido berahino,27,West Bromwich Albion,Left Center Forward,108.0,40.1,119.0,38.2,0.2,Saved,Right Foot,Normal,0.7835,1,3522.0,Heurelho da Silva Gomes,heurelho da silva gomes,Brazil,lineup_position_window,120.0,40.2,True,,low_left,0,saved,False,,,,statsbomb_open_data_600b9e87-2eba-4701-bbd2-2c6e19f9157f,2026-06-24T16:04:38.431710+00:00,False,False,False,False,False,False,False
statsbomb_open_data,147dc313-6d58-4673-ac85-2549412f118a,3754155,2818,2,27,Premier League,2015/2016,England,Regular Season,2016-04-16,27,West Bromwich Albion,23,Watford,The Hawthorns,Michael Oliver,2,86,13,4630,Saido Berahino,saido berahino,27,West Bromwich Albion,Left Center Forward,108.2,40.2,119.8,43.4,0.2,Saved,Right Foot,Normal,0.7835,1,3522.0,Heurelho da Silva Gomes,heurelho da silva gomes,Brazil,lineup_position_window,120.0,40.1,True,,low_right,0,saved,False,,,,statsbomb_open_data_147dc313-6d58-4673-ac85-2549412f118a,2026-06-24T16:04:38.431710+00:00,False,False,False,False,False,False,False
statsbomb_open_data,6cc33a3c-18a7-4b09-8977-31cd7bfaa51e,3754156,2257,2,27,Premier League,2015/2016,England,Regular Season,2015-11-07,22,Leicester City,23,Watford,King Power Stadium ,Roger East,2,64,58,10960,Jamie Vardy,jamie vardy,22,Leicester City,Center Forward,108.0,40.1,120.0,39.6,2.1,Goal,Right Foot,Normal,0.7835,0,3522.0,Heurelho da Silva Gomes,heurelho da silva gomes,Brazil,lineup_position_window,,,False,,high_center,1,scored,False,,,,statsbomb_open_data_6cc33a3c-18a7-4b09-8977-31cd7bfaa51e,2026-06-24T16:04:38.431710+00:00,False,False,False,False,True,True,False
statsbomb_open_data,436a54aa-b23b-4688-b103-c38f9ad36f93,3754156,2595,2,27,Premier League,2015/2016,England,Regular Season,2015-11-07,22,Leicester City,23,Watford,King Power Stadium ,Roger East,2,74,55,3454,Troy Deeney,troy deeney,23,Watford,Right Center Forward,108.0,40.0,119.9,37.8,0.2,Goal,Right Foot,Normal,0.7835,0,3815.0,Kasper Schmeichel,kasper schmeichel,Denmark,lineup_position_window,,,False,,low_left,1,scored,False,,,,statsbomb_open_data_436a54aa-b23b-4688-b103-c38f9ad36f93,2026-06-24T16:04:38.431710+00:00,False,False,False,False,True,True,False
statsbomb_open_data,d4c46966-9e5b-4171-991f-73becca07b19,3754163,809,2,27,Premier League,2015/2016,England,Regular Season,2016-01-24,29,Everton,26,Swansea City,Goodison Park,Anthony Taylor,1,16,45,3944,Gylfi Þór Sigurðsson,gylfi thor sigurdsson,26,Swansea City,Center Forward,107.9,40.2,120.0,36.4,2.0,Goal,Right Foot,Normal,0.7835,0,13042.0,Tim Howard,tim howard,United States of America,lineup_position_window,,,False,,high_left,1,scored,False,,,,statsbomb_open_data_d4c46966-9e5b-4171-991f-73becca07b19,2026-06-24T16:04:38.431710+00:00,False,False,False,False,True,True,False
statsbomb_open_data,9b9a50e8-b6de-435a-86f9-86184ff0c8a6,3754166,976,2,27,Premier League,2015/2016,England,Regular Season,2015-12-19,29,Everton,22,Leicester City,Goodison Park,Jonathan Moss,1,26,55,3814,Riyad Mahrez,riyad mahrez,22,Leicester City,Right Midfield,108.0,40.0,120.0,36.3,0.2,Goal,Left Foot,Normal,0.7835,1,13042.0,Tim Howard,tim howard,United States of America,lineup_position_window,119.6,40.1,True,,low_left,1,scored,False,,,,statsbomb_open_data_9b9a50e8-b6de-435a-86f9-86184ff0c8a6,2026-06-24T16:04:38.431710+00:00,False,False,False,False,False,False,False
statsbomb_open_data,3846c695-c47c-45fd-bde9-d5ab9ee53d74,3754166,2344,2,27,Premier League,2015/2016,England,Regular Season,2015-12-19,29,Everton,22,Leicester City,Goodison Park,Jonathan Moss,2,64,24,3814,Riyad Mahrez,riyad mahrez,22,Leicester City,Right Midfield,108.1,39.7,120.0,43.0,0.2,Goal,Left Foot,Normal,0.7835,0,13042.0,Tim Howard,tim howard,United States of America,lineup_position_window,,,False,,low_right,1,scored,False,,,,statsbomb_open_data_3846c695-c47c-45fd-bde9-d5ab9ee53d74,2026-06-24T16:04:38.431710+00:00,False,False,False,False,True,True,False
statsbomb_open_data,7553d8c1-75b7-481e-9a53-56eabbdcf00e,3754167,3476,2,27,Premier League,2015/2016,England,Regular Season,2015-10-31,36,Manchester City,56,Norwich City,Etihad Stadium,Robert Madley,2,88,5,3087,Gnégnéri Yaya Touré,gnegneri yaya toure,36,Manchester City,Right Defensive Midfield,108.1,40.0,120.0,36.9,0.4,Goal,Right Foot,Normal,0.7835,0,23635.0,John Ruddy,john ruddy,England,lineup_position_window,,,False,,low_left,1,scored,False,,,,statsbomb_open_data_7553d8c1-75b7-481e-9a53-56eabbdcf00e,2026-06-24T16:04:38.431710+00:00,False,False,False,False,True,True,False
statsbomb_open_data,ace54de6-104a-4706-8fe2-42c6be6b893a,3754167,3728,2,27,Premier League,2015/2016,England,Regular Season,2015-10-31,36,Manchester City,56,Norwich City,Etihad Stadium,Robert Madley,2,96,44,5596,Aleksandar Kolarov,aleksandar kolarov,36,Manchester City,Left Back,108.2,40.1,120.0,45.5,0.4,Off T,Left Foot,Normal,0.7835,1,23635.0,John Ruddy,john ruddy,England,lineup_position_window,119.5,40.2,True,,low_right,0,missed,False,,,,statsbomb_open_data_ace54de6-104a-4706-8fe2-42c6be6b893a,2026-06-24T16:04:38.431710+00:00,False,False,False,False,False,False,False
statsbomb_open_data,27a9303b-8922-4022-969a-068dff7bd2f2,3754168,1270,2,27,Premier League,2015/2016,England,Regular Season,2016-01-16,25,Southampton,27,West Bromwich Albion,St. Mary's Stadium,Martin Atkinson,1,34,8,3328,James Ward-Prowse,james ward-prowse,25,Southampton,Right Center Midfield,108.1,39.9,120.0,36.7,0.2,Goal,Right Foot,Normal,0.7835,0,5108.0,Glyn Oliver Myhill,glyn oliver myhill,Wales,lineup_position_window,,,False,,low_left,1,scored,False,,,,statsbomb_open_data_27a9303b-8922-4022-969a-068dff7bd2f2,2026-06-24T16:04:38.431710+00:00,False,False,False,False,True,True,False
statsbomb_open_data,db01c39a-f24b-4af5-b267-3543a9466733,3754170,2606,2,27,Premier League,2015/2016,England,Regular Season,2016-04-30,37,Newcastle United,31,Crystal Palace,St. James' Park,Mike Dean,2,69,43,3277,Yohan Cabaye,yohan cabaye,31,Crystal Palace,Left Defensive Midfield,108.0,40.0,119.1,42.3,0.9,Saved,Right Foot,Normal,0.7835,1,3649.0,Karl Darlow,karl darlow,England,lineup_position_window,118.8,40.1,True,,low_right,0,saved,False,,,,statsbomb_open_data_db01c39a-f24b-4af5-b267-3543a9466733,2026-06-24T16:04:38.431710+00:00,False,False,False,False,False,False,False
statsbomb_open_data,0c4c32bd-e610-4935-822b-0a0cc6b2fa60,3754172,1271,2,27,Premier League,2015/2016,England,Regular Season,2016-04-16,56,Norwich City,41,Sunderland,Carrow Road,Andre Marriner,1,40,28,7171,Fabio Borini,fabio borini,41,Sunderland,Right Midfield,108.2,40.1,120.0,36.5,0.4,Goal,Right Foot,Normal,0.7835,0,23635.0,John Ruddy,john ruddy,England,lineup_position_window,,,False,,low_left,1,scored,False,,,,statsbomb_open_data_0c4c32bd-e610-4935-822b-0a0cc6b2fa60,2026-06-24T16:04:38.431710+00:00,False,False,False,False,True,True,False
statsbomb_open_data,b1545a06-cdb9-48e1-bcf1-76bd7e177915,3754185,3038,2,27,Premier League,2015/2016,England,Regular Season,2015-11-21,23,Watford,39,Manchester United,Vicarage Road,Robert Madley,2,86,18,3454,Troy Deeney,troy deeney,23,Watford,Center Attacking Midfield,108.1,40.1,120.0,38.2,2.0,Goal,Right Foot,Normal,0.7835,0,3333.0,David de Gea Quintana,david de gea quintana,Spain,lineup_position_window,,,False,,high_left,1,scored,False,,,,statsbomb_open_data_b1545a06-cdb9-48e1-bcf1-76bd7e177915,2026-06-24T16:04:38.431710+00:00,False,False,False,False,True,True,False
statsbomb_open_data,5b72d176-4dd0-40f4-bd97-4052d66fbd56,3754204,426,2,27,Premier League,2015/2016,England,Regular Season,2015-08-29,59,Aston Villa,41,Sunderland,Villa Park,Robert Madley,1,11,0,11117,Scott Sinclair,scott sinclair,59,Aston Villa,Left Wing,107.9,40.1,120.0,36.8,0.2,Goal,Right Foot,Normal,0.7835,0,6871.0,Costel Fane Pantilimon,costel fane pantilimon,Romania,lineup_position_window,,,False,,low_left,1,scored,False,,,,statsbomb_open_data_5b72d176-4dd0-40f4-bd97-4052d66fbd56,2026-06-24T16:04:38.431710+00:00,False,False,False,False,True,True,False
statsbomb_open_data,2f0e7aa7-27c1-4e8a-9a42-e72c32ca3565,3754219,2800,2,27,Premier League,2015/2016,England,Regular Season,2015-12-19,27,West Bromwich Albion,28,AFC Bournemouth,The Hawthorns,Mike Dean,2,86,36,3345,Charlie Daniels,charlie daniels,28,AFC Bournemouth,Left Back,108.0,40.0,120.0,42.4,2.1,Goal,Left Foot,Normal,0.7835,0,5108.0,Glyn Oliver Myhill,glyn oliver myhill,Wales,lineup_position_window,,,False,,high_right,1,scored,False,,,,statsbomb_open_data_2f0e7aa7-27c1-4e8a-9a42-e72c32ca3565,2026-06-24T16:04:38.431710+00:00,False,False,False,False,True,True,False
statsbomb_open_data,e63031e1-a24a-468e-9274-82d723323d9f,3754220,3572,2,27,Premier League,2015/2016,England,Regular Season,2016-03-06,31,Crystal Palace,24,Liverpool,Selhurst Park,Andre Marriner,2,95,11,3380,Christian Benteke Liolo,christian benteke liolo,24,Liverpool,Center Forward,107.7,40.1,120.0,43.4,0.2,Goal,Right Foot,Normal,0.7835,0,3619.0,Alex McCarthy,alex mccarthy,England,lineup_position_window,,,False,,low_right,1,scored,False,,,,statsbomb_open_data_e63031e1-a24a-468e-9274-82d723323d9f,2026-06-24T16:04:38.431710+00:00,False,False,False,False,True,True,False
statsbomb_open_data,54833dd7-88bc-4163-9a8b-9ac6985788b7,3754225,1566,2,27,Premier League,2015/2016,England,Regular Season,2016-05-07,28,AFC Bournemouth,27,West Bromwich Albion,Vitality Stadium,Mark Clattenburg,1,42,41,9485,Craig Gardner,craig gardner,27,West Bromwich Albion,Center Attacking Midfield,108.2,40.1,119.1,36.5,1.4,Saved to Post,Right Foot,Normal,0.7835,1,20074.0,Artur Boruc,artur boruc,Poland,lineup_position_window,119.7,40.0,True,,low_left,0,unknown,False,,,,statsbomb_open_data_54833dd7-88bc-4163-9a8b-9ac6985788b7,2026-06-24T16:04:38.431710+00:00,False,False,False,False,False,False,False
statsbomb_open_data,7dee6e7c-462f-4ebc-bf1b-cc5529805ac9,3754227,2646,2,27,Premier League,2015/2016,England,Regular Season,2016-04-17,22,Leicester City,40,West Ham United,King Power Stadium ,Jonathan Moss,2,83,31,4271,Andy Carroll,andy carroll,40,West Ham United,Center Defensive Midfield,108.0,40.0,120.0,43.2,0.2,Goal,Left Foot,Normal,0.7835,0,3815.0,Kasper Schmeichel,kasper schmeichel,Denmark,lineup_position_window,,,False,,low_right,1,scored,False,,,,statsbomb_open_data_7dee6e7c-462f-4ebc-bf1b-cc5529805ac9,2026-06-24T16:04:38.431710+00:00,False,False,False,False,True,True,False
statsbomb_open_data,cd02d046-73dd-407d-8450-9f6cdcb1a6c6,3754227,2933,2,27,Premier League,2015/2016,England,Regular Season,2016-04-17,22,Leicester City,40,West Ham United,King Power Stadium ,Jonathan Moss,2,94,45,3671,José Leonardo Ulloa,jose leonardo ulloa,22,Leicester City,Right Center Forward,108.1,40.1,120.0,43.5,0.9,Goal,Right Foot,Normal,0.7835,0,3623.0,Adrián San Miguel del Castillo,adrian san miguel del castillo,Spain,lineup_position_window,,,False,,low_right,1,scored,False,,,,statsbomb_open_data_cd02d046-73dd-407d-8450-9f6cdcb1a6c6,2026-06-24T16:04:38.431710+00:00,False,False,False,False,True,True,False
statsbomb_open_data,574fddda-543c-415a-b7fb-d37a260539f5,3754229,2867,2,27,Premier League,2015/2016,England,Regular Season,2016-05-15,33,Chelsea,22,Leicester City,Stamford Bridge,Craig Pawson,2,65,15,3478,Francesc Fàbregas i Soler,francesc fabregas i soler,33,Chelsea,Right Center Midfield,108.1,40.0,120.0,36.8,0.0,Goal,Right Foot,Normal,0.7835,0,3815.0,Kasper Schmeichel,kasper schmeichel,Denmark,lineup_position_window,,,False,,low_left,1,scored,False,,,,statsbomb_open_data_574fddda-543c-415a-b7fb-d37a260539f5,2026-06-24T16:04:38.431710+00:00,False,False,False,False,True,True,False
statsbomb_open_data,2b606c20-d68a-4572-aa01-a34836bba596,3754234,299,2,27,Premier League,2015/2016,England,Regular Season,2015-10-25,28,AFC Bournemouth,38,Tottenham Hotspur,Vitality Stadium,Roger East,1,8,29,10955,Harry Kane,harry kane,38,Tottenham Hotspur,Center Forward,107.9,40.0,120.0,42.5,0.2,Goal,Right Foot,Normal,0.7835,0,20074.0,Artur Boruc,artur boruc,Poland,lineup_position_window,,,False,,low_right,1,scored,False,,,,statsbomb_open_data_2b606c20-d68a-4572-aa01-a34836bba596,2026-06-24T16:04:38.431710+00:00,False,False,False,False,True,True,False
statsbomb_open_data,c07f41b5-f11a-4ff6-9460-c265461cdf03,3754237,806,2,27,Premier League,2015/2016,England,Regular Season,2015-08-08,22,Leicester City,41,Sunderland,King Power Stadium ,Lee Mason,1,24,29,3814,Riyad Mahrez,riyad mahrez,22,Leicester City,Left Midfield,108.0,40.0,120.0,42.8,0.0,Goal,Left Foot,Normal,0.7835,0,6871.0,Costel Fane Pantilimon,costel fane pantilimon,Romania,lineup_position_window,,,False,,low_right,1,scored,False,,,,statsbomb_open_data_c07f41b5-f11a-4ff6-9460-c265461cdf03,2026-06-24T16:04:38.431710+00:00,False,False,False,False,True,True,False
statsbomb_open_data,aa11e0d6-f64f-4216-b061-328a15bc4746,3754243,2949,2,27,Premier League,2015/2016,England,Regular Season,2016-04-02,56,Norwich City,37,Newcastle United,Carrow Road,Mike Dean,2,85,55,4269,Aleksandar Mitrović,aleksandar mitrovic,37,Newcastle United,Left Center Forward,108.0,39.9,120.0,43.5,0.5,Goal,Right Foot,Normal,0.7835,0,23635.0,John Ruddy,john ruddy,England,lineup_position_window,,,False,,low_right,1,scored,False,,,,statsbomb_open_data_aa11e0d6-f64f-4216-b061-328a15bc4746,2026-06-24T16:04:38.431710+00:00,False,False,False,False,True,True,False
statsbomb_open_data,0a56e581-6041-4d42-b6e3-a82b5a34a053,3754249,3250,2,27,Premier League,2015/2016,England,Regular Season,2016-03-05,36,Manchester City,59,Aston Villa,Etihad Stadium,Lee Mason,2,72,28,3237,Sergio Leonel Agüero del Castillo,sergio leonel aguero del castillo,36,Manchester City,Left Center Forward,108.2,40.2,120.0,44.1,0.4,Post,Right Foot,Normal,0.7835,0,12608.0,Bradley Guzan,bradley guzan,United States of America,lineup_position_window,,,False,,low_right,0,missed,False,,,,statsbomb_open_data_0a56e581-6041-4d42-b6e3-a82b5a34a053,2026-06-24T16:04:38.431710+00:00,False,False,False,False,True,True,False
statsbomb_open_data,d73e8c82-b0d5-49d1-936a-0c2ad30f2e7d,3754250,1043,2,27,Premier League,2015/2016,England,Regular Season,2016-01-16,59,Aston Villa,22,Leicester City,Villa Park,Roger East,1,32,36,3814,Riyad Mahrez,riyad mahrez,22,Leicester City,Right Midfield,108.2,40.1,119.7,38.4,1.0,Saved,Left Foot,Normal,0.7835,0,18672.0,Mark Bunn,mark bunn,England,lineup_position_window,,,False,,low_left,0,saved,False,,,,statsbomb_open_data_d73e8c82-b0d5-49d1-936a-0c2ad30f2e7d,2026-06-24T16:04:38.431710+00:00,False,False,False,False,True,True,False
statsbomb_open_data,cb80c1c6-76b2-436d-aa52-ee484961e8e6,3754252,3284,2,27,Premier League,2015/2016,England,Regular Season,2016-02-03,29,Everton,37,Newcastle United,Goodison Park,Craig Pawson,2,87,20,4275,Ross Barkley,ross barkley,29,Everton,Center Attacking Midfield,108.2,40.1,120.0,37.5,0.3,Goal,Right Foot,Normal,0.7835,0,3096.0,Rob Elliot,rob elliot,Ireland,lineup_position_window,,,False,,low_left,1,scored,False,,,,statsbomb_open_data_cb80c1c6-76b2-436d-aa52-ee484961e8e6,2026-06-24T16:04:38.431710+00:00,False,False,False,False,True,True,False
statsbomb_open_data,338e634e-3376-4663-ab5f-625afd384f99,3754252,3445,2,27,Premier League,2015/2016,England,Regular Season,2016-02-03,29,Everton,37,Newcastle United,Goodison Park,Craig Pawson,2,93,28,4275,Ross Barkley,ross barkley,29,Everton,Center Attacking Midfield,108.0,40.1,120.0,40.0,2.4,Goal,Right Foot,Normal,0.7835,0,3096.0,Rob Elliot,rob elliot,Ireland,lineup_position_window,,,False,,high_center,1,scored,False,,,,statsbomb_open_data_338e634e-3376-4663-ab5f-625afd384f99,2026-06-24T16:04:38.431710+00:00,False,False,False,False,True,True,False
statsbomb_open_data,fffe2d4c-9d47-49c5-a8e6-fed289a9d699,3754261,1804,2,27,Premier League,2015/2016,England,Regular Season,2016-02-14,1,Arsenal,22,Leicester City,Emirates Stadium,Martin Atkinson,1,44,20,10960,Jamie Vardy,jamie vardy,22,Leicester City,Left Center Forward,108.1,40.1,120.0,42.0,1.2,Goal,Right Foot,Normal,0.7835,0,3461.0,Petr Čech,petr cech,Czech Republic,lineup_position_window,,,False,,low_right,1,scored,False,,,,statsbomb_open_data_fffe2d4c-9d47-49c5-a8e6-fed289a9d699,2026-06-24T16:04:38.431710+00:00,False,False,False,False,True,True,False
statsbomb_open_data,1e2a1466-d998-4b9e-a43f-6170c3292405,3754266,2207,2,27,Premier League,2015/2016,England,Regular Season,2015-09-27,23,Watford,31,Crystal Palace,Vicarage Road,Anthony Taylor,2,70,32,3277,Yohan Cabaye,yohan cabaye,31,Crystal Palace,Right Defensive Midfield,108.3,40.1,120.0,38.0,1.9,Goal,Right Foot,Normal,0.7835,0,3522.0,Heurelho da Silva Gomes,heurelho da silva gomes,Brazil,lineup_position_window,,,False,,low_left,1,scored,False,,,,statsbomb_open_data_1e2a1466-d998-4b9e-a43f-6170c3292405,2026-06-24T16:04:38.431710+00:00,False,False,False,False,True,True,False
statsbomb_open_data,99f2535f-ab43-4fea-be9a-0a4a7765c76f,3754269,149,2,27,Premier League,2015/2016,England,Regular Season,2015-10-19,26,Swansea City,30,Stoke City,Swansea.com Stadium,Robert Madley,1,3,18,4913,Bojan Krkíc Pérez,bojan krkic perez,30,Stoke City,Center Attacking Midfield,107.6,40.0,120.0,43.3,1.6,Goal,Right Foot,Normal,0.7835,0,3262.0,Łukasz Fabiański,lukasz fabianski,Poland,lineup_position_window,,,False,,low_right,1,scored,False,,,,statsbomb_open_data_99f2535f-ab43-4fea-be9a-0a4a7765c76f,2026-06-24T16:04:38.431710+00:00,False,False,False,False,True,True,False
statsbomb_open_data,616c8457-69c0-48fb-886e-ada1592b77ee,3754270,3077,2,27,Premier League,2015/2016,England,Regular Season,2015-08-15,38,Tottenham Hotspur,30,Stoke City,White Hart Lane,Robert Madley,2,77,44,3325,Marko Arnautović,marko arnautovic,30,Stoke City,Left Wing,108.1,40.1,120.0,37.4,0.0,Goal,Right Foot,Normal,0.7835,0,3099.0,Hugo Lloris,hugo lloris,France,lineup_position_window,,,False,,low_left,1,scored,False,,,,statsbomb_open_data_616c8457-69c0-48fb-886e-ada1592b77ee,2026-06-24T16:04:38.431710+00:00,False,False,False,False,True,True,False
statsbomb_open_data,68d6d756-9b01-4b00-ac35-01c445e5ddaf,3754277,2335,2,27,Premier League,2015/2016,England,Regular Season,2016-03-05,29,Everton,40,West Ham United,Goodison Park,Anthony Taylor,2,68,12,3289,Romelu Lukaku Menama,romelu lukaku menama,29,Everton,Right Center Forward,108.1,40.2,118.5,38.1,1.3,Saved,Left Foot,Normal,0.7835,1,3623.0,Adrián San Miguel del Castillo,adrian san miguel del castillo,Spain,lineup_position_window,119.8,39.8,True,,low_left,0,saved,False,,,,statsbomb_open_data_68d6d756-9b01-4b00-ac35-01c445e5ddaf,2026-06-24T16:04:38.431710+00:00,False,False,False,False,False,False,False
statsbomb_open_data,bbf0bd3b-f778-4f69-992b-8cd3d7d5e1be,3754278,3209,2,27,Premier League,2015/2016,England,Regular Season,2015-10-03,28,AFC Bournemouth,23,Watford,Vitality Stadium,Michael Oliver,2,84,4,3085,Glenn Murray,glenn murray,28,AFC Bournemouth,Center Forward,108.0,40.1,119.4,43.0,0.9,Saved,Right Foot,Normal,0.7835,1,3522.0,Heurelho da Silva Gomes,heurelho da silva gomes,Brazil,lineup_position_window,119.5,40.3,True,,low_right,0,saved,False,,,,statsbomb_open_data_bbf0bd3b-f778-4f69-992b-8cd3d7d5e1be,2026-06-24T16:04:38.431710+00:00,False,False,False,False,False,False,False
statsbomb_open_data,a07cbb5b-079a-4128-8b94-8651d24188cd,3754285,2077,2,27,Premier League,2015/2016,England,Regular Season,2015-12-26,59,Aston Villa,40,West Ham United,Villa Park,Mike Dean,2,61,54,3450,Jordan Ayew,jordan ayew,59,Aston Villa,Left Center Forward,108.1,40.1,119.9,39.4,2.0,Goal,Right Foot,Normal,0.7835,0,3623.0,Adrián San Miguel del Castillo,adrian san miguel del castillo,Spain,lineup_position_window,,,False,,high_center,1,scored,False,,,,statsbomb_open_data_a07cbb5b-079a-4128-8b94-8651d24188cd,2026-06-24T16:04:38.431710+00:00,False,False,False,False,True,True,False
statsbomb_open_data,97dfd20e-c1a9-4608-ae3b-2bce1c3e6672,3754286,1028,2,27,Premier League,2015/2016,England,Regular Season,2015-12-05,23,Watford,56,Norwich City,Vicarage Road,Mike Dean,1,29,57,3454,Troy Deeney,troy deeney,23,Watford,Left Center Forward,107.7,40.0,120.0,42.0,1.3,Goal,Right Foot,Normal,0.7835,0,9014.0,Declan Rudd,declan rudd,England,lineup_position_window,,,False,,low_right,1,scored,False,,,,statsbomb_open_data_97dfd20e-c1a9-4608-ae3b-2bce1c3e6672,2026-06-24T16:04:38.431710+00:00,False,False,False,False,True,True,False
statsbomb_open_data,4627c972-5fe9-49bd-89e3-1dcfaf26bc71,3754287,1429,2,27,Premier League,2015/2016,England,Regular Season,2015-12-26,33,Chelsea,23,Watford,Stamford Bridge,Andre Marriner,1,41,40,3454,Troy Deeney,troy deeney,23,Watford,Left Center Forward,108.0,40.0,120.0,43.1,0.1,Goal,Right Foot,Normal,0.7835,0,3509.0,Thibaut Courtois,thibaut courtois,Belgium,lineup_position_window,,,False,,low_right,1,scored,False,,,,statsbomb_open_data_4627c972-5fe9-49bd-89e3-1dcfaf26bc71,2026-06-24T16:04:38.431710+00:00,False,False,False,False,True,True,False
statsbomb_open_data,a8421bdf-24c0-4888-9b59-2c9ebc83a5ab,3754287,2764,2,27,Premier League,2015/2016,England,Regular Season,2015-12-26,33,Chelsea,23,Watford,Stamford Bridge,Andre Marriner,2,79,31,40122,Oscar dos Santos Emboaba Júnior,oscar dos santos emboaba junior,33,Chelsea,Center Attacking Midfield,108.0,40.0,120.0,40.1,4.9,Off T,Right Foot,Normal,0.7835,1,3522.0,Heurelho da Silva Gomes,heurelho da silva gomes,Brazil,lineup_position_window,119.1,40.2,True,,high_center,0,missed,False,,,,statsbomb_open_data_a8421bdf-24c0-4888-9b59-2c9ebc83a5ab,2026-06-24T16:04:38.431710+00:00,False,False,False,False,False,False,False
statsbomb_open_data,f69657cc-f919-4d4d-9616-8523c3f99b0e,3754297,3498,2,27,Premier League,2015/2016,England,Regular Season,2015-11-07,39,Manchester United,27,West Bromwich Albion,Old Trafford,Mike Dean,2,90,53,3294,Juan Manuel Mata García,juan manuel mata garcia,39,Manchester United,Right Wing,108.2,40.1,120.0,40.0,1.5,Goal,Left Foot,Normal,0.7835,0,5108.0,Glyn Oliver Myhill,glyn oliver myhill,Wales,lineup_position_window,,,False,,low_center,1,scored,False,,,,statsbomb_open_data_f69657cc-f919-4d4d-9616-8523c3f99b0e,2026-06-24T16:04:38.431710+00:00,False,False,False,False,True,True,False
statsbomb_open_data,dcb7869b-bf17-467e-804f-4d2fcd39817d,3754301,3139,2,27,Premier League,2015/2016,England,Regular Season,2015-11-21,27,West Bromwich Albion,1,Arsenal,The Hawthorns,Mark Clattenburg,2,83,38,11386,Santiago Cazorla González,santiago cazorla gonzalez,1,Arsenal,Left Defensive Midfield,107.9,40.1,120.0,42.8,,Wayward,Right Foot,Normal,0.7835,1,5108.0,Glyn Oliver Myhill,glyn oliver myhill,Wales,lineup_position_window,119.2,40.0,True,,low_right,0,missed,False,,,,statsbomb_open_data_dcb7869b-bf17-467e-804f-4d2fcd39817d,2026-06-24T16:04:38.431710+00:00,False,False,True,False,False,False,False
statsbomb_open_data,2f2372f2-83b8-46d6-ab85-19d1af942306,3754307,1730,2,27,Premier League,2015/2016,England,Regular Season,2016-04-23,36,Manchester City,30,Stoke City,Etihad Stadium,Robert Madley,1,42,24,3237,Sergio Leonel Agüero del Castillo,sergio leonel aguero del castillo,36,Manchester City,Left Center Forward,108.0,40.0,120.0,37.2,1.5,Goal,Right Foot,Normal,0.7835,0,20446.0,Shay Given,shay given,Ireland,lineup_position_window,,,False,,low_left,1,scored,False,,,,statsbomb_open_data_2f2372f2-83b8-46d6-ab85-19d1af942306,2026-06-24T16:04:38.431710+00:00,False,False,False,False,True,True,False
statsbomb_open_data,be2f4547-6049-48f5-a5eb-4315ba523b6b,3754308,2034,2,27,Premier League,2015/2016,England,Regular Season,2016-05-15,23,Watford,41,Sunderland,Vicarage Road,Kevin Friend,2,60,12,3454,Troy Deeney,troy deeney,23,Watford,Left Center Forward,108.0,40.0,120.0,42.8,0.8,Goal,Right Foot,Normal,0.7835,0,3468.0,Jordan Pickford,jordan pickford,England,lineup_position_window,,,False,,low_right,1,scored,False,,,,statsbomb_open_data_be2f4547-6049-48f5-a5eb-4315ba523b6b,2026-06-24T16:04:38.431710+00:00,False,False,False,False,True,True,False
statsbomb_open_data,4f093729-48dc-4d1e-84cf-88d72d2e4db2,3754317,944,2,27,Premier League,2015/2016,England,Regular Season,2016-02-02,56,Norwich City,38,Tottenham Hotspur,Carrow Road,Kevin Friend,1,29,34,10955,Harry Kane,harry kane,38,Tottenham Hotspur,Center Forward,108.1,40.1,120.0,42.6,0.3,Goal,Right Foot,Normal,0.7835,0,9014.0,Declan Rudd,declan rudd,England,lineup_position_window,,,False,,low_right,1,scored,False,,,,statsbomb_open_data_4f093729-48dc-4d1e-84cf-88d72d2e4db2,2026-06-24T16:04:38.431710+00:00,False,False,False,False,True,True,False
statsbomb_open_data,edef0757-20f9-47b4-b2c8-9b07beebdecd,3754321,2031,2,27,Premier League,2015/2016,England,Regular Season,2016-02-27,30,Stoke City,59,Aston Villa,bet365 Stadium,Kevin Friend,2,50,25,3325,Marko Arnautović,marko arnautovic,30,Stoke City,Left Wing,107.7,39.9,120.0,38.8,2.2,Goal,Right Foot,Normal,0.7835,5,18672.0,Mark Bunn,mark bunn,England,lineup_position_window,119.3,40.5,True,,high_center,1,scored,False,,,,statsbomb_open_data_edef0757-20f9-47b4-b2c8-9b07beebdecd,2026-06-24T16:04:38.431710+00:00,False,False,False,False,False,False,False
statsbomb_open_data,173f6499-807c-4ae6-a292-6bbc032dbc0d,3754322,3335,2,27,Premier League,2015/2016,England,Regular Season,2016-04-16,33,Chelsea,36,Manchester City,Stamford Bridge,Mike Dean,2,79,51,3237,Sergio Leonel Agüero del Castillo,sergio leonel aguero del castillo,36,Manchester City,Center Forward,108.3,39.9,120.0,36.7,0.5,Goal,Right Foot,Normal,0.7835,0,3339.0,Asmir Begović,asmir begovic,Bosnia and Herzegovina,lineup_fallback_first_gk,,,False,,low_left,1,scored,False,,,,statsbomb_open_data_173f6499-807c-4ae6-a292-6bbc032dbc0d,2026-06-24T16:04:38.431710+00:00,False,False,False,False,True,True,False
statsbomb_open_data,af467069-aea2-4a39-8629-f1a08850637e,3754333,2962,2,27,Premier League,2015/2016,England,Regular Season,2016-05-15,37,Newcastle United,38,Tottenham Hotspur,St. James' Park,Anthony Taylor,2,72,48,3567,Georginio Wijnaldum,georginio wijnaldum,37,Newcastle United,Left Wing,108.0,40.0,120.0,43.1,0.2,Goal,Right Foot,Normal,0.7835,0,3099.0,Hugo Lloris,hugo lloris,France,lineup_position_window,,,False,,low_right,1,scored,False,,,,statsbomb_open_data_af467069-aea2-4a39-8629-f1a08850637e,2026-06-24T16:04:38.431710+00:00,False,False,False,False,True,True,False
statsbomb_open_data,034fb1c8-75f6-4771-af8d-e985fdb7f587,3754335,1077,2,27,Premier League,2015/2016,England,Regular Season,2015-10-03,56,Norwich City,22,Leicester City,Carrow Road,Mark Clattenburg,1,27,13,10960,Jamie Vardy,jamie vardy,22,Leicester City,Right Center Forward,108.1,40.1,120.0,38.2,1.3,Goal,Right Foot,Normal,0.7835,0,23635.0,John Ruddy,john ruddy,England,lineup_position_window,,,False,,low_left,1,scored,False,,,,statsbomb_open_data_034fb1c8-75f6-4771-af8d-e985fdb7f587,2026-06-24T16:04:38.431710+00:00,False,False,False,False,True,True,False
statsbomb_open_data,f4494432-1f7e-4aff-a42e-5f2ec7e85b39,3754348,2013,2,27,Premier League,2015/2016,England,Regular Season,2016-01-23,56,Norwich City,24,Liverpool,Carrow Road,Lee Mason,2,53,7,10966,Wes Hoolahan,wes hoolahan,56,Norwich City,Left Midfield,108.0,40.0,120.0,41.8,0.9,Goal,Left Foot,Normal,0.7835,0,3539.0,Simon Mignolet,simon mignolet,Belgium,lineup_position_window,,,False,,low_right,1,scored,False,,,,statsbomb_open_data_f4494432-1f7e-4aff-a42e-5f2ec7e85b39,2026-06-24T16:04:38.431710+00:00,False,False,False,False,True,True,False
statsbomb_open_data,673f0d42-dd2c-4fc5-b0af-897fe0ddf9e1,3764235,1178,37,90,FA Women's Super League,2020/2021,England,Regular Season,2020-09-13,971,Chelsea FCW,973,Bristol City WFC,Kingsmeadow,Stacey Pearson,1,30,33,10395,Maren Nævdal Mjelde,maren naevdal mjelde,971,Chelsea FCW,Right Back,108.0,40.0,120.0,43.5,2.0,Goal,Right Foot,Normal,0.7835,0,16376.0,Sophie Baggaley,sophie baggaley,England,lineup_position_window,,,False,,high_right,1,scored,False,,,,statsbomb_open_data_673f0d42-dd2c-4fc5-b0af-897fe0ddf9e1,2026-06-24T16:04:38.431710+00:00,False,False,False,False,True,True,False
statsbomb_open_data,29427f64-4611-48ab-9f62-d06ac9b2b93e,3764236,1470,37,90,FA Women's Super League,2020/2021,England,Regular Season,2020-09-13,974,Reading WFC,2647,Aston Villa W,Madejski Stadium,Emily Heaslip,1,47,31,10251,Fara Williams,fara williams,974,Reading WFC,Center Defensive Midfield,107.9,39.8,120.0,43.5,0.9,Goal,Right Foot,Lob,0.7835,1,38317.0,Lisa Weiß,lisa weiss,Germany,lineup_position_window,119.4,40.3,True,,low_right,1,scored,False,,,,statsbomb_open_data_29427f64-4611-48ab-9f62-d06ac9b2b93e,2026-06-24T16:04:38.431710+00:00,False,False,False,False,False,False,False
statsbomb_open_data,f006a54e-98e3-4e97-a3eb-3006920d87b9,3764236,2465,37,90,FA Women's Super League,2020/2021,England,Regular Season,2020-09-13,974,Reading WFC,2647,Aston Villa W,Madejski Stadium,Emily Heaslip,2,78,26,10102,Stine Larsen,stine larsen,2647,Aston Villa,Center Forward,108.2,39.9,120.0,36.5,0.0,Goal,Right Foot,Normal,0.7835,1,15719.0,Grace Moloney,grace moloney,Ireland,lineup_position_window,,,False,,low_left,1,scored,False,,,,statsbomb_open_data_f006a54e-98e3-4e97-a3eb-3006920d87b9,2026-06-24T16:04:38.431710+00:00,False,False,False,False,True,True,False
statsbomb_open_data,8a40d927-a022-4b2b-b60a-628246ffa37a,3764240,2219,37,90,FA Women's Super League,2020/2021,England,Regular Season,2020-09-06,973,Bristol City WFC,967,Everton LFC,Twerton Park Stadium,Scott Jackson,2,61,23,16386,Lucy Hope,lucy hope,967,Everton LFC,Right Defensive Midfield,107.9,40.0,120.0,39.8,2.0,Goal,Right Foot,Normal,0.7835,0,16376.0,Sophie Baggaley,sophie baggaley,England,lineup_position_window,,,False,,high_center,1,scored,False,,,,statsbomb_open_data_8a40d927-a022-4b2b-b60a-628246ffa37a,2026-06-24T16:04:38.431710+00:00,False,False,False,False,True,True,False
statsbomb_open_data,084af386-2b5a-4e55-a228-59c301703a60,3773369,2548,11,90,La Liga,2020/2021,Spain,Regular Season,2021-03-15,217,Barcelona,902,Huesca,Spotify Camp Nou,Adrián Cordero Vega,1,48,12,23812,Rafael Mir Vicente,rafael mir vicente,902,Huesca,Left Center Forward,108.0,40.0,120.0,42.3,0.5,Goal,Right Foot,Normal,0.7835,1,20055.0,Marc-André ter Stegen,marc-andre ter stegen,Germany,lineup_position_window,119.2,40.4,True,,low_right,1,scored,False,,,,statsbomb_open_data_084af386-2b5a-4e55-a228-59c301703a60,2026-06-24T16:04:38.431710+00:00,False,False,False,False,False,False,False
statsbomb_open_data,58ebb9b9-3835-46a0-baae-a94315b384d4,3773377,1872,11,90,La Liga,2020/2021,Spain,Regular Season,2020-12-19,217,Barcelona,207,Valencia,Spotify Camp Nou,Alejandro José Hernández Hernández,1,48,35,5503,Lionel Andrés Messi Cuccittini,lionel andres messi cuccittini,217,Barcelona,Center Forward,108.2,40.5,119.1,37.6,1.0,Saved,Left Foot,Normal,0.7835,0,6898.0,Jaume Doménech Sánchez,jaume domenech sanchez,Spain,lineup_position_window,,,False,,low_left,0,saved,False,,,,statsbomb_open_data_58ebb9b9-3835-46a0-baae-a94315b384d4,2026-06-24T16:04:38.431710+00:00,False,False,False,False,True,True,False
statsbomb_open_data,abd57e5d-c23d-4ece-bedc-87358abc2004,3773415,1173,11,90,La Liga,2020/2021,Spain,Regular Season,2021-02-21,217,Barcelona,552,Cádiz,Spotify Camp Nou,Juan Martínez Munuera,1,31,23,5503,Lionel Andrés Messi Cuccittini,lionel andres messi cuccittini,217,Barcelona,Center Forward,108.1,40.2,120.0,37.0,0.7,Goal,Left Foot,Normal,0.7835,0,29198.0,Jeremías Ledesma,jeremias ledesma,Argentina,lineup_position_window,,,False,,low_left,1,scored,False,,,,statsbomb_open_data_abd57e5d-c23d-4ece-bedc-87358abc2004,2026-06-24T16:04:38.431710+00:00,False,False,False,False,True,True,False
statsbomb_open_data,6c0b80f0-d5e1-4d86-b5aa-923d8f34c742,3773415,3784,11,90,La Liga,2020/2021,Spain,Regular Season,2021-02-21,217,Barcelona,552,Cádiz,Spotify Camp Nou,Juan Martínez Munuera,2,88,16,23967,Alejandro Fernández Iglesias,alejandro fernandez iglesias,552,Cádiz,Left Center Midfield,107.1,39.5,120.0,37.0,0.2,Goal,Right Foot,Normal,0.7835,0,20055.0,Marc-André ter Stegen,marc-andre ter stegen,Germany,lineup_position_window,,,False,,low_left,1,scored,False,,,,statsbomb_open_data_6c0b80f0-d5e1-4d86-b5aa-923d8f34c742,2026-06-24T16:04:38.431710+00:00,False,False,False,False,True,True,False
statsbomb_open_data,e1a80a99-462e-4dbf-b432-71344f22329b,3773477,1276,11,90,La Liga,2020/2021,Spain,Regular Season,2020-11-07,217,Barcelona,218,Real Betis,Spotify Camp Nou,,1,32,36,5487,Antoine Griezmann,antoine griezmann,217,Barcelona,Right Center Forward,108.0,40.0,119.3,37.9,0.9,Saved,Left Foot,Normal,0.7835,0,4691.0,Claudio Andrés Bravo Muñoz,claudio andres bravo munoz,Chile,lineup_position_window,,,False,,low_left,0,saved,False,,,,statsbomb_open_data_e1a80a99-462e-4dbf-b432-71344f22329b,2026-06-24T16:04:38.431710+00:00,False,False,False,False,True,True,False
statsbomb_open_data,85e61cd7-9e92-4db6-bfe7-3b8ffb6cd85e,3773477,2447,11,90,La Liga,2020/2021,Spain,Regular Season,2020-11-07,217,Barcelona,218,Real Betis,Spotify Camp Nou,,2,60,57,5503,Lionel Andrés Messi Cuccittini,lionel andres messi cuccittini,217,Barcelona,Right Center Forward,108.1,40.2,120.0,43.3,2.3,Goal,Left Foot,Normal,0.7835,0,4691.0,Claudio Andrés Bravo Muñoz,claudio andres bravo munoz,Chile,lineup_position_window,,,False,,high_right,1,scored,False,,,,statsbomb_open_data_85e61cd7-9e92-4db6-bfe7-3b8ffb6cd85e,2026-06-24T16:04:38.431710+00:00,False,False,False,False,True,True,False
statsbomb_open_data,6254185b-7593-4ee8-a33a-d87b38246874,3773585,2852,11,90,La Liga,2020/2021,Spain,Regular Season,2020-10-24,217,Barcelona,220,Real Madrid,Spotify Camp Nou,Juan Martínez Munuera,2,62,19,5201,Sergio Ramos García,sergio ramos garcia,220,Real Madrid,Left Center Back,107.7,39.8,120.0,37.4,0.2,Goal,Right Foot,Normal,0.7835,0,6590.0,Norberto Murara Neto,norberto murara neto,Brazil,lineup_position_window,,,False,,low_left,1,scored,False,,,,statsbomb_open_data_6254185b-7593-4ee8-a33a-d87b38246874,2026-06-24T16:04:38.431710+00:00,False,False,False,False,True,True,False
statsbomb_open_data,d293a899-d636-48f0-a992-5ff8d6f3b587,3773587,1926,11,90,La Liga,2020/2021,Spain,Regular Season,2020-10-17,216,Getafe,217,Barcelona,Coliseum Alfonso Pérez,César Soto Grado,2,55,54,11550,Jaime Mata Arnaiz,jaime mata arnaiz,216,Getafe,Right Center Forward,108.0,40.0,120.0,36.6,0.2,Goal,Right Foot,Normal,0.7835,0,6590.0,Norberto Murara Neto,norberto murara neto,Brazil,lineup_position_window,,,False,,low_left,1,scored,False,,,,statsbomb_open_data_d293a899-d636-48f0-a992-5ff8d6f3b587,2026-06-24T16:04:38.431710+00:00,False,False,False,False,True,True,False
statsbomb_open_data,8c24dc3d-0766-4bb2-a521-15c8141f3137,3773593,1628,11,90,La Liga,2020/2021,Spain,Regular Season,2020-09-27,217,Barcelona,222,Villarreal,Spotify Camp Nou,Guillermo Cuadra Fernández,1,34,13,5503,Lionel Andrés Messi Cuccittini,lionel andres messi cuccittini,217,Barcelona,Center Forward,108.0,39.8,120.0,37.0,0.2,Goal,Left Foot,Normal,0.7835,0,6755.0,Sergio Asenjo Andrés,sergio asenjo andres,Spain,lineup_position_window,,,False,,low_left,1,scored,False,,,,statsbomb_open_data_8c24dc3d-0766-4bb2-a521-15c8141f3137,2026-06-24T16:04:38.431710+00:00,False,False,False,False,True,True,False
statsbomb_open_data,8c7755e3-f523-4840-a8f2-8026f360ddfe,3773661,3250,11,90,La Liga,2020/2021,Spain,Regular Season,2021-04-22,217,Barcelona,216,Getafe,Spotify Camp Nou,Jorge Figueroa Vázquez,2,68,31,6760,Enes Ünal,enes unal,216,Getafe,Center Forward,107.8,40.0,120.0,36.7,0.2,Goal,Right Foot,Normal,0.7835,0,20055.0,Marc-André ter Stegen,marc-andre ter stegen,Germany,lineup_position_window,,,False,,low_left,1,scored,False,,,,statsbomb_open_data_8c7755e3-f523-4840-a8f2-8026f360ddfe,2026-06-24T16:04:38.431710+00:00,False,False,False,False,True,True,False
statsbomb_open_data,c5cc84ce-1eac-4b72-be20-609203e23c0d,3773661,4126,11,90,La Liga,2020/2021,Spain,Regular Season,2021-04-22,217,Barcelona,216,Getafe,Spotify Camp Nou,Jorge Figueroa Vázquez,2,92,27,5487,Antoine Griezmann,antoine griezmann,217,Barcelona,Left Center Forward,107.6,40.8,120.0,43.3,0.8,Goal,Left Foot,Normal,0.7835,0,6722.0,David Soria Solís,david soria solis,Spain,lineup_position_window,,,False,,low_right,1,scored,False,,,,statsbomb_open_data_c5cc84ce-1eac-4b72-be20-609203e23c0d,2026-06-24T16:04:38.431710+00:00,False,False,False,False,True,True,False
statsbomb_open_data,9eca4c87-8318-4128-9c3f-833df72ce65e,3773695,2396,11,90,La Liga,2020/2021,Spain,Regular Season,2021-05-02,207,Valencia,217,Barcelona,Estadio de Mestalla,José María Sánchez Martínez,2,56,51,5503,Lionel Andrés Messi Cuccittini,lionel andres messi cuccittini,217,Barcelona,Right Center Forward,108.2,40.1,119.5,37.4,0.0,Saved,Left Foot,Normal,0.7835,1,8652.0,Jasper Cillessen,jasper cillessen,Netherlands,lineup_position_window,119.9,40.1,True,,low_left,0,saved,False,,,,statsbomb_open_data_9eca4c87-8318-4128-9c3f-833df72ce65e,2026-06-24T16:04:38.431710+00:00,False,False,False,False,False,False,False
statsbomb_open_data,b8c72bdf-45cc-401f-930e-1d29315e37f5,3775545,1735,37,90,FA Women's Super League,2020/2021,England,Regular Season,2020-10-04,746,Manchester City WFC,749,Tottenham Hotspur Women,Joie Stadium,Stacey Pearson,2,50,58,15570,Chloe Kelly,chloe kelly,746,Manchester City WFC,Left Wing,108.1,40.1,120.0,38.3,0.9,Goal,Right Foot,Normal,0.7835,0,18158.0,Rebecca Leigh Spencer,rebecca leigh spencer,Jamaica,lineup_position_window,,,False,,low_left,1,scored,False,,,,statsbomb_open_data_b8c72bdf-45cc-401f-930e-1d29315e37f5,2026-06-24T16:04:38.431710+00:00,False,False,False,False,True,True,False
statsbomb_open_data,38d441d4-63d9-4f70-926f-fd3b3c02f4e3,3775550,79,37,90,FA Women's Super League,2020/2021,England,Regular Season,2021-03-17,967,Everton LFC,971,Chelsea FCW,Walton Hall Park,Emily Heaslip,1,1,52,15648,Melanie Leupolz,melanie leupolz,971,Chelsea FCW,Center Defensive Midfield,108.2,40.2,119.3,36.7,0.9,Saved,Right Foot,Normal,0.7835,0,13857.0,Tinja-Riikka Tellervo Korpela,tinja-riikka tellervo korpela,Finland,lineup_position_window,,,False,,low_left,0,saved,False,,,,statsbomb_open_data_38d441d4-63d9-4f70-926f-fd3b3c02f4e3,2026-06-24T16:04:38.431710+00:00,False,False,False,False,True,True,False
statsbomb_open_data,7c5bf83b-3b27-4f83-8faf-868c6d1d18f6,3775552,243,37,90,FA Women's Super League,2020/2021,England,Regular Season,2021-02-28,749,Tottenham Hotspur Women,967,Everton LFC,The Hive Stadium,Abigail Byrne,1,7,12,25442,Valérie Gauvin,valerie gauvin,967,Everton LFC,Center Forward,108.0,40.0,120.0,43.5,0.4,Goal,Right Foot,Normal,0.7835,0,36800.0,Aurora Watten Mikalsen,aurora watten mikalsen,Norway,lineup_position_window,,,False,,low_right,1,scored,False,,,,statsbomb_open_data_7c5bf83b-3b27-4f83-8faf-868c6d1d18f6,2026-06-24T16:04:38.431710+00:00,False,False,False,False,True,True,False
statsbomb_open_data,e73d5a98-aa1f-4098-b928-422a6a05cbd5,3775552,627,37,90,FA Women's Super League,2020/2021,England,Regular Season,2021-02-28,749,Tottenham Hotspur Women,967,Everton LFC,The Hive Stadium,Abigail Byrne,1,17,39,25442,Valérie Gauvin,valerie gauvin,967,Everton LFC,Center Forward,108.0,40.0,120.0,37.6,0.2,Goal,Right Foot,Normal,0.7835,0,36800.0,Aurora Watten Mikalsen,aurora watten mikalsen,Norway,lineup_position_window,,,False,,low_left,1,scored,False,,,,statsbomb_open_data_e73d5a98-aa1f-4098-b928-422a6a05cbd5,2026-06-24T16:04:38.431710+00:00,False,False,False,False,True,True,False
statsbomb_open_data,04fdc983-b78b-4df8-8803-8bf2c520e95a,3775562,250,37,90,FA Women's Super League,2020/2021,England,Regular Season,2020-10-04,1475,Manchester United W,965,Brighton & Hove Albion WFC,Leigh Sports Village Stadium,Elliot Swallow,1,8,28,31534,Ella Toone,ella toone,1475,Manchester United W,Center Attacking Midfield,108.0,40.0,120.0,43.5,0.2,Goal,Right Foot,Normal,0.7835,0,15709.0,Megan Walsh,megan walsh,Ireland,lineup_position_window,,,False,,low_right,1,scored,False,,,,statsbomb_open_data_04fdc983-b78b-4df8-8803-8bf2c520e95a,2026-06-24T16:04:38.431710+00:00,False,False,False,False,True,True,False
statsbomb_open_data,5ebcdf9a-4ff2-44d4-b7c5-cc5deadec0e5,3775570,900,37,90,FA Women's Super League,2020/2021,England,Regular Season,2021-03-28,965,Brighton & Hove Albion WFC,967,Everton LFC,Broadfield Stadium,Christina Hattersley,1,23,12,4645,Isobel Mary Christiansen,isobel mary christiansen,967,Everton LFC,Center Attacking Midfield,107.9,40.0,120.0,36.3,0.3,Goal,Right Foot,Normal,0.7835,0,15709.0,Megan Walsh,megan walsh,Ireland,lineup_position_window,,,False,,low_left,1,scored,False,,,,statsbomb_open_data_5ebcdf9a-4ff2-44d4-b7c5-cc5deadec0e5,2026-06-24T16:04:38.431710+00:00,False,False,False,False,True,True,False
statsbomb_open_data,0c35c5c5-a415-44ae-a3b6-71150933d9c2,3775573,1304,37,90,FA Women's Super League,2020/2021,England,Regular Season,2021-05-09,972,West Ham United LFC,746,Manchester City WFC,Chigwell Construction Stadium,Kirsty Dowle,1,39,18,5087,Samantha June Mewis,samantha june mewis,746,Manchester City WFC,Right Center Midfield,108.0,40.0,119.6,36.9,1.1,Saved,Right Foot,Normal,0.7835,1,42787.0,Mackenzie Arnold,mackenzie arnold,Australia,lineup_position_window,120.0,39.9,True,,low_left,0,saved,False,,,,statsbomb_open_data_0c35c5c5-a415-44ae-a3b6-71150933d9c2,2026-06-24T16:04:38.431710+00:00,False,False,False,False,False,False,False
statsbomb_open_data,89727cfb-23a8-411a-8a22-bfaf195ca3b1,3775573,3007,37,90,FA Women's Super League,2020/2021,England,Regular Season,2021-05-09,972,West Ham United LFC,746,Manchester City WFC,Chigwell Construction Stadium,Kirsty Dowle,2,82,55,4949,Rosemary Kathleen Lavelle,rosemary kathleen lavelle,746,Manchester City WFC,Right Wing,108.1,40.3,120.0,37.3,1.1,Saved,Left Foot,Normal,0.7835,1,42787.0,Mackenzie Arnold,mackenzie arnold,Australia,lineup_position_window,119.9,39.8,True,,low_left,0,saved,False,,,,statsbomb_open_data_89727cfb-23a8-411a-8a22-bfaf195ca3b1,2026-06-24T16:04:38.431710+00:00,False,False,False,False,False,False,False
statsbomb_open_data,75c1bfbb-b4b6-4331-8b3c-806961a6090f,3775574,2705,37,90,FA Women's Super League,2020/2021,England,Regular Season,2021-05-02,746,Manchester City WFC,969,Birmingham City WFC,Joie Stadium,Emily Heaslip,2,72,42,10188,Caroline Weir,caroline weir,746,Manchester City WFC,Left Center Midfield,108.1,40.3,118.9,37.4,0.5,Saved,Left Foot,Normal,0.7835,0,22032.0,Hannah Hampton,hannah hampton,England,lineup_position_window,,,False,,low_left,0,saved,False,,,,statsbomb_open_data_75c1bfbb-b4b6-4331-8b3c-806961a6090f,2026-06-24T16:04:38.431710+00:00,False,False,False,False,True,True,False
statsbomb_open_data,276b05f1-d626-46c9-8855-88e82ccbe95b,3775576,1221,37,90,FA Women's Super League,2020/2021,England,Regular Season,2021-04-21,746,Manchester City WFC,971,Chelsea FCW,Joie Stadium,Rebecca Welch,1,33,18,10108,Pernille Mosegaard Harder,pernille mosegaard harder,971,Chelsea FCW,Center Attacking Midfield,108.2,40.1,120.0,43.2,0.3,Goal,Right Foot,Normal,0.7835,0,4637.0,Ellie Roebuck,ellie roebuck,England,lineup_position_window,,,False,,low_right,1,scored,False,,,,statsbomb_open_data_276b05f1-d626-46c9-8855-88e82ccbe95b,2026-06-24T16:04:38.431710+00:00,False,False,False,False,True,True,False
statsbomb_open_data,40f5fcf3-009f-436f-ad22-39ce9f65faa5,3775577,3819,37,90,FA Women's Super League,2020/2021,England,Regular Season,2021-05-02,967,Everton LFC,968,Arsenal WFC,Walton Hall Park,Sarah Garratt,2,93,49,15616,Kim Little,kim little,968,Arsenal WFC,Center Defensive Midfield,107.9,39.8,120.0,43.2,2.2,Goal,Right Foot,Normal,0.7835,0,34360.0,Alexandra MacIver,alexandra maciver,England,lineup_position_window,,,False,,high_right,1,scored,False,,,,statsbomb_open_data_40f5fcf3-009f-436f-ad22-39ce9f65faa5,2026-06-24T16:04:38.431710+00:00,False,False,False,False,True,True,False
statsbomb_open_data,fc2149e1-95bb-4068-a2e7-6601205f599b,3775579,1385,37,90,FA Women's Super League,2020/2021,England,Regular Season,2021-05-02,974,Reading WFC,965,Brighton & Hove Albion WFC,Madejski Stadium,Jane Simms,1,35,38,10251,Fara Williams,fara williams,974,Reading WFC,Left Center Midfield,107.9,40.0,120.0,42.7,0.1,Goal,Right Foot,Normal,0.7835,0,15709.0,Megan Walsh,megan walsh,Ireland,lineup_position_window,,,False,,low_right,1,scored,False,,,,statsbomb_open_data_fc2149e1-95bb-4068-a2e7-6601205f599b,2026-06-24T16:04:38.431710+00:00,False,False,False,False,True,True,False
statsbomb_open_data,e4c40d62-90b0-4a03-8482-3def9c95849e,3775584,668,37,90,FA Women's Super League,2020/2021,England,Regular Season,2020-12-06,968,Arsenal WFC,969,Birmingham City WFC,Meadow Park ,Christina Hattersley,1,20,9,15616,Kim Little,kim little,968,Arsenal WFC,Right Center Midfield,107.9,40.1,119.6,42.9,0.4,Saved,Right Foot,Normal,0.7835,1,22032.0,Hannah Hampton,hannah hampton,England,lineup_position_window,119.3,40.2,True,,low_right,0,saved,False,,,,statsbomb_open_data_e4c40d62-90b0-4a03-8482-3def9c95849e,2026-06-24T16:04:38.431710+00:00,False,False,False,False,False,False,False
statsbomb_open_data,d76cb6dc-8a10-428d-b30c-13000ccf780b,3775584,3015,37,90,FA Women's Super League,2020/2021,England,Regular Season,2020-12-06,968,Arsenal WFC,969,Birmingham City WFC,Meadow Park ,Christina Hattersley,2,86,46,15616,Kim Little,kim little,968,Arsenal WFC,Right Center Midfield,107.9,40.0,120.0,37.0,0.3,Goal,Right Foot,Normal,0.7835,0,22032.0,Hannah Hampton,hannah hampton,England,lineup_position_window,,,False,,low_left,1,scored,False,,,,statsbomb_open_data_d76cb6dc-8a10-428d-b30c-13000ccf780b,2026-06-24T16:04:38.431710+00:00,False,False,False,False,True,True,False
statsbomb_open_data,99f14b74-ec2b-4c9d-8ab7-ffaaa527efc6,3775586,1952,37,90,FA Women's Super League,2020/2021,England,Regular Season,2020-10-18,968,Arsenal WFC,749,Tottenham Hotspur Women,Meadow Park ,Abigail Byrne,2,49,40,31702,Rianna Dean,rianna dean,749,Tottenham Hotspur Women,Center Forward,108.0,39.9,119.3,42.3,1.1,Saved,Right Foot,Normal,0.7835,0,10237.0,Manuela Zinsberger,manuela zinsberger,Austria,lineup_position_window,,,False,,low_right,0,saved,False,,,,statsbomb_open_data_99f14b74-ec2b-4c9d-8ab7-ffaaa527efc6,2026-06-24T16:04:38.431710+00:00,False,False,False,False,True,True,False
statsbomb_open_data,01b81ebb-9671-41b3-9886-f74e28820acf,3775588,1040,37,90,FA Women's Super League,2020/2021,England,Regular Season,2020-12-06,749,Tottenham Hotspur Women,965,Brighton & Hove Albion WFC,The Hive Stadium,Emily Heaslip,1,32,44,15579,Inessa Kaagman,inessa kaagman,965,Brighton & Hove Albion WFC,Center Attacking Midfield,108.1,40.1,120.0,43.0,1.6,Goal,Left Foot,Normal,0.7835,0,18158.0,Rebecca Leigh Spencer,rebecca leigh spencer,Jamaica,lineup_position_window,,,False,,low_right,1,scored,False,,,,statsbomb_open_data_01b81ebb-9671-41b3-9886-f74e28820acf,2026-06-24T16:04:38.431710+00:00,False,False,False,False,True,True,False
statsbomb_open_data,ae0c5ecd-d7c7-4da5-9bb6-0def7295d77f,3775588,2744,37,90,FA Women's Super League,2020/2021,England,Regular Season,2020-12-06,749,Tottenham Hotspur Women,965,Brighton & Hove Albion WFC,The Hive Stadium,Emily Heaslip,2,83,47,5085,Alexandra Morgan Carrasco,alexandra morgan carrasco,749,Tottenham Hotspur Women,Center Forward,108.1,40.1,120.0,37.0,0.0,Goal,Left Foot,Normal,0.7835,0,15709.0,Megan Walsh,megan walsh,Ireland,lineup_position_window,,,False,,low_left,1,scored,False,,,,statsbomb_open_data_ae0c5ecd-d7c7-4da5-9bb6-0def7295d77f,2026-06-24T16:04:38.431710+00:00,False,False,False,False,True,True,False
statsbomb_open_data,b89a884f-ec4e-4814-8083-b56d5ee10a42,3775590,1177,37,90,FA Women's Super League,2020/2021,England,Regular Season,2021-02-07,967,Everton LFC,969,Birmingham City WFC,Walton Hall Park,Lisa Benn,1,33,23,15580,Claudia Walker,claudia walker,969,Birmingham City WFC,Right Midfield,108.0,40.2,118.0,37.9,0.2,Saved,Right Foot,Normal,0.7835,1,13857.0,Tinja-Riikka Tellervo Korpela,tinja-riikka tellervo korpela,Finland,lineup_position_window,119.4,40.0,True,,low_left,0,saved,False,,,,statsbomb_open_data_b89a884f-ec4e-4814-8083-b56d5ee10a42,2026-06-24T16:04:38.431710+00:00,False,False,False,False,False,False,False
statsbomb_open_data,b73e68cf-d9c3-45e3-a67f-685755546423,3775595,2221,37,90,FA Women's Super League,2020/2021,England,Regular Season,2021-01-30,973,Bristol City WFC,965,Brighton & Hove Albion WFC,Twerton Park Stadium,Lucy Oliver,2,58,25,31527,Ebony Salmon,ebony salmon,973,Bristol City WFC,Center Forward,107.9,40.0,120.0,43.5,1.8,Goal,Right Foot,Normal,0.7835,0,24370.0,Cecilie Fiskerstrand,cecilie fiskerstrand,Norway,lineup_position_window,,,False,,low_right,1,scored,False,,,,statsbomb_open_data_b73e68cf-d9c3-45e3-a67f-685755546423,2026-06-24T16:04:38.431710+00:00,False,False,False,False,True,True,False
statsbomb_open_data,5f2b1e04-c81c-4934-8bbb-c5fcc2561c09,3775602,1930,37,90,FA Women's Super League,2020/2021,England,Regular Season,2020-10-04,972,West Ham United LFC,974,Reading WFC,Chigwell Construction Stadium,Rob Whitton,2,59,19,15421,Kenza Dali,kenza dali,972,West Ham United LFC,Right Center Midfield,107.9,40.1,119.3,41.8,0.2,Saved,Right Foot,Normal,0.7835,1,15719.0,Grace Moloney,grace moloney,Ireland,lineup_position_window,119.7,40.4,True,,low_right,0,saved,False,,,,statsbomb_open_data_5f2b1e04-c81c-4934-8bbb-c5fcc2561c09,2026-06-24T16:04:38.431710+00:00,False,False,False,False,False,False,False
statsbomb_open_data,4c07be8c-c910-4dc5-9b5b-9ffa1cb75214,3775605,2480,37,90,FA Women's Super League,2020/2021,England,Regular Season,2021-01-31,971,Chelsea FCW,749,Tottenham Hotspur Women,Kingsmeadow,Sarah Garratt,2,62,43,15648,Melanie Leupolz,melanie leupolz,971,Chelsea FCW,Right Defensive Midfield,108.0,40.1,120.0,37.2,0.0,Goal,Right Foot,Normal,0.7835,0,36800.0,Aurora Watten Mikalsen,aurora watten mikalsen,Norway,lineup_position_window,,,False,,low_left,1,scored,False,,,,statsbomb_open_data_4c07be8c-c910-4dc5-9b5b-9ffa1cb75214,2026-06-24T16:04:38.431710+00:00,False,False,False,False,True,True,False
statsbomb_open_data,436437c2-1fdf-4b28-ba30-dccebea0b38d,3775611,1390,37,90,FA Women's Super League,2020/2021,England,Regular Season,2020-10-11,971,Chelsea FCW,746,Manchester City WFC,Kingsmeadow,Rebecca Welch,1,36,3,10395,Maren Nævdal Mjelde,maren naevdal mjelde,971,Chelsea FCW,Right Back,108.3,40.2,120.0,43.1,0.5,Goal,Right Foot,Normal,0.7835,0,4637.0,Ellie Roebuck,ellie roebuck,England,lineup_position_window,,,False,,low_right,1,scored,False,,,,statsbomb_open_data_436437c2-1fdf-4b28-ba30-dccebea0b38d,2026-06-24T16:04:38.431710+00:00,False,False,False,False,True,True,False
statsbomb_open_data,ff5fa0dc-fae9-4f46-ad28-4990695bdd5e,3775611,2811,37,90,FA Women's Super League,2020/2021,England,Regular Season,2020-10-11,971,Chelsea FCW,746,Manchester City WFC,Kingsmeadow,Rebecca Welch,2,72,18,15570,Chloe Kelly,chloe kelly,746,Manchester City WFC,Right Wing,107.9,39.9,120.0,42.6,2.1,Goal,Right Foot,Normal,0.7835,0,15560.0,Ann-Katrin Berger,ann-katrin berger,Germany,lineup_position_window,,,False,,high_right,1,scored,False,,,,statsbomb_open_data_ff5fa0dc-fae9-4f46-ad28-4990695bdd5e,2026-06-24T16:04:38.431710+00:00,False,False,False,False,True,True,False
statsbomb_open_data,5f8c553e-1d3a-4fac-b19a-a214c6a77055,3775615,566,37,90,FA Women's Super League,2020/2021,England,Regular Season,2020-12-13,749,Tottenham Hotspur Women,2647,Aston Villa W,The Hive Stadium,Sarah Garratt,1,12,9,5085,Alexandra Morgan Carrasco,alexandra morgan carrasco,749,Tottenham Hotspur Women,Center Forward,108.0,40.0,120.0,42.9,0.9,Goal,Left Foot,Normal,0.7835,0,38317.0,Lisa Weiß,lisa weiss,Germany,lineup_position_window,,,False,,low_right,1,scored,False,,,,statsbomb_open_data_5f8c553e-1d3a-4fac-b19a-a214c6a77055,2026-06-24T16:04:38.431710+00:00,False,False,False,False,True,True,False
statsbomb_open_data,ca499d40-1e27-49d2-aa8e-05fb12d2759a,3775617,753,37,90,FA Women's Super League,2020/2021,England,Regular Season,2021-04-04,965,Brighton & Hove Albion WFC,1475,Manchester United W,Broadfield Stadium,Abigail Byrne,1,24,29,15579,Inessa Kaagman,inessa kaagman,965,Brighton & Hove Albion WFC,Left Defensive Midfield,108.0,40.0,120.0,43.2,1.9,Goal,Left Foot,Normal,0.7835,0,31538.0,Mary Alexandra Earps,mary alexandra earps,England,lineup_position_window,,,False,,low_right,1,scored,False,,,,statsbomb_open_data_ca499d40-1e27-49d2-aa8e-05fb12d2759a,2026-06-24T16:04:38.431710+00:00,False,False,False,False,True,True,False
statsbomb_open_data,723a5b83-6f0b-4cd1-a0fd-da907b499add,3775619,786,37,90,FA Women's Super League,2020/2021,England,Regular Season,2020-12-20,965,Brighton & Hove Albion WFC,974,Reading WFC,Broadfield Stadium,Abigail Byrne,1,21,7,15579,Inessa Kaagman,inessa kaagman,965,Brighton & Hove Albion WFC,Center Attacking Midfield,108.0,40.1,120.0,38.8,1.8,Goal,Left Foot,Normal,0.7835,0,15719.0,Grace Moloney,grace moloney,Ireland,lineup_position_window,,,False,,low_center,1,scored,False,,,,statsbomb_open_data_723a5b83-6f0b-4cd1-a0fd-da907b499add,2026-06-24T16:04:38.431710+00:00,False,False,False,False,True,True,False
statsbomb_open_data,6c950823-65a5-4c90-8d3c-f27ca79471fd,3775622,1909,37,90,FA Women's Super League,2020/2021,England,Regular Season,2021-04-25,1475,Manchester United W,749,Tottenham Hotspur Women,Leigh Sports Village Stadium,Christina Hattersley,2,47,38,31534,Ella Toone,ella toone,1475,Manchester United W,Center Attacking Midfield,108.0,39.8,120.0,42.8,0.3,Goal,Right Foot,Normal,0.7835,0,18158.0,Rebecca Leigh Spencer,rebecca leigh spencer,Jamaica,lineup_position_window,,,False,,low_right,1,scored,False,,,,statsbomb_open_data_6c950823-65a5-4c90-8d3c-f27ca79471fd,2026-06-24T16:04:38.431710+00:00,False,False,False,False,True,True,False
statsbomb_open_data,76abcd2d-9c09-4e71-8193-c3895f479f04,3775631,1265,37,90,FA Women's Super League,2020/2021,England,Regular Season,2020-11-14,973,Bristol City WFC,749,Tottenham Hotspur Women,Twerton Park Stadium,Lisa Benn,1,36,36,25547,Chloe Logarzo,chloe logarzo,973,Bristol City WFC,Right Center Midfield,108.0,40.0,120.0,43.5,2.0,Goal,Right Foot,Normal,0.7835,0,18158.0,Rebecca Leigh Spencer,rebecca leigh spencer,Jamaica,lineup_position_window,,,False,,high_right,1,scored,False,,,,statsbomb_open_data_76abcd2d-9c09-4e71-8193-c3895f479f04,2026-06-24T16:04:38.431710+00:00,False,False,False,False,True,True,False
statsbomb_open_data,e49d6e13-7ab8-49e7-95a7-78e717e535ec,3775634,2026,37,90,FA Women's Super League,2020/2021,England,Regular Season,2021-04-04,967,Everton LFC,2647,Aston Villa W,Walton Hall Park,Stacey Pearson,2,53,49,16386,Lucy Hope,lucy hope,967,Everton LFC,Center Attacking Midfield,108.1,40.1,119.5,43.1,0.1,Saved,Right Foot,Normal,0.7835,0,38317.0,Lisa Weiß,lisa weiss,Germany,lineup_position_window,,,False,,low_right,0,saved,False,,,,statsbomb_open_data_e49d6e13-7ab8-49e7-95a7-78e717e535ec,2026-06-24T16:04:38.431710+00:00,False,False,False,False,True,True,False
statsbomb_open_data,87f49ec2-347d-4a95-b9ce-e97a053bdc38,3775634,2241,37,90,FA Women's Super League,2020/2021,England,Regular Season,2021-04-04,967,Everton LFC,2647,Aston Villa W,Walton Hall Park,Stacey Pearson,2,63,13,4645,Isobel Mary Christiansen,isobel mary christiansen,967,Everton LFC,Left Defensive Midfield,108.0,40.1,120.0,41.9,1.3,Goal,Right Foot,Normal,0.7835,0,38317.0,Lisa Weiß,lisa weiss,Germany,lineup_position_window,,,False,,low_right,1,scored,False,,,,statsbomb_open_data_87f49ec2-347d-4a95-b9ce-e97a053bdc38,2026-06-24T16:04:38.431710+00:00,False,False,False,False,True,True,False
statsbomb_open_data,1c274a37-743e-47be-bd2f-8a78e0396e05,3775636,2023,37,90,FA Women's Super League,2020/2021,England,Regular Season,2020-10-18,973,Bristol City WFC,969,Birmingham City WFC,Twerton Park Stadium,Stacey Pearson,2,64,58,15628,Christie Murray,christie murray,969,Birmingham City WFC,Center Defensive Midfield,108.0,40.1,120.0,36.5,0.7,Goal,Right Foot,Normal,0.7835,0,16376.0,Sophie Baggaley,sophie baggaley,England,lineup_position_window,,,False,,low_left,1,scored,False,,,,statsbomb_open_data_1c274a37-743e-47be-bd2f-8a78e0396e05,2026-06-24T16:04:38.431710+00:00,False,False,False,False,True,True,False
statsbomb_open_data,9fe01ee0-da73-47e9-bd1b-87488f56421a,3775642,2643,37,90,FA Women's Super League,2020/2021,England,Regular Season,2021-03-17,2647,Aston Villa W,965,Brighton & Hove Albion WFC,Poundland Bescot Stadium,Helen Conley,2,80,2,15579,Inessa Kaagman,inessa kaagman,965,Brighton & Hove Albion WFC,Right Defensive Midfield,108.1,40.0,120.0,40.1,0.9,Goal,Left Foot,Normal,0.7835,0,38317.0,Lisa Weiß,lisa weiss,Germany,lineup_position_window,,,False,,low_center,1,scored,False,,,,statsbomb_open_data_9fe01ee0-da73-47e9-bd1b-87488f56421a,2026-06-24T16:04:38.431710+00:00,False,False,False,False,True,True,False
statsbomb_open_data,922a8677-c805-4e41-98c2-04c075e03851,3788742,2790,55,43,UEFA Euro,2020,Europe,Group Stage,2021-06-12,776,Denmark,1835,Finland,Parken,Anthony Taylor,2,73,49,3570,Pierre-Emile Højbjerg,pierre-emile hojbjerg,776,Denmark,Center Defensive Midfield,108.1,40.1,118.7,42.6,0.2,Saved,Right Foot,Normal,0.7835,0,8667.0,Lukáš Hrádecký,lukas hradecky,Finland,lineup_position_window,,,False,,low_right,0,saved,False,,,,statsbomb_open_data_922a8677-c805-4e41-98c2-04c075e03851,2026-06-24T16:04:38.431710+00:00,False,False,False,False,True,True,False
statsbomb_open_data,0ab85bc9-4e42-4178-88a3-3145a8b78b36,3788752,3388,55,43,UEFA Euro,2020,Europe,Group Stage,2021-06-15,916,Hungary,780,Portugal,Puskás Aréna,Cüneyt Çakιr,2,86,41,5207,Cristiano Ronaldo dos Santos Aveiro,cristiano ronaldo dos santos aveiro,780,Portugal,Center Forward,108.0,40.0,120.0,42.7,0.9,Goal,Right Foot,Normal,0.7835,0,8524.0,Péter Gulácsi,peter gulacsi,Hungary,lineup_position_window,,,False,,low_right,1,scored,False,,,,statsbomb_open_data_0ab85bc9-4e42-4178-88a3-3145a8b78b36,2026-06-24T16:04:38.431710+00:00,False,False,False,False,True,True,False
statsbomb_open_data,39df483f-732b-4bb7-be99-2bc88d1e713f,3788755,2220,55,43,UEFA Euro,2020,Europe,Group Stage,2021-06-16,909,Turkey,907,Wales,Bakı Olimpiya Stadionu,Artur Manuel Ribeiro Soares Dias,2,60,46,6399,Gareth Frank Bale,gareth frank bale,907,Wales,Left Midfield,108.0,40.0,120.0,35.6,5.4,Off T,Left Foot,Normal,0.7835,1,30357.0,Uğurcan Çakır,ugurcan cakir,Turkey,lineup_position_window,119.2,40.4,True,,high_left,0,missed,False,,,,statsbomb_open_data_39df483f-732b-4bb7-be99-2bc88d1e713f,2026-06-24T16:04:38.431710+00:00,False,False,False,False,False,False,False
statsbomb_open_data,7010167c-48aa-4fd6-8baf-df12a0cc4792,3788756,465,55,43,UEFA Euro,2020,Europe,Group Stage,2021-06-17,941,Netherlands,915,Austria,Johan Cruijff Arena (Amsterdam),Orel Grinfeeld,1,10,21,2988,Memphis Depay,memphis depay,941,Netherlands,Left Center Forward,108.1,40.0,120.0,37.1,0.2,Goal,Right Foot,Normal,0.7835,0,21532.0,Daniel Bachmann,daniel bachmann,Austria,lineup_position_window,,,False,,low_left,1,scored,False,,,,statsbomb_open_data_7010167c-48aa-4fd6-8baf-df12a0cc4792,2026-06-24T16:04:38.431710+00:00,False,False,False,False,True,True,False
statsbomb_open_data,5e003ca8-3bc5-4ed7-b611-f53ead86ef50,3788758,2182,55,43,UEFA Euro,2020,Europe,Group Stage,2021-06-17,911,Ukraine,2358,North Macedonia,Arena Naţională,Fernando Andrés Rapallini,2,56,11,4713,Ezgjan Alioski,ezgjan alioski,2358,North Macedonia,Left Back,108.0,40.0,119.1,42.3,0.7,Saved,Left Foot,Normal,0.7835,0,22243.0,Heorhii Bushchan,heorhii bushchan,Ukraine,lineup_position_window,,,False,,low_right,0,saved,False,,,,statsbomb_open_data_5e003ca8-3bc5-4ed7-b611-f53ead86ef50,2026-06-24T16:04:38.431710+00:00,False,False,False,False,True,True,False
statsbomb_open_data,7f391b06-e355-4c61-b58b-2d812d74c418,3788758,3006,55,43,UEFA Euro,2020,Europe,Group Stage,2021-06-17,911,Ukraine,2358,North Macedonia,Arena Naţională,Fernando Andrés Rapallini,2,83,32,16557,Ruslan Malinovskiy,ruslan malinovskiy,911,Ukraine,Center Attacking Midfield,108.3,40.1,119.2,37.6,0.7,Saved,Left Foot,Normal,0.7835,0,21397.0,Stole Dimitrievski,stole dimitrievski,"Macedonia, Republic of",lineup_position_window,,,False,,low_left,0,saved,False,,,,statsbomb_open_data_7f391b06-e355-4c61-b58b-2d812d74c418,2026-06-24T16:04:38.431710+00:00,False,False,False,False,True,True,False
statsbomb_open_data,87afad9c-452f-4836-89f6-ff6a8d0b5e13,3788760,1259,55,43,UEFA Euro,2020,Europe,Group Stage,2021-06-18,785,Croatia,912,Czech Republic,Hampden Park,Carlos del Cerro Grande,1,36,51,7044,Patrik Schick,patrik schick,912,Czech Republic,Center Forward,108.0,40.0,120.0,36.4,0.3,Goal,Left Foot,Normal,0.7835,0,16531.0,Dominik Livaković,dominik livakovic,Croatia,lineup_position_window,,,False,,low_left,1,scored,False,,,,statsbomb_open_data_87afad9c-452f-4836-89f6-ff6a8d0b5e13,2026-06-24T16:04:38.431710+00:00,False,False,False,False,True,True,False
statsbomb_open_data,0f1a45bf-d738-401c-8568-f268eae5e9ff,3788761,3275,55,43,UEFA Euro,2020,Europe,Group Stage,2021-06-18,790,Sweden,908,Slovakia,Saint-Petersburg Stadium ( Gazprom Arena ),Daniel Siebert,2,76,34,5625,Emil Peter Forsberg,emil peter forsberg,790,Sweden,Left Midfield,108.1,40.1,120.0,42.6,1.2,Goal,Right Foot,Normal,0.7835,0,3711.0,Martin Dúbravka,martin dubravka,Slovakia,lineup_position_window,,,False,,low_right,1,scored,False,,,,statsbomb_open_data_0f1a45bf-d738-401c-8568-f268eae5e9ff,2026-06-24T16:04:38.431710+00:00,False,False,False,False,True,True,False
statsbomb_open_data,faca1f61-fcbe-40a0-8d62-201dbfa312ea,3788762,2373,55,43,UEFA Euro,2020,Europe,Group Stage,2021-06-19,772,Spain,789,Poland,Estadio de La Cartuja,Daniele Orsato,2,57,29,6766,Gerard Moreno Balaguero,gerard moreno balaguero,772,Spain,Right Wing,108.1,40.5,120.0,36.0,0.4,Post,Left Foot,Normal,0.7835,1,5669.0,Wojciech Szczęsny,wojciech szczesny,Poland,lineup_position_window,119.0,39.3,True,,low_left,0,missed,False,,,,statsbomb_open_data_faca1f61-fcbe-40a0-8d62-201dbfa312ea,2026-06-24T16:04:38.431710+00:00,False,False,False,False,False,False,False
statsbomb_open_data,61f2991a-ff91-4779-9d8d-89a104c5edd0,3788769,2510,55,43,UEFA Euro,2020,Europe,Group Stage,2021-06-21,796,Russia,776,Denmark,Parken,Clément Turpin,2,69,15,5195,Artem Dzyuba,artem dzyuba,796,Russia,Right Center Forward,108.1,40.1,120.0,40.3,1.6,Goal,Right Foot,Normal,0.7835,0,3815.0,Kasper Schmeichel,kasper schmeichel,Denmark,lineup_position_window,,,False,,low_center,1,scored,False,,,,statsbomb_open_data_61f2991a-ff91-4779-9d8d-89a104c5edd0,2026-06-24T16:04:38.431710+00:00,False,False,False,False,True,True,False
statsbomb_open_data,7888d3d0-dd0d-4025-a156-03e3938ff63c,3788773,1416,55,43,UEFA Euro,2020,Europe,Group Stage,2021-06-23,780,Portugal,771,France,Puskás Aréna,Antonio Miguel Mateu Lahoz,1,30,1,5207,Cristiano Ronaldo dos Santos Aveiro,cristiano ronaldo dos santos aveiro,780,Portugal,Center Forward,108.1,40.1,120.0,38.4,0.9,Goal,Right Foot,Normal,0.7835,0,3099.0,Hugo Lloris,hugo lloris,France,lineup_position_window,,,False,,low_left,1,scored,False,,,,statsbomb_open_data_7888d3d0-dd0d-4025-a156-03e3938ff63c,2026-06-24T16:04:38.431710+00:00,False,False,False,False,True,True,False
statsbomb_open_data,b79df704-f32a-46c9-be8b-de78c90eb9c3,3788773,2023,55,43,UEFA Euro,2020,Europe,Group Stage,2021-06-23,780,Portugal,771,France,Puskás Aréna,Antonio Miguel Mateu Lahoz,1,46,44,19677,Karim Benzema,karim benzema,771,France,Center Forward,108.0,40.0,120.0,37.5,1.6,Goal,Right Foot,Normal,0.7835,0,5205.0,Rui Pedro dos Santos Patrício,rui pedro dos santos patricio,Portugal,lineup_position_window,,,False,,low_left,1,scored,False,,,,statsbomb_open_data_b79df704-f32a-46c9-be8b-de78c90eb9c3,2026-06-24T16:04:38.431710+00:00,False,False,False,False,True,True,False
statsbomb_open_data,993fc577-76c0-4730-9c03-1417867b01de,3788773,2646,55,43,UEFA Euro,2020,Europe,Group Stage,2021-06-23,780,Portugal,771,France,Puskás Aréna,Antonio Miguel Mateu Lahoz,2,59,31,5207,Cristiano Ronaldo dos Santos Aveiro,cristiano ronaldo dos santos aveiro,780,Portugal,Center Forward,107.9,40.0,120.0,36.8,0.2,Goal,Right Foot,Normal,0.7835,0,3099.0,Hugo Lloris,hugo lloris,France,lineup_position_window,,,False,,low_left,1,scored,False,,,,statsbomb_open_data_993fc577-76c0-4730-9c03-1417867b01de,2026-06-24T16:04:38.431710+00:00,False,False,False,False,True,True,False
statsbomb_open_data,5e4a16ea-dafb-440c-812e-bfee73ac773f,3788775,376,55,43,UEFA Euro,2020,Europe,Group Stage,2021-06-23,908,Slovakia,772,Spain,Estadio de La Cartuja,Björn Kuipers,1,11,5,3477,Álvaro Borja Morata Martín,alvaro borja morata martin,772,Spain,Center Forward,108.1,40.1,120.0,38.0,1.1,Saved,Right Foot,Normal,0.7835,0,3711.0,Martin Dúbravka,martin dubravka,Slovakia,lineup_position_window,,,False,,low_left,0,saved,False,,,,statsbomb_open_data_5e4a16ea-dafb-440c-812e-bfee73ac773f,2026-06-24T16:04:38.431710+00:00,False,False,False,False,True,True,False
statsbomb_open_data,b394d85e-ba20-4e70-a678-0859d01a7b1a,3794691,2177,55,43,UEFA Euro,2020,Europe,Round of 16,2021-06-28,771,France,773,Switzerland,Arena Naţională,Fernando Andrés Rapallini,2,54,6,5544,Ricardo Iván Rodríguez Araya,ricardo ivan rodriguez araya,773,Switzerland,Left Center Back,108.0,40.0,119.2,37.2,0.2,Saved,Left Foot,Normal,0.7835,0,3099.0,Hugo Lloris,hugo lloris,France,lineup_position_window,,,False,,low_left,0,saved,False,,,,statsbomb_open_data_b394d85e-ba20-4e70-a678-0859d01a7b1a,2026-06-24T16:04:38.431710+00:00,False,False,False,False,True,True,False
statsbomb_open_data,c7b39e12-0689-412d-9287-38f8c89274fb,3794691,4548,55,43,UEFA Euro,2020,Europe,Round of 16,2021-06-28,771,France,773,Switzerland,Arena Naţională,Fernando Andrés Rapallini,5,120,57,5834,Mario Gavranović,mario gavranovic,773,Switzerland,Right Center Forward,108.0,40.0,120.0,37.4,1.9,Goal,Right Foot,Normal,0.7835,0,3099.0,Hugo Lloris,hugo lloris,France,lineup_position_window,,,False,,low_left,1,scored,True,1,0,0,statsbomb_open_data_c7b39e12-0689-412d-9287-38f8c89274fb,2026-06-24T16:04:38.431710+00:00,False,False,False,False,True,True,False
statsbomb_open_data,9f8e7fd5-5f8d-4698-b2da-665ed1cd8d21,3794691,4550,55,43,UEFA Euro,2020,Europe,Round of 16,2021-06-28,771,France,773,Switzerland,Arena Naţională,Fernando Andrés Rapallini,5,121,52,20004,Paul Pogba,paul pogba,771,France,Right Defensive Midfield,108.0,40.0,120.0,36.7,2.2,Goal,Right Foot,Normal,0.7835,0,5550.0,Yann Sommer,yann sommer,Switzerland,lineup_position_window,,,False,,high_left,1,scored,True,2,0,1,statsbomb_open_data_9f8e7fd5-5f8d-4698-b2da-665ed1cd8d21,2026-06-24T16:04:38.431710+00:00,False,False,False,False,True,True,False
statsbomb_open_data,5fd3f079-fdc6-483d-866b-fb0a0f574dd7,3794691,4552,55,43,UEFA Euro,2020,Europe,Round of 16,2021-06-28,771,France,773,Switzerland,Arena Naţională,Fernando Andrés Rapallini,5,122,36,5537,Fabian Lukas Schär,fabian lukas schar,773,Switzerland,Left Back,107.9,40.0,120.0,43.1,1.7,Goal,Right Foot,Normal,0.7835,0,3099.0,Hugo Lloris,hugo lloris,France,lineup_position_window,,,False,,low_right,1,scored,True,3,1,1,statsbomb_open_data_5fd3f079-fdc6-483d-866b-fb0a0f574dd7,2026-06-24T16:04:38.431710+00:00,False,False,False,False,True,True,False
statsbomb_open_data,97a70e15-1506-473f-8176-c3f6fa792993,3794691,4554,55,43,UEFA Euro,2020,Europe,Round of 16,2021-06-28,771,France,773,Switzerland,Arena Naţională,Fernando Andrés Rapallini,5,123,26,3604,Olivier Giroud,olivier giroud,771,France,Right Center Forward,108.0,40.0,120.0,42.8,0.9,Goal,Left Foot,Normal,0.7835,0,5550.0,Yann Sommer,yann sommer,Switzerland,lineup_position_window,,,False,,low_right,1,scored,True,4,1,2,statsbomb_open_data_97a70e15-1506-473f-8176-c3f6fa792993,2026-06-24T16:04:38.431710+00:00,False,False,False,False,True,True,False
statsbomb_open_data,c71391c9-c192-46ab-92fd-db827e40191c,3794691,4556,55,43,UEFA Euro,2020,Europe,Round of 16,2021-06-28,771,France,773,Switzerland,Arena Naţională,Fernando Andrés Rapallini,5,124,16,5549,Manuel Obafemi Akanji,manuel obafemi akanji,773,Switzerland,Left Center Back,107.9,40.0,120.0,36.4,0.2,Goal,Right Foot,Normal,0.7835,0,3099.0,Hugo Lloris,hugo lloris,France,lineup_position_window,,,False,,low_left,1,scored,True,5,2,2,statsbomb_open_data_c71391c9-c192-46ab-92fd-db827e40191c,2026-06-24T16:04:38.431710+00:00,False,False,False,False,True,True,False
statsbomb_open_data,b78d4461-a3a8-4c64-8172-45bbbafcc778,3794691,4558,55,43,UEFA Euro,2020,Europe,Round of 16,2021-06-28,771,France,773,Switzerland,Arena Naţională,Fernando Andrés Rapallini,5,125,6,2972,Marcus Thuram,marcus thuram,771,France,Left Midfield,107.9,40.0,120.0,36.6,0.9,Goal,Right Foot,Normal,0.7835,0,5550.0,Yann Sommer,yann sommer,Switzerland,lineup_position_window,,,False,,low_left,1,scored,True,6,2,3,statsbomb_open_data_b78d4461-a3a8-4c64-8172-45bbbafcc778,2026-06-24T16:04:38.431710+00:00,False,False,False,False,True,True,False
statsbomb_open_data,b5bfe2d5-0600-49e7-93cd-a4d48f316193,3794691,4560,55,43,UEFA Euro,2020,Europe,Round of 16,2021-06-28,771,France,773,Switzerland,Arena Naţională,Fernando Andrés Rapallini,5,125,56,30401,Ruben Vargas,ruben vargas,773,Switzerland,Left Midfield,107.9,40.0,120.0,37.1,0.5,Goal,Right Foot,Normal,0.7835,0,3099.0,Hugo Lloris,hugo lloris,France,lineup_position_window,,,False,,low_left,1,scored,True,7,3,3,statsbomb_open_data_b5bfe2d5-0600-49e7-93cd-a4d48f316193,2026-06-24T16:04:38.431710+00:00,False,False,False,False,True,True,False
statsbomb_open_data,e50030f4-9ef6-46bd-b197-1b98e95551a5,3794691,4562,55,43,UEFA Euro,2020,Europe,Round of 16,2021-06-28,771,France,773,Switzerland,Arena Naţională,Fernando Andrés Rapallini,5,126,55,2999,Presnel Kimpembe,presnel kimpembe,771,France,Left Center Back,108.0,40.0,120.0,43.2,2.1,Goal,Left Foot,Normal,0.7835,0,5550.0,Yann Sommer,yann sommer,Switzerland,lineup_position_window,,,False,,high_right,1,scored,True,8,3,4,statsbomb_open_data_e50030f4-9ef6-46bd-b197-1b98e95551a5,2026-06-24T16:04:38.431710+00:00,False,False,False,False,True,True,False
statsbomb_open_data,7e679acb-9061-4690-be08-743ca9a13318,3794691,4564,55,43,UEFA Euro,2020,Europe,Round of 16,2021-06-28,771,France,773,Switzerland,Arena Naţională,Fernando Andrés Rapallini,5,127,39,8219,Admir Mehmedi,admir mehmedi,773,Switzerland,Left Center Forward,108.0,40.0,120.0,43.5,0.5,Goal,Right Foot,Normal,0.7835,0,3099.0,Hugo Lloris,hugo lloris,France,lineup_position_window,,,False,,low_right,1,scored,True,9,4,4,statsbomb_open_data_7e679acb-9061-4690-be08-743ca9a13318,2026-06-24T16:04:38.431710+00:00,False,False,False,False,True,True,False
statsbomb_open_data,8b8a3b49-7cd1-4351-a7b8-57d59636c035,3794691,4566,55,43,UEFA Euro,2020,Europe,Round of 16,2021-06-28,771,France,773,Switzerland,Arena Naţională,Fernando Andrés Rapallini,5,128,30,3009,Kylian Mbappé Lottin,kylian mbappe lottin,771,France,Left Center Forward,107.9,40.0,119.3,37.6,1.6,Saved,Right Foot,Normal,0.7835,0,5550.0,Yann Sommer,yann sommer,Switzerland,lineup_position_window,,,False,,low_left,0,saved,True,10,4,5,statsbomb_open_data_8b8a3b49-7cd1-4351-a7b8-57d59636c035,2026-06-24T16:04:38.431710+00:00,False,False,False,False,True,True,False
statsbomb_open_data,73ce0e30-e7e7-46a0-9c88-ee1371d6bb74,3795107,1891,55,43,UEFA Euro,2020,Europe,Quarter-finals,2021-07-02,782,Belgium,914,Italy,Allianz Arena,Slavko Vinčić,1,46,43,3289,Romelu Lukaku Menama,romelu lukaku menama,782,Belgium,Center Forward,107.9,40.0,120.0,41.8,0.5,Goal,Left Foot,Normal,0.7835,0,7036.0,Gianluigi Donnarumma,gianluigi donnarumma,Italy,lineup_position_window,,,False,,low_right,1,scored,False,,,,statsbomb_open_data_73ce0e30-e7e7-46a0-9c88-ee1371d6bb74,2026-06-24T16:04:38.431710+00:00,False,False,False,False,True,True,False
statsbomb_open_data,7c077dbb-93df-494d-bd6a-5da0cd36eb08,3795108,4970,55,43,UEFA Euro,2020,Europe,Quarter-finals,2021-07-02,773,Switzerland,772,Spain,Saint-Petersburg Stadium ( Gazprom Arena ),Michael Oliver,5,120,26,5203,Sergio Busquets i Burgos,sergio busquets i burgos,772,Spain,Center Defensive Midfield,108.0,40.0,120.0,36.1,0.2,Post,Right Foot,Normal,0.7835,1,5550.0,Yann Sommer,yann sommer,Switzerland,lineup_position_window,119.5,40.1,True,,low_left,0,missed,True,1,0,0,statsbomb_open_data_7c077dbb-93df-494d-bd6a-5da0cd36eb08,2026-06-24T16:04:38.431710+00:00,False,False,False,False,False,False,False
statsbomb_open_data,4f0a25f0-379f-4ed3-aa3f-c446bc80f469,3795108,4972,55,43,UEFA Euro,2020,Europe,Quarter-finals,2021-07-02,773,Switzerland,772,Spain,Saint-Petersburg Stadium ( Gazprom Arena ),Michael Oliver,5,121,13,5834,Mario Gavranović,mario gavranovic,773,Switzerland,Center Forward,108.0,40.0,120.0,36.6,1.7,Goal,Right Foot,Normal,0.7835,1,11748.0,Unai Simón Mendibil,unai simon mendibil,Spain,lineup_position_window,119.6,40.5,True,,low_left,1,scored,True,2,0,0,statsbomb_open_data_4f0a25f0-379f-4ed3-aa3f-c446bc80f469,2026-06-24T16:04:38.431710+00:00,False,False,False,False,False,False,False
statsbomb_open_data,677cfa0a-46db-46c2-9c96-95c88a7008d6,3795108,4974,55,43,UEFA Euro,2020,Europe,Quarter-finals,2021-07-02,773,Switzerland,772,Spain,Saint-Petersburg Stadium ( Gazprom Arena ),Michael Oliver,5,121,53,16532,Daniel Olmo Carvajal,daniel olmo carvajal,772,Spain,Left Wing,108.0,40.0,120.0,36.6,2.4,Goal,Right Foot,Normal,0.7835,1,5550.0,Yann Sommer,yann sommer,Switzerland,lineup_position_window,119.7,40.3,True,,high_left,1,scored,True,3,0,1,statsbomb_open_data_677cfa0a-46db-46c2-9c96-95c88a7008d6,2026-06-24T16:04:38.431710+00:00,False,False,False,False,False,False,False
statsbomb_open_data,319bdf6f-8e17-496b-ba6b-02baab0ff768,3795108,4976,55,43,UEFA Euro,2020,Europe,Quarter-finals,2021-07-02,773,Switzerland,772,Spain,Saint-Petersburg Stadium ( Gazprom Arena ),Michael Oliver,5,122,42,5537,Fabian Lukas Schär,fabian lukas schar,773,Switzerland,Right Center Midfield,108.0,40.0,118.4,37.3,0.6,Saved,Right Foot,Normal,0.7835,1,11748.0,Unai Simón Mendibil,unai simon mendibil,Spain,lineup_position_window,119.1,39.9,True,,low_left,0,saved,True,4,1,1,statsbomb_open_data_319bdf6f-8e17-496b-ba6b-02baab0ff768,2026-06-24T16:04:38.431710+00:00,False,False,False,False,False,False,False
statsbomb_open_data,36848519-a634-485e-a648-1a1f28464e51,3795108,4978,55,43,UEFA Euro,2020,Europe,Quarter-finals,2021-07-02,773,Switzerland,772,Spain,Saint-Petersburg Stadium ( Gazprom Arena ),Michael Oliver,5,123,21,6765,Rodrigo Hernández Cascante,rodrigo hernandez cascante,772,Spain,Left Center Midfield,108.0,40.0,119.4,42.4,0.8,Saved,Right Foot,Normal,0.7835,1,5550.0,Yann Sommer,yann sommer,Switzerland,lineup_position_window,119.2,40.1,True,,low_right,0,saved,True,5,1,1,statsbomb_open_data_36848519-a634-485e-a648-1a1f28464e51,2026-06-24T16:04:38.431710+00:00,False,False,False,False,False,False,False
statsbomb_open_data,ce740b95-35dc-4b1d-8718-9a2e11e1e423,3795108,4980,55,43,UEFA Euro,2020,Europe,Quarter-finals,2021-07-02,773,Switzerland,772,Spain,Saint-Petersburg Stadium ( Gazprom Arena ),Michael Oliver,5,124,25,5549,Manuel Obafemi Akanji,manuel obafemi akanji,773,Switzerland,Left Center Back,108.0,40.0,119.0,37.4,0.4,Saved,Right Foot,Normal,0.7835,1,11748.0,Unai Simón Mendibil,unai simon mendibil,Spain,lineup_position_window,119.3,39.8,True,,low_left,0,saved,True,6,1,1,statsbomb_open_data_ce740b95-35dc-4b1d-8718-9a2e11e1e423,2026-06-24T16:04:38.431710+00:00,False,False,False,False,False,False,False
statsbomb_open_data,21180742-61d5-4b69-a403-0cf408123b82,3795108,4982,55,43,UEFA Euro,2020,Europe,Quarter-finals,2021-07-02,773,Switzerland,772,Spain,Saint-Petersburg Stadium ( Gazprom Arena ),Michael Oliver,5,125,7,6766,Gerard Moreno Balaguero,gerard moreno balaguero,772,Spain,Center Forward,108.0,40.0,120.0,43.5,2.3,Goal,Left Foot,Normal,0.7835,1,5550.0,Yann Sommer,yann sommer,Switzerland,lineup_position_window,119.4,40.0,True,,high_right,1,scored,True,7,1,1,statsbomb_open_data_21180742-61d5-4b69-a403-0cf408123b82,2026-06-24T16:04:38.431710+00:00,False,False,False,False,False,False,False
statsbomb_open_data,1e675f9f-88fb-48b9-bb82-69e594eb2b1e,3795108,4984,55,43,UEFA Euro,2020,Europe,Quarter-finals,2021-07-02,773,Switzerland,772,Spain,Saint-Petersburg Stadium ( Gazprom Arena ),Michael Oliver,5,125,54,30401,Ruben Vargas,ruben vargas,773,Switzerland,Right Wing,108.0,40.0,120.0,38.7,3.9,Off T,Right Foot,Normal,0.7835,1,11748.0,Unai Simón Mendibil,unai simon mendibil,Spain,lineup_position_window,119.3,39.6,True,,high_center,0,missed,True,8,1,2,statsbomb_open_data_1e675f9f-88fb-48b9-bb82-69e594eb2b1e,2026-06-24T16:04:38.431710+00:00,False,False,False,False,False,False,False
statsbomb_open_data,3d0c1818-783c-4388-9772-eb7792fe1eb7,3795108,4986,55,43,UEFA Euro,2020,Europe,Quarter-finals,2021-07-02,773,Switzerland,772,Spain,Saint-Petersburg Stadium ( Gazprom Arena ),Michael Oliver,5,127,4,6685,Mikel Oyarzabal Ugarte,mikel oyarzabal ugarte,772,Spain,Right Wing,108.0,40.0,120.0,43.3,0.4,Goal,Left Foot,Normal,0.7835,1,5550.0,Yann Sommer,yann sommer,Switzerland,lineup_position_window,119.2,39.4,True,,low_right,1,scored,True,9,2,1,statsbomb_open_data_3d0c1818-783c-4388-9772-eb7792fe1eb7,2026-06-24T16:04:38.431710+00:00,False,False,False,False,False,False,False
statsbomb_open_data,96ea39bc-8d53-4a09-91de-94b6395d179f,3795220,4805,55,43,UEFA Euro,2020,Europe,Semi-finals,2021-07-06,914,Italy,772,Spain,Wembley Stadium,Felix Brych,5,120,1,7038,Manuel Locatelli,manuel locatelli,914,Italy,Right Center Midfield,107.9,40.0,119.1,37.4,0.0,Saved,Right Foot,Normal,0.7835,0,11748.0,Unai Simón Mendibil,unai simon mendibil,Spain,lineup_position_window,,,False,,low_left,0,saved,True,1,0,0,statsbomb_open_data_96ea39bc-8d53-4a09-91de-94b6395d179f,2026-06-24T16:04:38.431710+00:00,False,False,False,False,True,True,False
statsbomb_open_data,d53c6fc9-bb06-41d2-8701-9218744e0eee,3795220,4807,55,43,UEFA Euro,2020,Europe,Semi-finals,2021-07-06,914,Italy,772,Spain,Wembley Stadium,Felix Brych,5,120,52,16532,Daniel Olmo Carvajal,daniel olmo carvajal,772,Spain,Left Wing,108.0,40.0,120.0,36.7,4.5,Off T,Right Foot,Normal,0.7835,1,7036.0,Gianluigi Donnarumma,gianluigi donnarumma,Italy,lineup_position_window,119.4,39.9,True,,high_left,0,missed,True,2,0,0,statsbomb_open_data_d53c6fc9-bb06-41d2-8701-9218744e0eee,2026-06-24T16:04:38.431710+00:00,False,False,False,False,False,False,False
statsbomb_open_data,6eeeba1c-0a42-42fd-962c-8f56c1adbd22,3795220,4809,55,43,UEFA Euro,2020,Europe,Semi-finals,2021-07-06,914,Italy,772,Spain,Wembley Stadium,Felix Brych,5,121,41,7471,Andrea Belotti,andrea belotti,914,Italy,Center Forward,107.9,39.8,120.0,36.9,0.6,Goal,Right Foot,Normal,0.7835,0,11748.0,Unai Simón Mendibil,unai simon mendibil,Spain,lineup_position_window,,,False,,low_left,1,scored,True,3,0,0,statsbomb_open_data_6eeeba1c-0a42-42fd-962c-8f56c1adbd22,2026-06-24T16:04:38.431710+00:00,False,False,False,False,True,True,False
statsbomb_open_data,5141291a-ae8c-479f-96fe-829ecd11b278,3795220,4811,55,43,UEFA Euro,2020,Europe,Semi-finals,2021-07-06,914,Italy,772,Spain,Wembley Stadium,Felix Brych,5,122,23,6766,Gerard Moreno Balaguero,gerard moreno balaguero,772,Spain,Right Wing,107.9,39.9,120.0,42.8,1.7,Goal,Left Foot,Normal,0.7835,0,7036.0,Gianluigi Donnarumma,gianluigi donnarumma,Italy,lineup_position_window,,,False,,low_right,1,scored,True,4,0,1,statsbomb_open_data_5141291a-ae8c-479f-96fe-829ecd11b278,2026-06-24T16:04:38.431710+00:00,False,False,False,False,True,True,False
statsbomb_open_data,7ecd3882-9fba-44c2-b1cd-c9690a7fa702,3795220,4813,55,43,UEFA Euro,2020,Europe,Semi-finals,2021-07-06,914,Italy,772,Spain,Wembley Stadium,Felix Brych,5,123,6,7173,Leonardo Bonucci,leonardo bonucci,914,Italy,Right Center Back,108.1,40.1,120.0,42.9,0.8,Goal,Right Foot,Normal,0.7835,0,11748.0,Unai Simón Mendibil,unai simon mendibil,Spain,lineup_position_window,,,False,,low_right,1,scored,True,5,1,1,statsbomb_open_data_7ecd3882-9fba-44c2-b1cd-c9690a7fa702,2026-06-24T16:04:38.431710+00:00,False,False,False,False,True,True,False
statsbomb_open_data,c0cbd80a-c644-4c1c-bb70-46c5a0d5e13c,3795220,4815,55,43,UEFA Euro,2020,Europe,Semi-finals,2021-07-06,914,Italy,772,Spain,Wembley Stadium,Felix Brych,5,123,43,5208,Thiago Alcântara do Nascimento,thiago alcantara do nascimento,772,Spain,Center Defensive Midfield,108.0,40.1,120.0,36.8,0.2,Goal,Right Foot,Normal,0.7835,0,7036.0,Gianluigi Donnarumma,gianluigi donnarumma,Italy,lineup_position_window,,,False,,low_left,1,scored,True,6,1,2,statsbomb_open_data_c0cbd80a-c644-4c1c-bb70-46c5a0d5e13c,2026-06-24T16:04:38.431710+00:00,False,False,False,False,True,True,False
statsbomb_open_data,7470b0f5-d1a9-470b-8613-951572fe6fd8,3795220,4817,55,43,UEFA Euro,2020,Europe,Semi-finals,2021-07-06,914,Italy,772,Spain,Wembley Stadium,Felix Brych,5,124,24,7777,Federico Bernardeschi,federico bernardeschi,914,Italy,Left Wing,107.9,39.9,120.0,43.2,2.2,Goal,Left Foot,Normal,0.7835,0,11748.0,Unai Simón Mendibil,unai simon mendibil,Spain,lineup_position_window,,,False,,high_right,1,scored,True,7,2,2,statsbomb_open_data_7470b0f5-d1a9-470b-8613-951572fe6fd8,2026-06-24T16:04:38.431710+00:00,False,False,False,False,True,True,False
statsbomb_open_data,5d6fa828-65c8-46f8-9842-3b8c5a0ca6ab,3795220,4819,55,43,UEFA Euro,2020,Europe,Semi-finals,2021-07-06,914,Italy,772,Spain,Wembley Stadium,Felix Brych,5,125,2,3477,Álvaro Borja Morata Martín,alvaro borja morata martin,772,Spain,Center Forward,108.0,40.0,119.0,42.3,0.2,Saved,Right Foot,Normal,0.7835,0,7036.0,Gianluigi Donnarumma,gianluigi donnarumma,Italy,lineup_position_window,,,False,,low_right,0,saved,True,8,2,3,statsbomb_open_data_5d6fa828-65c8-46f8-9842-3b8c5a0ca6ab,2026-06-24T16:04:38.431710+00:00,False,False,False,False,True,True,False
statsbomb_open_data,365bba27-6691-4931-96e5-4b498b170ea3,3795220,4821,55,43,UEFA Euro,2020,Europe,Semi-finals,2021-07-06,914,Italy,772,Spain,Wembley Stadium,Felix Brych,5,126,0,7024,Jorge Luiz Frello Filho,jorge luiz frello filho,914,Italy,Center Defensive Midfield,107.8,39.9,120.0,43.2,0.2,Goal,Right Foot,Normal,0.7835,0,11748.0,Unai Simón Mendibil,unai simon mendibil,Spain,lineup_position_window,,,False,,low_right,1,scored,True,9,3,2,statsbomb_open_data_365bba27-6691-4931-96e5-4b498b170ea3,2026-06-24T16:04:38.431710+00:00,False,False,False,False,True,True,False
statsbomb_open_data,8b9704bd-00b9-4102-bffd-a1283462031d,3795221,3891,55,43,UEFA Euro,2020,Europe,Semi-finals,2021-07-07,768,England,776,Denmark,Wembley Stadium,Danny Desmond Makkelie,3,103,41,10955,Harry Kane,harry kane,768,England,Center Forward,108.1,40.1,119.2,42.7,0.3,Saved,Right Foot,Normal,0.7835,0,3815.0,Kasper Schmeichel,kasper schmeichel,Denmark,lineup_position_window,,,False,,low_right,0,saved,False,,,,statsbomb_open_data_8b9704bd-00b9-4102-bffd-a1283462031d,2026-06-24T16:04:38.431710+00:00,False,False,False,False,True,True,False
statsbomb_open_data,31f47d70-db4b-4304-99d6-3a28c1ba1edd,3795506,4775,55,43,UEFA Euro,2020,Europe,Final,2021-07-11,914,Italy,768,England,Wembley Stadium,Björn Kuipers,5,120,1,7131,Domenico Berardi,domenico berardi,914,Italy,Right Wing,107.8,39.8,120.0,37.2,0.4,Goal,Left Foot,Normal,0.7835,0,3468.0,Jordan Pickford,jordan pickford,England,lineup_position_window,,,False,,low_left,1,scored,True,1,0,0,statsbomb_open_data_31f47d70-db4b-4304-99d6-3a28c1ba1edd,2026-06-24T16:04:38.431710+00:00,False,False,False,False,True,True,False
statsbomb_open_data,526593d2-c545-4433-aa71-f923a7dd7811,3795506,4777,55,43,UEFA Euro,2020,Europe,Final,2021-07-11,914,Italy,768,England,Wembley Stadium,Björn Kuipers,5,120,43,10955,Harry Kane,harry kane,768,England,Center Forward,108.0,40.0,120.0,36.6,0.9,Goal,Right Foot,Normal,0.7835,0,7036.0,Gianluigi Donnarumma,gianluigi donnarumma,Italy,lineup_position_window,,,False,,low_left,1,scored,True,2,0,1,statsbomb_open_data_526593d2-c545-4433-aa71-f923a7dd7811,2026-06-24T16:04:38.431710+00:00,False,False,False,False,True,True,False
statsbomb_open_data,4811f0d8-75a6-49c9-b8c1-31a74b3d065b,3795506,4779,55,43,UEFA Euro,2020,Europe,Final,2021-07-11,914,Italy,768,England,Wembley Stadium,Björn Kuipers,5,121,36,7471,Andrea Belotti,andrea belotti,914,Italy,Center Forward,107.9,40.0,118.8,42.1,0.5,Saved,Right Foot,Normal,0.7835,0,3468.0,Jordan Pickford,jordan pickford,England,lineup_position_window,,,False,,low_right,0,saved,True,3,1,1,statsbomb_open_data_4811f0d8-75a6-49c9-b8c1-31a74b3d065b,2026-06-24T16:04:38.431710+00:00,False,False,False,False,True,True,False
statsbomb_open_data,7ca98b9e-d86b-4557-a73a-6b612d0f56ec,3795506,4781,55,43,UEFA Euro,2020,Europe,Final,2021-07-11,914,Italy,768,England,Wembley Stadium,Björn Kuipers,5,122,26,3336,Harry Maguire,harry maguire,768,England,Left Center Back,108.1,40.0,120.0,43.2,2.4,Goal,Right Foot,Normal,0.7835,0,7036.0,Gianluigi Donnarumma,gianluigi donnarumma,Italy,lineup_position_window,,,False,,high_right,1,scored,True,4,1,1,statsbomb_open_data_7ca98b9e-d86b-4557-a73a-6b612d0f56ec,2026-06-24T16:04:38.431710+00:00,False,False,False,False,True,True,False
statsbomb_open_data,f21ac35f-5ca3-4965-bf47-17786bef12ab,3795506,4783,55,43,UEFA Euro,2020,Europe,Final,2021-07-11,914,Italy,768,England,Wembley Stadium,Björn Kuipers,5,123,17,7173,Leonardo Bonucci,leonardo bonucci,914,Italy,Right Center Back,107.8,40.0,120.0,37.6,1.6,Goal,Right Foot,Normal,0.7835,0,3468.0,Jordan Pickford,jordan pickford,England,lineup_position_window,,,False,,low_left,1,scored,True,5,1,2,statsbomb_open_data_f21ac35f-5ca3-4965-bf47-17786bef12ab,2026-06-24T16:04:38.431710+00:00,False,False,False,False,True,True,False
statsbomb_open_data,c7b6763e-e914-4c82-a51a-4ea6cb7b062f,3795506,4785,55,43,UEFA Euro,2020,Europe,Final,2021-07-11,914,Italy,768,England,Wembley Stadium,Björn Kuipers,5,124,11,3318,Marcus Rashford,marcus rashford,768,England,Right Back,108.0,39.9,120.0,35.8,0.2,Post,Right Foot,Normal,0.7835,1,7036.0,Gianluigi Donnarumma,gianluigi donnarumma,Italy,lineup_position_window,119.2,40.0,True,,low_left,0,missed,True,6,2,2,statsbomb_open_data_c7b6763e-e914-4c82-a51a-4ea6cb7b062f,2026-06-24T16:04:38.431710+00:00,False,False,False,False,False,False,False
statsbomb_open_data,b33f93a9-ea61-4f99-952c-298712335e8e,3795506,4787,55,43,UEFA Euro,2020,Europe,Final,2021-07-11,914,Italy,768,England,Wembley Stadium,Björn Kuipers,5,125,2,7777,Federico Bernardeschi,federico bernardeschi,914,Italy,Left Wing,107.9,40.2,120.0,40.1,0.3,Goal,Left Foot,Normal,0.7835,0,3468.0,Jordan Pickford,jordan pickford,England,lineup_position_window,,,False,,low_center,1,scored,True,7,2,2,statsbomb_open_data_b33f93a9-ea61-4f99-952c-298712335e8e,2026-06-24T16:04:38.431710+00:00,False,False,False,False,True,True,False
statsbomb_open_data,baa64791-3eb8-485b-aa0b-5b150e119621,3795506,4789,55,43,UEFA Euro,2020,Europe,Final,2021-07-11,914,Italy,768,England,Wembley Stadium,Björn Kuipers,5,125,47,12423,Jadon Sancho,jadon sancho,768,England,Right Center Midfield,107.8,40.0,118.6,42.5,0.8,Saved,Right Foot,Normal,0.7835,0,7036.0,Gianluigi Donnarumma,gianluigi donnarumma,Italy,lineup_position_window,,,False,,low_right,0,saved,True,8,2,3,statsbomb_open_data_baa64791-3eb8-485b-aa0b-5b150e119621,2026-06-24T16:04:38.431710+00:00,False,False,False,False,True,True,False
statsbomb_open_data,0775e2bc-d360-4b80-85d7-e82874fb5723,3795506,4791,55,43,UEFA Euro,2020,Europe,Final,2021-07-11,914,Italy,768,England,Wembley Stadium,Björn Kuipers,5,126,57,7024,Jorge Luiz Frello Filho,jorge luiz frello filho,914,Italy,Center Defensive Midfield,108.1,40.1,119.3,37.9,0.2,Saved to Post,Right Foot,Normal,0.7835,0,3468.0,Jordan Pickford,jordan pickford,England,lineup_position_window,,,False,,low_left,0,unknown,True,9,3,2,statsbomb_open_data_0775e2bc-d360-4b80-85d7-e82874fb5723,2026-06-24T16:04:38.431710+00:00,False,False,False,False,True,True,False
statsbomb_open_data,572d5967-c7c5-4d86-ab60-c0b841a63a4a,3795506,4793,55,43,UEFA Euro,2020,Europe,Final,2021-07-11,914,Italy,768,England,Wembley Stadium,Björn Kuipers,5,127,43,22084,Bukayo Saka,bukayo saka,768,England,Left Center Midfield,108.1,40.0,119.3,42.0,0.9,Saved,Left Foot,Normal,0.7835,0,7036.0,Gianluigi Donnarumma,gianluigi donnarumma,Italy,lineup_position_window,,,False,,low_right,0,saved,True,10,2,3,statsbomb_open_data_572d5967-c7c5-4d86-ab60-c0b841a63a4a,2026-06-24T16:04:38.431710+00:00,False,False,False,False,True,True,False
statsbomb_open_data,aceb4b8a-bc8b-4c2f-b612-3bbdf5549b0e,3802665,2682,7,108,Ligue 1,2021/2022,France,Regular Season,2022-05-14,139,Montpellier,131,Paris Saint-Germain,Stade de la Mosson ,Jeremy Stinat,2,59,11,3009,Kylian Mbappé Lottin,kylian mbappe lottin,131,Paris Saint-Germain,Left Wing,108.1,40.1,120.0,43.7,0.2,Goal,Right Foot,Normal,0.7835,0,22823.0,Dimitry Bertaud,dimitry bertaud,"Congo, (Kinshasa)",lineup_position_window,,,False,,low_right,1,scored,False,,,,statsbomb_open_data_aceb4b8a-bc8b-4c2f-b612-3bbdf5549b0e,2026-06-24T16:04:38.431710+00:00,False,False,False,False,True,True,False
statsbomb_open_data,66d5ae83-7556-4f07-81a9-66e8ab7806a0,3802683,447,7,108,Ligue 1,2021/2022,France,Regular Season,2021-12-12,131,Paris Saint-Germain,129,AS Monaco,Parc des Princes ,Benoît Bastien,1,11,38,3009,Kylian Mbappé Lottin,kylian mbappe lottin,131,Paris Saint-Germain,Left Wing,108.0,40.0,120.0,37.0,0.4,Goal,Right Foot,Normal,0.7835,0,20662.0,Alexander Nübel,alexander nubel,Germany,lineup_position_window,,,False,,low_left,1,scored,False,,,,statsbomb_open_data_66d5ae83-7556-4f07-81a9-66e8ab7806a0,2026-06-24T16:04:38.431710+00:00,False,False,False,False,True,True,False
statsbomb_open_data,dd6343e2-fd6b-4bb0-9ea8-b151f86f2888,3802752,2640,7,108,Ligue 1,2021/2022,France,Regular Season,2021-09-19,131,Paris Saint-Germain,137,Lyon,Parc des Princes ,Clément Turpin,2,65,11,4320,Neymar da Silva Santos Junior,neymar da silva santos junior,131,Paris Saint-Germain,Left Wing,108.0,40.1,120.0,41.9,0.2,Goal,Right Foot,Normal,0.7835,0,2947.0,Anthony Lopes,anthony lopes,Portugal,lineup_position_window,,,False,,low_right,1,scored,False,,,,statsbomb_open_data_dd6343e2-fd6b-4bb0-9ea8-b151f86f2888,2026-06-24T16:04:38.431710+00:00,False,False,False,False,True,True,False
statsbomb_open_data,18d3f699-aab1-40c6-a617-e8e48ed71657,3802839,1989,7,108,Ligue 1,2021/2022,France,Regular Season,2022-02-19,144,Nantes,131,Paris Saint-Germain,Stade de la Beaujoire - Louis Fonteneau,Mikael Lesage,1,50,38,3235,Ludovic Blas,ludovic blas,144,Nantes,Right Center Midfield,108.1,40.1,120.0,38.8,1.6,Goal,Left Foot,Normal,0.7835,0,5597.0,Keylor Navas Gamboa,keylor navas gamboa,Costa Rica,lineup_position_window,,,False,,low_center,1,scored,False,,,,statsbomb_open_data_18d3f699-aab1-40c6-a617-e8e48ed71657,2026-06-24T16:04:38.431710+00:00,False,False,False,False,True,True,False
statsbomb_open_data,ea1b23f3-6b52-4f4c-94fa-24240c5cff34,3802839,2513,7,108,Ligue 1,2021/2022,France,Regular Season,2022-02-19,144,Nantes,131,Paris Saint-Germain,Stade de la Beaujoire - Louis Fonteneau,Mikael Lesage,2,58,33,4320,Neymar da Silva Santos Junior,neymar da silva santos junior,131,Paris Saint-Germain,Left Wing,108.1,40.1,119.5,41.9,0.1,Saved,Right Foot,Normal,0.7835,0,2981.0,Alban Lafont,alban lafont,France,lineup_position_window,,,False,,low_right,0,saved,False,,,,statsbomb_open_data_ea1b23f3-6b52-4f4c-94fa-24240c5cff34,2026-06-24T16:04:38.431710+00:00,False,False,False,False,True,True,False
statsbomb_open_data,55f5c9c6-8253-4cf8-9589-4949b7dbc5b6,3802930,1092,7,108,Ligue 1,2021/2022,France,Regular Season,2022-05-08,131,Paris Saint-Germain,133,Troyes,Parc des Princes ,Jérôme Brisard,1,24,57,4320,Neymar da Silva Santos Junior,neymar da silva santos junior,131,Paris Saint-Germain,Left Wing,108.0,40.0,120.0,37.4,0.3,Goal,Right Foot,Normal,0.7835,0,3419.0,Jessy Moulin,jessy moulin,France,lineup_position_window,,,False,,low_left,1,scored,False,,,,statsbomb_open_data_55f5c9c6-8253-4cf8-9589-4949b7dbc5b6,2026-06-24T16:04:38.431710+00:00,False,False,False,False,True,True,False
statsbomb_open_data,c2c6a6d2-6ddf-446a-b1cd-117493665ce2,3802930,2109,7,108,Ligue 1,2021/2022,France,Regular Season,2022-05-08,131,Paris Saint-Germain,133,Troyes,Parc des Princes ,Jérôme Brisard,2,48,5,7219,Florian Tardieu,florian tardieu,133,Troyes,Left Defensive Midfield,108.0,40.0,120.0,40.0,1.6,Goal,Right Foot,Normal,0.7835,0,5597.0,Keylor Navas Gamboa,keylor navas gamboa,Costa Rica,lineup_position_window,,,False,,low_center,1,scored,False,,,,statsbomb_open_data_c2c6a6d2-6ddf-446a-b1cd-117493665ce2,2026-06-24T16:04:38.431710+00:00,False,False,False,False,True,True,False
statsbomb_open_data,fd2b0d11-f6e1-44f3-a926-5aafa26cf069,3802983,2079,7,108,Ligue 1,2021/2022,France,Regular Season,2022-04-17,131,Paris Saint-Germain,147,Olympique de Marseille,Parc des Princes ,François Letexier,1,49,37,3009,Kylian Mbappé Lottin,kylian mbappe lottin,131,Paris Saint-Germain,Center Forward,108.0,40.1,120.0,36.7,0.8,Goal,Right Foot,Normal,0.7835,0,6792.0,Pau López Sabata,pau lopez sabata,Spain,lineup_position_window,,,False,,low_left,1,scored,False,,,,statsbomb_open_data_fd2b0d11-f6e1-44f3-a926-5aafa26cf069,2026-06-24T16:04:38.431710+00:00,False,False,False,False,True,True,False
statsbomb_open_data,87e9c0a3-29b9-4f5c-82c5-625682f98280,3803000,3212,7,108,Ligue 1,2021/2022,France,Regular Season,2022-04-09,152,Clermont Foot,131,Paris Saint-Germain,Stade Gabriel Montpied,Eric Wattellier,2,70,51,4320,Neymar da Silva Santos Junior,neymar da silva santos junior,131,Paris Saint-Germain,Left Wing,108.1,40.1,120.0,36.6,0.6,Goal,Right Foot,Normal,0.7835,0,22125.0,Arthur Desmas,arthur desmas,France,lineup_position_window,,,False,,low_left,1,scored,False,,,,statsbomb_open_data_87e9c0a3-29b9-4f5c-82c5-625682f98280,2026-06-24T16:04:38.431710+00:00,False,False,False,False,True,True,False
statsbomb_open_data,792f3ce7-d2e9-4844-bea0-d10201cac409,3813267,1241,1238,108,Indian Super league,2021/2022,India,Regular Season,2021-12-07,7286,East Bengal,7288,Goa,Tilak Maidan Stadium,Coimbatore Ramaswamy Srikrishna,1,31,58,159764,Jorge Ortiz Mendoza,jorge ortiz mendoza,7288,Goa,Right Center Forward,108.2,40.4,120.0,43.1,0.5,Goal,Right Foot,Normal,0.7835,0,161115.0,Suvam Sen,suvam sen,India,lineup_position_window,,,False,,low_right,1,scored,False,,,,statsbomb_open_data_792f3ce7-d2e9-4844-bea0-d10201cac409,2026-06-24T16:04:38.431710+00:00,False,False,False,False,True,True,False
statsbomb_open_data,4160e860-9182-44b9-a6eb-bb04a017cc0d,3813270,991,1238,108,Indian Super league,2021/2022,India,Regular Season,2021-11-22,7287,Mumbai City,7288,Goa,Pandit Jawaharlal Nehru Stadium,Arumughan Rowan,1,32,49,8038,Igor Angulo Albóniga,igor angulo alboniga,7287,Mumbai City,Center Forward,108.1,39.9,120.0,43.4,2.0,Goal,Left Foot,Normal,0.7835,0,124911.0,Dheeraj Singh Moirangthem,dheeraj singh moirangthem,India,lineup_position_window,,,False,,high_right,1,scored,False,,,,statsbomb_open_data_4160e860-9182-44b9-a6eb-bb04a017cc0d,2026-06-24T16:04:38.431710+00:00,False,False,False,False,True,True,False
statsbomb_open_data,1d9f8093-9423-42d3-9156-2a9bd1e35896,3813274,245,1238,108,Indian Super league,2021/2022,India,Regular Season,2021-12-04,7284,Bengaluru,7287,Mumbai City,GMC Athletic Stadium,Pranjal Banerjee,1,8,34,8038,Igor Angulo Albóniga,igor angulo alboniga,7287,Mumbai City,Center Forward,108.0,40.1,120.0,43.0,1.4,Goal,Left Foot,Normal,0.7835,0,124758.0,Gurpreet Singh Sandhu,gurpreet singh sandhu,India,lineup_position_window,,,False,,low_right,1,scored,False,,,,statsbomb_open_data_1d9f8093-9423-42d3-9156-2a9bd1e35896,2026-06-24T16:04:38.431710+00:00,False,False,False,False,True,True,False
statsbomb_open_data,e404018f-32c2-4f04-ac00-b8af554b4f35,3813274,1190,1238,108,Indian Super league,2021/2022,India,Regular Season,2021-12-04,7284,Bengaluru,7287,Mumbai City,GMC Athletic Stadium,Pranjal Banerjee,1,43,13,124748,Sunil Chhetri,sunil chhetri,7284,Bengaluru,Left Wing,108.0,40.0,119.3,36.8,0.5,Saved,Right Foot,Normal,0.7835,0,159775.0,Mohammad Nawaz,mohammad nawaz,India,lineup_position_window,,,False,,low_left,0,saved,False,,,,statsbomb_open_data_e404018f-32c2-4f04-ac00-b8af554b4f35,2026-06-24T16:04:38.431710+00:00,False,False,False,False,True,True,False
statsbomb_open_data,bdf12e8e-ac4c-45b6-b06a-e66952e3a310,3813277,385,1238,108,Indian Super league,2021/2022,India,Regular Season,2021-11-27,7287,Mumbai City,7289,SC Delhi,Pandit Jawaharlal Nehru Stadium,Pratik Mondal,1,12,56,26675,João Victor de Albuquerque Bruno,joao victor de albuquerque bruno,7289,Hyderabad,Left Defensive Midfield,108.1,40.1,120.0,36.8,0.1,Goal,Right Foot,Normal,0.7835,0,159775.0,Mohammad Nawaz,mohammad nawaz,India,lineup_position_window,,,False,,low_left,1,scored,False,,,,statsbomb_open_data_bdf12e8e-ac4c-45b6-b06a-e66952e3a310,2026-06-24T16:04:38.431710+00:00,False,False,False,False,True,True,False
statsbomb_open_data,379cfb47-05f5-4875-b034-629aceac69ab,3813279,2864,1238,108,Indian Super league,2021/2022,India,Regular Season,2021-12-18,7290,Chennaiyin,7291,Odisha,Tilak Maidan Stadium,Pratik Mondal,2,84,37,164476,Łukasz Gikiewicz,lukasz gikiewicz,7290,Chennaiyin,Right Center Forward,108.0,40.0,119.2,42.1,1.2,Saved,Right Foot,Normal,0.7835,1,124784.0,Kamaljit Singh,kamaljit singh,India,lineup_position_window,119.9,40.1,True,,low_right,0,saved,False,,,,statsbomb_open_data_379cfb47-05f5-4875-b034-629aceac69ab,2026-06-24T16:04:38.431710+00:00,False,False,False,False,False,False,False
statsbomb_open_data,ec2a5393-664c-4485-9943-8dde45b130ca,3813282,1342,1238,108,Indian Super league,2021/2022,India,Regular Season,2021-12-19,7287,Mumbai City,7283,Kerala Blasters,Pandit Jawaharlal Nehru Stadium,Pranjal Banerjee,2,50,41,28251,Jorge Rolando Pereyra Díaz,jorge rolando pereyra diaz,7283,Kerala Blasters,Left Center Forward,108.2,40.0,120.0,43.7,0.3,Goal,Right Foot,Normal,0.7835,0,159775.0,Mohammad Nawaz,mohammad nawaz,India,lineup_position_window,,,False,,low_right,1,scored,False,,,,statsbomb_open_data_ec2a5393-664c-4485-9943-8dde45b130ca,2026-06-24T16:04:38.431710+00:00,False,False,False,False,True,True,False
statsbomb_open_data,f6e456b9-3ad3-4f93-86d9-c8f8ab4c7b0d,3813283,1230,1238,108,Indian Super league,2021/2022,India,Regular Season,2021-12-30,7290,Chennaiyin,7284,Bengaluru,Tilak Maidan Stadium,Rahul Kumar Gupta,1,38,0,162209,Cleiton Augusto Oliveira Silva,cleiton augusto oliveira silva,7284,Bengaluru,Right Center Forward,107.9,40.0,120.0,43.4,0.2,Goal,Right Foot,Normal,0.7835,0,164492.0,Vishal Kaith,vishal kaith,India,lineup_position_window,,,False,,low_right,1,scored,False,,,,statsbomb_open_data_f6e456b9-3ad3-4f93-86d9-c8f8ab4c7b0d,2026-06-24T16:04:38.431710+00:00,False,False,False,False,True,True,False
statsbomb_open_data,879f17cc-8f35-4e4a-8529-b6ddeb21d3ab,3813287,452,1238,108,Indian Super league,2021/2022,India,Regular Season,2021-12-16,7284,Bengaluru,7282,Mohun Bagan Super Giant,GMC Athletic Stadium,Crystal John,1,17,20,162209,Cleiton Augusto Oliveira Silva,cleiton augusto oliveira silva,7284,Bengaluru,Center Forward,108.0,40.0,120.0,43.2,0.5,Goal,Right Foot,Normal,0.7835,0,124773.0,Amrinder Singh,amrinder singh,India,lineup_position_window,,,False,,low_right,1,scored,False,,,,statsbomb_open_data_879f17cc-8f35-4e4a-8529-b6ddeb21d3ab,2026-06-24T16:04:38.431710+00:00,False,False,False,False,True,True,False
statsbomb_open_data,49210c3c-6002-48ef-8f69-7dc59f24cee0,3813287,1357,1238,108,Indian Super league,2021/2022,India,Regular Season,2021-12-16,7284,Bengaluru,7282,Mohun Bagan Super Giant,GMC Athletic Stadium,Crystal John,2,57,48,163344,Roy Krishna,roy krishna,7282,ATK Mohun Bagan,Right Center Forward,108.0,40.0,120.0,42.6,0.9,Goal,Right Foot,Normal,0.7835,0,124758.0,Gurpreet Singh Sandhu,gurpreet singh sandhu,India,lineup_position_window,,,False,,low_right,1,scored,False,,,,statsbomb_open_data_49210c3c-6002-48ef-8f69-7dc59f24cee0,2026-06-24T16:04:38.431710+00:00,False,False,False,False,True,True,False
statsbomb_open_data,1afbd8e1-53f0-40f4-88cc-01d2c2b547af,3813289,1965,1238,108,Indian Super league,2021/2022,India,Regular Season,2021-11-24,7291,Odisha,7284,Bengaluru,Tilak Maidan Stadium,Ramachandran Venkatesh,2,61,15,124748,Sunil Chhetri,sunil chhetri,7284,Bengaluru,Left Wing,108.0,40.0,119.5,36.9,0.8,Saved,Right Foot,Normal,0.7835,0,124784.0,Kamaljit Singh,kamaljit singh,India,lineup_position_window,,,False,,low_left,0,saved,False,,,,statsbomb_open_data_1afbd8e1-53f0-40f4-88cc-01d2c2b547af,2026-06-24T16:04:38.431710+00:00,False,False,False,False,True,True,False
statsbomb_open_data,1ba77498-3bb5-447f-9bd6-d62764f50802,3813295,2571,1238,108,Indian Super league,2021/2022,India,Regular Season,2021-12-28,7289,SC Delhi,7291,Odisha,GMC Athletic Stadium,Ashwin Mohanlal Kanojia,2,85,55,26675,João Victor de Albuquerque Bruno,joao victor de albuquerque bruno,7289,Hyderabad,Left Defensive Midfield,108.2,40.1,120.0,36.7,1.6,Goal,Right Foot,Normal,0.7835,0,124784.0,Kamaljit Singh,kamaljit singh,India,lineup_position_window,,,False,,low_left,1,scored,False,,,,statsbomb_open_data_1ba77498-3bb5-447f-9bd6-d62764f50802,2026-06-24T16:04:38.431710+00:00,False,False,False,False,True,True,False
statsbomb_open_data,ac962d13-3356-4964-bba5-8dd6e6672961,3813309,1927,1238,108,Indian Super league,2021/2022,India,Regular Season,2021-11-23,7289,SC Delhi,7290,Chennaiyin,GMC Athletic Stadium,Pranjal Banerjee,2,65,35,51364,Vladimir Koman Jr.,vladimir koman jr.,7290,Chennaiyin,Right Center Midfield,107.9,40.0,120.0,43.2,0.3,Goal,Right Foot,Normal,0.7835,0,164482.0,Laxmikant Kattimani,laxmikant kattimani,India,lineup_position_window,,,False,,low_right,1,scored,False,,,,statsbomb_open_data_ac962d13-3356-4964-bba5-8dd6e6672961,2026-06-24T16:04:38.431710+00:00,False,False,False,False,True,True,False
statsbomb_open_data,d39ee506-667c-4f14-9ab5-a80bb48f5abe,3813314,659,1238,108,Indian Super league,2021/2022,India,Regular Season,2021-11-19,7282,Mohun Bagan Super Giant,7283,Kerala Blasters,Pandit Jawaharlal Nehru Stadium,Harish Kundu,1,26,54,163344,Roy Krishna,roy krishna,7282,Mohun Bagan Super Giant,Right Center Forward,107.9,40.0,120.0,41.8,0.1,Goal,Right Foot,Normal,0.7835,0,163346.0,Albino Gomes,albino gomes,India,lineup_position_window,,,False,,low_right,1,scored,False,,,,statsbomb_open_data_d39ee506-667c-4f14-9ab5-a80bb48f5abe,2026-06-24T16:04:38.431710+00:00,False,False,False,False,True,True,False
statsbomb_open_data,818913f6-f431-4277-af3e-033f1cf5444b,3813317,2927,1238,108,Indian Super league,2021/2022,India,Regular Season,2021-11-30,7291,Odisha,7286,East Bengal,Tilak Maidan Stadium,Harish Kundu,2,90,51,161091,Daniel Chima Chukwu,daniel chima chukwu,7286,East Bengal,Left Center Forward,107.9,40.1,120.0,36.4,0.1,Goal,Right Foot,Normal,0.7835,0,124784.0,Kamaljit Singh,kamaljit singh,India,lineup_position_window,,,False,,low_left,1,scored,False,,,,statsbomb_open_data_818913f6-f431-4277-af3e-033f1cf5444b,2026-06-24T16:04:38.431710+00:00,False,False,False,False,True,True,False
statsbomb_open_data,6dcf7a5f-22b4-43b2-b96d-ffe1aabeec80,3817866,1249,1238,108,Indian Super league,2021/2022,India,Regular Season,2022-03-02,7283,Kerala Blasters,7287,Mumbai City,Tilak Maidan Stadium,Rahul Kumar Gupta,1,46,28,24035,Álvaro Vázquez García,alvaro vazquez garcia,7283,Kerala Blasters,Left Center Forward,108.2,40.1,120.0,38.0,0.2,Goal,Right Foot,Normal,0.7835,0,159775.0,Mohammad Nawaz,mohammad nawaz,India,lineup_position_window,,,False,,low_left,1,scored,False,,,,statsbomb_open_data_6dcf7a5f-22b4-43b2-b96d-ffe1aabeec80,2026-06-24T16:04:38.431710+00:00,False,False,False,False,True,True,False
statsbomb_open_data,0cf6434f-fa2d-44dc-ac90-703f96d6bf1c,3817866,2028,1238,108,Indian Super league,2021/2022,India,Regular Season,2022-03-02,7283,Kerala Blasters,7287,Mumbai City,Tilak Maidan Stadium,Rahul Kumar Gupta,2,70,45,192018,Diego Maurício Machado de Brito,diego mauricio machado de brito,7287,Mumbai City,Left Center Forward,108.1,40.1,120.0,36.8,1.4,Goal,Right Foot,Normal,0.7835,0,163347.0,Prabhushkan Singh Gill,prabhushkan singh gill,India,lineup_position_window,,,False,,low_left,1,scored,False,,,,statsbomb_open_data_0cf6434f-fa2d-44dc-ac90-703f96d6bf1c,2026-06-24T16:04:38.431710+00:00,False,False,False,False,True,True,False
statsbomb_open_data,5d821ff2-b731-493d-8120-aaaf9f524906,3817867,888,1238,108,Indian Super league,2021/2022,India,Regular Season,2022-01-25,7287,Mumbai City,7285,NorthEast United,Pandit Jawaharlal Nehru Stadium,Arumughan Rowan,1,29,29,159771,Ahmed Jahouh,ahmed jahouh,7287,Mumbai City,Right Defensive Midfield,107.9,40.0,120.0,37.0,1.6,Goal,Right Foot,Normal,0.7835,0,162747.0,Subhasish Roy Chowdhury,subhasish roy chowdhury,India,lineup_position_window,,,False,,low_left,1,scored,False,,,,statsbomb_open_data_5d821ff2-b731-493d-8120-aaaf9f524906,2026-06-24T16:04:38.431710+00:00,False,False,False,False,True,True,False
statsbomb_open_data,b2006e2d-1d90-46d7-b15f-f4238a81005f,3817868,417,1238,108,Indian Super league,2021/2022,India,Regular Season,2022-01-26,7284,Bengaluru,7290,Chennaiyin,GMC Athletic Stadium,Pratik Mondal,1,11,35,162205,Iman Basafa,iman basafa,7284,Bengaluru,Right Center Midfield,108.0,40.0,120.0,37.1,1.6,Goal,Right Foot,Normal,0.7835,0,164480.0,Debjit Majumder,debjit majumder,India,lineup_position_window,,,False,,low_left,1,scored,False,,,,statsbomb_open_data_b2006e2d-1d90-46d7-b15f-f4238a81005f,2026-06-24T16:04:38.431710+00:00,False,False,False,False,True,True,False
statsbomb_open_data,f4ce400a-aa61-4b29-bc0f-b3aa99c609d6,3817870,877,1238,108,Indian Super league,2021/2022,India,Regular Season,2022-03-06,7288,Goa,7283,Kerala Blasters,GMC Athletic Stadium,Aditya Purkayastha,1,24,58,28251,Jorge Rolando Pereyra Díaz,jorge rolando pereyra diaz,7283,Kerala Blasters,Left Center Forward,108.0,40.0,120.0,36.7,0.1,Goal,Right Foot,Normal,0.7835,0,159785.0,Hrithik Tiwari,hrithik tiwari,India,lineup_position_window,,,False,,low_left,1,scored,False,,,,statsbomb_open_data_f4ce400a-aa61-4b29-bc0f-b3aa99c609d6,2026-06-24T16:04:38.431710+00:00,False,False,False,False,True,True,False
statsbomb_open_data,4e04632e-11b3-481b-815b-34647f052e22,3817870,2111,1238,108,Indian Super league,2021/2022,India,Regular Season,2022-03-06,7288,Goa,7283,Kerala Blasters,GMC Athletic Stadium,Aditya Purkayastha,2,62,47,13607,Airam López Cabrera,airam lopez cabrera,7288,Goa,Right Center Forward,107.9,40.0,120.0,43.7,1.1,Goal,Left Foot,Normal,0.7835,0,163347.0,Prabhushkan Singh Gill,prabhushkan singh gill,India,lineup_position_window,,,False,,low_right,1,scored,False,,,,statsbomb_open_data_4e04632e-11b3-481b-815b-34647f052e22,2026-06-24T16:04:38.431710+00:00,False,False,False,False,True,True,False
statsbomb_open_data,8aaf557d-83f8-4f60-b4c6-8dbe4f5ac231,3817872,1575,1238,108,Indian Super league,2021/2022,India,Regular Season,2022-02-21,7284,Bengaluru,7291,Odisha,GMC Athletic Stadium,Senthil Nathan,2,48,27,162209,Cleiton Augusto Oliveira Silva,cleiton augusto oliveira silva,7284,Bengaluru,Center Forward,108.0,40.0,120.0,36.5,0.2,Goal,Right Foot,Normal,0.7835,0,124784.0,Kamaljit Singh,kamaljit singh,India,lineup_position_window,,,False,,low_left,1,scored,False,,,,statsbomb_open_data_8aaf557d-83f8-4f60-b4c6-8dbe4f5ac231,2026-06-24T16:04:38.431710+00:00,False,False,False,False,True,True,False
statsbomb_open_data,4b10ed86-e614-4c8b-806d-892eeb56c51c,3817878,2670,1238,108,Indian Super league,2021/2022,India,Regular Season,2022-01-24,7286,East Bengal,7289,SC Delhi,Tilak Maidan Stadium,Rahul Kumar Gupta,2,84,28,32945,Franjo Prce,franjo prce,7286,East Bengal,Left Center Back,107.7,40.0,119.1,37.4,0.6,Saved,Left Foot,Normal,0.7835,0,164482.0,Laxmikant Kattimani,laxmikant kattimani,India,lineup_position_window,,,False,,low_left,0,saved,False,,,,statsbomb_open_data_4b10ed86-e614-4c8b-806d-892eeb56c51c,2026-06-24T16:04:38.431710+00:00,False,False,False,False,True,True,False
statsbomb_open_data,ce5f2da1-36e3-4129-8de9-3b0372d9ebe2,3817881,1159,1238,108,Indian Super league,2021/2022,India,Regular Season,2022-02-10,2021,Jamshedpur,7283,Kerala Blasters,GMC Athletic Stadium,Ashwin Mohanlal Kanojia,1,44,31,13322,Greg Stewart,greg stewart,2021,Jamshedpur,Center Attacking Midfield,108.0,40.0,120.0,43.1,0.1,Goal,Left Foot,Normal,0.7835,0,163347.0,Prabhushkan Singh Gill,prabhushkan singh gill,India,lineup_position_window,,,False,,low_right,1,scored,False,,,,statsbomb_open_data_ce5f2da1-36e3-4129-8de9-3b0372d9ebe2,2026-06-24T16:04:38.431710+00:00,False,False,False,False,True,True,False
statsbomb_open_data,f557ee8e-a66e-4e57-92b9-20f394eefc50,3817881,1237,1238,108,Indian Super league,2021/2022,India,Regular Season,2022-02-10,2021,Jamshedpur,7283,Kerala Blasters,GMC Athletic Stadium,Ashwin Mohanlal Kanojia,2,47,27,13322,Greg Stewart,greg stewart,2021,Jamshedpur,Center Attacking Midfield,108.1,40.1,120.0,40.5,1.9,Goal,Left Foot,Lob,0.7835,0,163347.0,Prabhushkan Singh Gill,prabhushkan singh gill,India,lineup_position_window,,,False,,low_center,1,scored,False,,,,statsbomb_open_data_f557ee8e-a66e-4e57-92b9-20f394eefc50,2026-06-24T16:04:38.431710+00:00,False,False,False,False,True,True,False
statsbomb_open_data,3b9cc563-8740-414f-bc3f-294853de6301,3817888,2285,1238,108,Indian Super league,2021/2022,India,Regular Season,2022-01-29,7282,Mohun Bagan Super Giant,7286,East Bengal,Pandit Jawaharlal Nehru Stadium,Crystal John,2,65,54,163345,David Joel Williams,david joel williams,7282,Mohun Bagan Super Giant,Center Forward,108.0,40.0,120.0,38.0,4.5,Off T,Right Foot,Normal,0.7835,1,161107.0,Arindam Bhattacharja,arindam bhattacharja,India,lineup_position_window,119.3,40.2,True,,high_left,0,missed,False,,,,statsbomb_open_data_3b9cc563-8740-414f-bc3f-294853de6301,2026-06-24T16:04:38.431710+00:00,False,False,False,False,False,False,False
statsbomb_open_data,fd53059f-3720-4a87-8c88-c37fd64f325e,3817892,223,1238,108,Indian Super league,2021/2022,India,Regular Season,2022-02-24,7291,Odisha,7282,Mohun Bagan Super Giant,Tilak Maidan Stadium,Aditya Purkayastha,1,7,13,24303,Joni Ensio Kauko,joni ensio kauko,7282,ATK Mohun Bagan,Center Attacking Midfield,108.1,40.1,120.0,43.2,1.1,Goal,Right Foot,Normal,0.7835,0,124784.0,Kamaljit Singh,kamaljit singh,India,lineup_position_window,,,False,,low_right,1,scored,False,,,,statsbomb_open_data_fd53059f-3720-4a87-8c88-c37fd64f325e,2026-06-24T16:04:38.431710+00:00,False,False,False,False,True,True,False
statsbomb_open_data,7f87538a-ee24-451e-8c3d-86705d182c5c,3817892,847,1238,108,Indian Super league,2021/2022,India,Regular Season,2022-02-24,7291,Odisha,7282,Mohun Bagan Super Giant,Tilak Maidan Stadium,Aditya Purkayastha,1,23,32,8150,Francisco Javier Hernández González,francisco javier hernandez gonzalez,7291,Odisha,Center Attacking Midfield,107.9,40.0,119.1,42.6,0.2,Saved,Left Foot,Normal,0.7835,0,124773.0,Amrinder Singh,amrinder singh,India,lineup_position_window,,,False,,low_right,0,saved,False,,,,statsbomb_open_data_7f87538a-ee24-451e-8c3d-86705d182c5c,2026-06-24T16:04:38.431710+00:00,False,False,False,False,True,True,False
statsbomb_open_data,b7275fce-e43c-448f-9d2a-40ff6ea6fc3f,3817893,1970,1238,108,Indian Super league,2021/2022,India,Regular Season,2022-02-28,7286,East Bengal,7285,NorthEast United,Tilak Maidan Stadium,Tejas Nagvenkar,2,54,51,161111,Antonio Perošević,antonio perosevic,7286,East Bengal,Right Center Forward,108.1,40.1,120.0,36.6,1.8,Goal,Left Foot,Normal,0.7835,0,162754.0,Mirshad Koottappunna,mirshad koottappunna,India,lineup_position_window,,,False,,low_left,1,scored,False,,,,statsbomb_open_data_b7275fce-e43c-448f-9d2a-40ff6ea6fc3f,2026-06-24T16:04:38.431710+00:00,False,False,False,False,True,True,False
statsbomb_open_data,1971955a-f890-45d2-8322-32f1058f7982,3817894,1973,1238,108,Indian Super league,2021/2022,India,Regular Season,2022-02-01,7288,Goa,7291,Odisha,GMC Athletic Stadium,Senthil Nathan,2,60,37,8584,Jonathas Cristian de Jesus,jonathas cristian de jesus,7291,Odisha,Center Attacking Midfield,108.2,40.1,120.0,37.1,2.4,Goal,Right Foot,Normal,0.7835,0,165322.0,Naveen Kumar,naveen kumar,India,lineup_position_window,,,False,,high_left,1,scored,False,,,,statsbomb_open_data_1971955a-f890-45d2-8322-32f1058f7982,2026-06-24T16:04:38.431710+00:00,False,False,False,False,True,True,False
statsbomb_open_data,0ed41550-f9f8-4d29-bef2-fee02a7dc700,3817898,523,1238,108,Indian Super league,2021/2022,India,Regular Season,2022-02-26,7288,Goa,7287,Mumbai City,GMC Athletic Stadium,Rahul Kumar Gupta,1,17,29,13607,Airam López Cabrera,airam lopez cabrera,7288,Goa,Center Forward,108.0,40.0,119.3,38.4,0.6,Saved,Left Foot,Normal,0.7835,0,159775.0,Mohammad Nawaz,mohammad nawaz,India,lineup_position_window,,,False,,low_left,0,saved,False,,,,statsbomb_open_data_0ed41550-f9f8-4d29-bef2-fee02a7dc700,2026-06-24T16:04:38.431710+00:00,False,False,False,False,True,True,False
statsbomb_open_data,dbbd1c6f-d647-41bd-81cf-403505b0a940,3817901,2469,1238,108,Indian Super league,2021/2022,India,Regular Season,2022-02-17,2021,Jamshedpur,7287,Mumbai City,GMC Athletic Stadium,Harish Kundu,2,70,1,8038,Igor Angulo Albóniga,igor angulo alboniga,7287,Mumbai City,Center Forward,107.9,40.0,118.9,40.6,0.3,Saved,Left Foot,Normal,0.7835,0,161097.0,Rehnesh Thumbirumbu Paramba,rehnesh thumbirumbu paramba,India,lineup_position_window,,,False,,low_center,0,saved,False,,,,statsbomb_open_data_dbbd1c6f-d647-41bd-81cf-403505b0a940,2026-06-24T16:04:38.431710+00:00,False,False,False,False,True,True,False
statsbomb_open_data,e1ae6a21-5ebf-4df4-9ad9-21888f9050f5,3817901,2867,1238,108,Indian Super league,2021/2022,India,Regular Season,2022-02-17,2021,Jamshedpur,7287,Mumbai City,GMC Athletic Stadium,Harish Kundu,2,85,11,192018,Diego Maurício Machado de Brito,diego mauricio machado de brito,7287,Mumbai City,Center Forward,108.0,40.0,120.0,40.1,1.3,Goal,Right Foot,Normal,0.7835,0,161097.0,Rehnesh Thumbirumbu Paramba,rehnesh thumbirumbu paramba,India,lineup_position_window,,,False,,low_center,1,scored,False,,,,statsbomb_open_data_e1ae6a21-5ebf-4df4-9ad9-21888f9050f5,2026-06-24T16:04:38.431710+00:00,False,False,False,False,True,True,False
statsbomb_open_data,a1b75ba2-1261-480c-8726-9369b1f44ea3,3817901,2958,1238,108,Indian Super league,2021/2022,India,Regular Season,2022-02-17,2021,Jamshedpur,7287,Mumbai City,GMC Athletic Stadium,Harish Kundu,2,93,5,13322,Greg Stewart,greg stewart,2021,Jamshedpur,Center Attacking Midfield,108.1,40.1,120.0,43.4,0.3,Goal,Left Foot,Normal,0.7835,0,159775.0,Mohammad Nawaz,mohammad nawaz,India,lineup_position_window,,,False,,low_right,1,scored,False,,,,statsbomb_open_data_a1b75ba2-1261-480c-8726-9369b1f44ea3,2026-06-24T16:04:38.431710+00:00,False,False,False,False,True,True,False
statsbomb_open_data,293981df-86fe-4e2f-b9d0-e8560208dc9f,3825572,2275,11,27,La Liga,2015/2016,Spain,Regular Season,2015-08-29,220,Real Madrid,218,Real Betis,Bernabéu,Alejandro José Hernández Hernández,2,60,33,6832,Rubén Castro Martín,ruben castro martin,218,Real Betis,Left Center Forward,108.2,40.0,118.3,42.4,1.3,Saved,Right Foot,Normal,0.7835,1,5597.0,Keylor Navas Gamboa,keylor navas gamboa,Costa Rica,lineup_position_window,119.3,40.3,True,,low_right,0,saved,False,,,,statsbomb_open_data_293981df-86fe-4e2f-b9d0-e8560208dc9f,2026-06-24T16:04:38.431710+00:00,False,False,False,False,False,False,False
statsbomb_open_data,7779b5db-a981-4dca-8240-910e8ad07172,3825574,383,11,27,La Liga,2015/2016,Spain,Regular Season,2015-08-29,209,Celta Vigo,360,Rayo Vallecano,Abanca-Balaídos,Juan Martínez Munuera,1,10,37,6724,Manuel Agudo Durán,manuel agudo duran,209,Celta Vigo,Left Wing,107.9,39.9,120.0,38.3,0.3,Goal,Right Foot,Normal,0.7835,0,24255.0,Juan Carlos Martín Corral,juan carlos martin corral,Spain,lineup_fallback_first_gk,,,False,,low_left,1,scored,False,,,,statsbomb_open_data_7779b5db-a981-4dca-8240-910e8ad07172,2026-06-24T16:04:38.431710+00:00,False,False,False,False,True,True,False
statsbomb_open_data,6036194b-3aed-4166-af83-4057b109a7a8,3825577,876,11,27,La Liga,2015/2016,Spain,Regular Season,2015-08-30,216,Getafe,1049,Granada,Coliseum Alfonso Pérez,Eduardo Prieto Iglesias,1,25,51,27109,Youssef El-Arabi,youssef el-arabi,1049,Granada,Center Forward,108.0,40.1,120.0,43.5,0.8,Goal,Right Foot,Normal,0.7835,0,6625.0,Vicente Guaita Panadero,vicente guaita panadero,Spain,lineup_position_window,,,False,,low_right,1,scored,False,,,,statsbomb_open_data_6036194b-3aed-4166-af83-4057b109a7a8,2026-06-24T16:04:38.431710+00:00,False,False,False,False,True,True,False
statsbomb_open_data,7f3a24ed-2f71-499b-8654-e1e23b2fbff9,3825578,1231,11,27,La Liga,2015/2016,Spain,Regular Season,2015-08-30,322,Eibar,215,Athletic Club,Estadio Municipal de Ipurúa,David Fernández Borbalan,1,33,5,24070,Saúl Berjón Pérez,saul berjon perez,322,Eibar,Left Wing,108.2,40.2,120.0,40.1,2.0,Goal,Right Foot,Normal,0.7835,0,6576.0,Gorka Iraizoz Moreno,gorka iraizoz moreno,Spain,lineup_position_window,,,False,,high_center,1,scored,False,,,,statsbomb_open_data_7f3a24ed-2f71-499b-8654-e1e23b2fbff9,2026-06-24T16:04:38.431710+00:00,False,False,False,False,True,True,False
statsbomb_open_data,08e6ac68-c357-43c0-8293-0155ff88fc43,3825581,628,11,27,La Liga,2015/2016,Spain,Regular Season,2015-09-12,214,Espanyol,220,Real Madrid,Stage Front Stadium,Iñaki Bikandi Garrido,1,16,35,5207,Cristiano Ronaldo dos Santos Aveiro,cristiano ronaldo dos santos aveiro,220,Real Madrid,Left Wing,107.8,40.1,120.0,43.3,0.3,Goal,Right Foot,Normal,0.7835,0,6792.0,Pau López Sabata,pau lopez sabata,Spain,lineup_position_window,,,False,,low_right,1,scored,False,,,,statsbomb_open_data_08e6ac68-c357-43c0-8293-0155ff88fc43,2026-06-24T16:04:38.431710+00:00,False,False,False,False,True,True,False
statsbomb_open_data,749be3a1-afaa-4070-ab21-d617877cb869,3825585,392,11,27,La Liga,2015/2016,Spain,Regular Season,2015-09-13,209,Celta Vigo,208,Las Palmas,Abanca-Balaídos,Xavier Estrada Fernández,1,12,46,7105,Fabián Ariel Orellana Valenzuela,fabian ariel orellana valenzuela,209,Celta Vigo,Right Wing,108.0,39.8,120.0,43.2,0.4,Goal,Right Foot,Normal,0.7835,0,7905.0,Raúl Lizoáin Cruz,raul lizoain cruz,Spain,lineup_fallback_first_gk,,,False,,low_right,1,scored,False,,,,statsbomb_open_data_749be3a1-afaa-4070-ab21-d617877cb869,2026-06-24T16:04:38.431710+00:00,False,False,False,False,True,True,False
statsbomb_open_data,79bcdc9c-226c-48a0-824a-e16b13c4d3eb,3825592,1571,11,27,La Liga,2015/2016,Spain,Regular Season,2015-09-19,210,Real Sociedad,214,Espanyol,Reale Arena,Pedro Jesús Pérez Montero,1,43,46,6766,Gerard Moreno Balaguero,gerard moreno balaguero,214,Espanyol,Center Forward,108.0,40.1,120.0,43.2,0.2,Goal,Left Foot,Normal,0.7835,0,6692.0,Oier Olazábal Paredes,oier olazabal paredes,Spain,lineup_fallback_first_gk,,,False,,low_right,1,scored,False,,,,statsbomb_open_data_79bcdc9c-226c-48a0-824a-e16b13c4d3eb,2026-06-24T16:04:38.431710+00:00,False,False,False,False,True,True,False
statsbomb_open_data,6bdd9d9a-43a5-435a-82ea-a032432a5ad7,3825595,1349,11,27,La Liga,2015/2016,Spain,Regular Season,2015-09-20,222,Villarreal,215,Athletic Club,Estadio de la Cerámica,Carlos Clos Gómez,1,42,9,22819,Bruno Soriano Llido,bruno soriano llido,222,Villarreal,Left Defensive Midfield,108.0,40.1,120.0,36.8,0.2,Goal,Left Foot,Normal,0.7835,0,6576.0,Gorka Iraizoz Moreno,gorka iraizoz moreno,Spain,lineup_position_window,,,False,,low_left,1,scored,False,,,,statsbomb_open_data_6bdd9d9a-43a5-435a-82ea-a032432a5ad7,2026-06-24T16:04:38.431710+00:00,False,False,False,False,True,True,False
statsbomb_open_data,01630a51-3af5-420c-b187-4e1182d08ee5,3825601,1299,11,27,La Liga,2015/2016,Spain,Regular Season,2015-09-23,360,Rayo Vallecano,1041,Sporting Gijón,Estadio de Vallecas,Iñaki Bikandi Garrido,1,39,10,26848,Roberto Trashorras Gayoso,roberto trashorras gayoso,360,Rayo Vallecano,Left Defensive Midfield,108.0,40.1,120.0,37.3,1.2,Goal,Right Foot,Normal,0.7835,0,11537.0,Alberto García Cabrera,alberto garcia cabrera,Spain,lineup_position_window,,,False,,low_left,1,scored,False,,,,statsbomb_open_data_01630a51-3af5-420c-b187-4e1182d08ee5,2026-06-24T16:04:38.431710+00:00,False,False,False,False,True,True,False
statsbomb_open_data,c993f4e8-1930-4e5a-9af0-08d233db1497,3825615,1241,11,27,La Liga,2015/2016,Spain,Regular Season,2015-10-03,214,Espanyol,1041,Sporting Gijón,Stage Front Stadium,Carlos Clos Gómez,1,29,6,7781,Felipe Salvador Caicedo Corozo,felipe salvador caicedo corozo,214,Espanyol,Center Forward,108.2,40.1,119.4,42.6,0.9,Saved,Left Foot,Normal,0.7835,0,11537.0,Alberto García Cabrera,alberto garcia cabrera,Spain,lineup_position_window,,,False,,low_right,0,saved,False,,,,statsbomb_open_data_c993f4e8-1930-4e5a-9af0-08d233db1497,2026-06-24T16:04:38.431710+00:00,False,False,False,False,True,True,False
statsbomb_open_data,7346757a-d8fc-41f3-88f5-ad48ef27e2e0,3825617,2487,11,27,La Liga,2015/2016,Spain,Regular Season,2015-10-03,213,Sevilla,217,Barcelona,Estadio Ramón Sánchez Pizjuán,Jesús Gil Manzano,2,73,24,4320,Neymar da Silva Santos Junior,neymar da silva santos junior,217,Barcelona,Left Wing,107.8,40.2,120.0,36.9,0.2,Goal,Right Foot,Normal,0.7835,0,6823.0,Sergio Rico González,sergio rico gonzalez,Spain,lineup_position_window,,,False,,low_left,1,scored,False,,,,statsbomb_open_data_7346757a-d8fc-41f3-88f5-ad48ef27e2e0,2026-06-24T16:04:38.431710+00:00,False,False,False,False,True,True,False
statsbomb_open_data,41084647-c3a3-41ad-9955-b4f29239ed5f,3825621,1068,11,27,La Liga,2015/2016,Spain,Regular Season,2015-10-04,212,Atlético Madrid,220,Real Madrid,Estadio Vicente Calderón,Alberto Undiano Mallenco,1,21,49,5487,Antoine Griezmann,antoine griezmann,212,Atlético Madrid,Right Midfield,107.9,40.0,119.1,41.7,0.8,Saved,Left Foot,Normal,0.7835,0,5597.0,Keylor Navas Gamboa,keylor navas gamboa,Costa Rica,lineup_position_window,,,False,,low_right,0,saved,False,,,,statsbomb_open_data_41084647-c3a3-41ad-9955-b4f29239ed5f,2026-06-24T16:04:38.431710+00:00,False,False,False,False,True,True,False
statsbomb_open_data,30ca1d72-3731-428e-a2b3-300dd50f9a97,3825623,1276,11,27,La Liga,2015/2016,Spain,Regular Season,2015-10-17,207,Valencia,223,Málaga,Estadio de Mestalla,Alejandro José Hernández Hernández,1,38,20,25859,Sérgio Paulo Barbosa Valente,sergio paulo barbosa valente,223,Málaga,Center Attacking Midfield,108.0,40.0,118.8,42.4,0.4,Saved,Left Foot,Normal,0.7835,1,6898.0,Jaume Doménech Sánchez,jaume domenech sanchez,Spain,lineup_position_window,118.9,40.3,True,,low_right,0,saved,False,,,,statsbomb_open_data_30ca1d72-3731-428e-a2b3-300dd50f9a97,2026-06-24T16:04:38.431710+00:00,False,False,False,False,False,False,False
statsbomb_open_data,1513a3cb-8e3a-48c9-9806-f5541927acf4,3825623,3306,11,27,La Liga,2015/2016,Spain,Regular Season,2015-10-17,207,Valencia,223,Málaga,Estadio de Mestalla,Alejandro José Hernández Hernández,2,87,56,6595,Daniel Parejo Muñoz,daniel parejo munoz,207,Valencia,Right Center Midfield,108.2,40.0,120.0,39.5,1.3,Goal,Right Foot,Normal,0.7835,0,26103.0,Idriss Carlos Kameni,idriss carlos kameni,Cameroon,lineup_position_window,,,False,,low_center,1,scored,False,,,,statsbomb_open_data_1513a3cb-8e3a-48c9-9806-f5541927acf4,2026-06-24T16:04:38.431710+00:00,False,False,False,False,True,True,False
statsbomb_open_data,dcec0f46-2b2a-41df-a59e-4972ae39830d,3825627,946,11,27,La Liga,2015/2016,Spain,Regular Season,2015-10-17,217,Barcelona,360,Rayo Vallecano,Spotify Camp Nou,Pedro Jesús Pérez Montero,1,21,38,4320,Neymar da Silva Santos Junior,neymar da silva santos junior,217,Barcelona,Left Wing,107.5,39.9,120.0,37.5,0.0,Goal,Right Foot,Normal,0.7835,0,26070.0,Antonio Rodríguez Martínez,antonio rodriguez martinez,Spain,lineup_position_window,,,False,,low_left,1,scored,False,,,,statsbomb_open_data_dcec0f46-2b2a-41df-a59e-4972ae39830d,2026-06-24T16:04:38.431710+00:00,False,False,False,False,True,True,False
statsbomb_open_data,43e84a51-2886-4b36-9e04-ec43603b33df,3825627,1327,11,27,La Liga,2015/2016,Spain,Regular Season,2015-10-17,217,Barcelona,360,Rayo Vallecano,Spotify Camp Nou,Pedro Jesús Pérez Montero,1,31,44,4320,Neymar da Silva Santos Junior,neymar da silva santos junior,217,Barcelona,Left Wing,107.3,40.1,120.0,42.6,0.1,Goal,Right Foot,Normal,0.7835,0,26070.0,Antonio Rodríguez Martínez,antonio rodriguez martinez,Spain,lineup_position_window,,,False,,low_right,1,scored,False,,,,statsbomb_open_data_43e84a51-2886-4b36-9e04-ec43603b33df,2026-06-24T16:04:38.431710+00:00,False,False,False,False,True,True,False
statsbomb_open_data,f6471401-52d8-47fd-9266-dfab7eb200c8,3825633,1082,11,27,La Liga,2015/2016,Spain,Regular Season,2015-10-23,360,Rayo Vallecano,214,Espanyol,Estadio de Vallecas,Eduardo Prieto Iglesias,1,35,9,26848,Roberto Trashorras Gayoso,roberto trashorras gayoso,360,Rayo Vallecano,Left Defensive Midfield,107.9,40.0,120.0,36.5,0.5,Goal,Right Foot,Normal,0.7835,0,6792.0,Pau López Sabata,pau lopez sabata,Spain,lineup_position_window,,,False,,low_left,1,scored,False,,,,statsbomb_open_data_f6471401-52d8-47fd-9266-dfab7eb200c8,2026-06-24T16:04:38.431710+00:00,False,False,False,False,True,True,False
statsbomb_open_data,23215017-edbc-42cc-95c6-9e6dea194cc3,3825633,3131,11,27,La Liga,2015/2016,Spain,Regular Season,2015-10-23,360,Rayo Vallecano,214,Espanyol,Estadio de Vallecas,Eduardo Prieto Iglesias,2,92,43,6624,Jorge Franco Alviz,jorge franco alviz,214,Espanyol,Right Wing,108.0,40.0,118.7,42.7,0.3,Saved,Right Foot,Normal,0.7835,0,26070.0,Antonio Rodríguez Martínez,antonio rodriguez martinez,Spain,lineup_position_window,,,False,,low_right,0,saved,False,,,,statsbomb_open_data_23215017-edbc-42cc-95c6-9e6dea194cc3,2026-06-24T16:04:38.431710+00:00,False,False,False,False,True,True,False
statsbomb_open_data,eb18353a-904f-46b0-bb68-a50ad4786883,3825634,1516,11,27,La Liga,2015/2016,Spain,Regular Season,2015-10-24,1049,Granada,218,Real Betis,Estadio Nuevo Los Cármenes,Antonio Miguel Mateu Lahoz,1,39,26,6832,Rubén Castro Martín,ruben castro martin,218,Real Betis,Left Center Forward,108.1,40.1,120.0,37.1,0.2,Goal,Right Foot,Normal,0.7835,0,8697.0,Andrés Eduardo Fernández Moreno,andres eduardo fernandez moreno,Spain,lineup_position_window,,,False,,low_left,1,scored,False,,,,statsbomb_open_data_eb18353a-904f-46b0-bb68-a50ad4786883,2026-06-24T16:04:38.431710+00:00,False,False,False,False,True,True,False
statsbomb_open_data,2cbc98da-2496-4b1b-8cdf-1960ab333210,3825638,2837,11,27,La Liga,2015/2016,Spain,Regular Season,2015-10-25,212,Atlético Madrid,207,Valencia,Estadio Vicente Calderón,Jesús Gil Manzano,2,71,44,6402,Francisco Alcácer García,francisco alcacer garcia,207,Valencia,Center Forward,108.2,40.0,120.0,37.2,1.0,Goal,Right Foot,Normal,0.7835,0,6378.0,Jan Oblak,jan oblak,Slovenia,lineup_position_window,,,False,,low_left,1,scored,False,,,,statsbomb_open_data_2cbc98da-2496-4b1b-8cdf-1960ab333210,2026-06-24T16:04:38.431710+00:00,False,False,False,False,True,True,False
statsbomb_open_data,30feeb98-1331-47f1-b475-06a08b86b248,3825641,1486,11,27,La Liga,2015/2016,Spain,Regular Season,2015-10-26,215,Athletic Club,1041,Sporting Gijón,San Mamés Barria,Ignacio Iglesias Villanueva,1,41,9,6394,Aritz Aduriz Zubeldia,aritz aduriz zubeldia,215,Athletic Club,Center Forward,108.0,40.0,119.2,42.4,0.4,Saved,Right Foot,Normal,0.7835,1,11537.0,Alberto García Cabrera,alberto garcia cabrera,Spain,lineup_position_window,119.8,40.3,True,,low_right,0,saved,False,,,,statsbomb_open_data_30feeb98-1331-47f1-b475-06a08b86b248,2026-06-24T16:04:38.431710+00:00,False,False,False,False,False,False,False
statsbomb_open_data,f64f1ca7-670b-476a-aa50-92edc7928fe2,3825647,1949,11,27,La Liga,2015/2016,Spain,Regular Season,2015-10-31,207,Valencia,221,Levante UD,Estadio de Mestalla,Ricardo De Burgos Bengoetxea,2,63,21,6402,Francisco Alcácer García,francisco alcacer garcia,207,Valencia,Center Forward,107.8,39.4,120.0,37.0,0.3,Goal,Right Foot,Normal,0.7835,0,6730.0,Rubén Iván Martínez Andrade,ruben ivan martinez andrade,Spain,lineup_position_window,,,False,,low_left,1,scored,False,,,,statsbomb_open_data_f64f1ca7-670b-476a-aa50-92edc7928fe2,2026-06-24T16:04:38.431710+00:00,False,False,False,False,True,True,False
statsbomb_open_data,e161ed8c-2532-4d28-af7a-2b2bee93a3ea,3825650,2566,11,27,La Liga,2015/2016,Spain,Regular Season,2015-11-01,218,Real Betis,215,Athletic Club,Estadio Benito Villamarín,José Luis González González,2,66,23,6832,Rubén Castro Martín,ruben castro martin,218,Real Betis,Left Wing,108.2,40.0,120.0,38.8,1.3,Goal,Right Foot,Normal,0.7835,0,6576.0,Gorka Iraizoz Moreno,gorka iraizoz moreno,Spain,lineup_position_window,,,False,,low_center,1,scored,False,,,,statsbomb_open_data_e161ed8c-2532-4d28-af7a-2b2bee93a3ea,2026-06-24T16:04:38.431710+00:00,False,False,False,False,True,True,False
statsbomb_open_data,94d796f9-c6c9-4585-aba6-501b2ac9b6cb,3825653,2020,11,27,La Liga,2015/2016,Spain,Regular Season,2015-11-07,322,Eibar,216,Getafe,Estadio Municipal de Ipurúa,Ignacio Iglesias Villanueva,2,60,56,24070,Saúl Berjón Pérez,saul berjon perez,322,Eibar,Left Midfield,107.9,40.0,120.0,37.4,2.2,Goal,Right Foot,Normal,0.7835,0,6625.0,Vicente Guaita Panadero,vicente guaita panadero,Spain,lineup_position_window,,,False,,high_left,1,scored,False,,,,statsbomb_open_data_94d796f9-c6c9-4585-aba6-501b2ac9b6cb,2026-06-24T16:04:38.431710+00:00,False,False,False,False,True,True,False
statsbomb_open_data,5784f19d-1b79-47df-afd7-21b77226e67a,3825660,2634,11,27,La Liga,2015/2016,Spain,Regular Season,2015-11-08,217,Barcelona,222,Villarreal,Spotify Camp Nou,Carlos Clos Gómez,2,69,42,5246,Luis Alberto Suárez Díaz,luis alberto suarez diaz,217,Barcelona,Center Forward,108.4,40.1,120.0,36.8,0.3,Goal,Right Foot,Normal,0.7835,0,3379.0,Alphonse Areola,alphonse areola,France,lineup_position_window,,,False,,low_left,1,scored,False,,,,statsbomb_open_data_5784f19d-1b79-47df-afd7-21b77226e67a,2026-06-24T16:04:38.431710+00:00,False,False,False,False,True,True,False
statsbomb_open_data,224cd4dd-5147-4abf-a155-2e13675f8239,3825662,867,11,27,La Liga,2015/2016,Spain,Regular Season,2015-11-21,219,RC Deportivo La Coruña,209,Celta Vigo,Estadio Abanca-Riazor,Alfonso Álvarez Izquierdo,1,25,54,6724,Manuel Agudo Durán,manuel agudo duran,209,Celta Vigo,Left Wing,107.9,40.1,119.6,36.9,0.3,Saved,Right Foot,Normal,0.7835,0,27305.0,Germán Darío Lux,german dario lux,Argentina,lineup_position_window,,,False,,low_left,0,saved,False,,,,statsbomb_open_data_224cd4dd-5147-4abf-a155-2e13675f8239,2026-06-24T16:04:38.431710+00:00,False,False,False,False,True,True,False
statsbomb_open_data,fc1e4624-7cb7-415f-8f81-8d3859fb8ac5,3825667,1302,11,27,La Liga,2015/2016,Spain,Regular Season,2015-11-22,222,Villarreal,322,Eibar,Estadio de la Cerámica,Eduardo Prieto Iglesias,1,41,9,6775,Daniel García Carrillo,daniel garcia carrillo,322,Eibar,Left Defensive Midfield,108.0,39.9,119.2,37.8,0.5,Saved,Right Foot,Normal,0.7835,0,3379.0,Alphonse Areola,alphonse areola,France,lineup_position_window,,,False,,low_left,0,saved,False,,,,statsbomb_open_data_fc1e4624-7cb7-415f-8f81-8d3859fb8ac5,2026-06-24T16:04:38.431710+00:00,False,False,False,False,True,True,False
statsbomb_open_data,24623ca2-f456-46e1-9d47-5a0919699e0d,3825668,2373,11,27,La Liga,2015/2016,Spain,Regular Season,2015-11-22,1041,Sporting Gijón,221,Levante UD,Estadio Municipal El Molinón,Mario Melero López,2,62,11,6581,Jonathan Rodríguez Menéndez,jonathan rodriguez menendez,1041,Sporting Gijón,Left Wing,108.2,40.1,119.0,37.6,0.9,Saved,Left Foot,Normal,0.7835,0,6730.0,Rubén Iván Martínez Andrade,ruben ivan martinez andrade,Spain,lineup_position_window,,,False,,low_left,0,saved,False,,,,statsbomb_open_data_24623ca2-f456-46e1-9d47-5a0919699e0d,2026-06-24T16:04:38.431710+00:00,False,False,False,False,True,True,False
statsbomb_open_data,6d65708a-6e59-431c-8b54-396edd8446ac,3825669,2477,11,27,La Liga,2015/2016,Spain,Regular Season,2015-11-23,216,Getafe,360,Rayo Vallecano,Coliseum Alfonso Pérez,Ricardo De Burgos Bengoetxea,2,72,17,26848,Roberto Trashorras Gayoso,roberto trashorras gayoso,360,Rayo Vallecano,Right Defensive Midfield,108.3,40.1,119.7,39.2,1.0,Saved,Right Foot,Normal,0.7835,0,6625.0,Vicente Guaita Panadero,vicente guaita panadero,Spain,lineup_position_window,,,False,,low_center,0,saved,False,,,,statsbomb_open_data_6d65708a-6e59-431c-8b54-396edd8446ac,2026-06-24T16:04:38.431710+00:00,False,False,False,False,True,True,False
statsbomb_open_data,ff383dfd-4d78-4cca-8ba5-fde4b2a738a5,3825675,858,11,27,La Liga,2015/2016,Spain,Regular Season,2015-11-29,360,Rayo Vallecano,215,Athletic Club,Estadio de Vallecas,Alejandro José Hernández Hernández,1,23,45,6394,Aritz Aduriz Zubeldia,aritz aduriz zubeldia,215,Athletic Club,Center Forward,108.0,40.0,120.0,40.2,1.9,Goal,Right Foot,Normal,0.7835,0,24255.0,Juan Carlos Martín Corral,juan carlos martin corral,Spain,lineup_position_window,,,False,,low_center,1,scored,False,,,,statsbomb_open_data_ff383dfd-4d78-4cca-8ba5-fde4b2a738a5,2026-06-24T16:04:38.431710+00:00,False,False,False,False,True,True,False
statsbomb_open_data,22196389-dbad-4e0a-aeba-1573f2a15811,3825678,3105,11,27,La Liga,2015/2016,Spain,Regular Season,2015-11-29,322,Eibar,220,Real Madrid,Estadio Municipal de Ipurúa,Jesús Gil Manzano,2,81,34,5207,Cristiano Ronaldo dos Santos Aveiro,cristiano ronaldo dos santos aveiro,220,Real Madrid,Center Forward,108.0,40.1,120.0,41.7,0.2,Goal,Right Foot,Normal,0.7835,0,10763.0,Asier Riesgo Unamuno,asier riesgo unamuno,Spain,lineup_position_window,,,False,,low_right,1,scored,False,,,,statsbomb_open_data_22196389-dbad-4e0a-aeba-1573f2a15811,2026-06-24T16:04:38.431710+00:00,False,False,False,False,True,True,False
statsbomb_open_data,60cafe12-0843-4f37-8b43-19e765707851,3825692,2602,11,27,La Liga,2015/2016,Spain,Regular Season,2015-12-12,213,Sevilla,1041,Sporting Gijón,Estadio Ramón Sánchez Pizjuán,Carlos del Cerro Grande,2,74,36,6401,Kevin Gameiro,kevin gameiro,213,Sevilla,Left Center Forward,108.1,40.1,120.0,37.9,1.2,Goal,Right Foot,Normal,0.7835,0,6610.0,Iván Cuéllar Sacristán,ivan cuellar sacristan,Spain,lineup_position_window,,,False,,low_left,1,scored,False,,,,statsbomb_open_data_60cafe12-0843-4f37-8b43-19e765707851,2026-06-24T16:04:38.431710+00:00,False,False,False,False,True,True,False
statsbomb_open_data,8921ffc8-bfbc-4395-8e5d-535eaea0edaa,3825694,2230,11,27,La Liga,2015/2016,Spain,Regular Season,2015-12-13,322,Eibar,207,Valencia,Estadio Municipal de Ipurúa,José Luis González González,2,65,19,24070,Saúl Berjón Pérez,saul berjon perez,322,Eibar,Left Midfield,108.0,40.0,119.0,37.1,1.0,Saved,Right Foot,Normal,0.7835,1,6898.0,Jaume Doménech Sánchez,jaume domenech sanchez,Spain,lineup_position_window,118.3,40.0,True,,low_left,0,saved,False,,,,statsbomb_open_data_8921ffc8-bfbc-4395-8e5d-535eaea0edaa,2026-06-24T16:04:38.431710+00:00,False,False,False,False,False,False,False
statsbomb_open_data,9ebeb50a-cd24-470a-980e-e2ac70c5ad11,3825698,1320,11,27,La Liga,2015/2016,Spain,Regular Season,2015-12-19,219,RC Deportivo La Coruña,322,Eibar,Estadio Abanca-Riazor,Xavier Estrada Fernández,1,40,27,6732,Lucas Pérez Martínez,lucas perez martinez,219,RC Deportivo La Coruña,Right Center Forward,108.1,40.1,120.0,41.9,0.1,Goal,Left Foot,Normal,0.7835,0,10763.0,Asier Riesgo Unamuno,asier riesgo unamuno,Spain,lineup_position_window,,,False,,low_right,1,scored,False,,,,statsbomb_open_data_9ebeb50a-cd24-470a-980e-e2ac70c5ad11,2026-06-24T16:04:38.431710+00:00,False,False,False,False,True,True,False
statsbomb_open_data,116307e4-925f-4c09-b700-8b47896d1b19,3825700,907,11,27,La Liga,2015/2016,Spain,Regular Season,2015-12-20,220,Real Madrid,360,Rayo Vallecano,Bernabéu,Ignacio Iglesias Villanueva,1,29,25,5207,Cristiano Ronaldo dos Santos Aveiro,cristiano ronaldo dos santos aveiro,220,Real Madrid,Left Wing,108.0,40.0,120.0,36.6,0.5,Goal,Right Foot,Normal,0.7835,0,10612.0,Yoel Rodríguez Oterino,yoel rodriguez oterino,Spain,lineup_position_window,,,False,,low_left,1,scored,False,,,,statsbomb_open_data_116307e4-925f-4c09-b700-8b47896d1b19,2026-06-24T16:04:38.431710+00:00,False,False,False,False,True,True,False
statsbomb_open_data,44aafbae-ac76-4156-bbc0-90796ea5126c,3825707,2874,11,27,La Liga,2015/2016,Spain,Regular Season,2015-12-30,208,Las Palmas,1049,Granada,Estadio de Gran Canaria,Santiago Jaime Latre,2,79,38,10755,Jonathan Viera Ramos,jonathan viera ramos,208,Las Palmas,Left Wing,108.0,40.1,120.0,38.5,0.4,Goal,Right Foot,Normal,0.7835,0,8697.0,Andrés Eduardo Fernández Moreno,andres eduardo fernandez moreno,Spain,lineup_position_window,,,False,,low_left,1,scored,False,,,,statsbomb_open_data_44aafbae-ac76-4156-bbc0-90796ea5126c,2026-06-24T16:04:38.431710+00:00,False,False,False,False,True,True,False
statsbomb_open_data,96e10880-2bfb-47c6-a63e-9499469f7d62,3825710,933,11,27,La Liga,2015/2016,Spain,Regular Season,2015-12-30,220,Real Madrid,210,Real Sociedad,Bernabéu,José Luis González González,1,23,13,5207,Cristiano Ronaldo dos Santos Aveiro,cristiano ronaldo dos santos aveiro,220,Real Madrid,Left Wing,108.0,40.0,120.0,41.5,5.3,Off T,Right Foot,Normal,0.7835,1,6694.0,Gerónimo Rulli,geronimo rulli,Argentina,lineup_position_window,119.3,40.0,True,,high_right,0,missed,False,,,,statsbomb_open_data_96e10880-2bfb-47c6-a63e-9499469f7d62,2026-06-24T16:04:38.431710+00:00,False,False,False,False,False,False,False
statsbomb_open_data,93399b51-5c0f-459c-bf20-0697be99196b,3825710,1606,11,27,La Liga,2015/2016,Spain,Regular Season,2015-12-30,220,Real Madrid,210,Real Sociedad,Bernabéu,José Luis González González,1,41,45,5207,Cristiano Ronaldo dos Santos Aveiro,cristiano ronaldo dos santos aveiro,220,Real Madrid,Left Wing,107.9,40.0,120.0,43.8,0.7,Goal,Right Foot,Normal,0.7835,0,6694.0,Gerónimo Rulli,geronimo rulli,Argentina,lineup_position_window,,,False,,low_right,1,scored,False,,,,statsbomb_open_data_93399b51-5c0f-459c-bf20-0697be99196b,2026-06-24T16:04:38.431710+00:00,False,False,False,False,True,True,False
statsbomb_open_data,0d193453-5113-4d31-8652-8b0bf2d3b049,3825715,2209,11,27,La Liga,2015/2016,Spain,Regular Season,2016-01-02,223,Málaga,209,Celta Vigo,Estadio La Rosaleda,Iñaki Bikandi Garrido,2,65,36,3302,Nordin Amrabat,nordin amrabat,223,Málaga,Left Midfield,108.1,40.1,119.7,42.0,0.2,Saved,Right Foot,Normal,0.7835,1,6795.0,Rubén Blanco Veiga,ruben blanco veiga,Spain,lineup_fallback_first_gk,120.0,39.9,True,,low_right,0,saved,False,,,,statsbomb_open_data_0d193453-5113-4d31-8652-8b0bf2d3b049,2026-06-24T16:04:38.431710+00:00,False,False,False,False,False,False,False
statsbomb_open_data,c01204a1-ec92-4ee1-a3f5-1318a1f99036,3825718,1807,11,27,La Liga,2015/2016,Spain,Regular Season,2016-01-03,207,Valencia,220,Real Madrid,Estadio de Mestalla,José María Sánchez Martínez,1,45,12,6595,Daniel Parejo Muñoz,daniel parejo munoz,207,Valencia,Center Defensive Midfield,108.0,40.0,120.0,43.4,0.2,Goal,Right Foot,Normal,0.7835,0,5597.0,Keylor Navas Gamboa,keylor navas gamboa,Costa Rica,lineup_position_window,,,False,,low_right,1,scored,False,,,,statsbomb_open_data_c01204a1-ec92-4ee1-a3f5-1318a1f99036,2026-06-24T16:04:38.431710+00:00,False,False,False,False,True,True,False
statsbomb_open_data,498846df-b7e2-4290-8fd4-24b591196d14,3825719,594,11,27,La Liga,2015/2016,Spain,Regular Season,2016-01-03,215,Athletic Club,208,Las Palmas,San Mamés Barria,Carlos del Cerro Grande,1,16,32,6394,Aritz Aduriz Zubeldia,aritz aduriz zubeldia,215,Athletic Club,Center Forward,108.0,40.0,120.0,36.6,0.4,Goal,Right Foot,Normal,0.7835,0,26753.0,Javier Varas Herrera,javier varas herrera,Spain,lineup_position_window,,,False,,low_left,1,scored,False,,,,statsbomb_open_data_498846df-b7e2-4290-8fd4-24b591196d14,2026-06-24T16:04:38.431710+00:00,False,False,False,False,True,True,False
statsbomb_open_data,af6c09e0-a6e6-4d0e-a8f5-a5304203c67a,3825721,3371,11,27,La Liga,2015/2016,Spain,Regular Season,2016-01-03,219,RC Deportivo La Coruña,222,Villarreal,Estadio Abanca-Riazor,David Fernández Borbalan,2,94,8,22819,Bruno Soriano Llido,bruno soriano llido,222,Villarreal,Left Defensive Midfield,108.2,40.1,120.0,37.8,0.2,Goal,Left Foot,Normal,0.7835,0,27305.0,Germán Darío Lux,german dario lux,Argentina,lineup_position_window,,,False,,low_left,1,scored,False,,,,statsbomb_open_data_af6c09e0-a6e6-4d0e-a8f5-a5304203c67a,2026-06-24T16:04:38.431710+00:00,False,False,False,False,True,True,False
statsbomb_open_data,1a64cdd0-72db-4fe4-94e4-52dbee8618b8,3825722,1919,11,27,La Liga,2015/2016,Spain,Regular Season,2016-01-04,1041,Sporting Gijón,216,Getafe,Estadio Municipal El Molinón,Xavier Estrada Fernández,2,57,5,6907,Pedro León Sánchez Gil,pedro leon sanchez gil,216,Getafe,Left Wing,108.0,40.0,120.0,36.0,0.2,Post,Right Foot,Normal,0.7835,1,6610.0,Iván Cuéllar Sacristán,ivan cuellar sacristan,Spain,lineup_position_window,119.3,40.1,True,,low_left,0,missed,False,,,,statsbomb_open_data_1a64cdd0-72db-4fe4-94e4-52dbee8618b8,2026-06-24T16:04:38.431710+00:00,False,False,False,False,False,False,False
statsbomb_open_data,8dc59839-c62e-4924-95a7-f863fba19a22,3825726,2209,11,27,La Liga,2015/2016,Spain,Regular Season,2016-01-09,213,Sevilla,215,Athletic Club,Estadio Ramón Sánchez Pizjuán,Eduardo Prieto Iglesias,2,58,12,6401,Kevin Gameiro,kevin gameiro,213,Sevilla,Center Forward,108.0,40.0,120.0,37.5,0.2,Goal,Right Foot,Normal,0.7835,0,6576.0,Gorka Iraizoz Moreno,gorka iraizoz moreno,Spain,lineup_position_window,,,False,,low_left,1,scored,False,,,,statsbomb_open_data_8dc59839-c62e-4924-95a7-f863fba19a22,2026-06-24T16:04:38.431710+00:00,False,False,False,False,True,True,False
statsbomb_open_data,35b4c9a5-b627-4c8b-a309-bf5b13924640,3825727,2543,11,27,La Liga,2015/2016,Spain,Regular Season,2016-01-10,322,Eibar,214,Espanyol,Estadio Municipal de Ipurúa,Santiago Jaime Latre,2,73,9,6566,Borja González Tomás,borja gonzalez tomas,322,Eibar,Left Center Forward,108.0,40.0,120.0,39.3,1.2,Goal,Right Foot,Normal,0.7835,0,6792.0,Pau López Sabata,pau lopez sabata,Spain,lineup_position_window,,,False,,low_center,1,scored,False,,,,statsbomb_open_data_35b4c9a5-b627-4c8b-a309-bf5b13924640,2026-06-24T16:04:38.431710+00:00,False,False,False,False,True,True,False
statsbomb_open_data,d127878b-8fd4-4067-8a3e-95abe0bd3e60,3825734,3073,11,27,La Liga,2015/2016,Spain,Regular Season,2016-01-16,210,Real Sociedad,219,RC Deportivo La Coruña,Reale Arena,Juan Martínez Munuera,2,74,2,6690,Xabier Prieto Argarate,xabier prieto argarate,210,Real Sociedad,Center Attacking Midfield,108.1,40.0,120.0,39.8,2.0,Goal,Right Foot,Normal,0.7835,0,27305.0,Germán Darío Lux,german dario lux,Argentina,lineup_position_window,,,False,,high_center,1,scored,False,,,,statsbomb_open_data_d127878b-8fd4-4067-8a3e-95abe0bd3e60,2026-06-24T16:04:38.431710+00:00,False,False,False,False,True,True,False
statsbomb_open_data,5632a427-0133-4428-bb7b-3995bb81fd5f,3825747,1726,11,27,La Liga,2015/2016,Spain,Regular Season,2016-01-24,215,Athletic Club,322,Eibar,San Mamés Barria,Jesús Gil Manzano,2,49,16,6566,Borja González Tomás,borja gonzalez tomas,322,Eibar,Right Center Forward,108.0,40.1,120.0,36.9,2.0,Goal,Right Foot,Normal,0.7835,0,6662.0,Iago Herrerín Buisán,iago herrerin buisan,Spain,lineup_position_window,,,False,,high_left,1,scored,False,,,,statsbomb_open_data_5632a427-0133-4428-bb7b-3995bb81fd5f,2026-06-24T16:04:38.431710+00:00,False,False,False,False,True,True,False
statsbomb_open_data,29398a89-a68b-4d95-a9c0-acad2ee1b397,3825753,2126,11,27,La Liga,2015/2016,Spain,Regular Season,2016-01-30,222,Villarreal,1049,Granada,Estadio de la Cerámica,Carlos del Cerro Grande,2,54,31,22819,Bruno Soriano Llido,bruno soriano llido,222,Villarreal,Left Defensive Midfield,108.0,40.0,120.0,43.2,0.2,Goal,Left Foot,Normal,0.7835,0,8697.0,Andrés Eduardo Fernández Moreno,andres eduardo fernandez moreno,Spain,lineup_position_window,,,False,,low_right,1,scored,False,,,,statsbomb_open_data_29398a89-a68b-4d95-a9c0-acad2ee1b397,2026-06-24T16:04:38.431710+00:00,False,False,False,False,True,True,False
statsbomb_open_data,cb539051-e0bf-43c3-8072-488576a4e466,3825754,1047,11,27,La Liga,2015/2016,Spain,Regular Season,2016-01-31,208,Las Palmas,209,Celta Vigo,Estadio de Gran Canaria,José María Sánchez Martínez,1,32,15,10755,Jonathan Viera Ramos,jonathan viera ramos,208,Las Palmas,Left Wing,107.9,40.0,120.0,43.4,0.3,Goal,Right Foot,Normal,0.7835,0,6884.0,Sergio Álvarez Conde,sergio alvarez conde,Spain,lineup_position_window,,,False,,low_right,1,scored,False,,,,statsbomb_open_data_cb539051-e0bf-43c3-8072-488576a4e466,2026-06-24T16:04:38.431710+00:00,False,False,False,False,True,True,False
statsbomb_open_data,4de6652b-6577-4be6-8845-1d137d2fc309,3825755,1731,11,27,La Liga,2015/2016,Spain,Regular Season,2016-01-31,207,Valencia,1041,Sporting Gijón,Estadio de Mestalla,José Luis González González,2,49,5,6880,Arnaldo Antonio Sanabria Ayala,arnaldo antonio sanabria ayala,1041,Sporting Gijón,Center Forward,108.0,40.1,120.0,43.3,0.2,Goal,Right Foot,Normal,0.7835,0,3240.0,Mathew Ryan,mathew ryan,Australia,lineup_position_window,,,False,,low_right,1,scored,False,,,,statsbomb_open_data_4de6652b-6577-4be6-8845-1d137d2fc309,2026-06-24T16:04:38.431710+00:00,False,False,False,False,True,True,False
statsbomb_open_data,9c7a3b35-8f6b-4fdd-b644-40ec5adac0a5,3825757,512,11,27,La Liga,2015/2016,Spain,Regular Season,2016-01-31,220,Real Madrid,214,Espanyol,Bernabéu,Alejandro José Hernández Hernández,1,11,9,5207,Cristiano Ronaldo dos Santos Aveiro,cristiano ronaldo dos santos aveiro,220,Real Madrid,Left Wing,108.1,40.0,120.0,36.8,0.5,Goal,Right Foot,Normal,0.7835,0,31904.0,Giedrius Arlauskis,giedrius arlauskis,Lithuania,lineup_position_window,,,False,,low_left,1,scored,False,,,,statsbomb_open_data_9c7a3b35-8f6b-4fdd-b644-40ec5adac0a5,2026-06-24T16:04:38.431710+00:00,False,False,False,False,True,True,False
statsbomb_open_data,eb65b2a7-c651-422b-948a-34e8d1a7453e,3825777,1385,11,27,La Liga,2015/2016,Spain,Regular Season,2016-02-19,221,Levante UD,216,Getafe,Estadio Ciudad de Valencia,José Luis González González,1,42,41,7141,Giuseppe Rossi,giuseppe rossi,221,Levante UD,Left Center Forward,108.0,40.0,120.0,36.6,0.2,Goal,Left Foot,Normal,0.7835,0,6625.0,Vicente Guaita Panadero,vicente guaita panadero,Spain,lineup_position_window,,,False,,low_left,1,scored,False,,,,statsbomb_open_data_eb65b2a7-c651-422b-948a-34e8d1a7453e,2026-06-24T16:04:38.431710+00:00,False,False,False,False,True,True,False
statsbomb_open_data,d6320b48-2c4f-44cc-bb3f-e917b335d192,3825779,2954,11,27,La Liga,2015/2016,Spain,Regular Season,2016-02-20,209,Celta Vigo,322,Eibar,Abanca-Balaídos,Mario Melero López,2,83,18,24070,Saúl Berjón Pérez,saul berjon perez,322,Eibar,Left Defensive Midfield,107.9,40.0,120.0,37.9,1.4,Goal,Right Foot,Normal,0.7835,0,6884.0,Sergio Álvarez Conde,sergio alvarez conde,Spain,lineup_position_window,,,False,,low_left,1,scored,False,,,,statsbomb_open_data_d6320b48-2c4f-44cc-bb3f-e917b335d192,2026-06-24T16:04:38.431710+00:00,False,False,False,False,True,True,False
statsbomb_open_data,a16dc4d0-cdb8-456f-9636-5255ade59f60,3825785,1212,11,27,La Liga,2015/2016,Spain,Regular Season,2016-02-21,223,Málaga,220,Real Madrid,Estadio La Rosaleda,Ignacio Iglesias Villanueva,1,35,21,5207,Cristiano Ronaldo dos Santos Aveiro,cristiano ronaldo dos santos aveiro,220,Real Madrid,Left Wing,108.1,40.1,119.1,42.4,0.3,Saved,Right Foot,Normal,0.7835,0,26103.0,Idriss Carlos Kameni,idriss carlos kameni,Cameroon,lineup_position_window,,,False,,low_right,0,saved,False,,,,statsbomb_open_data_a16dc4d0-cdb8-456f-9636-5255ade59f60,2026-06-24T16:04:38.431710+00:00,False,False,False,False,True,True,False
statsbomb_open_data,d481992b-62db-4fea-8233-c922a89b3090,3825792,859,11,27,La Liga,2015/2016,Spain,Regular Season,2016-02-28,219,RC Deportivo La Coruña,1049,Granada,Estadio Abanca-Riazor,Juan Martínez Munuera,1,23,12,27109,Youssef El-Arabi,youssef el-arabi,1049,Granada,Right Center Forward,108.0,40.0,120.0,43.6,0.5,Goal,Right Foot,Normal,0.7835,0,27305.0,Germán Darío Lux,german dario lux,Argentina,lineup_position_window,,,False,,low_right,1,scored,False,,,,statsbomb_open_data_d481992b-62db-4fea-8233-c922a89b3090,2026-06-24T16:04:38.431710+00:00,False,False,False,False,True,True,False
statsbomb_open_data,a4ac29ae-932c-4292-a3f0-bd1beda0bf8b,3825795,2852,11,27,La Liga,2015/2016,Spain,Regular Season,2016-03-01,212,Atlético Madrid,210,Real Sociedad,Estadio Vicente Calderón,Alejandro José Hernández Hernández,2,60,16,5487,Antoine Griezmann,antoine griezmann,212,Atlético Madrid,Right Midfield,108.1,40.1,120.0,43.3,0.3,Goal,Left Foot,Normal,0.7835,0,6694.0,Gerónimo Rulli,geronimo rulli,Argentina,lineup_position_window,,,False,,low_right,1,scored,False,,,,statsbomb_open_data_a4ac29ae-932c-4292-a3f0-bd1beda0bf8b,2026-06-24T16:04:38.431710+00:00,False,False,False,False,True,True,False
statsbomb_open_data,effd5493-4bf6-4a90-bf87-5c6604b4608e,3825796,1019,11,27,La Liga,2015/2016,Spain,Regular Season,2016-03-01,208,Las Palmas,216,Getafe,Estadio de Gran Canaria,,1,27,46,10755,Jonathan Viera Ramos,jonathan viera ramos,208,Las Palmas,Left Center Midfield,108.1,40.0,120.0,43.0,0.2,Goal,Right Foot,Normal,0.7835,0,6625.0,Vicente Guaita Panadero,vicente guaita panadero,Spain,lineup_position_window,,,False,,low_right,1,scored,False,,,,statsbomb_open_data_effd5493-4bf6-4a90-bf87-5c6604b4608e,2026-06-24T16:04:38.431710+00:00,False,False,False,False,True,True,False
statsbomb_open_data,f8ff44a2-989f-44bc-ae80-6ba199f77837,3825798,1290,11,27,La Liga,2015/2016,Spain,Regular Season,2016-03-02,221,Levante UD,220,Real Madrid,Estadio Ciudad de Valencia,Ricardo De Burgos Bengoetxea,1,33,39,5207,Cristiano Ronaldo dos Santos Aveiro,cristiano ronaldo dos santos aveiro,220,Real Madrid,Left Wing,108.1,40.1,120.0,36.5,0.0,Goal,Right Foot,Normal,0.7835,0,23843.0,Diego Mariño Villar,diego marino villar,Spain,lineup_position_window,,,False,,low_left,1,scored,False,,,,statsbomb_open_data_f8ff44a2-989f-44bc-ae80-6ba199f77837,2026-06-24T16:04:38.431710+00:00,False,False,False,False,True,True,False
statsbomb_open_data,12684ae0-12eb-418c-8e58-35bb5731e918,3825803,2675,11,27,La Liga,2015/2016,Spain,Regular Season,2016-03-03,1049,Granada,1041,Sporting Gijón,Estadio Nuevo Los Cármenes,Xavier Estrada Fernández,2,71,52,27109,Youssef El-Arabi,youssef el-arabi,1049,Granada,Right Center Forward,108.0,40.0,120.0,42.7,1.0,Goal,Right Foot,Normal,0.7835,0,6610.0,Iván Cuéllar Sacristán,ivan cuellar sacristan,Spain,lineup_position_window,,,False,,low_right,1,scored,False,,,,statsbomb_open_data_12684ae0-12eb-418c-8e58-35bb5731e918,2026-06-24T16:04:38.431710+00:00,False,False,False,False,True,True,False
statsbomb_open_data,a5b64427-e848-4bc8-8e88-8099cc0f935d,3825818,434,11,27,La Liga,2015/2016,Spain,Regular Season,2016-03-19,210,Real Sociedad,208,Las Palmas,Reale Arena,Antonio Miguel Mateu Lahoz,1,12,25,10755,Jonathan Viera Ramos,jonathan viera ramos,208,Las Palmas,Left Center Midfield,108.0,40.0,118.8,37.6,1.0,Saved,Right Foot,Normal,0.7835,1,6694.0,Gerónimo Rulli,geronimo rulli,Argentina,lineup_position_window,119.0,40.5,True,,low_left,0,saved,False,,,,statsbomb_open_data_a5b64427-e848-4bc8-8e88-8099cc0f935d,2026-06-24T16:04:38.431710+00:00,False,False,False,False,False,False,False
statsbomb_open_data,ea6e1692-031a-486d-90a7-768e40d495fa,3825820,1029,11,27,La Liga,2015/2016,Spain,Regular Season,2016-03-20,220,Real Madrid,213,Sevilla,Bernabéu,Xavier Estrada Fernández,1,26,35,6401,Kevin Gameiro,kevin gameiro,213,Sevilla,Center Forward,108.1,40.1,118.7,38.2,0.2,Saved,Right Foot,Normal,0.7835,0,5597.0,Keylor Navas Gamboa,keylor navas gamboa,Costa Rica,lineup_position_window,,,False,,low_left,0,saved,False,,,,statsbomb_open_data_ea6e1692-031a-486d-90a7-768e40d495fa,2026-06-24T16:04:38.431710+00:00,False,False,False,False,True,True,False
statsbomb_open_data,f220e518-f28d-4098-a0a1-4d55462ae859,3825820,2233,11,27,La Liga,2015/2016,Spain,Regular Season,2016-03-20,220,Real Madrid,213,Sevilla,Bernabéu,Xavier Estrada Fernández,2,57,26,5207,Cristiano Ronaldo dos Santos Aveiro,cristiano ronaldo dos santos aveiro,220,Real Madrid,Left Wing,108.2,40.1,120.0,40.5,3.8,Off T,Right Foot,Normal,0.7835,1,6823.0,Sergio Rico González,sergio rico gonzalez,Spain,lineup_position_window,119.5,39.8,True,,high_center,0,missed,False,,,,statsbomb_open_data_f220e518-f28d-4098-a0a1-4d55462ae859,2026-06-24T16:04:38.431710+00:00,False,False,False,False,False,False,False
statsbomb_open_data,168b9548-4e1e-44f8-837d-616a6f53a304,3825822,2064,11,27,La Liga,2015/2016,Spain,Regular Season,2016-04-02,208,Las Palmas,207,Valencia,Estadio de Gran Canaria,Pedro Jesús Pérez Montero,2,49,20,10755,Jonathan Viera Ramos,jonathan viera ramos,208,Las Palmas,Left Center Midfield,108.1,40.1,120.0,42.4,1.9,Goal,Right Foot,Normal,0.7835,0,25144.0,Diego Alves Carreira,diego alves carreira,Brazil,lineup_position_window,,,False,,low_right,1,scored,False,,,,statsbomb_open_data_168b9548-4e1e-44f8-837d-616a6f53a304,2026-06-24T16:04:38.431710+00:00,False,False,False,False,True,True,False
statsbomb_open_data,a24a897f-d7b8-44f0-97a8-34202d592a68,3825823,1886,11,27,La Liga,2015/2016,Spain,Regular Season,2016-04-03,213,Sevilla,210,Real Sociedad,Estadio Ramón Sánchez Pizjuán,Carlos Clos Gómez,2,50,10,6401,Kevin Gameiro,kevin gameiro,213,Sevilla,Right Center Forward,108.0,40.0,120.0,37.0,0.3,Goal,Right Foot,Normal,0.7835,0,6694.0,Gerónimo Rulli,geronimo rulli,Argentina,lineup_position_window,,,False,,low_left,1,scored,False,,,,statsbomb_open_data_a24a897f-d7b8-44f0-97a8-34202d592a68,2026-06-24T16:04:38.431710+00:00,False,False,False,False,True,True,False
statsbomb_open_data,39238b12-c059-46b2-9586-3f639baff5b1,3825840,409,11,27,La Liga,2015/2016,Spain,Regular Season,2016-04-20,207,Valencia,322,Eibar,Estadio de Mestalla,Xavier Estrada Fernández,1,9,6,6402,Francisco Alcácer García,francisco alcacer garcia,207,Valencia,Center Forward,108.0,40.0,119.1,37.0,0.7,Saved,Right Foot,Normal,0.7835,0,10763.0,Asier Riesgo Unamuno,asier riesgo unamuno,Spain,lineup_position_window,,,False,,low_left,0,saved,False,,,,statsbomb_open_data_39238b12-c059-46b2-9586-3f639baff5b1,2026-06-24T16:04:38.431710+00:00,False,False,False,False,True,True,False
statsbomb_open_data,15fef548-4292-4f28-970c-ce5f1abce047,3825841,2287,11,27,La Liga,2015/2016,Spain,Regular Season,2016-04-21,210,Real Sociedad,216,Getafe,Reale Arena,José María Sánchez Martínez,2,55,51,24035,Álvaro Vázquez García,alvaro vazquez garcia,216,Getafe,Center Forward,108.1,40.1,120.0,40.5,0.5,Goal,Right Foot,Normal,0.7835,0,6692.0,Oier Olazábal Paredes,oier olazabal paredes,Spain,lineup_position_window,,,False,,low_center,1,scored,False,,,,statsbomb_open_data_15fef548-4292-4f28-970c-ce5f1abce047,2026-06-24T16:04:38.431710+00:00,False,False,False,False,True,True,False
statsbomb_open_data,0097d5c5-bd0c-4e37-9d6d-2c6ba15c3f1d,3825853,2926,11,27,La Liga,2015/2016,Spain,Regular Season,2016-05-08,213,Sevilla,1049,Granada,Estadio Ramón Sánchez Pizjuán,Alberto Undiano Mallenco,2,85,17,27109,Youssef El-Arabi,youssef el-arabi,1049,Granada,Right Center Forward,108.0,40.0,120.0,42.7,0.7,Goal,Right Foot,Normal,0.7835,0,27111.0,António Alberto Bastos Pimparel,antonio alberto bastos pimparel,Portugal,lineup_position_window,,,False,,low_right,1,scored,False,,,,statsbomb_open_data_0097d5c5-bd0c-4e37-9d6d-2c6ba15c3f1d,2026-06-24T16:04:38.431710+00:00,False,False,False,False,True,True,False
statsbomb_open_data,932fc770-10fb-4d1c-a2c8-e9aeb71937d6,3825868,633,11,27,La Liga,2015/2016,Spain,Regular Season,2016-04-25,209,Celta Vigo,1049,Granada,Abanca-Balaídos,Jesús Gil Manzano,1,15,26,5217,Iago Aspas Juncal,iago aspas juncal,209,Celta Vigo,Right Wing,108.0,40.0,120.0,41.9,0.9,Goal,Left Foot,Normal,0.7835,0,8697.0,Andrés Eduardo Fernández Moreno,andres eduardo fernandez moreno,Spain,lineup_position_window,,,False,,low_right,1,scored,False,,,,statsbomb_open_data_932fc770-10fb-4d1c-a2c8-e9aeb71937d6,2026-06-24T16:04:38.431710+00:00,False,False,False,False,True,True,False
statsbomb_open_data,4b2186df-632f-4012-85a9-d6416e1b27b6,3825870,1368,11,27,La Liga,2015/2016,Spain,Regular Season,2016-05-01,215,Athletic Club,209,Celta Vigo,San Mamés Barria,Xavier Estrada Fernández,1,37,43,6394,Aritz Aduriz Zubeldia,aritz aduriz zubeldia,215,Athletic Club,Center Forward,107.9,40.0,120.0,43.7,1.1,Goal,Right Foot,Normal,0.7835,0,6884.0,Sergio Álvarez Conde,sergio alvarez conde,Spain,lineup_position_window,,,False,,low_right,1,scored,False,,,,statsbomb_open_data_4b2186df-632f-4012-85a9-d6416e1b27b6,2026-06-24T16:04:38.431710+00:00,False,False,False,False,True,True,False
statsbomb_open_data,10ff8945-4a36-4767-b453-2406d0a0d916,3825874,1665,11,27,La Liga,2015/2016,Spain,Regular Season,2015-10-24,213,Sevilla,216,Getafe,Estadio Ramón Sánchez Pizjuán,Iñaki Bikandi Garrido,2,49,29,5504,Éver Maximiliano David Banega,ever maximiliano david banega,213,Sevilla,Center Attacking Midfield,108.1,40.0,120.0,38.0,0.2,Goal,Right Foot,Normal,0.7835,0,6625.0,Vicente Guaita Panadero,vicente guaita panadero,Spain,lineup_position_window,,,False,,low_left,1,scored,False,,,,statsbomb_open_data_10ff8945-4a36-4767-b453-2406d0a0d916,2026-06-24T16:04:38.431710+00:00,False,False,False,False,True,True,False
statsbomb_open_data,213a469e-553a-4c9e-8663-d0da75a84244,3825874,2014,11,27,La Liga,2015/2016,Spain,Regular Season,2015-10-24,213,Sevilla,216,Getafe,Estadio Ramón Sánchez Pizjuán,Iñaki Bikandi Garrido,2,59,42,6401,Kevin Gameiro,kevin gameiro,213,Sevilla,Center Forward,107.9,40.0,120.0,37.3,0.1,Goal,Right Foot,Normal,0.7835,0,6625.0,Vicente Guaita Panadero,vicente guaita panadero,Spain,lineup_position_window,,,False,,low_left,1,scored,False,,,,statsbomb_open_data_213a469e-553a-4c9e-8663-d0da75a84244,2026-06-24T16:04:38.431710+00:00,False,False,False,False,True,True,False
statsbomb_open_data,bb17bef5-5fb5-4d84-a11c-93b714c69fd7,3825874,2807,11,27,La Liga,2015/2016,Spain,Regular Season,2015-10-24,213,Sevilla,216,Getafe,Estadio Ramón Sánchez Pizjuán,Iñaki Bikandi Garrido,2,80,4,8523,Yevhen Konoplyanka,yevhen konoplyanka,213,Sevilla,Left Wing,108.0,40.0,120.0,37.1,1.0,Goal,Right Foot,Normal,0.7835,0,6625.0,Vicente Guaita Panadero,vicente guaita panadero,Spain,lineup_position_window,,,False,,low_left,1,scored,False,,,,statsbomb_open_data_bb17bef5-5fb5-4d84-a11c-93b714c69fd7,2026-06-24T16:04:38.431710+00:00,False,False,False,False,True,True,False
statsbomb_open_data,85972552-ddf0-4d33-8b7b-fb4193fb5ca7,3825876,2648,11,27,La Liga,2015/2016,Spain,Regular Season,2016-05-15,218,Real Betis,216,Getafe,Estadio Benito Villamarín,Jesús Gil Manzano,2,72,59,6832,Rubén Castro Martín,ruben castro martin,218,Real Betis,Center Forward,108.1,40.1,120.0,43.8,0.2,Goal,Right Foot,Normal,0.7835,0,6625.0,Vicente Guaita Panadero,vicente guaita panadero,Spain,lineup_position_window,,,False,,low_right,1,scored,False,,,,statsbomb_open_data_85972552-ddf0-4d33-8b7b-fb4193fb5ca7,2026-06-24T16:04:38.431710+00:00,False,False,False,False,True,True,False
statsbomb_open_data,52ad9a68-a46d-4113-bf77-68a17092ec71,3825877,1692,11,27,La Liga,2015/2016,Spain,Regular Season,2016-04-03,215,Athletic Club,1049,Granada,San Mamés Barria,Carlos Velasco Carballo,1,44,7,6394,Aritz Aduriz Zubeldia,aritz aduriz zubeldia,215,Athletic Club,Center Forward,108.0,40.0,120.0,36.0,0.5,Post,Right Foot,Normal,0.7835,1,8697.0,Andrés Eduardo Fernández Moreno,andres eduardo fernandez moreno,Spain,lineup_position_window,119.3,40.0,True,,low_left,0,missed,False,,,,statsbomb_open_data_52ad9a68-a46d-4113-bf77-68a17092ec71,2026-06-24T16:04:38.431710+00:00,False,False,False,False,False,False,False
statsbomb_open_data,f964a07e-5fd0-4f4c-abcb-1ad8bee37c6b,3825883,1683,11,27,La Liga,2015/2016,Spain,Regular Season,2016-05-15,223,Málaga,208,Las Palmas,Estadio La Rosaleda,Ricardo De Burgos Bengoetxea,1,45,30,6707,Charles Días Barbosa de Oliveira,charles dias barbosa de oliveira,223,Málaga,Right Center Forward,108.0,40.0,120.0,36.9,0.2,Goal,Right Foot,Normal,0.7835,0,7905.0,Raúl Lizoáin Cruz,raul lizoain cruz,Spain,lineup_position_window,,,False,,low_left,1,scored,False,,,,statsbomb_open_data_f964a07e-5fd0-4f4c-abcb-1ad8bee37c6b,2026-06-24T16:04:38.431710+00:00,False,False,False,False,True,True,False
statsbomb_open_data,263d7f1c-0f0e-4500-b791-5bc09897d7a2,3825887,1856,11,27,La Liga,2015/2016,Spain,Regular Season,2016-03-19,1049,Granada,360,Rayo Vallecano,Estadio Nuevo Los Cármenes,Alejandro José Hernández Hernández,2,53,16,27109,Youssef El-Arabi,youssef el-arabi,1049,Granada,Right Center Forward,108.0,40.0,120.0,36.7,0.4,Goal,Right Foot,Normal,0.7835,0,24255.0,Juan Carlos Martín Corral,juan carlos martin corral,Spain,lineup_position_window,,,False,,low_left,1,scored,False,,,,statsbomb_open_data_263d7f1c-0f0e-4500-b791-5bc09897d7a2,2026-06-24T16:04:38.431710+00:00,False,False,False,False,True,True,False
statsbomb_open_data,162dd044-7666-4786-b8f9-5dedf0391055,3825896,1155,11,27,La Liga,2015/2016,Spain,Regular Season,2016-04-21,1049,Granada,221,Levante UD,Estadio Nuevo Los Cármenes,Santiago Jaime Latre,1,34,13,27109,Youssef El-Arabi,youssef el-arabi,1049,Granada,Center Forward,108.1,40.1,120.0,37.0,0.2,Goal,Right Foot,Normal,0.7835,0,23843.0,Diego Mariño Villar,diego marino villar,Spain,lineup_position_window,,,False,,low_left,1,scored,False,,,,statsbomb_open_data_162dd044-7666-4786-b8f9-5dedf0391055,2026-06-24T16:04:38.431710+00:00,False,False,False,False,True,True,False
statsbomb_open_data,7df262a1-80c5-47ca-ac2f-77d989144730,3825896,2680,11,27,La Liga,2015/2016,Spain,Regular Season,2016-04-21,1049,Granada,221,Levante UD,Estadio Nuevo Los Cármenes,Santiago Jaime Latre,2,84,56,27109,Youssef El-Arabi,youssef el-arabi,1049,Granada,Center Forward,108.0,40.0,120.0,43.8,1.0,Goal,Right Foot,Normal,0.7835,0,23843.0,Diego Mariño Villar,diego marino villar,Spain,lineup_position_window,,,False,,low_right,1,scored,False,,,,statsbomb_open_data_7df262a1-80c5-47ca-ac2f-77d989144730,2026-06-24T16:04:38.431710+00:00,False,False,False,False,True,True,False
statsbomb_open_data,7392714a-2b15-42fe-b796-002cb9bc427d,3825902,2220,11,27,La Liga,2015/2016,Spain,Regular Season,2016-05-15,360,Rayo Vallecano,221,Levante UD,Estadio de Vallecas,Carlos Clos Gómez,2,59,29,24149,José Antonio García Rabasco,jose antonio garcia rabasco,221,Levante UD,Right Center Midfield,108.1,40.1,120.0,36.9,2.0,Goal,Right Foot,Normal,0.7835,0,10612.0,Yoel Rodríguez Oterino,yoel rodriguez oterino,Spain,lineup_position_window,,,False,,high_left,1,scored,False,,,,statsbomb_open_data_7392714a-2b15-42fe-b796-002cb9bc427d,2026-06-24T16:04:38.431710+00:00,False,False,False,False,True,True,False
statsbomb_open_data,1f8be012-fa03-4c34-b4f9-21599b0dd90e,3825905,1581,11,27,La Liga,2015/2016,Spain,Regular Season,2016-04-03,223,Málaga,214,Espanyol,Estadio La Rosaleda,Juan Martínez Munuera,1,44,2,8419,Duje Čop,duje cop,223,Málaga,Right Center Forward,108.0,40.0,120.0,43.1,2.1,Goal,Right Foot,Normal,0.7835,0,6792.0,Pau López Sabata,pau lopez sabata,Spain,lineup_position_window,,,False,,high_right,1,scored,False,,,,statsbomb_open_data_1f8be012-fa03-4c34-b4f9-21599b0dd90e,2026-06-24T16:04:38.431710+00:00,False,False,False,False,True,True,False
statsbomb_open_data,300e7511-81cd-4235-adfe-fa17e194289a,3825908,2166,11,27,La Liga,2015/2016,Spain,Regular Season,2016-05-15,214,Espanyol,322,Eibar,Stage Front Stadium,Mario Melero López,2,56,51,6566,Borja González Tomás,borja gonzalez tomas,322,Eibar,Left Center Forward,108.1,40.1,120.0,37.6,0.3,Goal,Right Foot,Normal,0.7835,0,6792.0,Pau López Sabata,pau lopez sabata,Spain,lineup_position_window,,,False,,low_left,1,scored,False,,,,statsbomb_open_data_300e7511-81cd-4235-adfe-fa17e194289a,2026-06-24T16:04:38.431710+00:00,False,False,False,False,True,True,False
statsbomb_open_data,b23f7a3f-bf70-4a17-976d-0578ac90702c,3827767,4079,1238,108,Indian Super league,2021/2022,India,Championship - Final,2022-03-20,7289,SC Delhi,7283,Kerala Blasters,Pandit Jawaharlal Nehru Stadium,Crystal John,5,120,15,20837,Marko Lešković,marko leskovic,7283,Kerala Blasters,Left Center Back,108.1,40.1,119.4,38.1,1.2,Saved,Right Foot,Normal,0.7835,0,164482.0,Laxmikant Kattimani,laxmikant kattimani,India,lineup_position_window,,,False,,low_left,0,saved,True,1,0,0,statsbomb_open_data_b23f7a3f-bf70-4a17-976d-0578ac90702c,2026-06-24T16:04:38.431710+00:00,False,False,False,False,True,True,False
statsbomb_open_data,101f12ca-b5d8-4c43-9a2d-65610d7c2309,3827767,4081,1238,108,Indian Super league,2021/2022,India,Championship - Final,2022-03-20,7289,SC Delhi,7283,Kerala Blasters,Pandit Jawaharlal Nehru Stadium,Crystal John,5,121,20,26675,João Victor de Albuquerque Bruno,joao victor de albuquerque bruno,7289,Hyderabad,Right Center Back,108.1,40.1,120.0,37.4,1.7,Goal,Right Foot,Normal,0.7835,0,163347.0,Prabhushkan Singh Gill,prabhushkan singh gill,India,lineup_position_window,,,False,,low_left,1,scored,True,2,0,0,statsbomb_open_data_101f12ca-b5d8-4c43-9a2d-65610d7c2309,2026-06-24T16:04:38.431710+00:00,False,False,False,False,True,True,False
statsbomb_open_data,19a66bb2-ab10-40da-ae9d-a355dd121746,3827767,4083,1238,108,Indian Super league,2021/2022,India,Championship - Final,2022-03-20,7289,SC Delhi,7283,Kerala Blasters,Pandit Jawaharlal Nehru Stadium,Crystal John,5,124,17,127056,Nishu Kumar Tashni,nishu kumar tashni,7283,Kerala Blasters,Right Midfield,108.1,40.1,119.6,37.8,0.4,Saved,Right Foot,Normal,0.7835,0,164482.0,Laxmikant Kattimani,laxmikant kattimani,India,lineup_position_window,,,False,,low_left,0,saved,True,3,0,1,statsbomb_open_data_19a66bb2-ab10-40da-ae9d-a355dd121746,2026-06-24T16:04:38.431710+00:00,False,False,False,False,True,True,False
statsbomb_open_data,f651f3b7-38b6-41a6-80dd-e78f32303823,3827767,4085,1238,108,Indian Super league,2021/2022,India,Championship - Final,2022-03-20,7289,SC Delhi,7283,Kerala Blasters,Pandit Jawaharlal Nehru Stadium,Crystal John,5,124,58,41858,Javier Siverio Toro,javier siverio toro,7289,Hyderabad,Right Center Forward,108.1,40.1,120.0,38.1,3.7,Off T,Right Foot,Normal,0.7835,1,163347.0,Prabhushkan Singh Gill,prabhushkan singh gill,India,lineup_position_window,119.0,40.1,True,,high_left,0,missed,True,4,1,0,statsbomb_open_data_f651f3b7-38b6-41a6-80dd-e78f32303823,2026-06-24T16:04:38.431710+00:00,False,False,False,False,False,False,False
statsbomb_open_data,5569b138-aadd-4bf5-82ea-004508fc5ad3,3827767,4087,1238,108,Indian Super league,2021/2022,India,Championship - Final,2022-03-20,7289,SC Delhi,7283,Kerala Blasters,Pandit Jawaharlal Nehru Stadium,Crystal John,5,125,57,163358,Ayush Adhikari,ayush adhikari,7283,Kerala Blasters,Left Defensive Midfield,108.1,40.1,120.0,43.4,1.8,Goal,Right Foot,Normal,0.7835,0,164482.0,Laxmikant Kattimani,laxmikant kattimani,India,lineup_position_window,,,False,,low_right,1,scored,True,5,0,1,statsbomb_open_data_5569b138-aadd-4bf5-82ea-004508fc5ad3,2026-06-24T16:04:38.431710+00:00,False,False,False,False,True,True,False
statsbomb_open_data,567615bf-0186-4503-979f-d5c8817fafce,3827767,4089,1238,108,Indian Super league,2021/2022,India,Championship - Final,2022-03-20,7289,SC Delhi,7283,Kerala Blasters,Pandit Jawaharlal Nehru Stadium,Crystal John,5,126,55,32394,Khassa Camara,khassa camara,7289,Hyderabad,Left Defensive Midfield,108.1,40.1,120.0,42.9,0.9,Goal,Right Foot,Normal,0.7835,0,163347.0,Prabhushkan Singh Gill,prabhushkan singh gill,India,lineup_position_window,,,False,,low_right,1,scored,True,6,1,1,statsbomb_open_data_567615bf-0186-4503-979f-d5c8817fafce,2026-06-24T16:04:38.431710+00:00,False,False,False,False,True,True,False
statsbomb_open_data,c8a9db35-f57d-4d51-8bc7-5a0bbadddcf5,3827767,4091,1238,108,Indian Super league,2021/2022,India,Championship - Final,2022-03-20,7289,SC Delhi,7283,Kerala Blasters,Pandit Jawaharlal Nehru Stadium,Crystal John,5,128,0,163355,Jeakson Singh Thaunaojam,jeakson singh thaunaojam,7283,Kerala Blasters,Right Defensive Midfield,108.1,40.1,119.4,43.2,1.1,Saved,Right Foot,Normal,0.7835,0,164482.0,Laxmikant Kattimani,laxmikant kattimani,India,lineup_position_window,,,False,,low_right,0,saved,True,7,1,2,statsbomb_open_data_c8a9db35-f57d-4d51-8bc7-5a0bbadddcf5,2026-06-24T16:04:38.431710+00:00,False,False,False,False,True,True,False
statsbomb_open_data,ca85fa2e-f0d2-4fc1-8d33-cc96099a62f0,3827767,4093,1238,108,Indian Super league,2021/2022,India,Championship - Final,2022-03-20,7289,SC Delhi,7283,Kerala Blasters,Pandit Jawaharlal Nehru Stadium,Crystal John,5,128,58,164489,Halicharan Narzary,halicharan narzary,7289,Hyderabad,Left Midfield,108.1,40.1,120.0,38.8,0.9,Goal,Left Foot,Normal,0.7835,0,163347.0,Prabhushkan Singh Gill,prabhushkan singh gill,India,lineup_position_window,,,False,,low_center,1,scored,True,8,2,1,statsbomb_open_data_ca85fa2e-f0d2-4fc1-8d33-cc96099a62f0,2026-06-24T16:04:38.431710+00:00,False,False,False,False,True,True,False
statsbomb_open_data,39ba191c-f2ab-44fa-b451-454930a0f250,3829417,1754,7,27,Ligue 1,2015/2016,France,Regular Season,2015-08-08,133,Troyes,160,Gazélec Ajaccio,Stade de l''Aube,Jérôme Miguelgorry,1,44,59,10616,Mohamed Larbi,mohamed larbi,160,Gazélec Ajaccio,Right Wing,108.0,40.0,120.0,42.7,4.2,Off T,Right Foot,Normal,0.7835,1,7193.0,Paul Bernardoni,paul bernardoni,France,lineup_position_window,118.8,40.4,True,,high_right,0,missed,False,,,,statsbomb_open_data_39ba191c-f2ab-44fa-b451-454930a0f250,2026-06-24T16:04:38.431710+00:00,False,False,False,False,False,False,False
statsbomb_open_data,f71a69e9-9040-489a-b260-9c440b518087,3829427,208,7,27,Ligue 1,2015/2016,France,Regular Season,2015-08-15,133,Troyes,136,OGC Nice,Stade de l''Aube,Johan Hamel,1,5,9,16462,Hatem Ben Arfa,hatem ben arfa,136,OGC Nice,Center Attacking Midfield,108.0,40.0,120.0,36.4,0.1,Goal,Left Foot,Normal,0.7835,0,34953.0,Denis Petrić,denis petric,Slovenia,lineup_position_window,,,False,,low_left,1,scored,False,,,,statsbomb_open_data_f71a69e9-9040-489a-b260-9c440b518087,2026-06-24T16:04:38.431710+00:00,False,False,False,False,True,True,False
statsbomb_open_data,f4c97d11-22b1-48b9-8929-05adee3b7020,3829431,3418,7,27,Ligue 1,2015/2016,France,Regular Season,2015-08-16,165,Lorient,2736,Bastia,Stade Yves Allainmat - du Moustoir,Clément Turpin,2,90,23,33178,Benjamin Moukandjo Bilé,benjamin moukandjo bile,165,Lorient,Right Wing Back,108.1,40.1,120.0,43.2,0.2,Goal,Right Foot,Normal,0.7835,0,7282.0,Jean-Louis Leca,jean-louis leca,France,lineup_fallback_first_gk,,,False,,low_right,1,scored,False,,,,statsbomb_open_data_f4c97d11-22b1-48b9-8929-05adee3b7020,2026-06-24T16:04:38.431710+00:00,False,False,False,False,True,True,False
statsbomb_open_data,23811192-f02e-4a9a-ba9b-29757596a23d,3829443,54,7,27,Ligue 1,2015/2016,France,Regular Season,2015-08-28,142,Guingamp,147,Olympique de Marseille,Stade du Roudourou,Amaury Delerue,1,2,15,4799,Sloan Privat,sloan privat,142,Guingamp,Left Center Forward,108.0,40.0,119.4,37.1,0.3,Saved,Left Foot,Normal,0.7835,0,3543.0,Steve Mandanda,steve mandanda,France,lineup_position_window,,,False,,low_left,0,saved,False,,,,statsbomb_open_data_23811192-f02e-4a9a-ba9b-29757596a23d,2026-06-24T16:04:38.431710+00:00,False,False,False,False,True,True,False
statsbomb_open_data,2e5622ab-cea2-4937-9395-70e82204f826,3829449,2467,7,27,Ligue 1,2015/2016,France,Regular Season,2015-08-29,134,Rennes,130,Toulouse,Roazhon Park,Benoît Millot,2,66,55,40699,Sylvain Armand,sylvain armand,134,Rennes,Left Center Back,108.1,40.1,119.0,37.9,0.2,Saved,Left Foot,Normal,0.7835,0,22130.0,Mauro Daniel Goicoechea Furia,mauro daniel goicoechea furia,Uruguay,lineup_position_window,,,False,,low_left,0,saved,False,,,,statsbomb_open_data_2e5622ab-cea2-4937-9395-70e82204f826,2026-06-24T16:04:38.431710+00:00,False,False,False,False,True,True,False
statsbomb_open_data,f6c72812-741b-48b9-800f-b27c03d1c862,3829452,1240,7,27,Ligue 1,2015/2016,France,Regular Season,2015-08-30,146,Bordeaux,144,Nantes,Stade Matmut Atlantique,Clément Turpin,1,39,54,3196,Wahbi Khazri,wahbi khazri,146,Bordeaux,Center Attacking Midfield,108.0,40.0,118.9,38.0,0.7,Saved,Right Foot,Normal,0.7835,0,25377.0,Rémy Riou,remy riou,France,lineup_position_window,,,False,,low_left,0,saved,False,,,,statsbomb_open_data_f6c72812-741b-48b9-800f-b27c03d1c862,2026-06-24T16:04:38.431710+00:00,False,False,False,False,True,True,False
statsbomb_open_data,bf6ea662-ed31-457e-8420-c8ae21dc2a29,3829462,450,7,27,Ligue 1,2015/2016,France,Regular Season,2015-09-13,160,Gazélec Ajaccio,129,AS Monaco,Stade Ange Casanova (Ajaccio),Sébastien Moreira,1,16,27,3247,Fábio Henrique Tavares,fabio henrique tavares,129,AS Monaco,Center Defensive Midfield,108.1,40.1,120.0,37.1,0.0,Goal,Right Foot,Normal,0.7835,0,401508.0,Clément Maury,clement maury,France,lineup_position_window,,,False,,low_left,1,scored,False,,,,statsbomb_open_data_bf6ea662-ed31-457e-8420-c8ae21dc2a29,2026-06-24T16:04:38.431710+00:00,False,False,False,False,True,True,False
statsbomb_open_data,af2d7543-f407-4783-9246-22122f83d1a3,3829463,2586,7,27,Ligue 1,2015/2016,France,Regular Season,2015-09-18,134,Rennes,143,Lille,Roazhon Park,Stéphane Jochem,2,72,32,4900,Paul-Georges Ntep de Madiba,paul-georges ntep de madiba,134,Rennes,Left Center Forward,108.0,40.0,120.0,37.9,0.3,Saved,Right Foot,Normal,0.7835,0,3761.0,Mike Maignan,mike maignan,France,lineup_fallback_first_gk,,,False,,low_left,0,saved,False,,,,statsbomb_open_data_af2d7543-f407-4783-9246-22122f83d1a3,2026-06-24T16:04:38.431710+00:00,False,False,False,False,True,True,False
statsbomb_open_data,25a5ddb6-5742-46bd-9c52-76553918edf6,3829466,2137,7,27,Ligue 1,2015/2016,France,Regular Season,2015-09-19,145,Angers,133,Troyes,Stade Raymond-Kopa,Lionel Jaffredo,2,56,54,3185,Thomas Mangani,thomas mangani,145,Angers,Left Defensive Midfield,108.0,40.0,120.0,43.2,2.3,Goal,Left Foot,Normal,0.7835,0,34953.0,Denis Petrić,denis petric,Slovenia,lineup_position_window,,,False,,high_right,1,scored,False,,,,statsbomb_open_data_25a5ddb6-5742-46bd-9c52-76553918edf6,2026-06-24T16:04:38.431710+00:00,False,False,False,False,True,True,False
statsbomb_open_data,95d9b511-e99c-4c0c-a2b7-42fa34e5e5e9,3829467,1256,7,27,Ligue 1,2015/2016,France,Regular Season,2015-09-19,140,Stade Malherbe Caen,139,Montpellier,Stade Michel d''Ornano,Hakim Ben El Hadj Salem,1,31,53,2950,Jonas Martin,jonas martin,139,Montpellier,Left Wing,107.9,40.0,120.0,43.8,0.5,Goal,Right Foot,Normal,0.7835,0,2963.0,Rémy Vercoutre,remy vercoutre,France,lineup_position_window,,,False,,low_right,1,scored,False,,,,statsbomb_open_data_95d9b511-e99c-4c0c-a2b7-42fa34e5e5e9,2026-06-24T16:04:38.431710+00:00,False,False,False,False,True,True,False
statsbomb_open_data,bc15bf5d-0438-47ac-b8af-b10d3a068e46,3829472,922,7,27,Ligue 1,2015/2016,France,Regular Season,2015-09-20,147,Olympique de Marseille,137,Lyon,Orange Vélodrome,Ruddy Buquet,1,24,11,3451,Alexandre Lacazette,alexandre lacazette,137,Lyon,Left Center Forward,108.0,40.0,120.0,36.5,0.2,Goal,Right Foot,Normal,0.7835,0,3543.0,Steve Mandanda,steve mandanda,France,lineup_position_window,,,False,,low_left,1,scored,False,,,,statsbomb_open_data_bc15bf5d-0438-47ac-b8af-b10d3a068e46,2026-06-24T16:04:38.431710+00:00,False,False,False,False,True,True,False
statsbomb_open_data,8772e901-13e2-4498-b249-5a6729871cc8,3829473,3748,7,27,Ligue 1,2015/2016,France,Regular Season,2015-09-22,131,Paris Saint-Germain,142,Guingamp,Parc des Princes ,Frank Schneider,2,86,3,3672,Zlatan Ibrahimović,zlatan ibrahimovic,131,Paris Saint-Germain,Center Forward,108.1,40.1,119.5,37.6,0.2,Saved,Right Foot,Normal,0.7835,0,3322.0,Jonas Lössl,jonas lossl,Denmark,lineup_position_window,,,False,,low_left,0,saved,False,,,,statsbomb_open_data_8772e901-13e2-4498-b249-5a6729871cc8,2026-06-24T16:04:38.431710+00:00,False,False,False,False,True,True,False
statsbomb_open_data,223fcbbb-ffe1-4342-a169-a4478b10ba91,3829481,3623,7,27,Ligue 1,2015/2016,France,Regular Season,2015-09-24,139,Montpellier,129,AS Monaco,Stade de la Mosson ,Clément Turpin,2,94,6,3247,Fábio Henrique Tavares,fabio henrique tavares,129,AS Monaco,Right Defensive Midfield,108.0,40.0,120.0,36.5,0.2,Goal,Right Foot,Normal,0.7835,0,42428.0,Jonathan Ligali,jonathan ligali,France,lineup_position_window,,,False,,low_left,1,scored,False,,,,statsbomb_open_data_223fcbbb-ffe1-4342-a169-a4478b10ba91,2026-06-24T16:04:38.431710+00:00,False,False,False,False,True,True,False
statsbomb_open_data,cb9af15f-e04d-41d1-af41-7755d93a4eaa,3829482,690,7,27,Ligue 1,2015/2016,France,Regular Season,2015-09-25,156,Stade de Reims,143,Lille,Stade Auguste-Delaune II ,Ruddy Buquet,1,19,29,401453,"David N""Gog","david n""gog",156,Stade de Reims,Center Forward,108.0,40.0,119.4,37.5,0.2,Saved,Right Foot,Normal,0.7835,0,3761.0,Mike Maignan,mike maignan,France,lineup_position_window,,,False,,low_left,0,saved,False,,,,statsbomb_open_data_cb9af15f-e04d-41d1-af41-7755d93a4eaa,2026-06-24T16:04:38.431710+00:00,False,False,False,False,True,True,False
statsbomb_open_data,84586080-3cd6-4642-a6fd-cff17ce100b0,3829490,3273,7,27,Ligue 1,2015/2016,France,Regular Season,2015-09-27,135,Saint-Étienne,136,OGC Nice,Stade Geoffroy-Guichard ,Bartolomeu Varela Teles,2,82,50,8469,Jean-Christophe Bahebeck,jean-christophe bahebeck,135,Saint-Étienne,Right Midfield,108.1,40.1,120.0,38.3,4.0,Off T,Right Foot,Normal,0.7835,1,5653.0,Mouez Hassen,mouez hassen,Tunisia,lineup_position_window,119.5,40.4,True,,high_left,0,missed,False,,,,statsbomb_open_data_84586080-3cd6-4642-a6fd-cff17ce100b0,2026-06-24T16:04:38.431710+00:00,False,False,False,False,False,False,False
statsbomb_open_data,edcff028-8b16-4377-904e-a26d3052c5ae,3829491,1487,7,27,Ligue 1,2015/2016,France,Regular Season,2015-09-27,147,Olympique de Marseille,145,Angers,Orange Vélodrome,Mikael Lesage,1,37,27,3185,Thomas Mangani,thomas mangani,145,Angers,Left Center Midfield,108.0,40.0,120.0,40.1,2.2,Goal,Left Foot,Normal,0.7835,0,3543.0,Steve Mandanda,steve mandanda,France,lineup_position_window,,,False,,high_center,1,scored,False,,,,statsbomb_open_data_edcff028-8b16-4377-904e-a26d3052c5ae,2026-06-24T16:04:38.431710+00:00,False,False,False,False,True,True,False
statsbomb_open_data,e8f83a9b-dd11-4a36-9f9f-4ee5349d4d9c,3829491,2964,7,27,Ligue 1,2015/2016,France,Regular Season,2015-09-27,147,Olympique de Marseille,145,Angers,Orange Vélodrome,Mikael Lesage,2,78,14,3457,Michy Batshuayi Tunga,michy batshuayi tunga,147,Olympique de Marseille,Center Forward,108.0,40.0,120.0,36.6,0.5,Goal,Right Foot,Normal,0.7835,0,4547.0,Ludovic Butelle,ludovic butelle,France,lineup_position_window,,,False,,low_left,1,scored,False,,,,statsbomb_open_data_e8f83a9b-dd11-4a36-9f9f-4ee5349d4d9c,2026-06-24T16:04:38.431710+00:00,False,False,False,False,True,True,False
statsbomb_open_data,1fe15814-3fd2-4579-92c7-a646f7ae22a9,3829493,1625,7,27,Ligue 1,2015/2016,France,Regular Season,2015-10-02,143,Lille,139,Montpellier,Decathlon Arena – Stade Pierre-Mauroy,Saïd Ennjimi,1,42,23,3625,Sofiane Boufal,sofiane boufal,143,Lille,Left Wing,108.1,40.1,120.0,37.0,0.5,Goal,Right Foot,Normal,0.7835,0,40645.0,Laurent Pionnier,laurent pionnier,France,lineup_position_window,,,False,,low_left,1,scored,False,,,,statsbomb_open_data_1fe15814-3fd2-4579-92c7-a646f7ae22a9,2026-06-24T16:04:38.431710+00:00,False,False,False,False,True,True,False
statsbomb_open_data,b36d4226-c76d-4de5-a712-9dede712f5b5,3829493,2585,7,27,Ligue 1,2015/2016,France,Regular Season,2015-10-02,143,Lille,139,Montpellier,Decathlon Arena – Stade Pierre-Mauroy,Saïd Ennjimi,2,71,46,6661,Ryad Boudebouz,ryad boudebouz,139,Montpellier,Right Wing,108.1,40.1,120.0,36.1,2.5,Post,Left Foot,Normal,0.7835,1,3761.0,Mike Maignan,mike maignan,France,lineup_position_window,119.4,39.9,True,,high_left,0,missed,False,,,,statsbomb_open_data_b36d4226-c76d-4de5-a712-9dede712f5b5,2026-06-24T16:04:38.431710+00:00,False,False,False,False,False,False,False
statsbomb_open_data,c30968b9-f924-4333-ac0a-1fe63c283397,3829495,1600,7,27,Ligue 1,2015/2016,France,Regular Season,2015-10-03,137,Lyon,156,Stade de Reims,Stade de Gerland,Antony Gautier,1,40,6,3451,Alexandre Lacazette,alexandre lacazette,137,Lyon,Right Center Forward,108.1,40.1,120.0,38.8,2.8,Post,Right Foot,Normal,0.7835,1,3980.0,Johny Placide,johny placide,Haiti,lineup_position_window,119.6,39.8,True,,high_center,0,missed,False,,,,statsbomb_open_data_c30968b9-f924-4333-ac0a-1fe63c283397,2026-06-24T16:04:38.431710+00:00,False,False,False,False,False,False,False
statsbomb_open_data,35e8f9dd-38f8-44e0-89a2-9c86913d2fc4,3829496,1620,7,27,Ligue 1,2015/2016,France,Regular Season,2015-10-03,145,Angers,2736,Bastia,Stade Raymond-Kopa,Sébastien Moreira,1,42,53,3078,Abdoul Razzagui Camara,abdoul razzagui camara,145,Angers,Left Midfield,108.0,40.0,119.1,36.6,1.4,Saved,Left Foot,Normal,0.7835,0,7282.0,Jean-Louis Leca,jean-louis leca,France,lineup_position_window,,,False,,low_left,0,saved,False,,,,statsbomb_open_data_35e8f9dd-38f8-44e0-89a2-9c86913d2fc4,2026-06-24T16:04:38.431710+00:00,False,False,False,False,True,True,False
statsbomb_open_data,4eb0ce7e-926f-4dd2-af8b-d5cbe1ad752e,3829498,2738,7,27,Ligue 1,2015/2016,France,Regular Season,2015-10-04,165,Lorient,146,Bordeaux,Stade Yves Allainmat - du Moustoir,Clément Turpin,2,63,45,7615,Abdul Majeed Waris,abdul majeed waris,165,Lorient,Left Center Forward,108.1,40.1,120.0,37.9,0.3,Goal,Right Foot,Normal,0.7835,0,40533.0,Cédric Carrasso,cedric carrasso,France,lineup_position_window,,,False,,low_left,1,scored,False,,,,statsbomb_open_data_4eb0ce7e-926f-4dd2-af8b-d5cbe1ad752e,2026-06-24T16:04:38.431710+00:00,False,False,False,False,True,True,False
statsbomb_open_data,904b6960-8479-4b42-ae41-7ad96ae6fc74,3829500,1670,7,27,Ligue 1,2015/2016,France,Regular Season,2015-10-04,131,Paris Saint-Germain,147,Olympique de Marseille,Parc des Princes ,Benoît Bastien,1,40,42,3672,Zlatan Ibrahimović,zlatan ibrahimovic,131,Paris Saint-Germain,Center Forward,108.1,40.1,120.0,38.1,1.1,Goal,Right Foot,Normal,0.7835,0,3543.0,Steve Mandanda,steve mandanda,France,lineup_position_window,,,False,,low_left,1,scored,False,,,,statsbomb_open_data_904b6960-8479-4b42-ae41-7ad96ae6fc74,2026-06-24T16:04:38.431710+00:00,False,False,False,False,True,True,False
statsbomb_open_data,230cbd0b-f781-4a8b-a2f8-ffd1a48f3f61,3829500,1702,7,27,Ligue 1,2015/2016,France,Regular Season,2015-10-04,131,Paris Saint-Germain,147,Olympique de Marseille,Parc des Princes ,Benoît Bastien,1,43,42,3672,Zlatan Ibrahimović,zlatan ibrahimovic,131,Paris Saint-Germain,Center Forward,108.1,40.1,120.0,38.0,0.3,Goal,Right Foot,Normal,0.7835,0,3543.0,Steve Mandanda,steve mandanda,France,lineup_position_window,,,False,,low_left,1,scored,False,,,,statsbomb_open_data_230cbd0b-f781-4a8b-a2f8-ffd1a48f3f61,2026-06-24T16:04:38.431710+00:00,False,False,False,False,True,True,False
statsbomb_open_data,d6fc931e-615a-4bab-a2ce-093869cc13af,3829500,2213,7,27,Ligue 1,2015/2016,France,Regular Season,2015-10-04,131,Paris Saint-Germain,147,Olympique de Marseille,Parc des Princes ,Benoît Bastien,2,54,45,23933,Abdelaziz Barrada,abdelaziz barrada,147,Marseille,Left Wing,108.1,40.1,118.1,38.0,1.3,Saved,Right Foot,Normal,0.7835,0,4440.0,Kevin Trapp,kevin trapp,Germany,lineup_position_window,,,False,,low_left,0,saved,False,,,,statsbomb_open_data_d6fc931e-615a-4bab-a2ce-093869cc13af,2026-06-24T16:04:38.431710+00:00,False,False,False,False,True,True,False
statsbomb_open_data,4c1d464f-cc8c-4f62-a4f6-d8159f75c79c,3829501,2574,7,27,Ligue 1,2015/2016,France,Regular Season,2015-10-04,129,AS Monaco,134,Rennes,Stade Louis II,Tony Chapron,2,64,25,16503,Pedro Henrique Konzen Medina da Silva,pedro henrique konzen medina da silva,134,Rennes,Right Wing,108.1,40.0,119.1,37.3,0.2,Saved,Right Foot,Normal,0.7835,0,3444.0,Danijel Subašić,danijel subasic,Croatia,lineup_position_window,,,False,,low_left,0,saved,False,,,,statsbomb_open_data_4c1d464f-cc8c-4f62-a4f6-d8159f75c79c,2026-06-24T16:04:38.431710+00:00,False,False,False,False,True,True,False
statsbomb_open_data,1852f0ae-17af-42fe-8e01-261733c7056b,3829509,703,7,27,Ligue 1,2015/2016,France,Regular Season,2015-10-18,147,Olympique de Marseille,165,Lorient,Orange Vélodrome,Sébastien Moreira,1,20,50,3457,Michy Batshuayi Tunga,michy batshuayi tunga,147,Olympique de Marseille,Center Forward,108.0,40.0,120.0,42.6,1.1,Goal,Right Foot,Normal,0.7835,0,3008.0,Benjamin Lecomte,benjamin lecomte,France,lineup_position_window,,,False,,low_right,1,scored,False,,,,statsbomb_open_data_1852f0ae-17af-42fe-8e01-261733c7056b,2026-06-24T16:04:38.431710+00:00,False,False,False,False,True,True,False
statsbomb_open_data,16980838-c677-4d74-b3ad-56b6b9aa4d11,3835320,899,53,106,UEFA Women's Euro,2022,Europe,Group Stage,2022-07-07,852,Norway Women's,2457,Northern Ireland W,St. Mary's Stadium,Lina Lehtovaara,1,30,50,10386,Caroline Graham Hansen,caroline graham hansen,852,Norway Women's,Center Attacking Midfield,108.1,40.1,120.0,37.1,1.6,Goal,Right Foot,Normal,0.7835,0,224848.0,Jacqueline Burns,jacqueline burns,Northern Ireland,lineup_position_window,,,False,,low_left,1,scored,False,,,,statsbomb_open_data_16980838-c677-4d74-b3ad-56b6b9aa4d11,2026-06-24T16:04:38.431710+00:00,False,False,False,False,True,True,False
statsbomb_open_data,1e810bac-a70d-452e-923f-362b9918895b,3835321,3476,53,106,UEFA Women's Euro,2022,Europe,Group Stage,2022-07-08,863,Spain Women's,920,WNT Finland,Stadium MK,Kateryna Monzul,2,94,4,10161,María Francesca Caldentey Oliver,maria francesca caldentey oliver,863,Spain Women's,Right Center Midfield,108.0,40.0,120.0,43.6,2.1,Goal,Right Foot,Normal,0.7835,0,13857.0,Tinja-Riikka Tellervo Korpela,tinja-riikka tellervo korpela,Finland,lineup_position_window,,,False,,high_right,1,scored,False,,,,statsbomb_open_data_1e810bac-a70d-452e-923f-362b9918895b,2026-06-24T16:04:38.431710+00:00,False,False,False,False,True,True,False
statsbomb_open_data,958532f7-1077-4cdc-a0f9-1036f78ad33d,3835326,1102,53,106,UEFA Women's Euro,2022,Europe,Group Stage,2022-07-10,854,Belgium Women's,862,Iceland Women's,Joie Stadium,Tess Olofsson,1,32,8,10244,Berglind Björg Þorvaldsdóttir,berglind bjorg thorvaldsdottir,862,Iceland Women's,Center Forward,108.1,40.1,119.6,36.8,0.2,Saved,Right Foot,Normal,0.7835,0,276896.0,Nicky Evrard,nicky evrard,Belgium,lineup_position_window,,,False,,low_left,0,saved,False,,,,statsbomb_open_data_958532f7-1077-4cdc-a0f9-1036f78ad33d,2026-06-24T16:04:38.431710+00:00,False,False,False,False,True,True,False
statsbomb_open_data,bd6987c0-a9ac-4944-825e-9c0f31f11d16,3835326,2208,53,106,UEFA Women's Euro,2022,Europe,Group Stage,2022-07-10,854,Belgium Women's,862,Iceland Women's,Joie Stadium,Tess Olofsson,2,66,8,63308,Justine Vanhaevermaet,justine vanhaevermaet,854,Belgium Women's,Right Defensive Midfield,108.1,40.1,120.0,43.3,1.2,Goal,Right Foot,Normal,0.7835,0,276898.0,Sandra Sigurðardóttir,sandra sigurdardottir,Iceland,lineup_position_window,,,False,,low_right,1,scored,False,,,,statsbomb_open_data_bd6987c0-a9ac-4944-825e-9c0f31f11d16,2026-06-24T16:04:38.431710+00:00,False,False,False,False,True,True,False
statsbomb_open_data,fc024ff5-92e9-4722-8c19-b249e969578d,3835327,448,53,106,UEFA Women's Euro,2022,Europe,Group Stage,2022-07-11,865,England Women's,852,Norway Women's,The American Express Community Stadium,Riem Hussein,1,11,5,4643,Georgia Stanway,georgia stanway,865,England Women's,Right Center Midfield,108.0,40.0,120.0,37.3,1.9,Goal,Right Foot,Normal,0.7835,0,276302.0,Guro Pettersen,guro pettersen,Norway,lineup_position_window,,,False,,low_left,1,scored,False,,,,statsbomb_open_data_fc024ff5-92e9-4722-8c19-b249e969578d,2026-06-24T16:04:38.431710+00:00,False,False,False,False,True,True,False
statsbomb_open_data,0f130ed0-609c-4b1a-a6d2-bb735d96e680,3835332,1231,53,106,UEFA Women's Euro,2022,Europe,Group Stage,2022-07-13,851,Netherlands Women's,864,Portugal Women's,Leigh Sports Village Stadium,Ivana Martinčić,1,37,29,10162,Carole da Silva Costa,carole da silva costa,864,Portugal Women's,Left Center Back,108.1,40.1,120.0,42.3,0.8,Goal,Right Foot,Normal,0.7835,0,32339.0,Daphne van Domselaar,daphne van domselaar,Netherlands,lineup_position_window,,,False,,low_right,1,scored,False,,,,statsbomb_open_data_0f130ed0-609c-4b1a-a6d2-bb735d96e680,2026-06-24T16:04:38.431710+00:00,False,False,False,False,True,True,False
statsbomb_open_data,35d62a5e-3e36-40cd-a6ce-a353f331fe62,3835333,3553,53,106,UEFA Women's Euro,2022,Europe,Group Stage,2022-07-14,861,France Women's,854,Belgium Women's,AESSEAL New York Stadium ,Cheryl Foster,2,89,46,10125,Wendie Renard,wendie renard,861,France Women's,Left Center Back,108.1,40.1,119.8,42.7,0.3,Saved,Right Foot,Normal,0.7835,0,276896.0,Nicky Evrard,nicky evrard,Belgium,lineup_position_window,,,False,,low_right,0,saved,False,,,,statsbomb_open_data_35d62a5e-3e36-40cd-a6ce-a353f331fe62,2026-06-24T16:04:38.431710+00:00,False,False,False,False,True,True,False
statsbomb_open_data,d31d8e18-a14b-4438-85e6-4cf80facb63c,3835340,1535,53,106,UEFA Women's Euro,2022,Europe,Group Stage,2022-07-17,858,Sweden Women's,864,Portugal Women's,Leigh Sports Village Stadium,Stéphanie Frappart,2,53,7,10220,Kosovare Asllani,kosovare asllani,858,Sweden Women's,Right Center Forward,108.1,40.1,120.0,43.4,0.5,Goal,Right Foot,Normal,0.7835,0,10145.0,Patricia Isabel Sousa Barros Morais,patricia isabel sousa barros morais,Portugal,lineup_position_window,,,False,,low_right,1,scored,False,,,,statsbomb_open_data_d31d8e18-a14b-4438-85e6-4cf80facb63c,2026-06-24T16:04:38.431710+00:00,False,False,False,False,True,True,False
statsbomb_open_data,9e022ced-304c-4841-8462-040aff54e768,3835342,3086,53,106,UEFA Women's Euro,2022,Europe,Group Stage,2022-07-18,862,Iceland Women's,861,France Women's,AESSEAL New York Stadium ,Jana Adamkova,2,101,22,10124,Dagný Brynjarsdóttir,dagny brynjarsdottir,862,Iceland Women's,Left Center Midfield,108.1,40.1,120.0,37.5,2.2,Goal,Right Foot,Normal,0.7835,0,15615.0,Pauline Peyraud Magnin,pauline peyraud magnin,France,lineup_position_window,,,False,,high_left,1,scored,False,,,,statsbomb_open_data_9e022ced-304c-4841-8462-040aff54e768,2026-06-24T16:04:38.431710+00:00,False,False,False,False,True,True,False
statsbomb_open_data,6b75c7c1-3959-42cc-8302-5467be564b10,3837659,991,7,235,Ligue 1,2022/2023,France,Regular Season,2022-08-13,131,Paris Saint-Germain,139,Montpellier,Parc des Princes ,Willy Delajod,1,23,0,3009,Kylian Mbappé Lottin,kylian mbappe lottin,131,Paris Saint-Germain,Right Center Forward,108.1,40.1,119.3,43.2,1.3,Saved,Right Foot,Normal,0.7835,0,29003.0,Jonas Omlin,jonas omlin,Switzerland,lineup_position_window,,,False,,low_right,0,saved,False,,,,statsbomb_open_data_6b75c7c1-3959-42cc-8302-5467be564b10,2026-06-24T16:04:38.431710+00:00,False,False,False,False,True,True,False
statsbomb_open_data,329972ba-1324-4d78-8c57-638a7600a404,3837659,1642,7,235,Ligue 1,2022/2023,France,Regular Season,2022-08-13,131,Paris Saint-Germain,139,Montpellier,Parc des Princes ,Willy Delajod,1,42,49,4320,Neymar da Silva Santos Junior,neymar da silva santos junior,131,Paris Saint-Germain,Left Center Forward,108.1,40.1,120.0,37.3,0.2,Goal,Right Foot,Normal,0.7835,0,29003.0,Jonas Omlin,jonas omlin,Switzerland,lineup_position_window,,,False,,low_left,1,scored,False,,,,statsbomb_open_data_329972ba-1324-4d78-8c57-638a7600a404,2026-06-24T16:04:38.431710+00:00,False,False,False,False,True,True,False
statsbomb_open_data,72483ef1-c940-41dc-aa0d-708702d575ff,3837680,2891,7,235,Ligue 1,2022/2023,France,Regular Season,2022-08-28,131,Paris Saint-Germain,129,AS Monaco,Parc des Princes ,Benoît Bastien,2,69,4,4320,Neymar da Silva Santos Junior,neymar da silva santos junior,131,Paris Saint-Germain,Left Attacking Midfield,108.1,40.0,120.0,36.9,0.5,Goal,Right Foot,Normal,0.7835,0,20662.0,Alexander Nübel,alexander nubel,Germany,lineup_position_window,,,False,,low_left,1,scored,False,,,,statsbomb_open_data_72483ef1-c940-41dc-aa0d-708702d575ff,2026-06-24T16:04:38.431710+00:00,False,False,False,False,True,True,False
statsbomb_open_data,715d6e8a-ecab-4921-8edc-4d9299d6b161,3837706,3111,7,235,Ligue 1,2022/2023,France,Regular Season,2022-09-10,131,Paris Saint-Germain,153,Stade Brestois,Parc des Princes ,Jérémie Pignard,2,69,56,3811,Islam Slimani,islam slimani,153,Stade Brestois,Center Forward,108.0,40.0,118.5,42.2,1.1,Saved,Right Foot,Normal,0.7835,0,7036.0,Gianluigi Donnarumma,gianluigi donnarumma,Italy,lineup_position_window,,,False,,low_right,0,saved,False,,,,statsbomb_open_data_715d6e8a-ecab-4921-8edc-4d9299d6b161,2026-06-24T16:04:38.431710+00:00,False,False,False,False,True,True,False
statsbomb_open_data,658084e8-a5bb-4349-ba1c-560b61829f3e,3837771,3277,7,235,Ligue 1,2022/2023,France,Regular Season,2022-10-29,131,Paris Saint-Germain,133,Troyes,Parc des Princes ,Eric Wattellier,2,76,1,3009,Kylian Mbappé Lottin,kylian mbappe lottin,131,Paris Saint-Germain,Left Wing,108.1,40.1,120.0,36.7,2.3,Goal,Right Foot,Normal,0.7835,0,7517.0,Gauthier Gallon,gauthier gallon,France,lineup_position_window,,,False,,high_left,1,scored,False,,,,statsbomb_open_data_658084e8-a5bb-4349-ba1c-560b61829f3e,2026-06-24T16:04:38.431710+00:00,False,False,False,False,True,True,False
statsbomb_open_data,eb322c2d-3255-4685-a800-aebcb34d5bc4,3837844,350,7,235,Ligue 1,2022/2023,France,Regular Season,2023-02-01,139,Montpellier,131,Paris Saint-Germain,Stade de la Mosson ,Jérémie Pignard,1,9,21,3009,Kylian Mbappé Lottin,kylian mbappe lottin,131,Paris Saint-Germain,Left Center Forward,108.0,40.0,119.0,42.1,1.2,Saved to Post,Right Foot,Normal,0.7835,0,3008.0,Benjamin Lecomte,benjamin lecomte,France,lineup_position_window,,,False,,low_right,0,unknown,False,,,,statsbomb_open_data_eb322c2d-3255-4685-a800-aebcb34d5bc4,2026-06-24T16:04:38.431710+00:00,False,False,False,False,True,True,False
statsbomb_open_data,3047fd74-aa53-458e-b118-29ddd1b0607a,3837876,2340,7,235,Ligue 1,2022/2023,France,Regular Season,2023-02-19,131,Paris Saint-Germain,143,Lille,Parc des Princes ,Willy Delajod,2,57,19,23640,Jonathan David,jonathan david,143,Lille,Center Forward,108.1,40.1,120.0,43.5,0.2,Goal,Right Foot,Normal,0.7835,0,7036.0,Gianluigi Donnarumma,gianluigi donnarumma,Italy,lineup_position_window,,,False,,low_right,1,scored,False,,,,statsbomb_open_data_3047fd74-aa53-458e-b118-29ddd1b0607a,2026-06-24T16:04:38.431710+00:00,False,False,False,False,True,True,False
statsbomb_open_data,45c0c561-6d7d-4e47-9772-d798c1517e56,3837928,1704,7,235,Ligue 1,2022/2023,France,Regular Season,2023-04-02,131,Paris Saint-Germain,137,Lyon,Parc des Princes ,François Letexier,1,38,7,3451,Alexandre Lacazette,alexandre lacazette,137,Lyon,Right Center Forward,108.0,40.0,120.0,36.0,0.2,Post,Right Foot,Normal,0.7835,1,7036.0,Gianluigi Donnarumma,gianluigi donnarumma,Italy,lineup_position_window,119.3,40.2,True,,low_left,0,missed,False,,,,statsbomb_open_data_45c0c561-6d7d-4e47-9772-d798c1517e56,2026-06-24T16:04:38.431710+00:00,False,False,False,False,False,False,False
statsbomb_open_data,60991d53-5727-4634-a222-6a7b96e77fb5,3837947,2689,7,235,Ligue 1,2022/2023,France,Regular Season,2023-04-15,131,Paris Saint-Germain,168,Lens,Parc des Princes ,Willy Delajod,2,59,25,7979,Przemysław Frankowski,przemyslaw frankowski,168,Lens,Right Wing Back,108.0,40.0,120.0,36.8,0.9,Goal,Right Foot,Normal,0.7835,0,7036.0,Gianluigi Donnarumma,gianluigi donnarumma,Italy,lineup_position_window,,,False,,low_left,1,scored,False,,,,statsbomb_open_data_60991d53-5727-4634-a222-6a7b96e77fb5,2026-06-24T16:04:38.431710+00:00,False,False,False,False,True,True,False
statsbomb_open_data,271f06cc-9a8c-4dc6-88f4-6bb835dd50a7,3838017,896,7,235,Ligue 1,2022/2023,France,Regular Season,2023-06-03,131,Paris Saint-Germain,152,Clermont Foot,Parc des Princes ,Thomas Léonard,1,20,11,3009,Kylian Mbappé Lottin,kylian mbappe lottin,131,Paris Saint-Germain,Left Center Forward,108.1,40.1,120.0,42.7,1.3,Goal,Right Foot,Normal,0.7835,0,48502.0,Mory Diaw,mory diaw,France,lineup_position_window,,,False,,low_right,1,scored,False,,,,statsbomb_open_data_271f06cc-9a8c-4dc6-88f4-6bb835dd50a7,2026-06-24T16:04:38.431710+00:00,False,False,False,False,True,True,False
statsbomb_open_data,fde3e19b-7a1e-4f61-bfbb-3334104fa9f7,3838017,1529,7,235,Ligue 1,2022/2023,France,Regular Season,2023-06-03,131,Paris Saint-Germain,152,Clermont Foot,Parc des Princes ,Thomas Léonard,1,36,45,7367,Grejohn Kyei,grejohn kyei,152,Clermont Foot,Center Forward,108.0,40.0,120.0,34.6,0.2,Off T,Right Foot,Normal,0.7835,1,7036.0,Gianluigi Donnarumma,gianluigi donnarumma,Italy,lineup_position_window,119.2,40.0,True,,low_left,0,missed,False,,,,statsbomb_open_data_fde3e19b-7a1e-4f61-bfbb-3334104fa9f7,2026-06-24T16:04:38.431710+00:00,False,False,False,False,False,False,False
statsbomb_open_data,3d66c25b-e7ac-4b3f-9bc0-c4b12be4f3a9,3844387,3726,53,106,UEFA Women's Euro,2022,Europe,Quarter-finals,2022-07-23,861,France Women's,851,Netherlands Women's,AESSEAL New York Stadium ,Ivana Martinčić,3,101,21,10418,Eve Perisset,eve perisset,861,France Women's,Right Back,108.0,40.0,120.0,36.6,1.1,Goal,Right Foot,Normal,0.7835,0,32339.0,Daphne van Domselaar,daphne van domselaar,Netherlands,lineup_position_window,,,False,,low_left,1,scored,False,,,,statsbomb_open_data_3d66c25b-e7ac-4b3f-9bc0-c4b12be4f3a9,2026-06-24T16:04:38.431710+00:00,False,False,False,False,True,True,False
statsbomb_open_data,bbf37035-eac8-4277-8e3a-39c6acf669e1,3857264,1416,43,106,FIFA World Cup,2022,International,Group Stage,2022-11-30,789,Poland,779,Argentina,Stadium 974,Danny Desmond Makkelie,1,38,24,5503,Lionel Andrés Messi Cuccittini,lionel andres messi cuccittini,779,Argentina,Center Forward,108.1,40.1,119.7,42.8,1.4,Saved,Left Foot,Normal,0.7835,0,5669.0,Wojciech Szczęsny,wojciech szczesny,Poland,lineup_position_window,,,False,,low_right,0,saved,False,,,,statsbomb_open_data_bbf37035-eac8-4277-8e3a-39c6acf669e1,2026-06-24T16:04:38.431710+00:00,False,False,False,False,True,True,False
statsbomb_open_data,5ee0aff8-6137-437a-84a3-320adf30aed6,3857265,1977,43,106,FIFA World Cup,2022,International,Group Stage,2022-11-22,794,Mexico,789,Poland,Stadium 974,Chris Beath,2,57,23,5668,Robert Lewandowski,robert lewandowski,789,Poland,Center Forward,108.1,40.0,118.7,42.9,0.4,Saved,Right Foot,Normal,0.7835,0,5577.0,Francisco Guillermo Ochoa Magaña,francisco guillermo ochoa magana,Mexico,lineup_position_window,,,False,,low_right,0,saved,False,,,,statsbomb_open_data_5ee0aff8-6137-437a-84a3-320adf30aed6,2026-06-24T16:04:38.431710+00:00,False,False,False,False,True,True,False
statsbomb_open_data,e800e0bb-7fe2-4b0b-a284-d79772a9e828,3857267,1278,43,106,FIFA World Cup,2022,International,Group Stage,2022-11-29,3565,Ecuador,787,Senegal,Sheikh Khalifa International Stadium,Clément Turpin,1,43,41,2941,Ismaïla Sarr,ismaila sarr,787,Senegal,Left Wing,108.0,40.0,120.0,43.4,0.2,Goal,Right Foot,Normal,0.7835,0,37522.0,Hernán Ismael Galíndez,hernan ismael galindez,Ecuador,lineup_position_window,,,False,,low_right,1,scored,False,,,,statsbomb_open_data_e800e0bb-7fe2-4b0b-a284-d79772a9e828,2026-06-24T16:04:38.431710+00:00,False,False,False,False,True,True,False
statsbomb_open_data,a0849b15-1abc-4429-ac77-9fd4d65c0c4a,3857268,271,43,106,FIFA World Cup,2022,International,Group Stage,2022-11-23,782,Belgium,1833,Canada,Ahmad bin Ali Stadium,Janny Sikazwe,1,10,0,12365,Alphonso Davies,alphonso davies,1833,Canada,Left Wing Back,108.1,40.1,119.5,38.0,0.2,Saved,Left Foot,Normal,0.7835,0,3509.0,Thibaut Courtois,thibaut courtois,Belgium,lineup_position_window,,,False,,low_left,0,saved,False,,,,statsbomb_open_data_a0849b15-1abc-4429-ac77-9fd4d65c0c4a,2026-06-24T16:04:38.431710+00:00,False,False,False,False,True,True,False
statsbomb_open_data,09a6971a-da8c-48d3-a477-04deeca2fa0b,3857270,3214,43,106,FIFA World Cup,2022,International,Group Stage,2022-11-28,780,Portugal,783,Uruguay,Lusail Stadium,Alireza Faghani,2,92,19,5204,Bruno Miguel Borges Fernandes,bruno miguel borges fernandes,780,Portugal,Right Wing,108.0,40.0,120.0,38.2,0.6,Goal,Right Foot,Normal,0.7835,0,36710.0,Sergio Rochet Álvarez,sergio rochet alvarez,Uruguay,lineup_position_window,,,False,,low_left,1,scored,False,,,,statsbomb_open_data_09a6971a-da8c-48d3-a477-04deeca2fa0b,2026-06-24T16:04:38.431710+00:00,False,False,False,False,True,True,False
statsbomb_open_data,39236484-ea4c-4c5b-9025-d7aeb7396aae,3857271,3645,43,106,FIFA World Cup,2022,International,Group Stage,2022-11-21,768,England,797,Iran,Sheikh Khalifa International Stadium,Raphael Claus,2,102,30,5226,Mehdi Taremi,mehdi taremi,797,Iran,Right Center Forward,108.0,40.0,120.0,42.3,0.3,Goal,Right Foot,Normal,0.7835,0,3468.0,Jordan Pickford,jordan pickford,England,lineup_position_window,,,False,,low_right,1,scored,False,,,,statsbomb_open_data_39236484-ea4c-4c5b-9025-d7aeb7396aae,2026-06-24T16:04:38.431710+00:00,False,False,False,False,True,True,False
statsbomb_open_data,a11b0dd8-d028-437a-90ce-0287f697ac55,3857282,3119,43,106,FIFA World Cup,2022,International,Group Stage,2022-11-21,1839,United States,907,Wales,Ahmad bin Ali Stadium,Abdulrahman Ibrahim Al Jassim,2,81,33,6399,Gareth Frank Bale,gareth frank bale,907,Wales,Left Center Forward,108.0,40.0,120.0,43.4,1.5,Goal,Left Foot,Normal,0.7835,0,12352.0,Matthew Charles Turner,matthew charles turner,United States of America,lineup_position_window,,,False,,low_right,1,scored,False,,,,statsbomb_open_data_a11b0dd8-d028-437a-90ce-0287f697ac55,2026-06-24T16:04:38.431710+00:00,False,False,False,False,True,True,False
statsbomb_open_data,c18ab9c8-d37e-4194-a90a-f06274614fce,3857284,1260,43,106,FIFA World Cup,2022,International,Group Stage,2022-11-23,770,Germany,778,Japan,Sheikh Khalifa International Stadium,Ivan Arcides Barton Cisneros,1,32,35,10287,İlkay Gündoğan,ilkay gundogan,770,Germany,Left Defensive Midfield,108.0,40.0,120.0,39.1,0.9,Goal,Right Foot,Normal,0.7835,0,25719.0,Shūichi Gonda,shuichi gonda,Japan,lineup_position_window,,,False,,low_center,1,scored,False,,,,statsbomb_open_data_c18ab9c8-d37e-4194-a90a-f06274614fce,2026-06-24T16:04:38.431710+00:00,False,False,False,False,True,True,False
statsbomb_open_data,01154885-90ea-4577-9c0d-9bf97721a323,3857286,431,43,106,FIFA World Cup,2022,International,Group Stage,2022-11-20,3566,Qatar,3565,Ecuador,Al Bayt Stadium,Daniele Orsato,1,15,49,28559,Enner Remberto Valencia Lastra,enner remberto valencia lastra,3565,Ecuador,Right Center Forward,108.1,40.1,120.0,43.4,0.2,Goal,Right Foot,Normal,0.7835,0,124496.0,Saad Abdullah Al Sheeb,saad abdullah al sheeb,Qatar,lineup_position_window,,,False,,low_right,1,scored,False,,,,statsbomb_open_data_01154885-90ea-4577-9c0d-9bf97721a323,2026-06-24T16:04:38.431710+00:00,False,False,False,False,True,True,False
statsbomb_open_data,9d452713-0955-4550-8b33-24a3f61a156a,3857291,1315,43,106,FIFA World Cup,2022,International,Group Stage,2022-11-23,772,Spain,795,Costa Rica,Al Thumama Stadium,,1,30,9,6748,Ferrán Torres García,ferran torres garcia,772,Spain,Right Wing,108.1,40.1,120.0,37.3,0.5,Goal,Right Foot,Normal,0.7835,0,5597.0,Keylor Navas Gamboa,keylor navas gamboa,Costa Rica,lineup_position_window,,,False,,low_left,1,scored,False,,,,statsbomb_open_data_9d452713-0955-4550-8b33-24a3f61a156a,2026-06-24T16:04:38.431710+00:00,False,False,False,False,True,True,False
statsbomb_open_data,df394e83-9c10-4bf0-a601-ae219d001867,3857293,632,43,106,FIFA World Cup,2022,International,Group Stage,2022-12-02,4885,Ghana,783,Uruguay,Al Janoub Stadium   ,Daniel Siebert,1,20,12,3347,André Ayew Pelé,andre ayew pele,4885,Ghana,Center Attacking Midfield,108.0,40.0,119.5,42.3,0.2,Saved,Left Foot,Normal,0.7835,0,36710.0,Sergio Rochet Álvarez,sergio rochet alvarez,Uruguay,lineup_position_window,,,False,,low_right,0,saved,False,,,,statsbomb_open_data_df394e83-9c10-4bf0-a601-ae219d001867,2026-06-24T16:04:38.431710+00:00,False,False,False,False,True,True,False
statsbomb_open_data,db50083a-907b-4263-beef-a07ac5b82161,3857297,1313,43,106,FIFA World Cup,2022,International,Group Stage,2022-11-26,789,Poland,799,Saudi Arabia,Education City Stadium ,Wilton Pereira Sampaio,1,45,35,5187,Salem Mohammed Al Dawsari,salem mohammed al dawsari,799,Saudi Arabia,Left Wing,108.1,40.1,119.3,38.3,0.0,Saved,Right Foot,Normal,0.7835,0,5669.0,Wojciech Szczęsny,wojciech szczesny,Poland,lineup_position_window,,,False,,low_left,0,saved,False,,,,statsbomb_open_data_db50083a-907b-4263-beef-a07ac5b82161,2026-06-24T16:04:38.431710+00:00,False,False,False,False,True,True,False
statsbomb_open_data,f539cd95-0c8f-4704-952b-e0a35bf7993e,3857298,2579,43,106,FIFA World Cup,2022,International,Group Stage,2022-11-24,780,Portugal,4885,Ghana,Stadium 974,Ismail Elfath,2,64,20,5207,Cristiano Ronaldo dos Santos Aveiro,cristiano ronaldo dos santos aveiro,780,Portugal,Center Forward,108.1,40.1,120.0,37.8,1.6,Goal,Right Foot,Normal,0.7835,0,8108.0,Lawrence Ati-Zigi,lawrence ati-zigi,Ghana,lineup_position_window,,,False,,low_left,1,scored,False,,,,statsbomb_open_data_f539cd95-0c8f-4704-952b-e0a35bf7993e,2026-06-24T16:04:38.431710+00:00,False,False,False,False,True,True,False
statsbomb_open_data,87e2e8be-e11d-43d6-b9fd-fab92bf1bfb1,3857300,212,43,106,FIFA World Cup,2022,International,Group Stage,2022-11-22,779,Argentina,799,Saudi Arabia,Lusail Stadium,Slavko Vinčić,1,9,15,5503,Lionel Andrés Messi Cuccittini,lionel andres messi cuccittini,779,Argentina,Right Center Forward,108.0,40.0,120.0,38.7,0.2,Goal,Left Foot,Normal,0.7835,0,5714.0,Mohammed Khalil Al Owais,mohammed khalil al owais,Saudi Arabia,lineup_position_window,,,False,,low_center,1,scored,False,,,,statsbomb_open_data_87e2e8be-e11d-43d6-b9fd-fab92bf1bfb1,2026-06-24T16:04:38.431710+00:00,False,False,False,False,True,True,False
statsbomb_open_data,36c25c99-7fd8-41f4-9467-18c23d474d37,3869152,3615,43,106,FIFA World Cup,2022,International,Round of 16,2022-12-04,771,France,789,Poland,Al Thumama Stadium,Jesús Valenzuela Sáez,2,98,36,5668,Robert Lewandowski,robert lewandowski,789,Poland,Center Forward,108.0,40.0,120.0,37.4,0.2,Goal,Right Foot,Normal,0.7835,0,3099.0,Hugo Lloris,hugo lloris,France,lineup_position_window,,,False,,low_left,1,scored,False,,,,statsbomb_open_data_36c25c99-7fd8-41f4-9467-18c23d474d37,2026-06-24T16:04:38.431710+00:00,False,False,False,False,True,True,False
statsbomb_open_data,7e8a4838-4396-44cb-af8e-51df3abdd7b8,3869219,4542,43,106,FIFA World Cup,2022,International,Round of 16,2022-12-05,778,Japan,785,Croatia,Al Janoub Stadium   ,Ismail Elfath,5,120,4,8776,Takumi Minamino,takumi minamino,778,Japan,Left Wing,108.1,40.1,119.1,41.9,0.2,Saved,Right Foot,Normal,0.7835,0,16531.0,Dominik Livaković,dominik livakovic,Croatia,lineup_position_window,,,False,,low_right,0,saved,True,1,0,0,statsbomb_open_data_7e8a4838-4396-44cb-af8e-51df3abdd7b8,2026-06-24T16:04:38.431710+00:00,False,False,False,False,True,True,False
statsbomb_open_data,a082197d-6235-4da0-92fc-a1aa9379bc0d,3869219,4544,43,106,FIFA World Cup,2022,International,Round of 16,2022-12-05,778,Japan,785,Croatia,Al Janoub Stadium   ,Ismail Elfath,5,120,43,3441,Nikola Vlašić,nikola vlasic,785,Croatia,Left Center Midfield,108.1,40.1,120.0,36.8,1.3,Goal,Right Foot,Normal,0.7835,0,25719.0,Shūichi Gonda,shuichi gonda,Japan,lineup_position_window,,,False,,low_left,1,scored,True,2,0,0,statsbomb_open_data_a082197d-6235-4da0-92fc-a1aa9379bc0d,2026-06-24T16:04:38.431710+00:00,False,False,False,False,True,True,False
statsbomb_open_data,bccd6f5b-3d78-448c-bde8-793467426a12,3869219,4546,43,106,FIFA World Cup,2022,International,Round of 16,2022-12-05,778,Japan,785,Croatia,Al Janoub Stadium   ,Ismail Elfath,5,121,13,37211,Kaoru Mitoma,kaoru mitoma,778,Japan,Left Wing Back,108.1,40.1,118.9,37.5,0.2,Saved,Right Foot,Normal,0.7835,0,16531.0,Dominik Livaković,dominik livakovic,Croatia,lineup_position_window,,,False,,low_left,0,saved,True,3,0,1,statsbomb_open_data_bccd6f5b-3d78-448c-bde8-793467426a12,2026-06-24T16:04:38.431710+00:00,False,False,False,False,True,True,False
statsbomb_open_data,54be1e85-59c1-43cd-8da4-26db10dcd2b7,3869219,4548,43,106,FIFA World Cup,2022,International,Round of 16,2022-12-05,778,Japan,785,Croatia,Al Janoub Stadium   ,Ismail Elfath,5,121,52,5469,Marcelo Brozović,marcelo brozovic,785,Croatia,Center Defensive Midfield,108.1,40.1,120.0,39.9,1.7,Goal,Right Foot,Normal,0.7835,0,25719.0,Shūichi Gonda,shuichi gonda,Japan,lineup_position_window,,,False,,low_center,1,scored,True,4,1,0,statsbomb_open_data_54be1e85-59c1-43cd-8da4-26db10dcd2b7,2026-06-24T16:04:38.431710+00:00,False,False,False,False,True,True,False
statsbomb_open_data,2e48e56e-491c-4194-865d-be0b40fafb69,3869219,4550,43,106,FIFA World Cup,2022,International,Round of 16,2022-12-05,778,Japan,785,Croatia,Al Janoub Stadium   ,Ismail Elfath,5,122,33,8949,Takuma Asano,takuma asano,778,Japan,Center Forward,108.1,40.1,120.0,41.9,0.9,Goal,Right Foot,Normal,0.7835,0,16531.0,Dominik Livaković,dominik livakovic,Croatia,lineup_position_window,,,False,,low_right,1,scored,True,5,0,2,statsbomb_open_data_2e48e56e-491c-4194-865d-be0b40fafb69,2026-06-24T16:04:38.431710+00:00,False,False,False,False,True,True,False
statsbomb_open_data,f33dea9d-c828-4298-9983-d63a2db7557b,3869219,4552,43,106,FIFA World Cup,2022,International,Round of 16,2022-12-05,778,Japan,785,Croatia,Al Janoub Stadium   ,Ismail Elfath,5,123,13,22041,Marko Livaja,marko livaja,785,Croatia,Center Forward,108.1,40.1,120.0,36.1,0.6,Post,Right Foot,Normal,0.7835,1,25719.0,Shūichi Gonda,shuichi gonda,Japan,lineup_position_window,119.6,39.9,True,,low_left,0,missed,True,6,2,1,statsbomb_open_data_f33dea9d-c828-4298-9983-d63a2db7557b,2026-06-24T16:04:38.431710+00:00,False,False,False,False,False,False,False
statsbomb_open_data,2cdf3402-4fcf-45ef-9d91-8474453e45ad,3869219,4554,43,106,FIFA World Cup,2022,International,Round of 16,2022-12-05,778,Japan,785,Croatia,Al Janoub Stadium   ,Ismail Elfath,5,123,50,3300,Maya Yoshida,maya yoshida,778,Japan,Center Back,108.1,40.1,118.9,37.5,0.2,Saved,Right Foot,Normal,0.7835,0,16531.0,Dominik Livaković,dominik livakovic,Croatia,lineup_position_window,,,False,,low_left,0,saved,True,7,1,2,statsbomb_open_data_2cdf3402-4fcf-45ef-9d91-8474453e45ad,2026-06-24T16:04:38.431710+00:00,False,False,False,False,True,True,False
statsbomb_open_data,d38acc97-e85e-43e6-9798-dac321842497,3869219,4556,43,106,FIFA World Cup,2022,International,Round of 16,2022-12-05,778,Japan,785,Croatia,Al Janoub Stadium   ,Ismail Elfath,5,124,28,11603,Mario Pašalić,mario pasalic,785,Croatia,Right Wing,108.1,40.1,120.0,36.5,0.3,Goal,Right Foot,Normal,0.7835,0,25719.0,Shūichi Gonda,shuichi gonda,Japan,lineup_position_window,,,False,,low_left,1,scored,True,8,2,1,statsbomb_open_data_d38acc97-e85e-43e6-9798-dac321842497,2026-06-24T16:04:38.431710+00:00,False,False,False,False,True,True,False
statsbomb_open_data,07875275-5ae1-4193-a471-8f88db7f9887,3869220,4735,43,106,FIFA World Cup,2022,International,Round of 16,2022-12-06,788,Morocco,772,Spain,Education City Stadium ,Fernando Andrés Rapallini,5,120,7,3634,Abdelhamid Sabiri,abdelhamid sabiri,788,Morocco,Left Defensive Midfield,108.0,40.0,120.0,43.0,0.3,Goal,Right Foot,Normal,0.7835,0,11748.0,Unai Simón Mendibil,unai simon mendibil,Spain,lineup_position_window,,,False,,low_right,1,scored,True,1,0,0,statsbomb_open_data_07875275-5ae1-4193-a471-8f88db7f9887,2026-06-24T16:04:38.431710+00:00,False,False,False,False,True,True,False
statsbomb_open_data,f8d211fa-5374-4310-a982-8699c7335255,3869220,4737,43,106,FIFA World Cup,2022,International,Round of 16,2022-12-06,788,Morocco,772,Spain,Education City Stadium ,Fernando Andrés Rapallini,5,121,0,6720,Pablo Sarabia García,pablo sarabia garcia,772,Spain,Right Wing,108.0,40.0,120.0,44.0,0.2,Post,Left Foot,Normal,0.7835,1,6785.0,Yassine Bounou,yassine bounou,Morocco,lineup_position_window,119.5,40.3,True,,low_right,0,missed,True,2,0,1,statsbomb_open_data_f8d211fa-5374-4310-a982-8699c7335255,2026-06-24T16:04:38.431710+00:00,False,False,False,False,False,False,False
statsbomb_open_data,f6e7d4d9-0029-4c12-adb3-0a4805479609,3869220,4739,43,106,FIFA World Cup,2022,International,Round of 16,2022-12-06,788,Morocco,772,Spain,Education City Stadium ,Fernando Andrés Rapallini,5,121,51,5237,Hakim Ziyech,hakim ziyech,788,Morocco,Right Wing,108.0,40.0,120.0,40.0,1.3,Goal,Left Foot,Normal,0.7835,0,11748.0,Unai Simón Mendibil,unai simon mendibil,Spain,lineup_position_window,,,False,,low_center,1,scored,True,3,1,0,statsbomb_open_data_f6e7d4d9-0029-4c12-adb3-0a4805479609,2026-06-24T16:04:38.431710+00:00,False,False,False,False,True,True,False
statsbomb_open_data,243c4452-6d54-401b-a681-4449fd9da7c6,3869220,4741,43,106,FIFA World Cup,2022,International,Round of 16,2022-12-06,788,Morocco,772,Spain,Education City Stadium ,Fernando Andrés Rapallini,5,122,44,6583,Carlos Soler Barragán,carlos soler barragan,772,Spain,Right Center Midfield,108.0,40.0,119.4,42.7,0.7,Saved,Right Foot,Normal,0.7835,0,6785.0,Yassine Bounou,yassine bounou,Morocco,lineup_position_window,,,False,,low_right,0,saved,True,4,0,2,statsbomb_open_data_243c4452-6d54-401b-a681-4449fd9da7c6,2026-06-24T16:04:38.431710+00:00,False,False,False,False,True,True,False
statsbomb_open_data,1ca8275a-6f22-45e8-802a-445717e96337,3869220,4743,43,106,FIFA World Cup,2022,International,Round of 16,2022-12-06,788,Morocco,772,Spain,Education City Stadium ,Fernando Andrés Rapallini,5,123,36,67700,Badr Banoun,badr banoun,788,Morocco,Left Center Back,108.0,40.0,119.3,37.2,0.1,Saved,Right Foot,Normal,0.7835,0,11748.0,Unai Simón Mendibil,unai simon mendibil,Spain,lineup_position_window,,,False,,low_left,0,saved,True,5,2,0,statsbomb_open_data_1ca8275a-6f22-45e8-802a-445717e96337,2026-06-24T16:04:38.431710+00:00,False,False,False,False,True,True,False
statsbomb_open_data,2dbf7685-1e38-42ea-9033-edf9f79d57f1,3869220,4745,43,106,FIFA World Cup,2022,International,Round of 16,2022-12-06,788,Morocco,772,Spain,Education City Stadium ,Fernando Andrés Rapallini,5,124,31,5203,Sergio Busquets i Burgos,sergio busquets i burgos,772,Spain,Center Defensive Midfield,108.0,40.0,119.6,37.3,0.5,Saved,Right Foot,Normal,0.7835,0,6785.0,Yassine Bounou,yassine bounou,Morocco,lineup_position_window,,,False,,low_left,0,saved,True,6,0,2,statsbomb_open_data_2dbf7685-1e38-42ea-9033-edf9f79d57f1,2026-06-24T16:04:38.431710+00:00,False,False,False,False,True,True,False
statsbomb_open_data,08590ee6-ef11-4025-8648-2a8496c30c1f,3869220,4747,43,106,FIFA World Cup,2022,International,Round of 16,2022-12-06,788,Morocco,772,Spain,Education City Stadium ,Fernando Andrés Rapallini,5,125,36,5245,Achraf Hakimi Mouh,achraf hakimi mouh,788,Morocco,Right Wing Back,108.0,40.0,120.0,40.1,0.2,Goal,Right Foot,Normal,0.7835,0,11748.0,Unai Simón Mendibil,unai simon mendibil,Spain,lineup_position_window,,,False,,low_center,1,scored,True,7,2,0,statsbomb_open_data_08590ee6-ef11-4025-8648-2a8496c30c1f,2026-06-24T16:04:38.431710+00:00,False,False,False,False,True,True,False
statsbomb_open_data,ba9547df-81eb-4cc8-acc3-63ebec6f2c39,3869253,406,43,106,FIFA World Cup,2022,International,Round of 16,2022-12-05,781,Brazil,791,South Korea,Stadium 974,Clément Turpin,1,12,18,4320,Neymar da Silva Santos Junior,neymar da silva santos junior,781,Brazil,Center Attacking Midfield,108.0,40.0,120.0,42.3,0.2,Goal,Right Foot,Normal,0.7835,0,37641.0,Seung-Gyu Kim,seung-gyu kim,Korea (South),lineup_position_window,,,False,,low_right,1,scored,False,,,,statsbomb_open_data_ba9547df-81eb-4cc8-acc3-63ebec6f2c39,2026-06-24T16:04:38.431710+00:00,False,False,False,False,True,True,False
statsbomb_open_data,dc11fa36-49c6-41db-a883-9991c8711696,3869321,3016,43,106,FIFA World Cup,2022,International,Quarter-finals,2022-12-09,941,Netherlands,779,Argentina,Lusail Stadium,Antonio Miguel Mateu Lahoz,2,72,39,5503,Lionel Andrés Messi Cuccittini,lionel andres messi cuccittini,779,Argentina,Right Center Forward,108.0,40.0,120.0,43.3,1.4,Goal,Left Foot,Normal,0.7835,0,8326.0,Andries Noppert,andries noppert,Netherlands,lineup_position_window,,,False,,low_right,1,scored,False,,,,statsbomb_open_data_dc11fa36-49c6-41db-a883-9991c8711696,2026-06-24T16:04:38.431710+00:00,False,False,False,False,True,True,False
statsbomb_open_data,506ef1d2-b8f7-4c3a-b8a6-ccde3026c580,3869321,4684,43,106,FIFA World Cup,2022,International,Quarter-finals,2022-12-09,941,Netherlands,779,Argentina,Lusail Stadium,Antonio Miguel Mateu Lahoz,5,120,5,3669,Virgil van Dijk,virgil van dijk,941,Netherlands,Left Center Back,108.1,40.1,119.5,37.2,1.2,Saved,Right Foot,Normal,0.7835,0,6909.0,Damián Emiliano Martínez,damian emiliano martinez,Argentina,lineup_position_window,,,False,,low_left,0,saved,True,1,0,0,statsbomb_open_data_506ef1d2-b8f7-4c3a-b8a6-ccde3026c580,2026-06-24T16:04:38.431710+00:00,False,False,False,False,True,True,False
statsbomb_open_data,256dea09-d28e-452b-81e7-1aaf72ffc7d7,3869321,4686,43,106,FIFA World Cup,2022,International,Quarter-finals,2022-12-09,941,Netherlands,779,Argentina,Lusail Stadium,Antonio Miguel Mateu Lahoz,5,121,3,5503,Lionel Andrés Messi Cuccittini,lionel andres messi cuccittini,779,Argentina,Center Forward,108.1,40.1,120.0,38.7,0.2,Goal,Left Foot,Normal,0.7835,0,8326.0,Andries Noppert,andries noppert,Netherlands,lineup_position_window,,,False,,low_center,1,scored,True,2,0,0,statsbomb_open_data_256dea09-d28e-452b-81e7-1aaf72ffc7d7,2026-06-24T16:04:38.431710+00:00,False,False,False,False,True,True,False
statsbomb_open_data,9e0ea28e-8c8b-4409-bd0c-322a2243a80a,3869321,4688,43,106,FIFA World Cup,2022,International,Quarter-finals,2022-12-09,941,Netherlands,779,Argentina,Lusail Stadium,Antonio Miguel Mateu Lahoz,5,121,45,7745,Steven Berghuis,steven berghuis,941,Netherlands,Right Midfield,108.1,40.1,119.4,42.9,0.9,Saved,Left Foot,Normal,0.7835,0,6909.0,Damián Emiliano Martínez,damian emiliano martinez,Argentina,lineup_position_window,,,False,,low_right,0,saved,True,3,0,1,statsbomb_open_data_9e0ea28e-8c8b-4409-bd0c-322a2243a80a,2026-06-24T16:04:38.431710+00:00,False,False,False,False,True,True,False
statsbomb_open_data,9ee52d5d-3516-4720-8ad1-72c14f59f0f5,3869321,4690,43,106,FIFA World Cup,2022,International,Quarter-finals,2022-12-09,941,Netherlands,779,Argentina,Lusail Stadium,Antonio Miguel Mateu Lahoz,5,122,39,16308,Leandro Daniel Paredes,leandro daniel paredes,779,Argentina,Center Defensive Midfield,108.1,40.1,120.0,36.6,1.5,Goal,Right Foot,Normal,0.7835,0,8326.0,Andries Noppert,andries noppert,Netherlands,lineup_position_window,,,False,,low_left,1,scored,True,4,1,0,statsbomb_open_data_9ee52d5d-3516-4720-8ad1-72c14f59f0f5,2026-06-24T16:04:38.431710+00:00,False,False,False,False,True,True,False
statsbomb_open_data,21824c95-b910-490c-9f3d-2b89f189114e,3869321,4692,43,106,FIFA World Cup,2022,International,Quarter-finals,2022-12-09,941,Netherlands,779,Argentina,Lusail Stadium,Antonio Miguel Mateu Lahoz,5,123,31,7891,Teun Koopmeiners,teun koopmeiners,941,Netherlands,Right Defensive Midfield,108.1,40.1,120.0,43.7,1.1,Goal,Left Foot,Normal,0.7835,0,6909.0,Damián Emiliano Martínez,damian emiliano martinez,Argentina,lineup_position_window,,,False,,low_right,1,scored,True,5,0,2,statsbomb_open_data_21824c95-b910-490c-9f3d-2b89f189114e,2026-06-24T16:04:38.431710+00:00,False,False,False,False,True,True,False
statsbomb_open_data,40db7b36-6e61-4096-b3fb-4d6501e460e0,3869321,4694,43,106,FIFA World Cup,2022,International,Quarter-finals,2022-12-09,941,Netherlands,779,Argentina,Lusail Stadium,Antonio Miguel Mateu Lahoz,5,124,15,28263,Gonzalo Ariel Montiel,gonzalo ariel montiel,779,Argentina,Right Back,108.1,40.1,120.0,42.8,1.4,Goal,Right Foot,Normal,0.7835,0,8326.0,Andries Noppert,andries noppert,Netherlands,lineup_position_window,,,False,,low_right,1,scored,True,6,2,1,statsbomb_open_data_40db7b36-6e61-4096-b3fb-4d6501e460e0,2026-06-24T16:04:38.431710+00:00,False,False,False,False,True,True,False
statsbomb_open_data,60f391e2-074e-452e-878c-3f7fa487e97c,3869321,4696,43,106,FIFA World Cup,2022,International,Quarter-finals,2022-12-09,941,Netherlands,779,Argentina,Lusail Stadium,Antonio Miguel Mateu Lahoz,5,124,59,7829,Wout Weghorst,wout weghorst,941,Netherlands,Right Center Forward,108.1,40.1,120.0,36.7,0.2,Goal,Right Foot,Normal,0.7835,0,6909.0,Damián Emiliano Martínez,damian emiliano martinez,Argentina,lineup_position_window,,,False,,low_left,1,scored,True,7,1,3,statsbomb_open_data_60f391e2-074e-452e-878c-3f7fa487e97c,2026-06-24T16:04:38.431710+00:00,False,False,False,False,True,True,False
statsbomb_open_data,af507344-33bf-4736-b45a-0f0684361a10,3869321,4698,43,106,FIFA World Cup,2022,International,Quarter-finals,2022-12-09,941,Netherlands,779,Argentina,Lusail Stadium,Antonio Miguel Mateu Lahoz,5,126,0,38718,Enzo Fernandez,enzo fernandez,779,Argentina,Right Center Midfield,108.1,40.1,120.0,35.4,0.5,Off T,Right Foot,Normal,0.7835,1,8326.0,Andries Noppert,andries noppert,Netherlands,lineup_position_window,118.5,40.2,True,,low_left,0,missed,True,8,3,2,statsbomb_open_data_af507344-33bf-4736-b45a-0f0684361a10,2026-06-24T16:04:38.431710+00:00,False,False,False,False,False,False,False
statsbomb_open_data,84485632-c230-49b7-b046-0d18a486d54e,3869321,4700,43,106,FIFA World Cup,2022,International,Quarter-finals,2022-12-09,941,Netherlands,779,Argentina,Lusail Stadium,Antonio Miguel Mateu Lahoz,5,126,40,20033,Luuk de Jong,luuk de jong,941,Netherlands,Left Center Forward,108.1,40.1,120.0,37.7,0.2,Goal,Right Foot,Normal,0.7835,0,6909.0,Damián Emiliano Martínez,damian emiliano martinez,Argentina,lineup_position_window,,,False,,low_left,1,scored,True,9,2,3,statsbomb_open_data_84485632-c230-49b7-b046-0d18a486d54e,2026-06-24T16:04:38.431710+00:00,False,False,False,False,True,True,False
statsbomb_open_data,799dfa0e-f471-459a-9dea-b5379e8150a7,3869321,4703,43,106,FIFA World Cup,2022,International,Quarter-finals,2022-12-09,941,Netherlands,779,Argentina,Lusail Stadium,Antonio Miguel Mateu Lahoz,5,127,42,11456,Lautaro Javier Martínez,lautaro javier martinez,779,Argentina,Left Wing,108.1,40.1,120.0,36.4,1.6,Goal,Right Foot,Normal,0.7835,0,8326.0,Andries Noppert,andries noppert,Netherlands,lineup_position_window,,,False,,low_left,1,scored,True,10,3,3,statsbomb_open_data_799dfa0e-f471-459a-9dea-b5379e8150a7,2026-06-24T16:04:38.431710+00:00,False,False,False,False,True,True,False
statsbomb_open_data,b740db70-9fad-40ed-8069-5e3d26521a44,3869354,2143,43,106,FIFA World Cup,2022,International,Quarter-finals,2022-12-10,768,England,771,France,Al Bayt Stadium,Wilton Pereira Sampaio,2,53,27,10955,Harry Kane,harry kane,768,England,Center Forward,108.1,40.1,120.0,36.4,1.7,Goal,Right Foot,Normal,0.7835,0,3099.0,Hugo Lloris,hugo lloris,France,lineup_position_window,,,False,,low_left,1,scored,False,,,,statsbomb_open_data_b740db70-9fad-40ed-8069-5e3d26521a44,2026-06-24T16:04:38.431710+00:00,False,False,False,False,True,True,False
statsbomb_open_data,7559464d-104b-4f53-b4f6-1f71e069fb0d,3869354,2913,43,106,FIFA World Cup,2022,International,Quarter-finals,2022-12-10,768,England,771,France,Al Bayt Stadium,Wilton Pereira Sampaio,2,83,35,10955,Harry Kane,harry kane,768,England,Center Forward,108.1,40.1,120.0,38.7,4.2,Off T,Right Foot,Normal,0.7835,1,3099.0,Hugo Lloris,hugo lloris,France,lineup_position_window,119.7,40.1,True,,high_center,0,missed,False,,,,statsbomb_open_data_7559464d-104b-4f53-b4f6-1f71e069fb0d,2026-06-24T16:04:38.431710+00:00,False,False,False,False,False,False,False
statsbomb_open_data,fa03f25f-dc8f-4856-a012-e9cf31849764,3869420,5128,43,106,FIFA World Cup,2022,International,Quarter-finals,2022-12-09,785,Croatia,781,Brazil,Education City Stadium ,Michael Oliver,5,120,3,3441,Nikola Vlašić,nikola vlasic,785,Croatia,Right Midfield,108.0,40.0,120.0,39.4,1.9,Goal,Right Foot,Normal,0.7835,0,5547.0,Alisson Ramsés Becker,alisson ramses becker,Brazil,lineup_position_window,,,False,,low_center,1,scored,True,1,0,0,statsbomb_open_data_fa03f25f-dc8f-4856-a012-e9cf31849764,2026-06-24T16:04:38.431710+00:00,False,False,False,False,True,True,False
statsbomb_open_data,1a8b0d93-8f46-429b-8ea1-7b3f13022d9d,3869420,5130,43,106,FIFA World Cup,2022,International,Quarter-finals,2022-12-09,785,Croatia,781,Brazil,Education City Stadium ,Michael Oliver,5,120,47,25104,Rodrygo Silva de Goes,rodrygo silva de goes,781,Brazil,Left Midfield,107.9,40.0,118.8,41.9,1.0,Saved,Right Foot,Normal,0.7835,0,16531.0,Dominik Livaković,dominik livakovic,Croatia,lineup_position_window,,,False,,low_right,0,saved,True,2,0,1,statsbomb_open_data_1a8b0d93-8f46-429b-8ea1-7b3f13022d9d,2026-06-24T16:04:38.431710+00:00,False,False,False,False,True,True,False
statsbomb_open_data,4a430e36-8be9-4094-9013-735af6467c0e,3869420,5132,43,106,FIFA World Cup,2022,International,Quarter-finals,2022-12-09,785,Croatia,781,Brazil,Education City Stadium ,Michael Oliver,5,121,38,28914,Lovro Majer,lovro majer,785,Croatia,Right Defensive Midfield,108.0,40.0,120.0,40.1,0.8,Goal,Left Foot,Normal,0.7835,0,5547.0,Alisson Ramsés Becker,alisson ramses becker,Brazil,lineup_position_window,,,False,,low_center,1,scored,True,3,1,0,statsbomb_open_data_4a430e36-8be9-4094-9013-735af6467c0e,2026-06-24T16:04:38.431710+00:00,False,False,False,False,True,True,False
statsbomb_open_data,500ba99c-981c-4a0e-bec4-344b2155097c,3869420,5134,43,106,FIFA World Cup,2022,International,Quarter-finals,2022-12-09,785,Croatia,781,Brazil,Education City Stadium ,Michael Oliver,5,122,17,5539,Carlos Henrique Casimiro,carlos henrique casimiro,781,Brazil,Left Defensive Midfield,108.0,40.0,120.0,36.5,0.7,Goal,Right Foot,Normal,0.7835,0,16531.0,Dominik Livaković,dominik livakovic,Croatia,lineup_position_window,,,False,,low_left,1,scored,True,4,0,2,statsbomb_open_data_500ba99c-981c-4a0e-bec4-344b2155097c,2026-06-24T16:04:38.431710+00:00,False,False,False,False,True,True,False
statsbomb_open_data,cddfb07e-935a-4003-8ff0-418c07b68f41,3869420,5136,43,106,FIFA World Cup,2022,International,Quarter-finals,2022-12-09,785,Croatia,781,Brazil,Education City Stadium ,Michael Oliver,5,123,6,5463,Luka Modrić,luka modric,785,Croatia,Left Defensive Midfield,108.0,40.0,120.0,36.9,0.2,Goal,Right Foot,Normal,0.7835,0,5547.0,Alisson Ramsés Becker,alisson ramses becker,Brazil,lineup_position_window,,,False,,low_left,1,scored,True,5,2,1,statsbomb_open_data_cddfb07e-935a-4003-8ff0-418c07b68f41,2026-06-24T16:04:38.431710+00:00,False,False,False,False,True,True,False
statsbomb_open_data,3c1331c5-42da-4d2b-b84a-b2491a65cced,3869420,5138,43,106,FIFA World Cup,2022,International,Quarter-finals,2022-12-09,785,Croatia,781,Brazil,Education City Stadium ,Michael Oliver,5,123,49,25305,Pedro Guilherme Abreu dos Santos,pedro guilherme abreu dos santos,781,Brazil,Center Forward,108.0,40.0,120.0,38.5,0.2,Goal,Right Foot,Normal,0.7835,0,16531.0,Dominik Livaković,dominik livakovic,Croatia,lineup_position_window,,,False,,low_left,1,scored,True,6,1,3,statsbomb_open_data_3c1331c5-42da-4d2b-b84a-b2491a65cced,2026-06-24T16:04:38.431710+00:00,False,False,False,False,True,True,False
statsbomb_open_data,ae27b88d-c7af-4e24-aca8-86dc9d87604a,3869420,5140,43,106,FIFA World Cup,2022,International,Quarter-finals,2022-12-09,785,Croatia,781,Brazil,Education City Stadium ,Michael Oliver,5,124,34,16527,Mislav Oršić,mislav orsic,785,Croatia,Left Midfield,108.0,40.0,120.0,36.5,0.2,Goal,Right Foot,Normal,0.7835,0,5547.0,Alisson Ramsés Becker,alisson ramses becker,Brazil,lineup_position_window,,,False,,low_left,1,scored,True,7,3,2,statsbomb_open_data_ae27b88d-c7af-4e24-aca8-86dc9d87604a,2026-06-24T16:04:38.431710+00:00,False,False,False,False,True,True,False
statsbomb_open_data,6aedc217-7451-4396-8020-13fd92494c3b,3869420,5142,43,106,FIFA World Cup,2022,International,Quarter-finals,2022-12-09,785,Croatia,781,Brazil,Education City Stadium ,Michael Oliver,5,125,22,4372,Marcos Aoás Corrêa,marcos aoas correa,781,Brazil,Left Center Back,108.0,40.0,120.0,35.9,0.2,Post,Right Foot,Normal,0.7835,1,16531.0,Dominik Livaković,dominik livakovic,Croatia,lineup_position_window,119.1,40.0,True,,low_left,0,missed,True,8,2,4,statsbomb_open_data_6aedc217-7451-4396-8020-13fd92494c3b,2026-06-24T16:04:38.431710+00:00,False,False,False,False,False,False,False
statsbomb_open_data,09340406-31db-4236-8bf0-11900a1f269b,3869519,1443,43,106,FIFA World Cup,2022,International,Semi-finals,2022-12-13,779,Argentina,785,Croatia,Lusail Stadium,Daniele Orsato,1,33,27,5503,Lionel Andrés Messi Cuccittini,lionel andres messi cuccittini,779,Argentina,Right Center Forward,108.0,40.0,120.0,42.3,2.3,Goal,Left Foot,Normal,0.7835,0,16531.0,Dominik Livaković,dominik livakovic,Croatia,lineup_position_window,,,False,,high_right,1,scored,False,,,,statsbomb_open_data_09340406-31db-4236-8bf0-11900a1f269b,2026-06-24T16:04:38.431710+00:00,False,False,False,False,True,True,False
statsbomb_open_data,6d527ebc-a948-4cd8-ac82-daced35bb715,3869685,771,43,106,FIFA World Cup,2022,International,Final,2022-12-18,779,Argentina,771,France,Lusail Stadium,Szymon Marciniak,1,22,24,5503,Lionel Andrés Messi Cuccittini,lionel andres messi cuccittini,779,Argentina,Right Wing,108.0,40.0,120.0,41.8,0.2,Goal,Left Foot,Normal,0.7835,0,3099.0,Hugo Lloris,hugo lloris,France,lineup_position_window,,,False,,low_right,1,scored,False,,,,statsbomb_open_data_6d527ebc-a948-4cd8-ac82-daced35bb715,2026-06-24T16:04:38.431710+00:00,False,False,False,False,True,True,False
statsbomb_open_data,6cc0d5e2-6999-4006-8a7a-34de4cbe3ffd,3869685,2928,43,106,FIFA World Cup,2022,International,Final,2022-12-18,779,Argentina,771,France,Lusail Stadium,Szymon Marciniak,2,79,24,3009,Kylian Mbappé Lottin,kylian mbappe lottin,771,France,Left Center Forward,108.0,40.0,120.0,37.3,0.3,Goal,Right Foot,Normal,0.7835,0,6909.0,Damián Emiliano Martínez,damian emiliano martinez,Argentina,lineup_position_window,,,False,,low_left,1,scored,False,,,,statsbomb_open_data_6cc0d5e2-6999-4006-8a7a-34de4cbe3ffd,2026-06-24T16:04:38.431710+00:00,False,False,False,False,True,True,False
statsbomb_open_data,d9b92dbd-4fea-4f48-b2fb-d7222eab2dbd,3869685,4203,43,106,FIFA World Cup,2022,International,Final,2022-12-18,779,Argentina,771,France,Lusail Stadium,Szymon Marciniak,4,117,5,3009,Kylian Mbappé Lottin,kylian mbappe lottin,771,France,Left Center Forward,108.0,40.0,120.0,36.7,1.1,Goal,Right Foot,Normal,0.7835,0,6909.0,Damián Emiliano Martínez,damian emiliano martinez,Argentina,lineup_position_window,,,False,,low_left,1,scored,False,,,,statsbomb_open_data_d9b92dbd-4fea-4f48-b2fb-d7222eab2dbd,2026-06-24T16:04:38.431710+00:00,False,False,False,False,True,True,False
statsbomb_open_data,d0f76056-0d67-4aae-b44a-83bef0b1cf27,3869685,4389,43,106,FIFA World Cup,2022,International,Final,2022-12-18,779,Argentina,771,France,Lusail Stadium,Szymon Marciniak,5,120,13,3009,Kylian Mbappé Lottin,kylian mbappe lottin,771,France,Left Center Forward,108.1,40.1,120.0,37.6,1.3,Goal,Right Foot,Normal,0.7835,0,6909.0,Damián Emiliano Martínez,damian emiliano martinez,Argentina,lineup_position_window,,,False,,low_left,1,scored,True,1,0,0,statsbomb_open_data_d0f76056-0d67-4aae-b44a-83bef0b1cf27,2026-06-24T16:04:38.431710+00:00,False,False,False,False,True,True,False
statsbomb_open_data,2a15edb5-2a54-41d5-afe9-87e447389b18,3869685,4391,43,106,FIFA World Cup,2022,International,Final,2022-12-18,779,Argentina,771,France,Lusail Stadium,Szymon Marciniak,5,121,2,5503,Lionel Andrés Messi Cuccittini,lionel andres messi cuccittini,779,Argentina,Right Center Forward,108.1,40.1,120.0,38.3,0.2,Goal,Left Foot,Normal,0.7835,0,3099.0,Hugo Lloris,hugo lloris,France,lineup_position_window,,,False,,low_left,1,scored,True,2,0,1,statsbomb_open_data_2a15edb5-2a54-41d5-afe9-87e447389b18,2026-06-24T16:04:38.431710+00:00,False,False,False,False,True,True,False
statsbomb_open_data,97439112-dfb5-4bd5-9967-554095296096,3869685,4393,43,106,FIFA World Cup,2022,International,Final,2022-12-18,779,Argentina,771,France,Lusail Stadium,Szymon Marciniak,5,121,42,8217,Kingsley Coman,kingsley coman,771,France,Right Midfield,108.1,40.1,118.8,38.2,0.9,Saved,Right Foot,Normal,0.7835,0,6909.0,Damián Emiliano Martínez,damian emiliano martinez,Argentina,lineup_position_window,,,False,,low_left,0,saved,True,3,1,1,statsbomb_open_data_97439112-dfb5-4bd5-9967-554095296096,2026-06-24T16:04:38.431710+00:00,False,False,False,False,True,True,False
statsbomb_open_data,50dcde1a-faa3-4eec-a0cd-3f09a7cf763a,3869685,4395,43,106,FIFA World Cup,2022,International,Final,2022-12-18,779,Argentina,771,France,Lusail Stadium,Szymon Marciniak,5,122,27,5743,Paulo Bruno Exequiel Dybala,paulo bruno exequiel dybala,779,Argentina,Left Center Midfield,108.1,40.1,120.0,40.4,0.2,Goal,Left Foot,Normal,0.7835,0,3099.0,Hugo Lloris,hugo lloris,France,lineup_position_window,,,False,,low_center,1,scored,True,4,1,1,statsbomb_open_data_50dcde1a-faa3-4eec-a0cd-3f09a7cf763a,2026-06-24T16:04:38.431710+00:00,False,False,False,False,True,True,False
statsbomb_open_data,54e27ba9-b9ae-44a3-ac8d-fc91e76a1b91,3869685,4397,43,106,FIFA World Cup,2022,International,Final,2022-12-18,779,Argentina,771,France,Lusail Stadium,Szymon Marciniak,5,123,29,10481,Aurélien Djani Tchouaméni,aurelien djani tchouameni,771,France,Right Defensive Midfield,108.1,40.1,120.0,35.6,0.2,Off T,Right Foot,Normal,0.7835,1,6909.0,Damián Emiliano Martínez,damian emiliano martinez,Argentina,lineup_position_window,119.9,40.0,True,,low_left,0,missed,True,5,1,2,statsbomb_open_data_54e27ba9-b9ae-44a3-ac8d-fc91e76a1b91,2026-06-24T16:04:38.431710+00:00,False,False,False,False,False,False,False
statsbomb_open_data,bcc6d4ae-f71c-4566-bf2d-c12f910eb526,3869685,4399,43,106,FIFA World Cup,2022,International,Final,2022-12-18,779,Argentina,771,France,Lusail Stadium,Szymon Marciniak,5,124,16,16308,Leandro Daniel Paredes,leandro daniel paredes,779,Argentina,Center Defensive Midfield,108.1,40.1,120.0,37.6,0.2,Goal,Right Foot,Normal,0.7835,0,3099.0,Hugo Lloris,hugo lloris,France,lineup_position_window,,,False,,low_left,1,scored,True,6,2,1,statsbomb_open_data_bcc6d4ae-f71c-4566-bf2d-c12f910eb526,2026-06-24T16:04:38.431710+00:00,False,False,False,False,True,True,False
statsbomb_open_data,59ebe83e-616a-4288-89fd-a0246b53d48f,3869685,4402,43,106,FIFA World Cup,2022,International,Final,2022-12-18,779,Argentina,771,France,Lusail Stadium,Szymon Marciniak,5,125,9,22097,Randal Kolo Muani,randal kolo muani,771,France,Right Center Forward,108.1,40.1,120.0,39.3,1.6,Goal,Right Foot,Normal,0.7835,0,6909.0,Damián Emiliano Martínez,damian emiliano martinez,Argentina,lineup_position_window,,,False,,low_center,1,scored,True,7,1,3,statsbomb_open_data_59ebe83e-616a-4288-89fd-a0246b53d48f,2026-06-24T16:04:38.431710+00:00,False,False,False,False,True,True,False
statsbomb_open_data,66eaf262-999f-4953-a924-f1b596de4dbf,3869685,4404,43,106,FIFA World Cup,2022,International,Final,2022-12-18,779,Argentina,771,France,Lusail Stadium,Szymon Marciniak,5,125,57,28263,Gonzalo Ariel Montiel,gonzalo ariel montiel,779,Argentina,Right Wing Back,108.1,40.1,120.0,37.9,0.2,Goal,Right Foot,Normal,0.7835,0,3099.0,Hugo Lloris,hugo lloris,France,lineup_position_window,,,False,,low_left,1,scored,True,8,3,2,statsbomb_open_data_66eaf262-999f-4953-a924-f1b596de4dbf,2026-06-24T16:04:38.431710+00:00,False,False,False,False,True,True,False
statsbomb_open_data,268327db-0617-41a3-aba2-2f287ab5f425,3878542,1900,12,27,Serie A,2015/2016,Italy,Regular Season,2015-08-23,239,Fiorentina,243,AC Milan,Stadio Artemio Franchi    	,Paolo Valeri,2,55,23,7139,Josip Iličić,josip ilicic,239,Fiorentina,Right Attacking Midfield,108.1,40.1,120.0,43.7,0.6,Goal,Left Foot,Normal,0.7835,0,6768.0,Diego López Rodríguez,diego lopez rodriguez,Spain,lineup_position_window,,,False,,low_right,1,scored,False,,,,statsbomb_open_data_268327db-0617-41a3-aba2-2f287ab5f425,2026-06-24T16:04:38.431710+00:00,False,False,False,False,True,True,False
statsbomb_open_data,bc1345d1-f852-49e9-873c-b2b430bb3a45,3878545,490,12,27,Serie A,2015/2016,Italy,Regular Season,2015-08-23,234,Sampdoria,1683,Carpi,Stadio Comunale Luigi Ferraris,Michael Fabbri,1,13,48,7000,Eder Citadin Martins,eder citadin martins,234,Sampdoria,Left Center Forward,108.1,40.1,120.0,41.2,0.3,Goal,Right Foot,Normal,0.7835,0,57655.0,Željko Brkić,zeljko brkic,Serbia,lineup_position_window,,,False,,low_center,1,scored,False,,,,statsbomb_open_data_bc1345d1-f852-49e9-873c-b2b430bb3a45,2026-06-24T16:04:38.431710+00:00,False,False,False,False,True,True,False
statsbomb_open_data,f0d7d8b2-3930-45d3-9773-36cb530d26f5,3878545,3451,12,27,Serie A,2015/2016,Italy,Regular Season,2015-08-23,234,Sampdoria,1683,Carpi,Stadio Comunale Luigi Ferraris,Michael Fabbri,2,92,45,387475,Andrea Lazzari,andrea lazzari,1683,Carpi,Left Center Midfield,108.1,40.1,119.1,37.9,0.5,Saved,Left Foot,Normal,0.7835,0,7018.0,Emiliano Viviano,emiliano viviano,Italy,lineup_position_window,,,False,,low_left,0,saved,False,,,,statsbomb_open_data_f0d7d8b2-3930-45d3-9773-36cb530d26f5,2026-06-24T16:04:38.431710+00:00,False,False,False,False,True,True,False
statsbomb_open_data,2e360ccf-2e8c-4b2d-a134-a7524594e9f0,3878552,3536,12,27,Serie A,2015/2016,Italy,Regular Season,2015-08-30,1683,Carpi,238,Inter Milan,Stadio Alberto Braglia (Modena),Davide Massa,2,88,35,3434,Stevan Jovetić,stevan jovetic,238,Inter Milan,Left Center Forward,108.1,40.1,120.0,43.1,0.2,Goal,Right Foot,Normal,0.7835,0,57655.0,Željko Brkić,zeljko brkic,Serbia,lineup_position_window,,,False,,low_right,1,scored,False,,,,statsbomb_open_data_2e360ccf-2e8c-4b2d-a134-a7524594e9f0,2026-06-24T16:04:38.431710+00:00,False,False,False,False,True,True,False
statsbomb_open_data,c8b70ca3-3f06-4489-98d3-e2e93223788c,3878558,2605,12,27,Serie A,2015/2016,Italy,Regular Season,2015-08-30,227,Napoli,234,Sampdoria,Stadio Diego Armando Maradona,Andrea Gervasoni,2,56,56,7000,Eder Citadin Martins,eder citadin martins,234,Sampdoria,Left Center Forward,108.1,40.1,120.0,36.5,0.2,Goal,Right Foot,Normal,0.7835,0,7028.0,José Manuel Reina Páez,jose manuel reina paez,Spain,lineup_position_window,,,False,,low_left,1,scored,False,,,,statsbomb_open_data_c8b70ca3-3f06-4489-98d3-e2e93223788c,2026-06-24T16:04:38.431710+00:00,False,False,False,False,True,True,False
statsbomb_open_data,06479954-697c-41f1-86aa-15d1e77ce130,3878559,339,12,27,Serie A,2015/2016,Italy,Regular Season,2015-08-30,228,Atalanta,291,Frosinone,New Balance Arena,Domenico Celi,1,8,35,36770,Mauricio Ricardo Pinilla Ferreira,mauricio ricardo pinilla ferreira,228,Atalanta,Center Forward,108.0,40.0,119.2,37.6,0.5,Saved,Right Foot,Normal,0.7835,0,32037.0,Nicola Leali,nicola leali,Italy,lineup_position_window,,,False,,low_left,0,saved,False,,,,statsbomb_open_data_06479954-697c-41f1-86aa-15d1e77ce130,2026-06-24T16:04:38.431710+00:00,False,False,False,False,True,True,False
statsbomb_open_data,8f8c33e8-152d-46f0-b215-85961baebeb3,3878594,3151,12,27,Serie A,2015/2016,Italy,Regular Season,2015-09-12,224,Juventus,231,Chievo,Allianz Stadium    	,Marco Guida,2,82,46,5743,Paulo Bruno Exequiel Dybala,paulo bruno exequiel dybala,224,Juventus,Left Center Forward,108.2,40.1,120.0,42.9,2.0,Goal,Left Foot,Normal,0.7835,0,7803.0,Albano Benjamín Bizzarri,albano benjamin bizzarri,Argentina,lineup_position_window,,,False,,high_right,1,scored,False,,,,statsbomb_open_data_8f8c33e8-152d-46f0-b215-85961baebeb3,2026-06-24T16:04:38.431710+00:00,False,False,False,False,True,True,False
statsbomb_open_data,d15cfe4c-ebf3-43ac-8f29-042424a7f45f,3878596,1756,12,27,Serie A,2015/2016,Italy,Regular Season,2015-09-13,226,Hellas Verona,241,Torino,Stadio Marc'Antonio Bentegodi,Massimiliano Irrati,2,48,19,20252,Luca Toni,luca toni,226,Hellas Verona,Center Forward,108.0,40.0,120.0,38.5,2.0,Goal,Right Foot,Normal,0.7835,0,34881.0,Daniele Padelli,daniele padelli,Italy,lineup_position_window,,,False,,high_left,1,scored,False,,,,statsbomb_open_data_d15cfe4c-ebf3-43ac-8f29-042424a7f45f,2026-06-24T16:04:38.431710+00:00,False,False,False,False,True,True,False
statsbomb_open_data,fd005de0-285c-4a81-8e6b-ac5c477d2bab,3878599,229,12,27,Serie A,2015/2016,Italy,Regular Season,2015-09-13,232,Sassuolo,228,Atalanta,MAPEI Stadium - Città del Tricolore,Maurizio Mariani,1,6,18,6859,Nicola Sansone,nicola sansone,232,Sassuolo,Right Wing,108.1,40.1,118.7,42.7,1.0,Saved,Right Foot,Normal,0.7835,0,7157.0,Marco Sportiello,marco sportiello,Italy,lineup_position_window,,,False,,low_right,0,saved,False,,,,statsbomb_open_data_fd005de0-285c-4a81-8e6b-ac5c477d2bab,2026-06-24T16:04:38.431710+00:00,False,False,False,False,True,True,False
statsbomb_open_data,7b44b164-e4cc-446a-a290-e7984f11230b,3878599,2980,12,27,Serie A,2015/2016,Italy,Regular Season,2015-09-13,232,Sassuolo,228,Atalanta,MAPEI Stadium - Città del Tricolore,Maurizio Mariani,2,85,7,12759,Maximiliano Nicol Moralez,maximiliano nicol moralez,228,Atalanta,Left Midfield,108.1,40.1,118.7,42.4,0.5,Saved,Right Foot,Normal,0.7835,0,7132.0,Andrea Consigli,andrea consigli,Italy,lineup_position_window,,,False,,low_right,0,saved,False,,,,statsbomb_open_data_7b44b164-e4cc-446a-a290-e7984f11230b,2026-06-24T16:04:38.431710+00:00,False,False,False,False,True,True,False
statsbomb_open_data,1a2711d2-c198-4d7c-858f-3e68da9334ea,3878609,2333,12,27,Serie A,2015/2016,Italy,Regular Season,2015-09-20,233,Genoa,224,Juventus,Stadio Comunale Luigi Ferraris,Paolo Valeri,2,59,35,20004,Paul Pogba,paul pogba,224,Juventus,Left Center Midfield,108.1,40.1,120.0,37.7,0.1,Goal,Right Foot,Normal,0.7835,0,38312.0,Eugenio Lamanna,eugenio lamanna,Italy,lineup_position_window,,,False,,low_left,1,scored,False,,,,statsbomb_open_data_1a2711d2-c198-4d7c-858f-3e68da9334ea,2026-06-24T16:04:38.431710+00:00,False,False,False,False,True,True,False
statsbomb_open_data,85d02887-55b2-49b8-bebf-88fd64d5807b,3879547,3176,12,27,Serie A,2015/2016,Italy,Regular Season,2015-09-26,229,AS Roma,1683,Carpi,Estadio Olímpico,Massimiliano Irrati,2,76,0,7696,Ryder Matos Santos,ryder matos santos,1683,Carpi,Right Midfield,108.0,40.0,119.3,42.2,0.3,Saved,Right Foot,Normal,0.7835,0,40529.0,Morgan De Sanctis,morgan de sanctis,Italy,lineup_position_window,,,False,,low_right,0,saved,False,,,,statsbomb_open_data_85d02887-55b2-49b8-bebf-88fd64d5807b,2026-06-24T16:04:38.431710+00:00,False,False,False,False,True,True,False
statsbomb_open_data,ca3a3774-f3a1-4643-acce-3316c9526bc6,3879550,102,12,27,Serie A,2015/2016,Italy,Regular Season,2015-09-27,238,Inter Milan,239,Fiorentina,Stadio Giuseppe Meazza    ,Antonio Damato,1,3,22,7139,Josip Iličić,josip ilicic,239,Fiorentina,Right Attacking Midfield,108.0,40.0,120.0,43.0,2.0,Goal,Left Foot,Normal,0.7835,0,7001.0,Samir Handanovič,samir handanovic,Slovenia,lineup_position_window,,,False,,high_right,1,scored,False,,,,statsbomb_open_data_ca3a3774-f3a1-4643-acce-3316c9526bc6,2026-06-24T16:04:38.431710+00:00,False,False,False,False,True,True,False
statsbomb_open_data,05ccecee-6d5d-40e4-9c78-d38fa8f3788d,3879551,2364,12,27,Serie A,2015/2016,Italy,Regular Season,2015-09-27,226,Hellas Verona,236,Lazio,Stadio Marc'Antonio Bentegodi,Piero Giacomelli,2,62,48,5510,Lucas Rodrigo Biglia,lucas rodrigo biglia,236,Lazio,Right Defensive Midfield,108.1,40.1,120.0,40.7,2.0,Goal,Right Foot,Normal,0.7835,0,9887.0,Rafael de Andrade Bittencourt Pinheiro,rafael de andrade bittencourt pinheiro,Brazil,lineup_position_window,,,False,,high_center,1,scored,False,,,,statsbomb_open_data_05ccecee-6d5d-40e4-9c78-d38fa8f3788d,2026-06-24T16:04:38.431710+00:00,False,False,False,False,True,True,False
statsbomb_open_data,69638341-30bd-448f-b0d9-87880831d0c6,3879558,2783,12,27,Serie A,2015/2016,Italy,Regular Season,2015-10-03,1683,Carpi,241,Torino,Stadio Alberto Braglia (Modena),Carmine Russo,2,74,6,8193,Maximiliano Gastón López,maximiliano gaston lopez,241,Torino,Right Center Forward,108.1,40.1,120.0,43.1,1.1,Goal,Right Foot,Normal,0.7835,0,8662.0,Vid Belec,vid belec,Slovenia,lineup_position_window,,,False,,low_right,1,scored,False,,,,statsbomb_open_data_69638341-30bd-448f-b0d9-87880831d0c6,2026-06-24T16:04:38.431710+00:00,False,False,False,False,True,True,False
statsbomb_open_data,3208b79f-4cef-4e81-99a0-003949a1dd59,3879559,2122,12,27,Serie A,2015/2016,Italy,Regular Season,2015-10-04,224,Juventus,240,Bologna,Allianz Stadium    	,Domenico Celi,2,51,58,5743,Paulo Bruno Exequiel Dybala,paulo bruno exequiel dybala,224,Juventus,Right Center Forward,108.2,40.1,120.0,37.1,0.3,Goal,Left Foot,Normal,0.7835,0,7174.0,Antonio Mirante,antonio mirante,Italy,lineup_position_window,,,False,,low_left,1,scored,False,,,,statsbomb_open_data_3208b79f-4cef-4e81-99a0-003949a1dd59,2026-06-24T16:04:38.431710+00:00,False,False,False,False,True,True,False
statsbomb_open_data,d6739a89-5708-4fd0-b7b5-ce90dd706c18,3879561,195,12,27,Serie A,2015/2016,Italy,Regular Season,2015-10-04,239,Fiorentina,228,Atalanta,Stadio Artemio Franchi    	,Davide Massa,1,5,14,7139,Josip Iličić,josip ilicic,239,Fiorentina,Right Attacking Midfield,108.1,40.1,120.0,36.7,0.6,Goal,Left Foot,Normal,0.7835,0,7157.0,Marco Sportiello,marco sportiello,Italy,lineup_position_window,,,False,,low_left,1,scored,False,,,,statsbomb_open_data_d6739a89-5708-4fd0-b7b5-ce90dd706c18,2026-06-24T16:04:38.431710+00:00,False,False,False,False,True,True,False
statsbomb_open_data,208089da-b38d-4aa5-b83a-b1752e44de69,3879566,2825,12,27,Serie A,2015/2016,Italy,Regular Season,2015-10-04,230,Udinese,233,Genoa,Stadio Friuli,Angelo Cervellera,2,75,23,7456,Diego Perotti,diego perotti,233,Genoa,Left Wing,108.0,40.0,120.0,42.8,0.2,Goal,Right Foot,Normal,0.7835,0,3742.0,Orestis Karnezis,orestis karnezis,Greece,lineup_position_window,,,False,,low_right,1,scored,False,,,,statsbomb_open_data_208089da-b38d-4aa5-b83a-b1752e44de69,2026-06-24T16:04:38.431710+00:00,False,False,False,False,True,True,False
statsbomb_open_data,5aa16f2f-e3d2-4ea2-a325-0a48a4a33df9,3879571,2245,12,27,Serie A,2015/2016,Italy,Regular Season,2015-10-18,228,Atalanta,1683,Carpi,New Balance Arena,Fabrizio Pasqua,2,62,52,8420,Luca Cigarini,luca cigarini,228,Atalanta,Left Center Midfield,108.2,40.1,120.0,36.9,1.1,Goal,Right Foot,Normal,0.7835,0,8662.0,Vid Belec,vid belec,Slovenia,lineup_position_window,,,False,,low_left,1,scored,False,,,,statsbomb_open_data_5aa16f2f-e3d2-4ea2-a325-0a48a4a33df9,2026-06-24T16:04:38.431710+00:00,False,False,False,False,True,True,False
statsbomb_open_data,7b17880d-9550-4730-8db4-b4013d097fe7,3879573,243,12,27,Serie A,2015/2016,Italy,Regular Season,2015-10-18,232,Sassuolo,236,Lazio,MAPEI Stadium - Città del Tricolore,Marco Guida,1,6,50,7131,Domenico Berardi,domenico berardi,232,Sassuolo,Right Wing,108.0,40.0,120.0,43.4,2.4,Goal,Left Foot,Normal,0.7835,0,12491.0,Federico Marchetti,federico marchetti,Italy,lineup_position_window,,,False,,high_right,1,scored,False,,,,statsbomb_open_data_7b17880d-9550-4730-8db4-b4013d097fe7,2026-06-24T16:04:38.431710+00:00,False,False,False,False,True,True,False
statsbomb_open_data,3bb7142c-b476-442b-b813-7582b2906aa1,3879575,1606,12,27,Serie A,2015/2016,Italy,Regular Season,2015-10-18,226,Hellas Verona,230,Udinese,Stadio Marc'Antonio Bentegodi,Claudio Gavillucci,1,40,41,6686,Giampaolo Pazzini,giampaolo pazzini,226,Hellas Verona,Center Forward,108.0,40.0,120.0,37.8,2.1,Goal,Right Foot,Normal,0.7835,0,3742.0,Orestis Karnezis,orestis karnezis,Greece,lineup_position_window,,,False,,high_left,1,scored,False,,,,statsbomb_open_data_3bb7142c-b476-442b-b813-7582b2906aa1,2026-06-24T16:04:38.431710+00:00,False,False,False,False,True,True,False
statsbomb_open_data,34365eb5-4308-456c-97de-2e03d73bc4a5,3879580,2955,12,27,Serie A,2015/2016,Italy,Regular Season,2015-10-25,224,Juventus,228,Atalanta,Allianz Stadium    	,Marco Di Bello,2,78,18,20004,Paul Pogba,paul pogba,224,Juventus,Center Attacking Midfield,108.1,40.1,119.0,37.8,0.9,Saved,Right Foot,Normal,0.7835,0,7157.0,Marco Sportiello,marco sportiello,Italy,lineup_position_window,,,False,,low_left,0,saved,False,,,,statsbomb_open_data_34365eb5-4308-456c-97de-2e03d73bc4a5,2026-06-24T16:04:38.431710+00:00,False,False,False,False,True,True,False
statsbomb_open_data,0104af01-b876-4f28-afab-c14b30eb54f9,3879585,1274,12,27,Serie A,2015/2016,Italy,Regular Season,2015-10-25,243,AC Milan,232,Sassuolo,Stadio Giuseppe Meazza    ,Gianluca Rocchi,1,30,55,5688,Carlos Arturo Bacca Ahumada,carlos arturo bacca ahumada,243,AC Milan,Center Forward,108.0,40.0,120.0,37.0,1.2,Goal,Right Foot,Normal,0.7835,0,7123.0,Gianluca Pegolo,gianluca pegolo,Italy,lineup_fallback_first_gk,,,False,,low_left,1,scored,False,,,,statsbomb_open_data_0104af01-b876-4f28-afab-c14b30eb54f9,2026-06-24T16:04:38.431710+00:00,False,False,False,False,True,True,False
statsbomb_open_data,28341b53-03be-40a4-938f-74e6679c04e9,3879602,1273,12,27,Serie A,2015/2016,Italy,Regular Season,2015-11-01,239,Fiorentina,291,Frosinone,Stadio Artemio Franchi    	,Michael Fabbri,1,30,47,7125,Khouma El Hadji Babacar,khouma el hadji babacar,239,Fiorentina,Center Forward,108.0,40.0,120.0,41.5,1.4,Goal,Right Foot,Normal,0.7835,0,386510.0,Massimo Zenildo Zappino,massimo zenildo zappino,Italy,lineup_position_window,,,False,,low_right,1,scored,False,,,,statsbomb_open_data_28341b53-03be-40a4-938f-74e6679c04e9,2026-06-24T16:04:38.431710+00:00,False,False,False,False,True,True,False
statsbomb_open_data,6b8b8059-be45-4848-b7ad-469b949da795,3879610,409,12,27,Serie A,2015/2016,Italy,Regular Season,2015-11-08,229,AS Roma,236,Lazio,Estadio Olímpico,Paolo Tagliavento,1,9,21,6973,Edin Džeko,edin dzeko,229,AS Roma,Center Forward,108.1,40.1,120.0,39.3,0.6,Goal,Right Foot,Normal,0.7835,0,12491.0,Federico Marchetti,federico marchetti,Italy,lineup_position_window,,,False,,low_center,1,scored,False,,,,statsbomb_open_data_6b8b8059-be45-4848-b7ad-469b949da795,2026-06-24T16:04:38.431710+00:00,False,False,False,False,True,True,False
statsbomb_open_data,ba03784e-37c9-4edd-b2d9-d020ee5bb587,3879616,324,12,27,Serie A,2015/2016,Italy,Regular Season,2015-11-08,234,Sampdoria,239,Fiorentina,Stadio Comunale Luigi Ferraris,Carmine Russo,1,9,11,7139,Josip Iličić,josip ilicic,239,Fiorentina,Right Attacking Midfield,108.1,40.1,120.0,43.2,0.3,Goal,Left Foot,Normal,0.7835,0,7018.0,Emiliano Viviano,emiliano viviano,Italy,lineup_position_window,,,False,,low_right,1,scored,False,,,,statsbomb_open_data_ba03784e-37c9-4edd-b2d9-d020ee5bb587,2026-06-24T16:04:38.431710+00:00,False,False,False,False,True,True,False
statsbomb_open_data,29e6728b-2767-410a-a909-8b9644bc7143,3879617,1580,12,27,Serie A,2015/2016,Italy,Regular Season,2015-11-21,240,Bologna,229,AS Roma,Stadio Renato Dall''Ara,Gianluca Rocchi,2,51,25,6947,Miralem Pjanić,miralem pjanic,229,AS Roma,Left Center Midfield,108.0,40.0,120.0,37.3,0.2,Goal,Right Foot,Normal,0.7835,0,7174.0,Antonio Mirante,antonio mirante,Italy,lineup_position_window,,,False,,low_left,1,scored,False,,,,statsbomb_open_data_29e6728b-2767-410a-a909-8b9644bc7143,2026-06-24T16:04:38.431710+00:00,False,False,False,False,True,True,False
statsbomb_open_data,5843545a-bd0b-43d8-a04e-a7ba6d499cfb,3879617,2266,12,27,Serie A,2015/2016,Italy,Regular Season,2015-11-21,240,Bologna,229,AS Roma,Stadio Renato Dall''Ara,Gianluca Rocchi,2,71,36,6973,Edin Džeko,edin dzeko,229,AS Roma,Center Forward,108.0,40.0,120.0,37.0,0.3,Goal,Right Foot,Normal,0.7835,0,7174.0,Antonio Mirante,antonio mirante,Italy,lineup_position_window,,,False,,low_left,1,scored,False,,,,statsbomb_open_data_5843545a-bd0b-43d8-a04e-a7ba6d499cfb,2026-06-24T16:04:38.431710+00:00,False,False,False,False,True,True,False
statsbomb_open_data,9f6d283c-3609-4a3b-9eb9-be7300ec9b6a,3879617,2649,12,27,Serie A,2015/2016,Italy,Regular Season,2015-11-21,240,Bologna,229,AS Roma,Stadio Renato Dall''Ara,Gianluca Rocchi,2,86,28,8103,Mattia Destro,mattia destro,240,Bologna,Left Center Forward,108.1,40.1,120.0,43.1,1.4,Goal,Right Foot,Normal,0.7835,0,5669.0,Wojciech Szczęsny,wojciech szczesny,Poland,lineup_position_window,,,False,,low_right,1,scored,False,,,,statsbomb_open_data_9f6d283c-3609-4a3b-9eb9-be7300ec9b6a,2026-06-24T16:04:38.431710+00:00,False,False,False,False,True,True,False
statsbomb_open_data,086f7942-fabb-497d-96d3-e0d4adc9b294,3879624,2588,12,27,Serie A,2015/2016,Italy,Regular Season,2015-11-22,236,Lazio,2256,Palermo,Estadio Olímpico,Domenico Celi,2,69,10,7776,Antonio Candreva,antonio candreva,236,Lazio,Right Wing,108.1,40.1,120.0,36.9,0.2,Goal,Right Foot,Normal,0.7835,0,7055.0,Stefano Sorrentino,stefano sorrentino,Italy,lineup_position_window,,,False,,low_left,1,scored,False,,,,statsbomb_open_data_086f7942-fabb-497d-96d3-e0d4adc9b294,2026-06-24T16:04:38.431710+00:00,False,False,False,False,True,True,False
statsbomb_open_data,24bea364-1fa2-4f29-9eff-763976a48c2e,3879628,1496,12,27,Serie A,2015/2016,Italy,Regular Season,2015-11-28,243,AC Milan,234,Sampdoria,Stadio Giuseppe Meazza    ,Daniele Doveri,1,37,25,5661,M''Baye Babacar Niang,m''baye babacar niang,243,AC Milan,Right Center Forward,108.0,40.0,120.0,39.1,2.4,Goal,Right Foot,Normal,0.7835,0,7018.0,Emiliano Viviano,emiliano viviano,Italy,lineup_position_window,,,False,,high_center,1,scored,False,,,,statsbomb_open_data_24bea364-1fa2-4f29-9eff-763976a48c2e,2026-06-24T16:04:38.431710+00:00,False,False,False,False,True,True,False
statsbomb_open_data,2960ed90-bd5b-43a4-bd4f-bd57345b3bbb,3879628,3448,12,27,Serie A,2015/2016,Italy,Regular Season,2015-11-28,243,AC Milan,234,Sampdoria,Stadio Giuseppe Meazza    ,Daniele Doveri,2,86,30,7000,Eder Citadin Martins,eder citadin martins,234,Sampdoria,Left Center Forward,108.0,40.0,120.0,42.8,0.4,Goal,Right Foot,Normal,0.7835,0,7036.0,Gianluigi Donnarumma,gianluigi donnarumma,Italy,lineup_position_window,,,False,,low_right,1,scored,False,,,,statsbomb_open_data_2960ed90-bd5b-43a4-bd4f-bd57345b3bbb,2026-06-24T16:04:38.431710+00:00,False,False,False,False,True,True,False
statsbomb_open_data,2ccce123-00ef-4351-9f9d-212bca783b19,3879629,596,12,27,Serie A,2015/2016,Italy,Regular Season,2015-11-29,291,Frosinone,226,Hellas Verona,Stadio Comunale Matusa,Nicola Rizzoli,1,21,27,13613,Daniel Ciofani,daniel ciofani,291,Frosinone,Left Center Forward,108.0,40.0,120.0,36.6,1.0,Goal,Right Foot,Normal,0.7835,0,8274.0,Pierluigi Gollini,pierluigi gollini,Italy,lineup_fallback_first_gk,,,False,,low_left,1,scored,False,,,,statsbomb_open_data_2ccce123-00ef-4351-9f9d-212bca783b19,2026-06-24T16:04:38.431710+00:00,False,False,False,False,True,True,False
statsbomb_open_data,68e91ce8-9770-49bb-849d-8bfbdeb167d5,3879632,3060,12,27,Serie A,2015/2016,Italy,Regular Season,2015-11-29,229,AS Roma,228,Atalanta,Estadio Olímpico,Gianpaolo Calvarese	,2,81,13,49439,Germán Gustavo Denis,german gustavo denis,228,Atalanta,Center Forward,108.1,40.1,120.0,41.7,2.1,Goal,Right Foot,Normal,0.7835,0,40529.0,Morgan De Sanctis,morgan de sanctis,Italy,lineup_position_window,,,False,,high_right,1,scored,False,,,,statsbomb_open_data_68e91ce8-9770-49bb-849d-8bfbdeb167d5,2026-06-24T16:04:38.431710+00:00,False,False,False,False,True,True,False
statsbomb_open_data,ca212bba-27a9-421f-8037-8abfae21beb9,3879639,3407,12,27,Serie A,2015/2016,Italy,Regular Season,2015-12-05,241,Torino,229,AS Roma,Stadio Olimpico Grande Torino,Antonio Damato,2,93,47,8193,Maximiliano Gastón López,maximiliano gaston lopez,241,Torino,Center Forward,108.1,40.1,120.0,36.6,0.2,Goal,Right Foot,Normal,0.7835,0,5669.0,Wojciech Szczęsny,wojciech szczesny,Poland,lineup_position_window,,,False,,low_left,1,scored,False,,,,statsbomb_open_data_ca212bba-27a9-421f-8037-8abfae21beb9,2026-06-24T16:04:38.431710+00:00,False,False,False,False,True,True,False
statsbomb_open_data,08a4bbdc-1136-4adc-86e9-2ff83b06809e,3879640,2865,12,27,Serie A,2015/2016,Italy,Regular Season,2015-12-06,291,Frosinone,231,Chievo,Stadio Comunale Matusa,Gianluca Rocchi,2,88,58,6950,Alberto Paloschi,alberto paloschi,231,Chievo,Left Center Forward,108.0,40.0,120.0,37.0,1.1,Goal,Right Foot,Normal,0.7835,0,32037.0,Nicola Leali,nicola leali,Italy,lineup_position_window,,,False,,low_left,1,scored,False,,,,statsbomb_open_data_08a4bbdc-1136-4adc-86e9-2ff83b06809e,2026-06-24T16:04:38.431710+00:00,False,False,False,False,True,True,False
statsbomb_open_data,6bf44c95-f0a9-404b-b5cc-5592c499b8c5,3879646,2570,12,27,Serie A,2015/2016,Italy,Regular Season,2015-12-06,239,Fiorentina,230,Udinese,Stadio Artemio Franchi    	,Marco Guida,2,61,27,7139,Josip Iličić,josip ilicic,239,Fiorentina,Right Attacking Midfield,108.1,40.1,120.0,36.4,2.1,Goal,Left Foot,Normal,0.7835,0,3742.0,Orestis Karnezis,orestis karnezis,Greece,lineup_position_window,,,False,,high_left,1,scored,False,,,,statsbomb_open_data_6bf44c95-f0a9-404b-b5cc-5592c499b8c5,2026-06-24T16:04:38.431710+00:00,False,False,False,False,True,True,False
statsbomb_open_data,a208f128-e952-4a29-a682-9e31f7b52a8e,3879652,2080,12,27,Serie A,2015/2016,Italy,Regular Season,2015-12-13,243,AC Milan,226,Hellas Verona,Stadio Giuseppe Meazza    ,Paolo Valeri,2,56,8,20252,Luca Toni,luca toni,226,Hellas Verona,Center Forward,108.1,40.1,120.0,39.3,2.1,Goal,Right Foot,Normal,0.7835,0,7036.0,Gianluigi Donnarumma,gianluigi donnarumma,Italy,lineup_position_window,,,False,,high_center,1,scored,False,,,,statsbomb_open_data_a208f128-e952-4a29-a682-9e31f7b52a8e,2026-06-24T16:04:38.431710+00:00,False,False,False,False,True,True,False
statsbomb_open_data,9f5accff-35d8-41c9-9e7f-307a010cc085,3879653,80,12,27,Serie A,2015/2016,Italy,Regular Season,2015-12-13,224,Juventus,239,Fiorentina,Allianz Stadium    	,Daniele Orsato,1,2,14,7139,Josip Iličić,josip ilicic,239,Fiorentina,Right Attacking Midfield,108.0,40.0,120.0,43.3,1.6,Goal,Left Foot,Normal,0.7835,0,6949.0,Gianluigi Buffon,gianluigi buffon,Italy,lineup_position_window,,,False,,low_right,1,scored,False,,,,statsbomb_open_data_9f5accff-35d8-41c9-9e7f-307a010cc085,2026-06-24T16:04:38.431710+00:00,False,False,False,False,True,True,False
statsbomb_open_data,3af9f277-ecae-4958-9eec-56ece4fcbe76,3879654,2352,12,27,Serie A,2015/2016,Italy,Regular Season,2015-12-13,231,Chievo,228,Atalanta,Stadio Marc'Antonio Bentegodi,Fabrizio Pasqua,2,67,14,6950,Alberto Paloschi,alberto paloschi,231,Chievo,Right Center Forward,108.1,40.1,119.6,42.4,1.0,Saved,Right Foot,Normal,0.7835,0,7157.0,Marco Sportiello,marco sportiello,Italy,lineup_position_window,,,False,,low_right,0,saved,False,,,,statsbomb_open_data_3af9f277-ecae-4958-9eec-56ece4fcbe76,2026-06-24T16:04:38.431710+00:00,False,False,False,False,True,True,False
statsbomb_open_data,46be22b1-891b-4a6c-91b3-93f8588e082a,3879659,3373,12,27,Serie A,2015/2016,Italy,Regular Season,2015-12-20,238,Inter Milan,236,Lazio,Stadio Giuseppe Meazza    ,Paolo Silvio Mazzoleni,2,86,15,7776,Antonio Candreva,antonio candreva,236,Lazio,Right Midfield,108.0,40.0,119.3,37.5,0.5,Saved,Right Foot,Normal,0.7835,0,7001.0,Samir Handanovič,samir handanovic,Slovenia,lineup_position_window,,,False,,low_left,0,saved,False,,,,statsbomb_open_data_46be22b1-891b-4a6c-91b3-93f8588e082a,2026-06-24T16:04:38.431710+00:00,False,False,False,False,True,True,False
statsbomb_open_data,515336b7-74c6-4031-ae3e-c8817b76db3f,3879661,2308,12,27,Serie A,2015/2016,Italy,Regular Season,2015-12-20,228,Atalanta,227,Napoli,New Balance Arena,Gianluca Rocchi,2,51,37,7025,Marek Hamšík,marek hamsik,227,Napoli,Left Center Midfield,108.0,40.0,120.0,43.1,2.4,Goal,Right Foot,Normal,0.7835,0,41067.0,Davide Bassi,davide bassi,Italy,lineup_position_window,,,False,,high_right,1,scored,False,,,,statsbomb_open_data_515336b7-74c6-4031-ae3e-c8817b76db3f,2026-06-24T16:04:38.431710+00:00,False,False,False,False,True,True,False
statsbomb_open_data,cce0389e-9f7b-4083-b230-9ac968b2c867,3879661,3598,12,27,Serie A,2015/2016,Italy,Regular Season,2015-12-20,228,Atalanta,227,Napoli,New Balance Arena,Gianluca Rocchi,2,90,37,7025,Marek Hamšík,marek hamsik,227,Napoli,Left Center Midfield,108.0,40.0,120.0,37.0,4.5,Off T,Right Foot,Normal,0.7835,1,41067.0,Davide Bassi,davide bassi,Italy,lineup_position_window,120.0,40.1,True,,high_left,0,missed,False,,,,statsbomb_open_data_cce0389e-9f7b-4083-b230-9ac968b2c867,2026-06-24T16:04:38.431710+00:00,False,False,False,False,False,False,False
statsbomb_open_data,42a0d69d-e359-4b80-9f3f-cc73839031ac,3879669,1588,12,27,Serie A,2015/2016,Italy,Regular Season,2016-01-06,227,Napoli,241,Torino,Stadio Diego Armando Maradona,Marco Di Bello,1,32,30,7011,Fabio Quagliarella,fabio quagliarella,241,Torino,Right Center Forward,108.1,40.1,120.0,36.6,0.7,Goal,Right Foot,Normal,0.7835,0,7028.0,José Manuel Reina Páez,jose manuel reina paez,Spain,lineup_position_window,,,False,,low_left,1,scored,False,,,,statsbomb_open_data_42a0d69d-e359-4b80-9f3f-cc73839031ac,2026-06-24T16:04:38.431710+00:00,False,False,False,False,True,True,False
statsbomb_open_data,76dee171-130b-4bbe-9159-6386eb3358b5,3879679,1239,12,27,Serie A,2015/2016,Italy,Regular Season,2016-01-10,291,Frosinone,227,Napoli,Stadio Comunale Matusa,Paolo Tagliavento,1,29,37,5497,Gonzalo Gerardo Higuaín,gonzalo gerardo higuain,227,Napoli,Center Forward,108.1,40.1,120.0,38.8,0.9,Goal,Right Foot,Normal,0.7835,0,386510.0,Massimo Zenildo Zappino,massimo zenildo zappino,Italy,lineup_position_window,,,False,,low_center,1,scored,False,,,,statsbomb_open_data_76dee171-130b-4bbe-9159-6386eb3358b5,2026-06-24T16:04:38.431710+00:00,False,False,False,False,True,True,False
statsbomb_open_data,2a4ad92d-5474-404d-9727-4c4d96760862,3879680,1401,12,27,Serie A,2015/2016,Italy,Regular Season,2016-01-10,240,Bologna,231,Chievo,Stadio Renato Dall''Ara,Claudio Gavillucci,1,36,41,8103,Mattia Destro,mattia destro,240,Bologna,Left Center Forward,108.1,40.1,119.3,40.7,0.5,Saved,Right Foot,Normal,0.7835,0,7803.0,Albano Benjamín Bizzarri,albano benjamin bizzarri,Argentina,lineup_position_window,,,False,,low_center,0,saved,False,,,,statsbomb_open_data_2a4ad92d-5474-404d-9727-4c4d96760862,2026-06-24T16:04:38.431710+00:00,False,False,False,False,True,True,False
statsbomb_open_data,50337f0e-8633-47e3-9135-14c9e5d0d5ad,3879681,3450,12,27,Serie A,2015/2016,Italy,Regular Season,2016-01-10,238,Inter Milan,232,Sassuolo,Stadio Giuseppe Meazza    ,Daniele Doveri,2,94,47,7131,Domenico Berardi,domenico berardi,232,Sassuolo,Right Wing,108.1,40.1,120.0,43.5,0.3,Goal,Left Foot,Normal,0.7835,0,7001.0,Samir Handanovič,samir handanovic,Slovenia,lineup_position_window,,,False,,low_right,1,scored,False,,,,statsbomb_open_data_50337f0e-8633-47e3-9135-14c9e5d0d5ad,2026-06-24T16:04:38.431710+00:00,False,False,False,False,True,True,False
statsbomb_open_data,f476e08b-fc28-4b33-8a94-84d82862f934,3879686,59,12,27,Serie A,2015/2016,Italy,Regular Season,2016-01-16,227,Napoli,232,Sassuolo,Stadio Diego Armando Maradona,Piero Giacomelli,1,2,16,8093,Diego Falcinelli,diego falcinelli,232,Sassuolo,Center Forward,108.1,40.1,120.0,37.7,1.1,Goal,Left Foot,Normal,0.7835,0,7028.0,José Manuel Reina Páez,jose manuel reina paez,Spain,lineup_position_window,,,False,,low_left,1,scored,False,,,,statsbomb_open_data_f476e08b-fc28-4b33-8a94-84d82862f934,2026-06-24T16:04:38.431710+00:00,False,False,False,False,True,True,False
statsbomb_open_data,072a901b-8b1c-42e1-956e-458d2f4ff4f3,3879687,231,12,27,Serie A,2015/2016,Italy,Regular Season,2016-01-16,241,Torino,291,Frosinone,Stadio Olimpico Grande Torino,Massimiliano Irrati,1,8,15,7788,Ciro Immobile,ciro immobile,241,Torino,Left Center Forward,108.0,40.0,120.0,37.0,0.0,Goal,Right Foot,Normal,0.7835,0,32037.0,Nicola Leali,nicola leali,Italy,lineup_position_window,,,False,,low_left,1,scored,False,,,,statsbomb_open_data_072a901b-8b1c-42e1-956e-458d2f4ff4f3,2026-06-24T16:04:38.431710+00:00,False,False,False,False,True,True,False
statsbomb_open_data,43b78ee4-4922-444c-bcaf-a65f1b2cba43,3879689,2118,12,27,Serie A,2015/2016,Italy,Regular Season,2016-01-17,1683,Carpi,234,Sampdoria,Stadio Alberto Braglia (Modena),Maurizio Mariani,2,54,31,32608,Jerry Uche Mbakogu,jerry uche mbakogu,1683,Carpi,Center Forward,108.1,40.1,120.0,37.1,0.0,Goal,Right Foot,Normal,0.7835,0,7018.0,Emiliano Viviano,emiliano viviano,Italy,lineup_position_window,,,False,,low_left,1,scored,False,,,,statsbomb_open_data_43b78ee4-4922-444c-bcaf-a65f1b2cba43,2026-06-24T16:04:38.431710+00:00,False,False,False,False,True,True,False
statsbomb_open_data,4c56f976-bd8a-4bae-9d5f-31b3d8e71f8b,3879691,2450,12,27,Serie A,2015/2016,Italy,Regular Season,2016-01-17,229,AS Roma,226,Hellas Verona,Estadio Olímpico,Davide Massa,2,60,53,6686,Giampaolo Pazzini,giampaolo pazzini,226,Hellas Verona,Center Forward,108.1,40.1,120.0,43.0,2.3,Goal,Right Foot,Normal,0.7835,0,5669.0,Wojciech Szczęsny,wojciech szczesny,Poland,lineup_position_window,,,False,,high_right,1,scored,False,,,,statsbomb_open_data_4c56f976-bd8a-4bae-9d5f-31b3d8e71f8b,2026-06-24T16:04:38.431710+00:00,False,False,False,False,True,True,False
statsbomb_open_data,6c12de30-64ee-458b-99f6-3f97f16576c0,3879693,786,12,27,Serie A,2015/2016,Italy,Regular Season,2016-01-17,230,Udinese,224,Juventus,Stadio Friuli,Gianluca Rocchi,1,25,29,5743,Paulo Bruno Exequiel Dybala,paulo bruno exequiel dybala,224,Juventus,Center Attacking Midfield,108.2,40.0,120.0,37.0,0.2,Goal,Right Foot,Normal,0.7835,0,3742.0,Orestis Karnezis,orestis karnezis,Greece,lineup_position_window,,,False,,low_left,1,scored,False,,,,statsbomb_open_data_6c12de30-64ee-458b-99f6-3f97f16576c0,2026-06-24T16:04:38.431710+00:00,False,False,False,False,True,True,False
statsbomb_open_data,408de6bc-222f-43fa-86b5-6f311b9a6520,3879694,2681,12,27,Serie A,2015/2016,Italy,Regular Season,2016-01-17,240,Bologna,236,Lazio,Stadio Renato Dall''Ara,Marco Di Bello,2,70,3,7776,Antonio Candreva,antonio candreva,236,Lazio,Right Wing,108.0,40.0,120.0,37.6,1.2,Goal,Right Foot,Normal,0.7835,0,7174.0,Antonio Mirante,antonio mirante,Italy,lineup_position_window,,,False,,low_left,1,scored,False,,,,statsbomb_open_data_408de6bc-222f-43fa-86b5-6f311b9a6520,2026-06-24T16:04:38.431710+00:00,False,False,False,False,True,True,False
statsbomb_open_data,4ed3adbb-0808-44b7-9b7e-638eededce24,3879699,619,12,27,Serie A,2015/2016,Italy,Regular Season,2016-01-24,234,Sampdoria,227,Napoli,Stadio Comunale Luigi Ferraris,Daniele Orsato,1,17,47,7037,Lorenzo Insigne,lorenzo insigne,227,Napoli,Left Wing,108.0,40.0,120.0,37.0,0.5,Goal,Right Foot,Normal,0.7835,0,7018.0,Emiliano Viviano,emiliano viviano,Italy,lineup_position_window,,,False,,low_left,1,scored,False,,,,statsbomb_open_data_4ed3adbb-0808-44b7-9b7e-638eededce24,2026-06-24T16:04:38.431710+00:00,False,False,False,False,True,True,False
statsbomb_open_data,e29067d3-8150-48ef-8278-c9c62be7ceeb,3879703,2701,12,27,Serie A,2015/2016,Italy,Regular Season,2016-01-24,236,Lazio,231,Chievo,Estadio Olímpico,Gianpaolo Calvarese	,2,65,30,7776,Antonio Candreva,antonio candreva,236,Lazio,Right Midfield,108.1,40.1,120.0,37.1,0.1,Goal,Right Foot,Normal,0.7835,0,7803.0,Albano Benjamín Bizzarri,albano benjamin bizzarri,Argentina,lineup_position_window,,,False,,low_left,1,scored,False,,,,statsbomb_open_data_e29067d3-8150-48ef-8278-c9c62be7ceeb,2026-06-24T16:04:38.431710+00:00,False,False,False,False,True,True,False
statsbomb_open_data,99451cc0-6a02-4d1f-9c57-0bf42464d0a6,3879703,3315,12,27,Serie A,2015/2016,Italy,Regular Season,2016-01-24,236,Lazio,231,Chievo,Estadio Olímpico,Gianpaolo Calvarese	,2,83,12,6950,Alberto Paloschi,alberto paloschi,231,Chievo,Right Center Forward,108.0,40.0,119.7,36.5,0.9,Saved,Right Foot,Normal,0.7835,0,6991.0,Etrit Berisha,etrit berisha,Albania,lineup_position_window,,,False,,low_left,0,saved,False,,,,statsbomb_open_data_99451cc0-6a02-4d1f-9c57-0bf42464d0a6,2026-06-24T16:04:38.431710+00:00,False,False,False,False,True,True,False
statsbomb_open_data,479aa62d-d553-45c5-abfc-3c510590c23f,3879708,1218,12,27,Serie A,2015/2016,Italy,Regular Season,2016-01-30,228,Atalanta,232,Sassuolo,New Balance Arena,Claudio Gavillucci,1,31,14,49439,Germán Gustavo Denis,german gustavo denis,228,Atalanta,Center Forward,108.0,40.0,119.2,42.0,0.2,Saved,Right Foot,Normal,0.7835,0,7132.0,Andrea Consigli,andrea consigli,Italy,lineup_position_window,,,False,,low_right,0,saved,False,,,,statsbomb_open_data_479aa62d-d553-45c5-abfc-3c510590c23f,2026-06-24T16:04:38.431710+00:00,False,False,False,False,True,True,False
statsbomb_open_data,9e9ffc53-7c4b-47cd-b782-8d7ec6babb64,3879709,2748,12,27,Serie A,2015/2016,Italy,Regular Season,2016-01-30,1683,Carpi,2256,Palermo,Stadio Alberto Braglia (Modena),Nicola Rizzoli,2,73,44,15415,Matteo Mancosu,matteo mancosu,1683,Carpi,Center Forward,108.0,40.0,120.0,37.8,1.2,Goal,Right Foot,Normal,0.7835,0,7055.0,Stefano Sorrentino,stefano sorrentino,Italy,lineup_position_window,,,False,,low_left,1,scored,False,,,,statsbomb_open_data_9e9ffc53-7c4b-47cd-b782-8d7ec6babb64,2026-06-24T16:04:38.431710+00:00,False,False,False,False,True,True,False
statsbomb_open_data,95bfb8ff-fa68-4ff7-ad81-63bcb57fc816,3879710,3518,12,27,Serie A,2015/2016,Italy,Regular Season,2016-01-31,240,Bologna,234,Sampdoria,Stadio Renato Dall''Ara,Michael Fabbri,2,86,43,8103,Mattia Destro,mattia destro,240,Bologna,Center Forward,108.1,40.1,120.0,37.4,0.5,Goal,Right Foot,Normal,0.7835,0,7018.0,Emiliano Viviano,emiliano viviano,Italy,lineup_position_window,,,False,,low_left,1,scored,False,,,,statsbomb_open_data_95bfb8ff-fa68-4ff7-ad81-63bcb57fc816,2026-06-24T16:04:38.431710+00:00,False,False,False,False,True,True,False
statsbomb_open_data,6c332395-f86b-4c32-ab3f-d289f78298e3,3879712,2511,12,27,Serie A,2015/2016,Italy,Regular Season,2016-01-31,243,AC Milan,238,Inter Milan,Stadio Giuseppe Meazza    ,Antonio Damato,2,69,18,6987,Mauro Emanuel Icardi Rivero,mauro emanuel icardi rivero,238,Inter Milan,Center Forward,108.1,40.1,120.0,44.2,1.3,Post,Right Foot,Normal,0.7835,1,7036.0,Gianluigi Donnarumma,gianluigi donnarumma,Italy,lineup_position_window,118.9,40.7,True,,low_right,0,missed,False,,,,statsbomb_open_data_6c332395-f86b-4c32-ab3f-d289f78298e3,2026-06-24T16:04:38.431710+00:00,False,False,False,False,False,False,False
statsbomb_open_data,1ba9aa1c-b44c-48a6-b31d-44653d93aaea,3879717,3451,12,27,Serie A,2015/2016,Italy,Regular Season,2016-02-02,232,Sassuolo,229,AS Roma,MAPEI Stadium - Città del Tricolore,Gianpaolo Calvarese	,2,87,18,7131,Domenico Berardi,domenico berardi,232,Sassuolo,Right Wing,108.1,40.1,120.0,40.9,3.0,Post,Left Foot,Normal,0.7835,1,5669.0,Wojciech Szczęsny,wojciech szczesny,Poland,lineup_position_window,119.2,39.9,True,,high_center,0,missed,False,,,,statsbomb_open_data_1ba9aa1c-b44c-48a6-b31d-44653d93aaea,2026-06-24T16:04:38.431710+00:00,False,False,False,False,False,False,False
statsbomb_open_data,6354f521-dedc-4887-bdb0-1b5a76192220,3879718,2542,12,27,Serie A,2015/2016,Italy,Regular Season,2016-02-03,290,Empoli,230,Udinese,Stadio Carlo Castellani,Eugenio Abbattista,2,66,30,7150,Riccardo Saponara,riccardo saponara,290,Empoli,Center Attacking Midfield,108.1,40.1,118.5,39.2,0.2,Saved,Right Foot,Normal,0.7835,0,3742.0,Orestis Karnezis,orestis karnezis,Greece,lineup_position_window,,,False,,low_center,0,saved,False,,,,statsbomb_open_data_6354f521-dedc-4887-bdb0-1b5a76192220,2026-06-24T16:04:38.431710+00:00,False,False,False,False,True,True,False
statsbomb_open_data,a1455315-d999-44cf-866c-630e43342c6f,3879721,1218,12,27,Serie A,2015/2016,Italy,Regular Season,2016-02-03,2256,Palermo,243,AC Milan,Stadio Renzo Barbera,Paolo Silvio Mazzoleni,1,32,31,5661,M''Baye Babacar Niang,m''baye babacar niang,243,AC Milan,Right Center Forward,108.0,40.0,120.0,43.6,1.6,Goal,Right Foot,Normal,0.7835,0,7055.0,Stefano Sorrentino,stefano sorrentino,Italy,lineup_position_window,,,False,,low_right,1,scored,False,,,,statsbomb_open_data_a1455315-d999-44cf-866c-630e43342c6f,2026-06-24T16:04:38.431710+00:00,False,False,False,False,True,True,False
statsbomb_open_data,5a266cd9-e3aa-4af6-ac5e-564c29b1d18b,3879725,2708,12,27,Serie A,2015/2016,Italy,Regular Season,2016-02-03,291,Frosinone,240,Bologna,Stadio Comunale Matusa,Andrea Gervasoni,2,76,14,24235,Federico Dionisi,federico dionisi,291,Frosinone,Left Center Forward,108.1,40.1,120.0,43.7,0.3,Goal,Right Foot,Normal,0.7835,0,7174.0,Antonio Mirante,antonio mirante,Italy,lineup_position_window,,,False,,low_right,1,scored,False,,,,statsbomb_open_data_5a266cd9-e3aa-4af6-ac5e-564c29b1d18b,2026-06-24T16:04:38.431710+00:00,False,False,False,False,True,True,False
statsbomb_open_data,061a3085-157b-4c88-bab7-cd6ce17bb83b,3879731,2814,12,27,Serie A,2015/2016,Italy,Regular Season,2016-02-07,227,Napoli,1683,Carpi,Stadio Diego Armando Maradona,Daniele Doveri,2,68,38,5497,Gonzalo Gerardo Higuaín,gonzalo gerardo higuain,227,Napoli,Center Forward,108.0,40.1,120.0,37.3,0.8,Goal,Right Foot,Normal,0.7835,0,8662.0,Vid Belec,vid belec,Slovenia,lineup_position_window,,,False,,low_left,1,scored,False,,,,statsbomb_open_data_061a3085-157b-4c88-bab7-cd6ce17bb83b,2026-06-24T16:04:38.431710+00:00,False,False,False,False,True,True,False
statsbomb_open_data,cc76e141-a036-4a2e-ad60-3d9c4601bc9d,3879732,2637,12,27,Serie A,2015/2016,Italy,Regular Season,2016-02-07,241,Torino,231,Chievo,Stadio Olimpico Grande Torino,Gianluca Rocchi,2,71,9,7045,Valter Birsa,valter birsa,231,Chievo,Right Midfield,108.0,40.0,120.0,37.7,0.2,Goal,Left Foot,Normal,0.7835,0,34881.0,Daniele Padelli,daniele padelli,Italy,lineup_position_window,,,False,,low_left,1,scored,False,,,,statsbomb_open_data_cc76e141-a036-4a2e-ad60-3d9c4601bc9d,2026-06-24T16:04:38.431710+00:00,False,False,False,False,True,True,False
statsbomb_open_data,87d5fcfb-c3cf-416e-a3e4-3a6d7f8803bd,3879737,3448,12,27,Serie A,2015/2016,Italy,Regular Season,2016-02-11,236,Lazio,226,Hellas Verona,Estadio Olímpico,Andrea Gervasoni,2,89,39,7776,Antonio Candreva,antonio candreva,236,Lazio,Right Wing,108.1,40.1,120.0,36.5,0.7,Goal,Right Foot,Normal,0.7835,0,8274.0,Pierluigi Gollini,pierluigi gollini,Italy,lineup_position_window,,,False,,low_left,1,scored,False,,,,statsbomb_open_data_87d5fcfb-c3cf-416e-a3e4-3a6d7f8803bd,2026-06-24T16:04:38.431710+00:00,False,False,False,False,True,True,False
statsbomb_open_data,d1a419f0-89cf-42af-addf-fbd1e3cc3866,3879740,2401,12,27,Serie A,2015/2016,Italy,Regular Season,2016-02-13,290,Empoli,291,Frosinone,Stadio Carlo Castellani,Marco Di Bello,2,72,8,13613,Daniel Ciofani,daniel ciofani,291,Frosinone,Left Center Forward,108.0,40.0,120.0,38.0,0.0,Goal,Right Foot,Normal,0.7835,0,11508.0,Łukasz Skorupski,lukasz skorupski,Poland,lineup_position_window,,,False,,low_left,1,scored,False,,,,statsbomb_open_data_d1a419f0-89cf-42af-addf-fbd1e3cc3866,2026-06-24T16:04:38.431710+00:00,False,False,False,False,True,True,False
statsbomb_open_data,bf617640-35cc-4d9b-8ed5-df396074b79f,3879741,964,12,27,Serie A,2015/2016,Italy,Regular Season,2016-02-13,231,Chievo,232,Sassuolo,Stadio Marc'Antonio Bentegodi,Davide Ghersini,1,28,26,7045,Valter Birsa,valter birsa,231,Chievo,Center Attacking Midfield,108.1,40.1,120.0,37.9,0.2,Goal,Left Foot,Normal,0.7835,0,7132.0,Andrea Consigli,andrea consigli,Italy,lineup_position_window,,,False,,low_left,1,scored,False,,,,statsbomb_open_data_bf617640-35cc-4d9b-8ed5-df396074b79f,2026-06-24T16:04:38.431710+00:00,False,False,False,False,True,True,False
statsbomb_open_data,11c888f7-664a-44b2-a3de-c95f00978224,3879745,630,12,27,Serie A,2015/2016,Italy,Regular Season,2016-02-14,2256,Palermo,241,Torino,Stadio Renzo Barbera,Angelo Cervellera,1,18,37,7788,Ciro Immobile,ciro immobile,241,Torino,Left Center Forward,108.0,40.0,120.0,36.7,0.0,Goal,Right Foot,Normal,0.7835,0,7055.0,Stefano Sorrentino,stefano sorrentino,Italy,lineup_fallback_first_gk,,,False,,low_left,1,scored,False,,,,statsbomb_open_data_11c888f7-664a-44b2-a3de-c95f00978224,2026-06-24T16:04:38.431710+00:00,False,False,False,False,True,True,False
statsbomb_open_data,fd0bb5a0-de09-4607-8512-65fae93f1cc7,3879748,1174,12,27,Serie A,2015/2016,Italy,Regular Season,2016-02-20,226,Hellas Verona,231,Chievo,Stadio Marc'Antonio Bentegodi,Marco Guida,1,28,44,20252,Luca Toni,luca toni,226,Hellas Verona,Right Center Forward,108.0,40.0,119.3,37.4,0.2,Saved,Right Foot,Normal,0.7835,0,7803.0,Albano Benjamín Bizzarri,albano benjamin bizzarri,Argentina,lineup_position_window,,,False,,low_left,0,saved,False,,,,statsbomb_open_data_fd0bb5a0-de09-4607-8512-65fae93f1cc7,2026-06-24T16:04:38.431710+00:00,False,False,False,False,True,True,False
statsbomb_open_data,5ea343e1-a015-4301-a386-7111cddc994b,3879748,2395,12,27,Serie A,2015/2016,Italy,Regular Season,2016-02-20,226,Hellas Verona,231,Chievo,Stadio Marc'Antonio Bentegodi,Marco Guida,2,70,54,8644,Sergio Pellissier,sergio pellissier,231,Chievo,Right Center Forward,108.1,40.0,120.0,43.4,0.2,Goal,Right Foot,Normal,0.7835,0,8274.0,Pierluigi Gollini,pierluigi gollini,Italy,lineup_position_window,,,False,,low_right,1,scored,False,,,,statsbomb_open_data_5ea343e1-a015-4301-a386-7111cddc994b,2026-06-24T16:04:38.431710+00:00,False,False,False,False,True,True,False
statsbomb_open_data,0ad32208-8cd4-4f02-b4d0-42d34a2c82ae,3879752,2183,12,27,Serie A,2015/2016,Italy,Regular Season,2016-02-21,233,Genoa,230,Udinese,Stadio Comunale Luigi Ferraris,Andrea Gervasoni,2,56,38,7702,Alessio Cerci,alessio cerci,233,Genoa,Right Center Forward,108.0,40.0,120.0,36.4,2.1,Goal,Left Foot,Normal,0.7835,0,3742.0,Orestis Karnezis,orestis karnezis,Greece,lineup_position_window,,,False,,high_left,1,scored,False,,,,statsbomb_open_data_0ad32208-8cd4-4f02-b4d0-42d34a2c82ae,2026-06-24T16:04:38.431710+00:00,False,False,False,False,True,True,False
statsbomb_open_data,90055146-c2ab-4a96-ab22-00331f37c556,3879752,3214,12,27,Serie A,2015/2016,Italy,Regular Season,2016-02-21,233,Genoa,230,Udinese,Stadio Comunale Luigi Ferraris,Andrea Gervasoni,2,89,9,19846,Antonio Di Natale,antonio di natale,230,Udinese,Center Forward,108.1,40.1,118.4,42.1,0.9,Saved,Right Foot,Normal,0.7835,0,7148.0,Mattia Perin,mattia perin,Italy,lineup_position_window,,,False,,low_right,0,saved,False,,,,statsbomb_open_data_90055146-c2ab-4a96-ab22-00331f37c556,2026-06-24T16:04:38.431710+00:00,False,False,False,False,True,True,False
statsbomb_open_data,3064ffc8-7e83-481b-a0f0-81e47185642a,3879753,2580,12,27,Serie A,2015/2016,Italy,Regular Season,2016-02-21,232,Sassuolo,290,Empoli,MAPEI Stadium - Città del Tricolore,Paolo Valeri,2,69,19,40252,Massimo Maccarone,massimo maccarone,290,Empoli,Center Forward,108.1,40.1,120.0,43.2,0.3,Goal,Right Foot,Normal,0.7835,0,7132.0,Andrea Consigli,andrea consigli,Italy,lineup_position_window,,,False,,low_right,1,scored,False,,,,statsbomb_open_data_3064ffc8-7e83-481b-a0f0-81e47185642a,2026-06-24T16:04:38.431710+00:00,False,False,False,False,True,True,False
statsbomb_open_data,e95f11a9-169f-450c-ad01-224c9ee3a60e,3879754,2602,12,27,Serie A,2015/2016,Italy,Regular Season,2016-02-21,241,Torino,1683,Carpi,Stadio Olimpico Grande Torino,Claudio Gavillucci,2,76,59,8193,Maximiliano Gastón López,maximiliano gaston lopez,241,Torino,Center Forward,108.1,40.1,119.3,43.4,0.4,Saved,Right Foot,Normal,0.7835,0,8662.0,Vid Belec,vid belec,Slovenia,lineup_position_window,,,False,,low_right,0,saved,False,,,,statsbomb_open_data_e95f11a9-169f-450c-ad01-224c9ee3a60e,2026-06-24T16:04:38.431710+00:00,False,False,False,False,True,True,False
statsbomb_open_data,aab63a7a-020f-47da-b522-f1a1031c1145,3879759,3390,12,27,Serie A,2015/2016,Italy,Regular Season,2016-02-28,224,Juventus,238,Inter Milan,Allianz Stadium    	,Gianluca Rocchi,2,83,35,3477,Álvaro Borja Morata Martín,alvaro borja morata martin,224,Juventus,Right Center Forward,108.0,40.0,120.0,43.4,1.6,Goal,Right Foot,Normal,0.7835,0,7001.0,Samir Handanovič,samir handanovic,Slovenia,lineup_position_window,,,False,,low_right,1,scored,False,,,,statsbomb_open_data_aab63a7a-020f-47da-b522-f1a1031c1145,2026-06-24T16:04:38.431710+00:00,False,False,False,False,True,True,False
statsbomb_open_data,26c91dbb-72dd-47c5-a00e-e558e85fe91e,3879761,2327,12,27,Serie A,2015/2016,Italy,Regular Season,2016-02-28,1683,Carpi,228,Atalanta,Stadio Alberto Braglia (Modena),Gianpaolo Calvarese	,2,74,50,7170,Simone Verdi,simone verdi,1683,Carpi,Left Midfield,108.1,40.1,120.0,43.3,0.5,Goal,Right Foot,Normal,0.7835,0,7157.0,Marco Sportiello,marco sportiello,Italy,lineup_position_window,,,False,,low_right,1,scored,False,,,,statsbomb_open_data_26c91dbb-72dd-47c5-a00e-e558e85fe91e,2026-06-24T16:04:38.431710+00:00,False,False,False,False,True,True,False
statsbomb_open_data,d631448f-5e37-43c7-9e17-4048ffcd48a8,3879766,1532,12,27,Serie A,2015/2016,Italy,Regular Season,2016-02-29,236,Lazio,232,Sassuolo,Estadio Olímpico,Antonio Damato,1,40,32,7131,Domenico Berardi,domenico berardi,232,Sassuolo,Right Wing,108.1,40.1,120.0,41.4,1.2,Goal,Left Foot,Normal,0.7835,0,6991.0,Etrit Berisha,etrit berisha,Albania,lineup_position_window,,,False,,low_right,1,scored,False,,,,statsbomb_open_data_d631448f-5e37-43c7-9e17-4048ffcd48a8,2026-06-24T16:04:38.431710+00:00,False,False,False,False,True,True,False
statsbomb_open_data,88e6bfa7-f065-42b0-9941-7fb60e976476,3879767,1888,12,27,Serie A,2015/2016,Italy,Regular Season,2016-03-04,229,AS Roma,239,Fiorentina,Estadio Olímpico,Massimiliano Irrati,1,47,3,7139,Josip Iličić,josip ilicic,239,Fiorentina,Center Attacking Midfield,108.0,40.0,120.0,43.5,1.2,Goal,Left Foot,Normal,0.7835,0,5669.0,Wojciech Szczęsny,wojciech szczesny,Poland,lineup_position_window,,,False,,low_right,1,scored,False,,,,statsbomb_open_data_88e6bfa7-f065-42b0-9941-7fb60e976476,2026-06-24T16:04:38.431710+00:00,False,False,False,False,True,True,False
statsbomb_open_data,cd22fb3d-5fb0-46cd-a45a-ee7cbecf46c6,3879772,821,12,27,Serie A,2015/2016,Italy,Regular Season,2016-03-06,241,Torino,236,Lazio,Stadio Olimpico Grande Torino,Davide Massa,1,21,17,7788,Ciro Immobile,ciro immobile,241,Torino,Left Center Forward,108.0,40.0,120.0,43.5,3.8,Off T,Right Foot,Normal,0.7835,1,12491.0,Federico Marchetti,federico marchetti,Italy,lineup_position_window,118.9,40.5,True,,high_right,0,missed,False,,,,statsbomb_open_data_cd22fb3d-5fb0-46cd-a45a-ee7cbecf46c6,2026-06-24T16:04:38.431710+00:00,False,False,False,False,False,False,False
statsbomb_open_data,626477cf-f121-4dde-80b9-777c8d21ebcf,3879772,2953,12,27,Serie A,2015/2016,Italy,Regular Season,2016-03-06,241,Torino,236,Lazio,Stadio Olimpico Grande Torino,Davide Massa,2,77,44,5510,Lucas Rodrigo Biglia,lucas rodrigo biglia,236,Lazio,Center Defensive Midfield,108.0,40.0,120.0,36.7,0.9,Goal,Right Foot,Normal,0.7835,0,34881.0,Daniele Padelli,daniele padelli,Italy,lineup_position_window,,,False,,low_left,1,scored,False,,,,statsbomb_open_data_626477cf-f121-4dde-80b9-777c8d21ebcf,2026-06-24T16:04:38.431710+00:00,False,False,False,False,True,True,False
statsbomb_open_data,8729afc6-49dd-4111-b9b1-2162c3fdaf60,3879782,3258,12,27,Serie A,2015/2016,Italy,Regular Season,2016-03-13,1683,Carpi,291,Frosinone,Stadio Alberto Braglia (Modena),Luca Banti,2,89,6,8675,Jonathan de Guzmán,jonathan de guzman,1683,Carpi,Center Attacking Midfield,108.1,40.1,120.0,43.3,0.2,Goal,Right Foot,Normal,0.7835,0,32037.0,Nicola Leali,nicola leali,Italy,lineup_position_window,,,False,,low_right,1,scored,False,,,,statsbomb_open_data_8729afc6-49dd-4111-b9b1-2162c3fdaf60,2026-06-24T16:04:38.431710+00:00,False,False,False,False,True,True,False
statsbomb_open_data,db6c2a6a-1b26-4a38-a9a9-f971441ec596,3879784,752,12,27,Serie A,2015/2016,Italy,Regular Season,2016-03-13,233,Genoa,241,Torino,Stadio Comunale Luigi Ferraris,Daniele Doveri,1,19,17,7702,Alessio Cerci,alessio cerci,233,Genoa,Right Wing,108.1,40.1,120.0,40.2,1.3,Goal,Left Foot,Normal,0.7835,0,34881.0,Daniele Padelli,daniele padelli,Italy,lineup_position_window,,,False,,low_center,1,scored,False,,,,statsbomb_open_data_db6c2a6a-1b26-4a38-a9a9-f971441ec596,2026-06-24T16:04:38.431710+00:00,False,False,False,False,True,True,False
statsbomb_open_data,871eb0ca-8e29-4a51-a1e0-31ef57cd2e69,3879784,1620,12,27,Serie A,2015/2016,Italy,Regular Season,2016-03-13,233,Genoa,241,Torino,Stadio Comunale Luigi Ferraris,Daniele Doveri,1,46,22,7702,Alessio Cerci,alessio cerci,233,Genoa,Right Center Forward,108.1,40.1,120.0,43.3,2.4,Goal,Left Foot,Normal,0.7835,0,34881.0,Daniele Padelli,daniele padelli,Italy,lineup_position_window,,,False,,high_right,1,scored,False,,,,statsbomb_open_data_871eb0ca-8e29-4a51-a1e0-31ef57cd2e69,2026-06-24T16:04:38.431710+00:00,False,False,False,False,True,True,False
statsbomb_open_data,2128837a-b700-4974-ab65-a269e5753aca,3879786,929,12,27,Serie A,2015/2016,Italy,Regular Season,2016-03-13,2256,Palermo,227,Napoli,Stadio Renzo Barbera,Gianluca Rocchi,1,22,0,5497,Gonzalo Gerardo Higuaín,gonzalo gerardo higuain,227,Napoli,Center Forward,108.1,40.1,120.0,43.0,1.7,Goal,Right Foot,Normal,0.7835,0,7055.0,Stefano Sorrentino,stefano sorrentino,Italy,lineup_position_window,,,False,,low_right,1,scored,False,,,,statsbomb_open_data_2128837a-b700-4974-ab65-a269e5753aca,2026-06-24T16:04:38.431710+00:00,False,False,False,False,True,True,False
statsbomb_open_data,ea5dd59d-6ef1-4926-a65c-a364ae613eb2,3879790,1700,12,27,Serie A,2015/2016,Italy,Regular Season,2016-03-20,241,Torino,224,Juventus,Stadio Olimpico Grande Torino,Nicola Rizzoli,2,47,25,7471,Andrea Belotti,andrea belotti,241,Torino,Left Center Forward,108.1,40.1,120.0,37.6,0.2,Goal,Right Foot,Normal,0.7835,0,6949.0,Gianluigi Buffon,gianluigi buffon,Italy,lineup_position_window,,,False,,low_left,1,scored,False,,,,statsbomb_open_data_ea5dd59d-6ef1-4926-a65c-a364ae613eb2,2026-06-24T16:04:38.431710+00:00,False,False,False,False,True,True,False
statsbomb_open_data,bdfc592e-5398-48ee-a4ee-1b4901dc9e42,3879792,1112,12,27,Serie A,2015/2016,Italy,Regular Season,2016-03-20,234,Sampdoria,231,Chievo,Stadio Comunale Luigi Ferraris,Luca Pairetto,1,29,44,7045,Valter Birsa,valter birsa,231,Chievo,Left Wing,108.0,40.0,118.8,38.2,0.2,Saved,Left Foot,Normal,0.7835,0,7018.0,Emiliano Viviano,emiliano viviano,Italy,lineup_position_window,,,False,,low_left,0,saved,False,,,,statsbomb_open_data_bdfc592e-5398-48ee-a4ee-1b4901dc9e42,2026-06-24T16:04:38.431710+00:00,False,False,False,False,True,True,False
statsbomb_open_data,b9a2eb02-e4ca-4d78-b930-cb1b24466ca3,3879794,2742,12,27,Serie A,2015/2016,Italy,Regular Season,2016-03-20,228,Atalanta,240,Bologna,New Balance Arena,Piero Giacomelli,2,76,50,36770,Mauricio Ricardo Pinilla Ferreira,mauricio ricardo pinilla ferreira,228,Atalanta,Center Forward,108.0,40.0,119.6,37.0,0.9,Saved,Right Foot,Normal,0.7835,0,7174.0,Antonio Mirante,antonio mirante,Italy,lineup_position_window,,,False,,low_left,0,saved,False,,,,statsbomb_open_data_b9a2eb02-e4ca-4d78-b930-cb1b24466ca3,2026-06-24T16:04:38.431710+00:00,False,False,False,False,True,True,False
statsbomb_open_data,f77fa37b-837d-4cc5-8acb-2c96039ff963,3879801,662,12,27,Serie A,2015/2016,Italy,Regular Season,2016-04-03,238,Inter Milan,241,Torino,Stadio Giuseppe Meazza    ,Marco Guida,1,16,44,6987,Mauro Emanuel Icardi Rivero,mauro emanuel icardi rivero,238,Inter Milan,Center Forward,108.0,40.0,120.0,43.1,1.3,Goal,Right Foot,Normal,0.7835,0,34881.0,Daniele Padelli,daniele padelli,Italy,lineup_position_window,,,False,,low_right,1,scored,False,,,,statsbomb_open_data_f77fa37b-837d-4cc5-8acb-2c96039ff963,2026-06-24T16:04:38.431710+00:00,False,False,False,False,True,True,False
statsbomb_open_data,598f2476-3c84-4a97-8e8c-4cef0c0dd8cc,3879801,2957,12,27,Serie A,2015/2016,Italy,Regular Season,2016-04-03,238,Inter Milan,241,Torino,Stadio Giuseppe Meazza    ,Marco Guida,2,72,41,7471,Andrea Belotti,andrea belotti,241,Torino,Right Center Forward,108.0,40.0,120.0,37.0,0.2,Goal,Right Foot,Normal,0.7835,0,7001.0,Samir Handanovič,samir handanovic,Slovenia,lineup_position_window,,,False,,low_left,1,scored,False,,,,statsbomb_open_data_598f2476-3c84-4a97-8e8c-4cef0c0dd8cc,2026-06-24T16:04:38.431710+00:00,False,False,False,False,True,True,False
statsbomb_open_data,0c991617-3cdb-41ac-ad1e-1f3129f779c7,3879803,537,12,27,Serie A,2015/2016,Italy,Regular Season,2016-04-03,230,Udinese,227,Napoli,Stadio Friuli,Massimiliano Irrati,1,13,9,5204,Bruno Miguel Borges Fernandes,bruno miguel borges fernandes,230,Udinese,Left Center Midfield,108.0,40.0,120.0,42.6,0.3,Goal,Right Foot,Normal,0.7835,0,30767.0,Gabriel Vasconelos Ferreira,gabriel vasconelos ferreira,Brazil,lineup_position_window,,,False,,low_right,1,scored,False,,,,statsbomb_open_data_0c991617-3cdb-41ac-ad1e-1f3129f779c7,2026-06-24T16:04:38.431710+00:00,False,False,False,False,True,True,False
statsbomb_open_data,7a05b72d-5998-4691-a6d1-cf359819312e,3879803,904,12,27,Serie A,2015/2016,Italy,Regular Season,2016-04-03,230,Udinese,227,Napoli,Stadio Friuli,Massimiliano Irrati,1,25,52,5204,Bruno Miguel Borges Fernandes,bruno miguel borges fernandes,230,Udinese,Left Center Midfield,108.0,40.0,119.3,38.0,0.4,Saved,Right Foot,Normal,0.7835,0,30767.0,Gabriel Vasconelos Ferreira,gabriel vasconelos ferreira,Brazil,lineup_position_window,,,False,,low_left,0,saved,False,,,,statsbomb_open_data_7a05b72d-5998-4691-a6d1-cf359819312e,2026-06-24T16:04:38.431710+00:00,False,False,False,False,True,True,False
statsbomb_open_data,58b3bc10-2ce9-408f-ae47-7cfef782d0a7,3879805,123,12,27,Serie A,2015/2016,Italy,Regular Season,2016-04-03,228,Atalanta,243,AC Milan,New Balance Arena,Gianluca Rocchi,1,4,15,21272,Luiz Adriano de Souza da Silva,luiz adriano de souza da silva,243,AC Milan,Right Center Forward,108.0,40.0,120.0,43.6,1.3,Goal,Right Foot,Normal,0.7835,0,7157.0,Marco Sportiello,marco sportiello,Italy,lineup_position_window,,,False,,low_right,1,scored,False,,,,statsbomb_open_data_58b3bc10-2ce9-408f-ae47-7cfef782d0a7,2026-06-24T16:04:38.431710+00:00,False,False,False,False,True,True,False
statsbomb_open_data,ed03e118-d799-4113-818a-3297fa23cf75,3879811,1843,12,27,Serie A,2015/2016,Italy,Regular Season,2016-04-10,227,Napoli,226,Hellas Verona,Stadio Diego Armando Maradona,Domenico Celi,1,46,51,7037,Lorenzo Insigne,lorenzo insigne,227,Napoli,Left Wing,108.0,40.0,120.0,36.3,0.6,Goal,Right Foot,Normal,0.7835,0,8274.0,Pierluigi Gollini,pierluigi gollini,Italy,lineup_position_window,,,False,,low_left,1,scored,False,,,,statsbomb_open_data_ed03e118-d799-4113-818a-3297fa23cf75,2026-06-24T16:04:38.431710+00:00,False,False,False,False,True,True,False
statsbomb_open_data,a83a15b9-6742-4dd7-afa5-0976815ac4df,3879818,3819,12,27,Serie A,2015/2016,Italy,Regular Season,2016-04-16,240,Bologna,241,Torino,Stadio Renato Dall''Ara,Rosario Abisso,2,92,41,7471,Andrea Belotti,andrea belotti,241,Torino,Right Center Forward,108.0,40.0,120.0,36.5,0.3,Goal,Right Foot,Normal,0.7835,0,7174.0,Antonio Mirante,antonio mirante,Italy,lineup_position_window,,,False,,low_left,1,scored,False,,,,statsbomb_open_data_a83a15b9-6742-4dd7-afa5-0976815ac4df,2026-06-24T16:04:38.431710+00:00,False,False,False,False,True,True,False
statsbomb_open_data,d04511b4-eba8-4e01-8473-24b45cc390ac,3879825,243,12,27,Serie A,2015/2016,Italy,Regular Season,2016-04-17,236,Lazio,290,Empoli,Estadio Olímpico,Angelo Cervellera,1,5,57,7776,Antonio Candreva,antonio candreva,236,Lazio,Right Wing,108.0,40.0,120.0,43.3,0.5,Goal,Right Foot,Normal,0.7835,0,40332.0,Alberto Pelagotti,alberto pelagotti,Italy,lineup_position_window,,,False,,low_right,1,scored,False,,,,statsbomb_open_data_d04511b4-eba8-4e01-8473-24b45cc390ac,2026-06-24T16:04:38.431710+00:00,False,False,False,False,True,True,False
statsbomb_open_data,019eee79-2bf5-4a22-85db-65555ca88748,3879827,1584,12,27,Serie A,2015/2016,Italy,Regular Season,2016-04-19,227,Napoli,240,Bologna,Stadio Diego Armando Maradona,Andrea Gervasoni,1,34,8,3949,Manolo Gabbiadini,manolo gabbiadini,227,Napoli,Center Forward,108.0,40.0,120.0,36.7,0.2,Goal,Left Foot,Normal,0.7835,0,7174.0,Antonio Mirante,antonio mirante,Italy,lineup_position_window,,,False,,low_left,1,scored,False,,,,statsbomb_open_data_019eee79-2bf5-4a22-85db-65555ca88748,2026-06-24T16:04:38.431710+00:00,False,False,False,False,True,True,False
statsbomb_open_data,e7ca4b5d-aedf-46a0-9288-ae9cf5ee738a,3879828,1426,12,27,Serie A,2015/2016,Italy,Regular Season,2016-04-20,229,AS Roma,241,Torino,Estadio Olímpico,Gianpaolo Calvarese	,1,34,9,7471,Andrea Belotti,andrea belotti,241,Torino,Right Center Forward,108.0,40.0,120.0,43.2,0.8,Goal,Right Foot,Normal,0.7835,0,5669.0,Wojciech Szczęsny,wojciech szczesny,Poland,lineup_position_window,,,False,,low_right,1,scored,False,,,,statsbomb_open_data_e7ca4b5d-aedf-46a0-9288-ae9cf5ee738a,2026-06-24T16:04:38.431710+00:00,False,False,False,False,True,True,False
statsbomb_open_data,d087fc8d-b915-4cf9-bea1-579ec3c9312a,3879828,3201,12,27,Serie A,2015/2016,Italy,Regular Season,2016-04-20,229,AS Roma,241,Torino,Estadio Olímpico,Gianpaolo Calvarese	,2,88,8,15780,Francesco Totti,francesco totti,229,AS Roma,Center Attacking Midfield,108.0,40.0,120.0,36.7,0.4,Goal,Right Foot,Normal,0.7835,0,34881.0,Daniele Padelli,daniele padelli,Italy,lineup_position_window,,,False,,low_left,1,scored,False,,,,statsbomb_open_data_d087fc8d-b915-4cf9-bea1-579ec3c9312a,2026-06-24T16:04:38.431710+00:00,False,False,False,False,True,True,False
statsbomb_open_data,c7f6402a-e8ad-4e9a-a19a-9b167428a7d3,3879831,3139,12,27,Serie A,2015/2016,Italy,Regular Season,2016-04-20,232,Sassuolo,234,Sampdoria,MAPEI Stadium - Città del Tricolore,Maurizio Mariani,2,88,12,7131,Domenico Berardi,domenico berardi,232,Sassuolo,Right Midfield,108.1,40.1,119.5,43.6,0.3,Saved,Left Foot,Normal,0.7835,0,7018.0,Emiliano Viviano,emiliano viviano,Italy,lineup_position_window,,,False,,low_right,0,saved,False,,,,statsbomb_open_data_c7f6402a-e8ad-4e9a-a19a-9b167428a7d3,2026-06-24T16:04:38.431710+00:00,False,False,False,False,True,True,False
statsbomb_open_data,092e0301-855b-4f96-b575-5e3aa044506b,3879832,51,12,27,Serie A,2015/2016,Italy,Regular Season,2016-04-20,2256,Palermo,228,Atalanta,Stadio Renzo Barbera,Daniele Doveri,1,1,24,6719,Franco Damián Vázquez,franco damian vazquez,2256,Palermo,Right Wing,108.0,40.0,120.0,43.4,1.4,Goal,Left Foot,Normal,0.7835,0,7157.0,Marco Sportiello,marco sportiello,Italy,lineup_position_window,,,False,,low_right,1,scored,False,,,,statsbomb_open_data_092e0301-855b-4f96-b575-5e3aa044506b,2026-06-24T16:04:38.431710+00:00,False,False,False,False,True,True,False
statsbomb_open_data,1273bd8b-9ca3-4659-bfa2-b26333341f06,3879832,482,12,27,Serie A,2015/2016,Italy,Regular Season,2016-04-20,2256,Palermo,228,Atalanta,Stadio Renzo Barbera,Daniele Doveri,1,10,40,8871,Marco Borriello,marco borriello,228,Atalanta,Center Forward,108.1,40.1,120.0,37.3,0.4,Goal,Left Foot,Normal,0.7835,0,7055.0,Stefano Sorrentino,stefano sorrentino,Italy,lineup_position_window,,,False,,low_left,1,scored,False,,,,statsbomb_open_data_1273bd8b-9ca3-4659-bfa2-b26333341f06,2026-06-24T16:04:38.431710+00:00,False,False,False,False,True,True,False
statsbomb_open_data,5db88053-bc6d-4dc3-84d0-895675e1eb5c,3879833,2019,12,27,Serie A,2015/2016,Italy,Regular Season,2016-04-20,224,Juventus,236,Lazio,Allianz Stadium    	,Paolo Silvio Mazzoleni,2,51,12,5743,Paulo Bruno Exequiel Dybala,paulo bruno exequiel dybala,224,Juventus,Right Center Forward,108.0,40.0,120.0,36.8,1.1,Goal,Left Foot,Normal,0.7835,0,12491.0,Federico Marchetti,federico marchetti,Italy,lineup_position_window,,,False,,low_left,1,scored,False,,,,statsbomb_open_data_5db88053-bc6d-4dc3-84d0-895675e1eb5c,2026-06-24T16:04:38.431710+00:00,False,False,False,False,True,True,False
statsbomb_open_data,96f6dd89-459b-47aa-aff5-287b0b963bdf,3879835,1985,12,27,Serie A,2015/2016,Italy,Regular Season,2016-04-20,231,Chievo,291,Frosinone,Stadio Marc'Antonio Bentegodi,Carmine Russo,2,46,33,8644,Sergio Pellissier,sergio pellissier,231,Chievo,Center Forward,108.1,40.1,120.0,37.8,1.4,Goal,Right Foot,Normal,0.7835,0,32037.0,Nicola Leali,nicola leali,Italy,lineup_position_window,,,False,,low_left,1,scored,False,,,,statsbomb_open_data_96f6dd89-459b-47aa-aff5-287b0b963bdf,2026-06-24T16:04:38.431710+00:00,False,False,False,False,True,True,False
statsbomb_open_data,64a1ae7f-e7cf-4fba-b5ad-58bd4226f5c2,3879838,1695,12,27,Serie A,2015/2016,Italy,Regular Season,2016-04-24,234,Sampdoria,236,Lazio,Stadio Comunale Luigi Ferraris,Nicola Rizzoli,1,43,51,7776,Antonio Candreva,antonio candreva,236,Lazio,Right Wing,108.0,40.0,119.0,38.2,0.8,Saved,Right Foot,Normal,0.7835,0,7018.0,Emiliano Viviano,emiliano viviano,Italy,lineup_position_window,,,False,,low_left,0,saved,False,,,,statsbomb_open_data_64a1ae7f-e7cf-4fba-b5ad-58bd4226f5c2,2026-06-24T16:04:38.431710+00:00,False,False,False,False,True,True,False
statsbomb_open_data,729c6a54-1607-4dee-aa5e-859505baadd2,3879839,3956,12,27,Serie A,2015/2016,Italy,Regular Season,2016-04-24,239,Fiorentina,224,Juventus,Stadio Artemio Franchi    	,Paolo Tagliavento,2,89,40,7033,Nikola Kalinić,nikola kalinic,239,Fiorentina,Center Forward,108.1,40.1,119.1,42.9,0.5,Saved,Right Foot,Normal,0.7835,0,6949.0,Gianluigi Buffon,gianluigi buffon,Italy,lineup_position_window,,,False,,low_right,0,saved,False,,,,statsbomb_open_data_729c6a54-1607-4dee-aa5e-859505baadd2,2026-06-24T16:04:38.431710+00:00,False,False,False,False,True,True,False
statsbomb_open_data,03d4df77-5bfd-4563-8637-0548e3e65496,3879846,2696,12,27,Serie A,2015/2016,Italy,Regular Season,2016-04-25,226,Hellas Verona,243,AC Milan,Stadio Marc'Antonio Bentegodi,Marco Di Bello,2,71,15,6686,Giampaolo Pazzini,giampaolo pazzini,226,Hellas Verona,Left Center Forward,108.1,40.1,120.0,43.8,0.8,Goal,Right Foot,Normal,0.7835,0,7036.0,Gianluigi Donnarumma,gianluigi donnarumma,Italy,lineup_position_window,,,False,,low_right,1,scored,False,,,,statsbomb_open_data_03d4df77-5bfd-4563-8637-0548e3e65496,2026-06-24T16:04:38.431710+00:00,False,False,False,False,True,True,False
statsbomb_open_data,9f7c6db0-c337-4b82-98f9-e62d7f3a5289,3879851,1379,12,27,Serie A,2015/2016,Italy,Regular Season,2016-05-01,243,AC Milan,291,Frosinone,Stadio Giuseppe Meazza    ,Davide Massa,2,47,48,3371,Mario Barwuah Balotelli,mario barwuah balotelli,243,AC Milan,Left Center Forward,108.0,40.0,119.1,37.6,0.2,Saved,Right Foot,Normal,0.7835,0,13614.0,Francesco Bardi,francesco bardi,Italy,lineup_position_window,,,False,,low_left,0,saved,False,,,,statsbomb_open_data_9f7c6db0-c337-4b82-98f9-e62d7f3a5289,2026-06-24T16:04:38.431710+00:00,False,False,False,False,True,True,False
statsbomb_open_data,99976981-03e5-4ca7-ab3d-ed67a39aa762,3879851,2786,12,27,Serie A,2015/2016,Italy,Regular Season,2016-05-01,243,AC Milan,291,Frosinone,Stadio Giuseppe Meazza    ,Davide Massa,2,91,22,20300,Jérémy Ménez,jeremy menez,243,AC Milan,Left Center Midfield,108.0,40.0,120.0,36.3,0.2,Goal,Right Foot,Normal,0.7835,0,13614.0,Francesco Bardi,francesco bardi,Italy,lineup_position_window,,,False,,low_left,1,scored,False,,,,statsbomb_open_data_99976981-03e5-4ca7-ab3d-ed67a39aa762,2026-06-24T16:04:38.431710+00:00,False,False,False,False,True,True,False
statsbomb_open_data,dd5095a3-e3b9-4ba5-8a3b-df9a6c64032b,3879853,3436,12,27,Serie A,2015/2016,Italy,Regular Season,2016-05-01,236,Lazio,238,Inter Milan,Estadio Olímpico,Luca Banti,2,83,34,7776,Antonio Candreva,antonio candreva,236,Lazio,Right Wing,108.1,40.1,120.0,37.2,2.0,Goal,Right Foot,Normal,0.7835,0,7001.0,Samir Handanovič,samir handanovic,Slovenia,lineup_position_window,,,False,,high_left,1,scored,False,,,,statsbomb_open_data_dd5095a3-e3b9-4ba5-8a3b-df9a6c64032b,2026-06-24T16:04:38.431710+00:00,False,False,False,False,True,True,False
statsbomb_open_data,d516607c-3732-4b3f-a238-9ad10bb8f51b,3879858,1495,12,27,Serie A,2015/2016,Italy,Regular Season,2016-05-07,240,Bologna,243,AC Milan,Stadio Renato Dall''Ara,Daniele Doveri,1,39,37,5688,Carlos Arturo Bacca Ahumada,carlos arturo bacca ahumada,243,AC Milan,Left Center Forward,108.0,40.0,120.0,36.9,1.7,Goal,Right Foot,Normal,0.7835,0,12475.0,Angelo Esmael da Costa Júnior,angelo esmael da costa junior,Brazil,lineup_position_window,,,False,,low_left,1,scored,False,,,,statsbomb_open_data_d516607c-3732-4b3f-a238-9ad10bb8f51b,2026-06-24T16:04:38.431710+00:00,False,False,False,False,True,True,False
statsbomb_open_data,489fcd86-e903-460e-888b-77e4f976131d,3879859,468,12,27,Serie A,2015/2016,Italy,Regular Season,2016-05-08,1683,Carpi,236,Lazio,Stadio Alberto Braglia (Modena),Gianluca Rocchi,1,11,20,32608,Jerry Uche Mbakogu,jerry uche mbakogu,1683,Carpi,Center Forward,108.1,40.1,119.6,43.6,1.3,Saved,Right Foot,Normal,0.7835,0,12491.0,Federico Marchetti,federico marchetti,Italy,lineup_position_window,,,False,,low_right,0,saved,False,,,,statsbomb_open_data_489fcd86-e903-460e-888b-77e4f976131d,2026-06-24T16:04:38.431710+00:00,False,False,False,False,True,True,False
statsbomb_open_data,73a397f5-3645-4777-9349-e66206f98925,3879859,1412,12,27,Serie A,2015/2016,Italy,Regular Season,2016-05-08,1683,Carpi,236,Lazio,Stadio Alberto Braglia (Modena),Gianluca Rocchi,1,40,37,32608,Jerry Uche Mbakogu,jerry uche mbakogu,1683,Carpi,Center Forward,108.1,40.1,119.2,42.9,0.2,Saved,Right Foot,Normal,0.7835,0,12491.0,Federico Marchetti,federico marchetti,Italy,lineup_position_window,,,False,,low_right,0,saved,False,,,,statsbomb_open_data_73a397f5-3645-4777-9349-e66206f98925,2026-06-24T16:04:38.431710+00:00,False,False,False,False,True,True,False
statsbomb_open_data,4dfde44c-5516-436e-abb9-7d46e220bcf9,3879863,719,12,27,Serie A,2015/2016,Italy,Regular Season,2016-05-08,228,Atalanta,230,Udinese,New Balance Arena,Nicola Rizzoli,1,18,36,386607,Gianpaolo Bellini,gianpaolo bellini,228,Atalanta,Right Back,108.1,40.1,120.0,37.1,1.2,Goal,Right Foot,Normal,0.7835,0,3742.0,Orestis Karnezis,orestis karnezis,Greece,lineup_position_window,,,False,,low_left,1,scored,False,,,,statsbomb_open_data_4dfde44c-5516-436e-abb9-7d46e220bcf9,2026-06-24T16:04:38.431710+00:00,False,False,False,False,True,True,False
statsbomb_open_data,40fc45ea-7bb7-47a9-af44-14ed5958a609,3879864,1769,12,27,Serie A,2015/2016,Italy,Regular Season,2016-05-08,226,Hellas Verona,224,Juventus,Stadio Marc'Antonio Bentegodi,Fabio Maresca,1,42,48,20252,Luca Toni,luca toni,226,Hellas Verona,Center Forward,108.0,40.0,120.0,38.5,1.6,Goal,Right Foot,Lob,0.7835,0,6590.0,Norberto Murara Neto,norberto murara neto,Brazil,lineup_position_window,,,False,,low_left,1,scored,False,,,,statsbomb_open_data_40fc45ea-7bb7-47a9-af44-14ed5958a609,2026-06-24T16:04:38.431710+00:00,False,False,False,False,True,True,False
statsbomb_open_data,68589df4-2af0-415b-b919-d0d7737aebf3,3879864,3534,12,27,Serie A,2015/2016,Italy,Regular Season,2016-05-08,226,Hellas Verona,224,Juventus,Stadio Marc'Antonio Bentegodi,Fabio Maresca,2,93,56,5743,Paulo Bruno Exequiel Dybala,paulo bruno exequiel dybala,224,Juventus,Right Center Forward,108.0,40.0,120.0,37.4,0.7,Goal,Left Foot,Normal,0.7835,0,8274.0,Pierluigi Gollini,pierluigi gollini,Italy,lineup_position_window,,,False,,low_left,1,scored,False,,,,statsbomb_open_data_68589df4-2af0-415b-b919-d0d7737aebf3,2026-06-24T16:04:38.431710+00:00,False,False,False,False,True,True,False
statsbomb_open_data,398a8503-94b5-4b3d-b178-279f32b2b03f,3879870,603,12,27,Serie A,2015/2016,Italy,Regular Season,2016-05-14,224,Juventus,234,Sampdoria,Allianz Stadium    	,Claudio Gavillucci,1,14,31,5743,Paulo Bruno Exequiel Dybala,paulo bruno exequiel dybala,224,Juventus,Right Center Forward,108.0,40.0,120.0,36.3,0.2,Goal,Left Foot,Normal,0.7835,0,7804.0,Alberto Brignoli,alberto brignoli,Italy,lineup_position_window,,,False,,low_left,1,scored,False,,,,statsbomb_open_data_398a8503-94b5-4b3d-b178-279f32b2b03f,2026-06-24T16:04:38.431710+00:00,False,False,False,False,True,True,False
statsbomb_open_data,cfe7dc39-2322-4991-b008-abfaa168262c,3879871,1335,12,27,Serie A,2015/2016,Italy,Regular Season,2016-05-15,230,Udinese,1683,Carpi,Stadio Friuli,Paolo Silvio Mazzoleni,1,35,39,7170,Simone Verdi,simone verdi,1683,Carpi,Center Attacking Midfield,108.0,40.0,120.0,43.3,0.3,Goal,Right Foot,Normal,0.7835,0,3742.0,Orestis Karnezis,orestis karnezis,Greece,lineup_position_window,,,False,,low_right,1,scored,False,,,,statsbomb_open_data_cfe7dc39-2322-4991-b008-abfaa168262c,2026-06-24T16:04:38.431710+00:00,False,False,False,False,True,True,False
statsbomb_open_data,69999110-2594-4f56-811a-09d14863d597,3879871,2871,12,27,Serie A,2015/2016,Italy,Regular Season,2016-05-15,230,Udinese,1683,Carpi,Stadio Friuli,Paolo Silvio Mazzoleni,2,78,52,19846,Antonio Di Natale,antonio di natale,230,Udinese,Left Center Forward,108.0,40.0,120.0,36.9,0.3,Goal,Right Foot,Normal,0.7835,0,34315.0,Simone Colombi,simone colombi,Italy,lineup_position_window,,,False,,low_left,1,scored,False,,,,statsbomb_open_data_69999110-2594-4f56-811a-09d14863d597,2026-06-24T16:04:38.431710+00:00,False,False,False,False,True,True,False
statsbomb_open_data,d29722e6-958a-442e-a14d-fdcf4a1b8277,3879874,3123,12,27,Serie A,2015/2016,Italy,Regular Season,2016-05-15,236,Lazio,239,Fiorentina,Estadio Olímpico,Gianluca Manganiello,2,73,13,19286,Miroslav Klose,miroslav klose,236,Lazio,Center Forward,108.1,40.1,120.0,43.4,2.1,Goal,Right Foot,Normal,0.7835,0,30830.0,Luca Lezzerini,luca lezzerini,Italy,lineup_position_window,,,False,,high_right,1,scored,False,,,,statsbomb_open_data_d29722e6-958a-442e-a14d-fdcf4a1b8277,2026-06-24T16:04:38.431710+00:00,False,False,False,False,True,True,False
statsbomb_open_data,2c1cf319-d8fd-43f2-b916-0d99adfd65a3,3881484,1632,49,107,NWSL,2023,United States of America,Regular Season,2023-03-26,9101,San Diego Wave,761,Chicago Red Stars,Snapdragon Stadium,Elton Garcia,1,48,20,5023,Mallory Diane Swanson,mallory diane swanson,761,Chicago Red Stars,Left Attacking Midfield,108.0,40.0,120.0,36.8,1.3,Goal,Right Foot,Normal,0.7835,0,4981.0,Kailen Mary Iacovoni Sheridan,kailen mary iacovoni sheridan,Canada,lineup_position_window,,,False,,low_left,1,scored,False,,,,statsbomb_open_data_2c1cf319-d8fd-43f2-b916-0d99adfd65a3,2026-06-24T16:04:38.431710+00:00,False,False,False,False,True,True,False
statsbomb_open_data,0fbee8b6-39f2-423e-adf0-f5d1b7b5f82a,3881484,3474,49,107,NWSL,2023,United States of America,Regular Season,2023-03-26,9101,San Diego Wave,761,Chicago Red Stars,Snapdragon Stadium,Elton Garcia,2,88,48,5085,Alexandra Morgan Carrasco,alexandra morgan carrasco,9101,San Diego Wave,Center Forward,108.0,40.0,120.0,36.7,0.2,Goal,Left Foot,Normal,0.7835,0,5100.0,Alyssa Michele Naeher,alyssa michele naeher,United States of America,lineup_position_window,,,False,,low_left,1,scored,False,,,,statsbomb_open_data_0fbee8b6-39f2-423e-adf0-f5d1b7b5f82a,2026-06-24T16:04:38.431710+00:00,False,False,False,False,True,True,False
statsbomb_open_data,c3a7f7fa-45b6-46f8-b617-7657bd8ee605,3881488,1834,49,107,NWSL,2023,United States of America,Regular Season,2023-03-27,9100,Angel City,763,NJ/NY Gotham FC,BMO Stadium,Elijio Arreguin,2,54,57,5009,Margaret Purce,margaret purce,763,NJ/NY Gotham FC,Left Midfield,108.0,40.0,120.0,43.7,2.2,Goal,Right Foot,Normal,0.7835,0,21057.0,DiDi Haracic,didi haracic,Bosnia and Herzegovina,lineup_position_window,,,False,,high_right,1,scored,False,,,,statsbomb_open_data_c3a7f7fa-45b6-46f8-b617-7657bd8ee605,2026-06-24T16:04:38.431710+00:00,False,False,False,False,True,True,False
statsbomb_open_data,33f9cc66-2dd0-46de-8aa7-980275f5ba3f,3881489,543,49,107,NWSL,2023,United States of America,Regular Season,2023-04-01,5106,KC Current,765,Portland Thorns,Children''s Mercy Park,Natalie Simon,1,17,10,49172,Sophia Olivia Wilson,sophia olivia wilson,765,Portland Thorns,Center Forward,108.0,40.0,120.0,36.5,0.2,Goal,Right Foot,Normal,0.7835,0,6819.0,Adrianna Nichole Franch,adrianna nichole franch,United States of America,lineup_position_window,,,False,,low_left,1,scored,False,,,,statsbomb_open_data_33f9cc66-2dd0-46de-8aa7-980275f5ba3f,2026-06-24T16:04:38.431710+00:00,False,False,False,False,True,True,False
statsbomb_open_data,6bbe4126-328e-4872-b3f0-90d500c89ee4,3881490,1947,49,107,NWSL,2023,United States of America,Regular Season,2023-04-01,761,Chicago Red Stars,762,Houston Dash,SeatGeek Stadium,Karen Callado,2,59,28,219178,Diana Ordoñez,diana ordonez,762,Houston Dash,Center Forward,108.0,40.0,120.0,36.5,0.2,Goal,Right Foot,Normal,0.7835,0,5100.0,Alyssa Michele Naeher,alyssa michele naeher,United States of America,lineup_position_window,,,False,,low_left,1,scored,False,,,,statsbomb_open_data_6bbe4126-328e-4872-b3f0-90d500c89ee4,2026-06-24T16:04:38.431710+00:00,False,False,False,False,True,True,False
statsbomb_open_data,29d792f7-6627-4c19-80a2-dad0e0742f4e,3881493,2679,49,107,NWSL,2023,United States of America,Regular Season,2023-04-02,9101,San Diego Wave,766,North Carolina Courage,Snapdragon Stadium,JC Griggs,2,72,38,5085,Alexandra Morgan Carrasco,alexandra morgan carrasco,9101,San Diego Wave,Left Center Forward,108.1,40.1,120.0,43.6,0.5,Goal,Left Foot,Normal,0.7835,0,30557.0,Casey Murphy,casey murphy,United States of America,lineup_position_window,,,False,,low_right,1,scored,False,,,,statsbomb_open_data_29d792f7-6627-4c19-80a2-dad0e0742f4e,2026-06-24T16:04:38.431710+00:00,False,False,False,False,True,True,False
statsbomb_open_data,9c944794-06b4-4dd7-bf37-5931609eaaea,3881493,2751,49,107,NWSL,2023,United States of America,Regular Season,2023-04-02,9101,San Diego Wave,766,North Carolina Courage,Snapdragon Stadium,JC Griggs,2,76,13,105708,Kerolin Nicoli Israel Ferraz,kerolin nicoli israel ferraz,766,North Carolina Courage,Right Wing,108.0,40.0,120.0,38.5,0.5,Goal,Right Foot,Normal,0.7835,0,4981.0,Kailen Mary Iacovoni Sheridan,kailen mary iacovoni sheridan,Canada,lineup_position_window,,,False,,low_left,1,scored,False,,,,statsbomb_open_data_9c944794-06b4-4dd7-bf37-5931609eaaea,2026-06-24T16:04:38.431710+00:00,False,False,False,False,True,True,False
statsbomb_open_data,9140f3ef-ab92-40f4-9709-03d99eda3e43,3881494,1406,49,107,NWSL,2023,United States of America,Regular Season,2023-04-02,764,Orlando Pride,9100,Angel City,Inter&Co Stadium,Danielle Chesky,1,38,38,4646,Claire Emslie,claire emslie,9100,Angel City,Right Wing,108.0,40.0,120.0,43.4,0.3,Goal,Right Foot,Normal,0.7835,0,22027.0,Anne Moorhouse,anne moorhouse,England,lineup_position_window,,,False,,low_right,1,scored,False,,,,statsbomb_open_data_9140f3ef-ab92-40f4-9709-03d99eda3e43,2026-06-24T16:04:38.431710+00:00,False,False,False,False,True,True,False
statsbomb_open_data,4f74ac29-3ff8-4201-89e3-f142dc45d80e,3881494,3011,49,107,NWSL,2023,United States of America,Regular Season,2023-04-02,764,Orlando Pride,9100,Angel City,Inter&Co Stadium,Danielle Chesky,2,88,21,4646,Claire Emslie,claire emslie,9100,Angel City,Right Wing,108.1,40.1,119.4,42.8,0.4,Saved,Right Foot,Normal,0.7835,0,22027.0,Anne Moorhouse,anne moorhouse,England,lineup_position_window,,,False,,low_right,0,saved,False,,,,statsbomb_open_data_4f74ac29-3ff8-4201-89e3-f142dc45d80e,2026-06-24T16:04:38.431710+00:00,False,False,False,False,True,True,False
statsbomb_open_data,272a1405-8412-4630-9819-cc4fcfa39b15,3881496,1637,49,107,NWSL,2023,United States of America,Regular Season,2023-04-16,766,North Carolina Courage,759,Washington Spirit,WakeMed Soccer Park,Adorae Monroy,1,42,37,105708,Kerolin Nicoli Israel Ferraz,kerolin nicoli israel ferraz,766,North Carolina Courage,Right Wing,108.1,40.1,120.0,37.2,1.0,Goal,Right Foot,Normal,0.7835,0,5025.0,Aubrey Renee Kingsbury,aubrey renee kingsbury,United States of America,lineup_position_window,,,False,,low_left,1,scored,False,,,,statsbomb_open_data_272a1405-8412-4630-9819-cc4fcfa39b15,2026-06-24T16:04:38.431710+00:00,False,False,False,False,True,True,False
statsbomb_open_data,8b9886a2-bf87-42d6-8063-ee59140a7769,3881496,2021,49,107,NWSL,2023,United States of America,Regular Season,2023-04-16,766,North Carolina Courage,759,Washington Spirit,WakeMed Soccer Park,Adorae Monroy,2,49,34,4964,Ashley Hatch,ashley hatch,759,Washington Spirit,Left Center Forward,108.1,40.1,120.0,43.4,1.9,Goal,Right Foot,Normal,0.7835,0,30557.0,Casey Murphy,casey murphy,United States of America,lineup_position_window,,,False,,low_right,1,scored,False,,,,statsbomb_open_data_8b9886a2-bf87-42d6-8063-ee59140a7769,2026-06-24T16:04:38.431710+00:00,False,False,False,False,True,True,False
statsbomb_open_data,5cc6b489-e9ae-48dc-8dff-d268720bd9bf,3881497,2937,49,107,NWSL,2023,United States of America,Regular Season,2023-04-16,764,Orlando Pride,763,NJ/NY Gotham FC,Inter&Co Stadium,Elvis Osmanovic,2,94,6,5009,Margaret Purce,margaret purce,763,NJ/NY Gotham FC,Left Wing,108.1,40.1,120.0,43.6,2.4,Goal,Right Foot,Normal,0.7835,0,129512.0,Kaylie Collins,kaylie collins,United States of America,lineup_position_window,,,False,,high_right,1,scored,False,,,,statsbomb_open_data_5cc6b489-e9ae-48dc-8dff-d268720bd9bf,2026-06-24T16:04:38.431710+00:00,False,False,False,False,True,True,False
statsbomb_open_data,89bb37cf-4fe4-4740-9c14-4b61e64f4e6a,3881499,94,49,107,NWSL,2023,United States of America,Regular Season,2023-04-16,9100,Angel City,5105,Racing Louisville FC,BMO Stadium,Brad Jensen,1,2,43,218506,Savannah Marie DeMelo,savannah marie demelo,5105,Racing Louisville FC,Center Attacking Midfield,108.0,40.0,120.0,38.9,2.2,Goal,Right Foot,Normal,0.7835,0,21057.0,DiDi Haracic,didi haracic,Bosnia and Herzegovina,lineup_position_window,,,False,,high_center,1,scored,False,,,,statsbomb_open_data_89bb37cf-4fe4-4740-9c14-4b61e64f4e6a,2026-06-24T16:04:38.431710+00:00,False,False,False,False,True,True,False
statsbomb_open_data,f2088009-58b4-473f-9f1c-60a860d420ca,3881508,2450,49,107,NWSL,2023,United States of America,Regular Season,2023-04-30,5105,Racing Louisville FC,760,Seattle Reign,Lynn Family Stadium,Eric Tattersall,2,68,12,8298,Megan Anna Rapinoe,megan anna rapinoe,760,Seattle Reign,Left Wing,108.1,40.1,120.0,43.1,0.2,Goal,Right Foot,Normal,0.7835,0,42553.0,Katie Lund,katie lund,United States of America,lineup_position_window,,,False,,low_right,1,scored,False,,,,statsbomb_open_data_f2088009-58b4-473f-9f1c-60a860d420ca,2026-06-24T16:04:38.431710+00:00,False,False,False,False,True,True,False
statsbomb_open_data,3a214575-359c-458c-bf83-1e8ca0b111b6,3881509,1077,49,107,NWSL,2023,United States of America,Regular Season,2023-04-30,765,Portland Thorns,9100,Angel City,Providence Park,Elton Garcia,1,31,4,25635,Hina Sugita,hina sugita,765,Portland Thorns,Right Wing,108.1,40.1,120.0,43.4,0.3,Goal,Left Foot,Normal,0.7835,0,21057.0,DiDi Haracic,didi haracic,Bosnia and Herzegovina,lineup_position_window,,,False,,low_right,1,scored,False,,,,statsbomb_open_data_3a214575-359c-458c-bf83-1e8ca0b111b6,2026-06-24T16:04:38.431710+00:00,False,False,False,False,True,True,False
statsbomb_open_data,dbd7659e-9e9a-4baa-9101-c77aa5f88f93,3881511,1107,49,107,NWSL,2023,United States of America,Regular Season,2023-04-30,761,Chicago Red Stars,759,Washington Spirit,SeatGeek Stadium,Mathew Corrigan,1,28,8,4964,Ashley Hatch,ashley hatch,759,Washington Spirit,Left Center Forward,108.1,40.1,120.0,36.7,1.5,Goal,Right Foot,Normal,0.7835,0,5100.0,Alyssa Michele Naeher,alyssa michele naeher,United States of America,lineup_position_window,,,False,,low_left,1,scored,False,,,,statsbomb_open_data_dbd7659e-9e9a-4baa-9101-c77aa5f88f93,2026-06-24T16:04:38.431710+00:00,False,False,False,False,True,True,False
statsbomb_open_data,bff29d44-2601-4da5-8116-b0ef55911b6f,3881520,1231,49,107,NWSL,2023,United States of America,Regular Season,2023-05-13,5105,Racing Louisville FC,761,Chicago Red Stars,Lynn Family Stadium,Alyssa Nichols,1,34,27,218506,Savannah Marie DeMelo,savannah marie demelo,5105,Racing Louisville FC,Left Center Midfield,108.2,40.1,120.0,36.2,0.9,Post,Right Foot,Normal,0.7835,1,5100.0,Alyssa Michele Naeher,alyssa michele naeher,United States of America,lineup_position_window,119.0,39.2,True,,low_left,0,missed,False,,,,statsbomb_open_data_bff29d44-2601-4da5-8116-b0ef55911b6f,2026-06-24T16:04:38.431710+00:00,False,False,False,False,False,False,False
statsbomb_open_data,aad4c433-0027-4f8f-9a53-45878d0647c2,3881520,1696,49,107,NWSL,2023,United States of America,Regular Season,2023-05-13,5105,Racing Louisville FC,761,Chicago Red Stars,Lynn Family Stadium,Alyssa Nichols,1,49,34,24461,Shuang Wang,shuang wang,5105,Racing Louisville FC,Right Wing,108.1,40.1,120.0,43.6,0.2,Goal,Left Foot,Normal,0.7835,0,5100.0,Alyssa Michele Naeher,alyssa michele naeher,United States of America,lineup_position_window,,,False,,low_right,1,scored,False,,,,statsbomb_open_data_aad4c433-0027-4f8f-9a53-45878d0647c2,2026-06-24T16:04:38.431710+00:00,False,False,False,False,True,True,False
statsbomb_open_data,e00f2d85-582d-4117-bdc8-da1ab87a993e,3881522,2788,49,107,NWSL,2023,United States of America,Regular Season,2023-05-14,9100,Angel City,759,Washington Spirit,BMO Stadium,JC Griggs,2,93,47,4964,Ashley Hatch,ashley hatch,759,Washington Spirit,Left Center Forward,108.1,40.1,120.0,43.4,2.3,Goal,Right Foot,Normal,0.7835,0,21057.0,DiDi Haracic,didi haracic,Bosnia and Herzegovina,lineup_position_window,,,False,,high_right,1,scored,False,,,,statsbomb_open_data_e00f2d85-582d-4117-bdc8-da1ab87a993e,2026-06-24T16:04:38.431710+00:00,False,False,False,False,True,True,False
statsbomb_open_data,cb5a04ca-d7d4-4d47-a280-1e9cd622a5b1,3881527,703,49,107,NWSL,2023,United States of America,Regular Season,2023-05-21,764,Orlando Pride,759,Washington Spirit,Inter&Co Stadium,Thomas Snyder,1,22,19,5082,Marta Vieira da Silva Veiga,marta vieira da silva veiga,764,Orlando Pride,Right Wing,108.1,40.1,120.0,37.0,0.2,Goal,Left Foot,Normal,0.7835,0,5025.0,Aubrey Renee Kingsbury,aubrey renee kingsbury,United States of America,lineup_position_window,,,False,,low_left,1,scored,False,,,,statsbomb_open_data_cb5a04ca-d7d4-4d47-a280-1e9cd622a5b1,2026-06-24T16:04:38.431710+00:00,False,False,False,False,True,True,False
statsbomb_open_data,665d0ed8-e00d-44ae-99bc-3976cb10265b,3881537,1881,49,107,NWSL,2023,United States of America,Regular Season,2023-06-04,759,Washington Spirit,5105,Racing Louisville FC,Audi Field,Rebecca Pagan,2,50,40,218506,Savannah Marie DeMelo,savannah marie demelo,5105,Racing Louisville FC,Center Attacking Midfield,108.0,40.0,120.0,43.6,1.3,Goal,Right Foot,Normal,0.7835,0,5025.0,Aubrey Renee Kingsbury,aubrey renee kingsbury,United States of America,lineup_position_window,,,False,,low_right,1,scored,False,,,,statsbomb_open_data_665d0ed8-e00d-44ae-99bc-3976cb10265b,2026-06-24T16:04:38.431710+00:00,False,False,False,False,True,True,False
statsbomb_open_data,6b996dfd-f2eb-4342-9e7c-ba96c6b16e6e,3881545,1213,49,107,NWSL,2023,United States of America,Regular Season,2023-06-11,760,Seattle Reign,5106,KC Current,Lumen Field,Elijio Arreguin,1,35,8,5105,Sofia Huerta,sofia huerta,760,Seattle Reign,Right Back,108.0,40.0,120.0,37.0,0.3,Goal,Right Foot,Normal,0.7835,0,42259.0,Carissa Miller,carissa miller,United States of America,lineup_position_window,,,False,,low_left,1,scored,False,,,,statsbomb_open_data_6b996dfd-f2eb-4342-9e7c-ba96c6b16e6e,2026-06-24T16:04:38.431710+00:00,False,False,False,False,True,True,False
statsbomb_open_data,b7adb77f-ddd7-43f0-8eb5-1f5aabeac4e3,3881548,1810,49,107,NWSL,2023,United States of America,Regular Season,2023-06-12,762,Houston Dash,763,NJ/NY Gotham FC,Shell Energy Stadium,Alex Billeter,2,52,30,5055,Lynn Williams Biyendolo,lynn williams biyendolo,763,NJ/NY Gotham FC,Center Forward,108.1,40.1,120.0,42.5,0.2,Goal,Right Foot,Normal,0.7835,0,5056.0,Jane Campbell,jane campbell,United States of America,lineup_position_window,,,False,,low_right,1,scored,False,,,,statsbomb_open_data_b7adb77f-ddd7-43f0-8eb5-1f5aabeac4e3,2026-06-24T16:04:38.431710+00:00,False,False,False,False,True,True,False
statsbomb_open_data,77fbd906-51e0-4207-b300-d9b6487ea1d5,3881553,599,49,107,NWSL,2023,United States of America,Regular Season,2023-06-18,5106,KC Current,759,Washington Spirit,Children''s Mercy Park,Natalie Simon,1,22,47,5044,Débora Cristiane de Oliveira,debora cristiane de oliveira,5106,KC Current,Center Attacking Midfield,108.0,40.0,120.0,37.3,0.2,Goal,Right Foot,Normal,0.7835,0,5025.0,Aubrey Renee Kingsbury,aubrey renee kingsbury,United States of America,lineup_position_window,,,False,,low_left,1,scored,False,,,,statsbomb_open_data_77fbd906-51e0-4207-b300-d9b6487ea1d5,2026-06-24T16:04:38.431710+00:00,False,False,False,False,True,True,False
statsbomb_open_data,4fdc6df4-223d-40d9-a2d0-9e287f240bed,3881554,2448,49,107,NWSL,2023,United States of America,Regular Season,2023-06-19,761,Chicago Red Stars,765,Portland Thorns,SeatGeek Stadium,Anya Voigt,2,71,24,42262,Ella Stevens,ella stevens,761,Chicago Red Stars,Center Attacking Midfield,108.1,40.1,120.0,36.5,0.5,Goal,Right Foot,Normal,0.7835,0,40989.0,Annabella Madeleine Bixby,annabella madeleine bixby,United States of America,lineup_position_window,,,False,,low_left,1,scored,False,,,,statsbomb_open_data_4fdc6df4-223d-40d9-a2d0-9e287f240bed,2026-06-24T16:04:38.431710+00:00,False,False,False,False,True,True,False
statsbomb_open_data,e64f0009-4b56-4c99-a29c-7b413513ca65,3881558,2264,49,107,NWSL,2023,United States of America,Regular Season,2023-06-24,764,Orlando Pride,5106,KC Current,Inter&Co Stadium,Eric Tattersall,2,58,1,5082,Marta Vieira da Silva Veiga,marta vieira da silva veiga,764,Orlando Pride,Center Attacking Midfield,108.2,40.1,120.0,40.1,2.3,Goal,Left Foot,Normal,0.7835,0,42259.0,Carissa Miller,carissa miller,United States of America,lineup_position_window,,,False,,high_center,1,scored,False,,,,statsbomb_open_data_e64f0009-4b56-4c99-a29c-7b413513ca65,2026-06-24T16:04:38.431710+00:00,False,False,False,False,True,True,False
statsbomb_open_data,ebf3d0e0-50c6-4f25-a104-84eec606f2b5,3881561,771,49,107,NWSL,2023,United States of America,Regular Season,2023-07-01,760,Seattle Reign,5105,Racing Louisville FC,Lumen Field,Alex Billeter,1,23,19,24461,Shuang Wang,shuang wang,5105,Racing Louisville FC,Right Wing,108.0,40.0,120.0,38.0,0.3,Goal,Left Foot,Normal,0.7835,0,30955.0,Phallon Tullis-Joyce,phallon tullis-joyce,United States of America,lineup_position_window,,,False,,low_left,1,scored,False,,,,statsbomb_open_data_ebf3d0e0-50c6-4f25-a104-84eec606f2b5,2026-06-24T16:04:38.431710+00:00,False,False,False,False,True,True,False
statsbomb_open_data,bf052219-8905-4ba7-a4bf-49d3b22abe97,3881563,1311,49,107,NWSL,2023,United States of America,Regular Season,2023-07-02,765,Portland Thorns,5106,KC Current,Providence Park,Tori Penso,1,35,35,270224,Michelle Ivory Cooper,michelle ivory cooper,5106,KC Current,Right Wing,108.0,40.0,120.0,42.5,0.7,Goal,Right Foot,Normal,0.7835,0,40989.0,Annabella Madeleine Bixby,annabella madeleine bixby,United States of America,lineup_position_window,,,False,,low_right,1,scored,False,,,,statsbomb_open_data_bf052219-8905-4ba7-a4bf-49d3b22abe97,2026-06-24T16:04:38.431710+00:00,False,False,False,False,True,True,False
statsbomb_open_data,65ffe541-e410-46a5-8d2a-77d18dddfdc2,3881568,299,49,107,NWSL,2023,United States of America,Regular Season,2023-07-08,5105,Racing Louisville FC,5106,KC Current,Lynn Family Stadium,Anya Voigt,1,6,59,270224,Michelle Ivory Cooper,michelle ivory cooper,5106,KC Current,Right Wing,108.0,40.0,120.0,36.8,0.0,Goal,Right Foot,Normal,0.7835,0,42553.0,Katie Lund,katie lund,United States of America,lineup_position_window,,,False,,low_left,1,scored,False,,,,statsbomb_open_data_65ffe541-e410-46a5-8d2a-77d18dddfdc2,2026-06-24T16:04:38.431710+00:00,False,False,False,False,True,True,False
statsbomb_open_data,d14a109c-8d2d-4e41-9262-1f53a2a826a0,3881571,626,49,107,NWSL,2023,United States of America,Regular Season,2023-07-09,9101,San Diego Wave,759,Washington Spirit,Snapdragon Stadium,Adam Kilpatrick,1,22,42,4964,Ashley Hatch,ashley hatch,759,Washington Spirit,Center Forward,108.1,40.1,120.0,43.3,2.1,Goal,Right Foot,Normal,0.7835,0,33067.0,Shae Yanez,shae yanez,United States of America,lineup_position_window,,,False,,high_right,1,scored,False,,,,statsbomb_open_data_d14a109c-8d2d-4e41-9262-1f53a2a826a0,2026-06-24T16:04:38.431710+00:00,False,False,False,False,True,True,False
statsbomb_open_data,effb0d2d-09b0-4455-bcb7-8618917603e5,3881573,2689,49,107,NWSL,2023,United States of America,Regular Season,2023-08-19,5106,KC Current,760,Seattle Reign,Children''s Mercy Park,Karen Callado,2,74,27,26091,Jordyn Pamela Huitema,jordyn pamela huitema,760,Seattle Reign,Center Attacking Midfield,108.0,40.0,119.5,37.9,0.2,Saved,Right Foot,Normal,0.7835,0,6819.0,Adrianna Nichole Franch,adrianna nichole franch,United States of America,lineup_position_window,,,False,,low_left,0,saved,False,,,,statsbomb_open_data_effb0d2d-09b0-4455-bcb7-8618917603e5,2026-06-24T16:04:38.431710+00:00,False,False,False,False,True,True,False
statsbomb_open_data,62ced766-fdce-4d5a-b087-7b9facab1fdf,3881580,3198,49,107,NWSL,2023,United States of America,Regular Season,2023-08-28,759,Washington Spirit,765,Portland Thorns,Audi Field,Jeremy Scheer,2,91,26,4964,Ashley Hatch,ashley hatch,759,Washington Spirit,Center Forward,108.0,40.0,120.0,36.6,0.2,Goal,Right Foot,Normal,0.7835,0,40989.0,Annabella Madeleine Bixby,annabella madeleine bixby,United States of America,lineup_position_window,,,False,,low_left,1,scored,False,,,,statsbomb_open_data_62ced766-fdce-4d5a-b087-7b9facab1fdf,2026-06-24T16:04:38.431710+00:00,False,False,False,False,True,True,False
statsbomb_open_data,b9fc66c9-669f-4f0d-bba6-2500303610a3,3881582,2870,49,107,NWSL,2023,United States of America,Regular Season,2023-08-27,766,North Carolina Courage,761,Chicago Red Stars,WakeMed Soccer Park,Kevin Broadley,2,83,50,105708,Kerolin Nicoli Israel Ferraz,kerolin nicoli israel ferraz,766,North Carolina Courage,Left Wing,108.0,40.0,120.0,44.5,0.8,Post,Right Foot,Normal,0.7835,1,5100.0,Alyssa Michele Naeher,alyssa michele naeher,United States of America,lineup_position_window,119.2,40.2,True,,low_right,0,missed,False,,,,statsbomb_open_data_b9fc66c9-669f-4f0d-bba6-2500303610a3,2026-06-24T16:04:38.431710+00:00,False,False,False,False,False,False,False
statsbomb_open_data,065653c8-7e7f-4dad-a800-b37dce9e8bcc,3881584,2480,49,107,NWSL,2023,United States of America,Regular Season,2023-08-28,9100,Angel City,760,Seattle Reign,BMO Stadium,Brad Jensen,2,73,56,8298,Megan Anna Rapinoe,megan anna rapinoe,760,Seattle Reign,Left Wing,108.0,40.0,120.0,37.1,0.5,Goal,Right Foot,Normal,0.7835,0,21057.0,DiDi Haracic,didi haracic,Bosnia and Herzegovina,lineup_position_window,,,False,,low_left,1,scored,False,,,,statsbomb_open_data_065653c8-7e7f-4dad-a800-b37dce9e8bcc,2026-06-24T16:04:38.431710+00:00,False,False,False,False,True,True,False
statsbomb_open_data,73299961-3f4e-418a-b7a3-aa42afd19737,3881588,2523,49,107,NWSL,2023,United States of America,Regular Season,2023-09-03,766,North Carolina Courage,763,NJ/NY Gotham FC,WakeMed Soccer Park,Abdou Ndiaye,2,63,45,389497,Jenna Nighswonger,jenna nighswonger,763,NJ/NY Gotham FC,Left Midfield,108.1,40.1,120.0,36.7,0.9,Goal,Left Foot,Normal,0.7835,0,30557.0,Casey Murphy,casey murphy,United States of America,lineup_position_window,,,False,,low_left,1,scored,False,,,,statsbomb_open_data_73299961-3f4e-418a-b7a3-aa42afd19737,2026-06-24T16:04:38.431710+00:00,False,False,False,False,True,True,False
statsbomb_open_data,a29e24f3-c349-4362-9a73-552e1e6d3ebe,3881599,737,49,107,NWSL,2023,United States of America,Regular Season,2023-09-30,759,Washington Spirit,5106,KC Current,Audi Field,Eric Tattersall,1,20,31,5044,Débora Cristiane de Oliveira,debora cristiane de oliveira,5106,KC Current,Center Attacking Midfield,108.0,40.0,120.0,37.1,0.9,Goal,Right Foot,Normal,0.7835,0,5025.0,Aubrey Renee Kingsbury,aubrey renee kingsbury,United States of America,lineup_position_window,,,False,,low_left,1,scored,False,,,,statsbomb_open_data_a29e24f3-c349-4362-9a73-552e1e6d3ebe,2026-06-24T16:04:38.431710+00:00,False,False,False,False,True,True,False
statsbomb_open_data,e7a45d36-fcb7-4e57-89c8-e7fea47ad10f,3881601,2758,49,107,NWSL,2023,United States of America,Regular Season,2023-10-02,763,NJ/NY Gotham FC,762,Houston Dash,Sports Illustrated Stadium,Elijio Arreguin,2,95,52,389497,Jenna Nighswonger,jenna nighswonger,763,NJ/NY Gotham FC,Left Defensive Midfield,108.0,40.0,120.0,44.0,0.2,Post,Left Foot,Normal,0.7835,1,5056.0,Jane Campbell,jane campbell,United States of America,lineup_position_window,119.3,40.1,True,,low_right,0,missed,False,,,,statsbomb_open_data_e7a45d36-fcb7-4e57-89c8-e7fea47ad10f,2026-06-24T16:04:38.431710+00:00,False,False,False,False,False,False,False
statsbomb_open_data,8bcfc7c6-e17d-4e08-9ba5-9ff2cc5bf9d6,3881604,553,49,107,NWSL,2023,United States of America,Regular Season,2023-10-07,5105,Racing Louisville FC,764,Orlando Pride,Lynn Family Stadium,Kevin Broadley,1,16,19,5082,Marta Vieira da Silva Veiga,marta vieira da silva veiga,764,Orlando Pride,Center Attacking Midfield,107.9,40.0,120.0,42.1,0.3,Goal,Left Foot,Normal,0.7835,0,42553.0,Katie Lund,katie lund,United States of America,lineup_position_window,,,False,,low_right,1,scored,False,,,,statsbomb_open_data_8bcfc7c6-e17d-4e08-9ba5-9ff2cc5bf9d6,2026-06-24T16:04:38.431710+00:00,False,False,False,False,True,True,False
statsbomb_open_data,5ad1d42d-28fd-45c2-95ce-be3ba67dc03d,3881604,1411,49,107,NWSL,2023,United States of America,Regular Season,2023-10-07,5105,Racing Louisville FC,764,Orlando Pride,Lynn Family Stadium,Kevin Broadley,1,45,16,4650,Nadia Nadim,nadia nadim,5105,Racing Louisville FC,Center Forward,108.1,40.1,120.0,36.8,1.3,Goal,Right Foot,Normal,0.7835,0,22027.0,Anne Moorhouse,anne moorhouse,England,lineup_position_window,,,False,,low_left,1,scored,False,,,,statsbomb_open_data_5ad1d42d-28fd-45c2-95ce-be3ba67dc03d,2026-06-24T16:04:38.431710+00:00,False,False,False,False,True,True,False
statsbomb_open_data,821db4fc-26cd-464e-804c-7093c7952cf2,3881610,2871,49,107,NWSL,2023,United States of America,Regular Season,2023-10-16,764,Orlando Pride,762,Houston Dash,Inter&Co Stadium,Natalie Simon,2,86,6,5082,Marta Vieira da Silva Veiga,marta vieira da silva veiga,764,Orlando Pride,Center Attacking Midfield,108.0,40.0,120.0,38.0,0.9,Goal,Left Foot,Normal,0.7835,0,5056.0,Jane Campbell,jane campbell,United States of America,lineup_position_window,,,False,,low_left,1,scored,False,,,,statsbomb_open_data_821db4fc-26cd-464e-804c-7093c7952cf2,2026-06-24T16:04:38.431710+00:00,False,False,False,False,True,True,False
statsbomb_open_data,91df1f90-2374-421e-9c15-a60b4feb38ac,3887188,2210,35,75,UEFA Europa League,1988/1989,Europe,Final,1989-05-03,227,Napoli,174,VfB Stuttgart,Stadio Diego Armando Maradona,Gerasimos Germanakos,2,68,16,38641,Diego Armando Maradona,diego armando maradona,227,Napoli,Center Attacking Midfield,108.1,40.1,120.0,37.4,0.9,Goal,Left Foot,Normal,0.7835,0,398823.0,Eike Immel,eike immel,Germany,lineup_position_window,,,False,,low_left,1,scored,False,,,,statsbomb_open_data_91df1f90-2374-421e-9c15-a60b4feb38ac,2026-06-24T16:04:38.431710+00:00,False,False,False,False,True,True,False
statsbomb_open_data,d30978d2-c329-4b8b-a528-b224a3426a63,3888720,56,43,51,FIFA World Cup,1974,International,Final,1974-07-07,941,Netherlands,770,Germany,Olympiastadion München ,Jack Taylor,1,1,28,39721,Johan Neeskens,johan neeskens,941,Netherlands,Right Center Midfield,108.0,40.0,120.0,40.4,0.9,Goal,Right Foot,Normal,0.7835,0,38616.0,Sepp Maier,sepp maier,Germany,lineup_position_window,,,False,,low_center,1,scored,False,,,,statsbomb_open_data_d30978d2-c329-4b8b-a528-b224a3426a63,2026-06-24T16:04:38.431710+00:00,False,False,False,False,True,True,False
statsbomb_open_data,84cfc0ae-f86d-42e5-be94-30155ead45f1,3888720,917,43,51,FIFA World Cup,1974,International,Final,1974-07-07,941,Netherlands,770,Germany,Olympiastadion München ,Jack Taylor,1,25,33,38610,Paul Breitner,paul breitner,770,Germany,Left Back,108.1,40.1,120.0,36.9,0.2,Goal,Right Foot,Normal,0.7835,0,397802.0,Jan Jongbloed,jan jongbloed,Netherlands,lineup_position_window,,,False,,low_left,1,scored,False,,,,statsbomb_open_data_84cfc0ae-f86d-42e5-be94-30155ead45f1,2026-06-24T16:04:38.431710+00:00,False,False,False,False,True,True,False
statsbomb_open_data,0c7ee1a0-8747-4668-bec0-0bcefb591f41,3888754,322,87,279,Copa del Rey,1977/1978,Spain,Final,1978-04-19,217,Barcelona,208,Las Palmas,Bernabéu,Ángel Franco Martínez,1,8,53,397775,Carles Rexach i Cerdà,carles rexach i cerda,217,Barcelona,Left Defensive Midfield,108.1,40.1,120.0,43.2,0.2,Goal,Right Foot,Normal,0.7835,0,397833.0,Daniel Alberto Carnevali,daniel alberto carnevali,Argentina,lineup_position_window,,,False,,low_right,1,scored,False,,,,statsbomb_open_data_0c7ee1a0-8747-4668-bec0-0bcefb591f41,2026-06-24T16:04:38.431710+00:00,False,False,False,False,True,True,False
statsbomb_open_data,ad2e9224-dd0e-4b78-abac-389b9d0aa832,3888787,2801,1470,274,FIFA U20 World Cup,1979,International,Final,1979-09-07,9763,Argentina U20,17403,Soviet Union U20,Japan National Stadium (Tōkyō (Tokyo)),José Roberto Ramiz Wright,2,72,7,397991,Hugo Alvez,hugo alvez,9763,Argentina U20,Left Back,108.1,40.1,120.0,39.9,0.3,Goal,Right Foot,Normal,0.7835,0,397972.0,Viktor Chanov,viktor chanov,Ukraine,lineup_position_window,,,False,,low_center,1,scored,False,,,,statsbomb_open_data_ad2e9224-dd0e-4b78-abac-389b9d0aa832,2026-06-24T16:04:38.431710+00:00,False,False,False,False,True,True,False
statsbomb_open_data,67a96786-84a1-46fc-865f-1210fcd8ce5b,3890278,2226,9,27,1. Bundesliga,2015/2016,Germany,Regular Season,2015-08-29,169,Bayern Munich,904,Bayer Leverkusen,Allianz Arena,Florian Meyer,2,59,31,5562,Thomas Müller,thomas muller,169,Bayern Munich,Center Attacking Midfield,108.0,40.0,120.0,40.3,0.5,Goal,Right Foot,Normal,0.7835,0,15581.0,Bernd Leno,bernd leno,Germany,lineup_position_window,,,False,,low_center,1,scored,False,,,,statsbomb_open_data_67a96786-84a1-46fc-865f-1210fcd8ce5b,2026-06-24T16:04:38.431710+00:00,False,False,False,False,True,True,False
statsbomb_open_data,dad741d2-1419-4afc-ae70-b552213e8a22,3890278,2608,9,27,1. Bundesliga,2015/2016,Germany,Regular Season,2015-08-29,169,Bayern Munich,904,Bayer Leverkusen,Allianz Arena,Florian Meyer,2,70,8,8218,Arjen Robben,arjen robben,169,Bayern Munich,Right Wing Back,108.0,40.0,120.0,36.7,0.8,Goal,Left Foot,Normal,0.7835,0,15581.0,Bernd Leno,bernd leno,Germany,lineup_position_window,,,False,,low_left,1,scored,False,,,,statsbomb_open_data_dad741d2-1419-4afc-ae70-b552213e8a22,2026-06-24T16:04:38.431710+00:00,False,False,False,False,True,True,False
statsbomb_open_data,010ed046-72fb-46be-964c-f12ab68d4b19,3890301,3076,9,27,1. Bundesliga,2015/2016,Germany,Regular Season,2015-09-20,180,Borussia Dortmund,904,Bayer Leverkusen,Signal-Iduna-Park,Deniz Aytekin,2,73,13,3712,Pierre-Emerick Aubameyang,pierre-emerick aubameyang,180,Borussia Dortmund,Right Wing,108.1,40.1,120.0,36.8,1.7,Goal,Right Foot,Normal,0.7835,0,15581.0,Bernd Leno,bernd leno,Germany,lineup_position_window,,,False,,low_left,1,scored,False,,,,statsbomb_open_data_010ed046-72fb-46be-964c-f12ab68d4b19,2026-06-24T16:04:38.431710+00:00,False,False,False,False,True,True,False
statsbomb_open_data,284276d4-8cd5-426d-b41f-d0a7751eb438,3890330,2786,9,27,1. Bundesliga,2015/2016,Germany,Regular Season,2015-10-04,904,Bayer Leverkusen,172,Augsburg,BayArena,Tobias Stieler,2,70,30,7039,Hakan Çalhanoğlu,hakan calhanoglu,904,Bayer Leverkusen,Left Midfield,108.1,40.1,120.0,40.1,4.1,Off T,Right Foot,Normal,0.7835,1,8314.0,Marwin Hitz,marwin hitz,Switzerland,lineup_position_window,119.0,40.2,True,,high_center,0,missed,False,,,,statsbomb_open_data_284276d4-8cd5-426d-b41f-d0a7751eb438,2026-06-24T16:04:38.431710+00:00,False,False,False,False,False,False,False
statsbomb_open_data,dcf1954b-dd68-4f5c-9393-0e3b77934d30,3890427,2230,9,27,1. Bundesliga,2015/2016,Germany,Regular Season,2016-01-30,904,Bayer Leverkusen,178,Hannover 96,BayArena,Tobias Welz,2,62,6,3058,Javier Hernández Balcázar,javier hernandez balcazar,904,Bayer Leverkusen,Right Center Forward,108.1,40.1,120.0,43.4,0.9,Goal,Right Foot,Normal,0.7835,0,8947.0,Ron-Robert Zieler,ron-robert zieler,Germany,lineup_position_window,,,False,,low_right,1,scored,False,,,,statsbomb_open_data_dcf1954b-dd68-4f5c-9393-0e3b77934d30,2026-06-24T16:04:38.431710+00:00,False,False,False,False,True,True,False
statsbomb_open_data,673946c8-41c3-482f-b0ad-68f8ece647a7,3890463,2264,9,27,1. Bundesliga,2015/2016,Germany,Regular Season,2016-02-28,177,FSV Mainz 05,904,Bayer Leverkusen,Mewa Arena,Deniz Aytekin,2,57,55,8679,Yunus Mallı,yunus malli,177,FSV Mainz 05,Center Attacking Midfield,108.0,40.0,120.0,36.5,1.4,Goal,Right Foot,Normal,0.7835,0,15581.0,Bernd Leno,bernd leno,Germany,lineup_position_window,,,False,,low_left,1,scored,False,,,,statsbomb_open_data_673946c8-41c3-482f-b0ad-68f8ece647a7,2026-06-24T16:04:38.431710+00:00,False,False,False,False,True,True,False
statsbomb_open_data,5d6831ee-5bef-4925-8cc3-5d6837579d65,3890472,2398,9,27,1. Bundesliga,2015/2016,Germany,Regular Season,2016-03-02,904,Bayer Leverkusen,176,Werder Bremen,BayArena,Marco Fritz,2,64,34,11132,Claudio Miguel Pizarro Bossio,claudio miguel pizarro bossio,176,Werder Bremen,Center Forward,108.0,40.0,120.0,43.6,0.0,Goal,Right Foot,Normal,0.7835,0,15581.0,Bernd Leno,bernd leno,Germany,lineup_position_window,,,False,,low_right,1,scored,False,,,,statsbomb_open_data_5d6831ee-5bef-4925-8cc3-5d6837579d65,2026-06-24T16:04:38.431710+00:00,False,False,False,False,True,True,False
statsbomb_open_data,240c6f5e-b05a-46cf-9589-1ae621ae0cec,3890477,3799,9,27,1. Bundesliga,2015/2016,Germany,Regular Season,2016-03-05,172,Augsburg,904,Bayer Leverkusen,WWK Arena,Markus Schmidt,2,92,13,7039,Hakan Çalhanoğlu,hakan calhanoglu,904,Bayer Leverkusen,Left Defensive Midfield,108.0,40.0,120.0,42.8,0.3,Goal,Right Foot,Normal,0.7835,0,8314.0,Marwin Hitz,marwin hitz,Switzerland,lineup_position_window,,,False,,low_right,1,scored,False,,,,statsbomb_open_data_240c6f5e-b05a-46cf-9589-1ae621ae0cec,2026-06-24T16:04:38.431710+00:00,False,False,False,False,True,True,False
statsbomb_open_data,3b4fc0ea-f212-4237-8679-aed2bf6b9888,3890534,184,9,27,1. Bundesliga,2015/2016,Germany,Regular Season,2016-04-23,181,Schalke 04,904,Bayer Leverkusen,VELTINS-Arena,Wolfgang Stark,1,4,52,8060,Klaas-Jan Huntelaar,klaas-jan huntelaar,181,Schalke 04,Center Forward,108.1,40.1,118.8,37.9,1.5,Saved,Right Foot,Normal,0.7835,0,15581.0,Bernd Leno,bernd leno,Germany,lineup_position_window,,,False,,low_left,0,saved,False,,,,statsbomb_open_data_3b4fc0ea-f212-4237-8679-aed2bf6b9888,2026-06-24T16:04:38.431710+00:00,False,False,False,False,True,True,False
statsbomb_open_data,b10c8d8b-6ede-447d-b117-74ecdb160788,3890563,2231,9,27,1. Bundesliga,2015/2016,Germany,Regular Season,2016-05-14,904,Bayer Leverkusen,189,Ingolstadt,BayArena,Guido Winkmann,2,68,31,40464,Moritz Hartmann,moritz hartmann,189,Ingolstadt,Right Wing,108.0,40.0,120.0,36.9,0.5,Goal,Right Foot,Normal,0.7835,0,400627.0,Dario Kresic,dario kresic,Croatia,lineup_fallback_first_gk,,,False,,low_left,1,scored,False,,,,statsbomb_open_data_b10c8d8b-6ede-447d-b117-74ecdb160788,2026-06-24T16:04:38.431710+00:00,False,False,False,False,True,True,False
statsbomb_open_data,6d490251-4ab8-4455-a953-021485e72e5b,3893787,2897,72,107,Women's World Cup,2023,International,Group Stage,2023-07-20,1215,New Zealand Women's,852,Norway Women's,Eden Park,Yoshimi Yamashita,2,89,35,18145,Ria Percival,ria percival,1215,New Zealand Women's,Right Defensive Midfield,108.1,40.1,120.0,43.2,2.8,Post,Right Foot,Normal,0.7835,1,36800.0,Aurora Watten Mikalsen,aurora watten mikalsen,Norway,lineup_position_window,119.7,40.8,True,,high_right,0,missed,False,,,,statsbomb_open_data_6d490251-4ab8-4455-a953-021485e72e5b,2026-06-24T16:04:38.431710+00:00,False,False,False,False,False,False,False
statsbomb_open_data,a6dcb2b0-6e21-4f3d-8f8d-a4e96fe67e0f,3893788,1938,72,107,Women's World Cup,2023,International,Group Stage,2023-07-20,1205,Australia Women's,16768,Republic of Ireland Women's,Accor Stadium,Edina Alves Batista,2,51,33,5000,Stephanie-Elise Catley,stephanie-elise catley,1205,Australia Women's,Left Back,108.1,40.1,120.0,37.0,1.8,Goal,Left Foot,Normal,0.7835,0,31555.0,Courtney Brosnan,courtney brosnan,Ireland,lineup_position_window,,,False,,low_left,1,scored,False,,,,statsbomb_open_data_a6dcb2b0-6e21-4f3d-8f8d-a4e96fe67e0f,2026-06-24T16:04:38.431710+00:00,False,False,False,False,True,True,False
statsbomb_open_data,35645278-beb7-4033-a91b-5fecc215dbc8,3893789,1728,72,107,Women's World Cup,2023,International,Group Stage,2023-07-21,1106,Philippines Women's,860,Switzerland Women's,Forsyth Barr,Vincentia Enyonam Amedome,1,44,54,4659,Ramona Bachmann,ramona bachmann,860,Switzerland Women's,Left Wing,108.1,40.1,120.0,36.9,1.0,Goal,Right Foot,Normal,0.7835,0,401735.0,Olivia Alexandra Davies Isip McDaniel,olivia alexandra davies isip mcdaniel,Philippines,lineup_position_window,,,False,,low_left,1,scored,False,,,,statsbomb_open_data_35645278-beb7-4033-a91b-5fecc215dbc8,2026-06-24T16:04:38.431710+00:00,False,False,False,False,True,True,False
statsbomb_open_data,4b50bf42-43e8-4ab3-bec7-ecd7e837f013,3893790,1594,72,107,Women's World Cup,2023,International,Group Stage,2023-07-21,1213,Nigeria Women's,1206,Canada Women's,AAMI Park,Lina Lehtovaara,2,49,47,5020,Christine Margaret Sinclair,christine margaret sinclair,1206,Canada Women's,Center Attacking Midfield,108.0,40.0,119.5,43.1,0.2,Saved,Right Foot,Normal,0.7835,0,25718.0,Chiamaka Cynthia Nnadozie,chiamaka cynthia nnadozie,Nigeria,lineup_position_window,,,False,,low_right,0,saved,False,,,,statsbomb_open_data_4b50bf42-43e8-4ab3-bec7-ecd7e837f013,2026-06-24T16:04:38.431710+00:00,False,False,False,False,True,True,False
statsbomb_open_data,39d31cb5-3165-456c-a1b6-cc06cd7588b0,3893791,1211,72,107,Women's World Cup,2023,International,Group Stage,2023-07-21,863,Spain Women's,1832,Costa Rica Women's,Wellington Regional Stadium,Casey Reibelt,1,33,56,10151,Jennifer Hermoso Fuentes,jennifer hermoso fuentes,863,Spain Women's,Left Center Midfield,108.1,40.1,119.4,38.1,1.6,Saved,Left Foot,Normal,0.7835,0,401802.0,Daniela Solera Vega,daniela solera vega,Costa Rica,lineup_position_window,,,False,,low_left,0,saved,False,,,,statsbomb_open_data_39d31cb5-3165-456c-a1b6-cc06cd7588b0,2026-06-24T16:04:38.431710+00:00,False,False,False,False,True,True,False
statsbomb_open_data,6b36395e-58f5-45eb-a54a-9da643414feb,3893792,1205,72,107,Women's World Cup,2023,International,Group Stage,2023-07-22,1214,United States Women's,16769,Vietnam Women's,Eden Park,Bouchra Karboubi,1,43,23,5085,Alexandra Morgan Carrasco,alexandra morgan carrasco,1214,United States Women's,Center Forward,107.8,40.0,119.1,38.0,0.3,Saved,Left Foot,Normal,0.7835,0,401880.0,Kim Thanh Trần Thị,kim thanh tran thi,Vietnam,lineup_position_window,,,False,,low_left,0,saved,False,,,,statsbomb_open_data_6b36395e-58f5-45eb-a54a-9da643414feb,2026-06-24T16:04:38.431710+00:00,False,False,False,False,True,True,False
statsbomb_open_data,33b5de03-0e38-4551-9f0f-376b47b7de6a,3893793,3974,72,107,Women's World Cup,2023,International,Group Stage,2023-07-22,6045,Zambia W,1210,Japan Women's,FMG Stadium Waikato,Tess Olofsson,2,100,23,401930,Riko Ueki,riko ueki,1210,Japan Women's,Left Wing,108.1,40.1,120.0,42.5,0.6,Goal,Right Foot,Normal,0.7835,0,131629.0,Catherine Musonda,catherine musonda,Zambia,lineup_fallback_first_gk,,,False,,low_right,1,scored,False,,,,statsbomb_open_data_33b5de03-0e38-4551-9f0f-376b47b7de6a,2026-06-24T16:04:38.431710+00:00,False,False,False,False,True,True,False
statsbomb_open_data,e6060d13-eadf-4d5c-9cc6-d68102298165,3893794,757,72,107,Women's World Cup,2023,International,Group Stage,2023-07-22,865,England Women's,2355,Haiti Women's,Victoria Park,Emikar Caldera Barrera,1,28,36,4643,Georgia Stanway,georgia stanway,865,England Women's,Right Center Midfield,108.0,40.0,120.0,38.0,0.7,Goal,Right Foot,Normal,0.7835,0,402008.0,Kerly Théus,kerly theus,Haiti,lineup_position_window,,,False,,low_left,1,scored,False,,,,statsbomb_open_data_e6060d13-eadf-4d5c-9cc6-d68102298165,2026-06-24T16:04:38.431710+00:00,False,False,False,False,True,True,False
statsbomb_open_data,9f0a3eb9-6133-4734-bab5-89f743c563ff,3893802,773,72,107,Women's World Cup,2023,International,Group Stage,2023-07-25,16802,Colombia Women's,1211,Korea Republic Women's,Allianz Stadium (Sydney),Rebecca Welch,1,29,26,403278,María Catalina Usme Pineda,maria catalina usme pineda,16802,Colombia Women's,Center Attacking Midfield,108.1,40.1,120.0,37.1,0.2,Goal,Left Foot,Normal,0.7835,0,389771.0,Young-Geul Yoon,young-geul yoon,Korea (South),lineup_position_window,,,False,,low_left,1,scored,False,,,,statsbomb_open_data_9f0a3eb9-6133-4734-bab5-89f743c563ff,2026-06-24T16:04:38.431710+00:00,False,False,False,False,True,True,False
statsbomb_open_data,0b1acf74-4309-472d-ab04-dbf6c5a91d8b,3893813,2496,72,107,Women's World Cup,2023,International,Group Stage,2023-07-28,1207,China PR Women's,2355,Haiti Women's,Coopers Stadium,Marta Huerta de Aza,2,73,33,24461,Shuang Wang,shuang wang,1207,China PR Women's,Left Midfield,108.1,40.1,120.0,36.9,0.0,Goal,Left Foot,Normal,0.7835,0,402008.0,Kerly Théus,kerly theus,Haiti,lineup_position_window,,,False,,low_left,1,scored,False,,,,statsbomb_open_data_0b1acf74-4309-472d-ab04-dbf6c5a91d8b,2026-06-24T16:04:38.431710+00:00,False,False,False,False,True,True,False
statsbomb_open_data,435491ee-e0bc-4137-b294-f8ce2ea6e6a1,3893818,3326,72,107,Women's World Cup,2023,International,Group Stage,2023-07-30,857,Germany Women's,16802,Colombia Women's,Allianz Stadium (Sydney),Melissa Paola Borjas Pastrana,2,88,44,15178,Alexandra Popp,alexandra popp,857,Germany Women's,Center Attacking Midfield,108.0,40.0,120.0,40.2,0.2,Goal,Left Foot,Normal,0.7835,0,46344.0,Catalina Pérez Jaramillo,catalina perez jaramillo,Colombia,lineup_position_window,,,False,,low_center,1,scored,False,,,,statsbomb_open_data_435491ee-e0bc-4137-b294-f8ce2ea6e6a1,2026-06-24T16:04:38.431710+00:00,False,False,False,False,True,True,False
statsbomb_open_data,846510ce-4402-4a34-b06e-3133d4448d73,3893820,1914,72,107,Women's World Cup,2023,International,Group Stage,2023-07-30,852,Norway Women's,1106,Philippines Women's,Eden Park,Marie-Soleil Beaudoin,2,52,9,10514,Guro Reiten,guro reiten,852,Norway Women's,Left Center Midfield,108.1,40.1,120.0,37.1,0.2,Goal,Left Foot,Normal,0.7835,0,401735.0,Olivia Alexandra Davies Isip McDaniel,olivia alexandra davies isip mcdaniel,Philippines,lineup_position_window,,,False,,low_left,1,scored,False,,,,statsbomb_open_data_846510ce-4402-4a34-b06e-3133d4448d73,2026-06-24T16:04:38.431710+00:00,False,False,False,False,True,True,False
statsbomb_open_data,22a6fc06-2dfe-4bdb-83d5-5c6e150d1297,3893821,3285,72,107,Women's World Cup,2023,International,Group Stage,2023-07-31,1206,Canada Women's,1205,Australia Women's,AAMI Park,Stéphanie Frappart,2,93,30,5000,Stephanie-Elise Catley,stephanie-elise catley,1205,Australia Women's,Left Wing Back,108.0,40.0,120.0,37.3,1.4,Goal,Left Foot,Normal,0.7835,0,4981.0,Kailen Mary Iacovoni Sheridan,kailen mary iacovoni sheridan,Canada,lineup_position_window,,,False,,low_left,1,scored,False,,,,statsbomb_open_data_22a6fc06-2dfe-4bdb-83d5-5c6e150d1297,2026-06-24T16:04:38.431710+00:00,False,False,False,False,True,True,False
statsbomb_open_data,bfb5d5f1-f1c2-41ef-bcb8-9232f03c9ee9,3893823,1041,72,107,Women's World Cup,2023,International,Group Stage,2023-07-31,1832,Costa Rica Women's,6045,Zambia W,FMG Stadium Waikato,Bouchra Karboubi,1,30,37,131619,Barbra Banda,barbra banda,6045,Zambia W,Center Forward,108.1,40.1,120.0,37.4,0.2,Goal,Right Foot,Normal,0.7835,0,401802.0,Daniela Solera Vega,daniela solera vega,Costa Rica,lineup_position_window,,,False,,low_left,1,scored,False,,,,statsbomb_open_data_bfb5d5f1-f1c2-41ef-bcb8-9232f03c9ee9,2026-06-24T16:04:38.431710+00:00,False,False,False,False,True,True,False
statsbomb_open_data,7302eddf-2839-4f69-aeff-2a3807c61e4a,3893825,788,72,107,Women's World Cup,2023,International,Group Stage,2023-08-01,2355,Haiti Women's,853,Denmark Women's,HBF Park,Hyeon-Jeong Oh,1,21,1,10108,Pernille Mosegaard Harder,pernille mosegaard harder,853,Denmark Women's,Center Attacking Midfield,108.1,40.1,120.0,37.4,0.0,Goal,Right Foot,Normal,0.7835,0,402008.0,Kerly Théus,kerly theus,Haiti,lineup_position_window,,,False,,low_left,1,scored,False,,,,statsbomb_open_data_7302eddf-2839-4f69-aeff-2a3807c61e4a,2026-06-24T16:04:38.431710+00:00,False,False,False,False,True,True,False
statsbomb_open_data,c86d39e8-72de-424d-85bf-b0117123c8ee,3893828,2407,72,107,Women's World Cup,2023,International,Group Stage,2023-08-01,1207,China PR Women's,865,England Women's,Coopers Stadium,Casey Reibelt,2,56,53,24461,Shuang Wang,shuang wang,1207,China PR Women's,Left Center Forward,108.1,40.1,120.0,39.9,0.3,Goal,Left Foot,Normal,0.7835,0,31538.0,Mary Alexandra Earps,mary alexandra earps,England,lineup_position_window,,,False,,low_center,1,scored,False,,,,statsbomb_open_data_c86d39e8-72de-424d-85bf-b0117123c8ee,2026-06-24T16:04:38.431710+00:00,False,False,False,False,True,True,False
statsbomb_open_data,0868f6f6-0255-48c4-b3ef-ae06fdc94a09,3893829,1052,72,107,Women's World Cup,2023,International,Group Stage,2023-08-02,16803,Panama Women's,861,France Women's,Allianz Stadium (Sydney),Laura Fortunato,1,36,45,10137,Kadidiatou Diani,kadidiatou diani,861,France Women's,Center Forward,108.1,40.1,120.0,36.7,0.2,Goal,Right Foot,Normal,0.7835,0,402781.0,Yenith Elizabett Bailey de la Cruz,yenith elizabett bailey de la cruz,Panama,lineup_position_window,,,False,,low_left,1,scored,False,,,,statsbomb_open_data_0868f6f6-0255-48c4-b3ef-ae06fdc94a09,2026-06-24T16:04:38.431710+00:00,False,False,False,False,True,True,False
statsbomb_open_data,123720cd-06cb-4d01-919b-db6d1e19171c,3893829,1728,72,107,Women's World Cup,2023,International,Group Stage,2023-08-02,16803,Panama Women's,861,France Women's,Allianz Stadium (Sydney),Laura Fortunato,2,51,13,10137,Kadidiatou Diani,kadidiatou diani,861,France Women's,Center Forward,108.0,40.0,120.0,36.3,0.2,Goal,Right Foot,Normal,0.7835,0,402781.0,Yenith Elizabett Bailey de la Cruz,yenith elizabett bailey de la cruz,Panama,lineup_position_window,,,False,,low_left,1,scored,False,,,,statsbomb_open_data_123720cd-06cb-4d01-919b-db6d1e19171c,2026-06-24T16:04:38.431710+00:00,False,False,False,False,True,True,False
statsbomb_open_data,43d9bce7-5118-4af1-824e-dbf1e9d4af90,3893829,2107,72,107,Women's World Cup,2023,International,Group Stage,2023-08-02,16803,Panama Women's,861,France Women's,Allianz Stadium (Sydney),Laura Fortunato,2,63,49,402786,Yomira Tibisay Pinzón Ríos,yomira tibisay pinzon rios,16803,Panama Women's,Left Center Back,108.1,40.1,120.0,36.7,0.9,Goal,Right Foot,Normal,0.7835,0,15615.0,Pauline Peyraud Magnin,pauline peyraud magnin,France,lineup_position_window,,,False,,low_left,1,scored,False,,,,statsbomb_open_data_43d9bce7-5118-4af1-824e-dbf1e9d4af90,2026-06-24T16:04:38.431710+00:00,False,False,False,False,True,True,False
statsbomb_open_data,e5cdd664-8db3-4139-8601-51fdd4f059a0,3893830,2959,72,107,Women's World Cup,2023,International,Group Stage,2023-08-02,1204,Argentina Women's,858,Sweden Women's,FMG Stadium Waikato,Salima Mukansanga,2,89,54,10221,Elin Ingrid Johanna Rubensson,elin ingrid johanna rubensson,858,Sweden Women's,Left Defensive Midfield,108.0,40.0,120.0,36.7,1.1,Goal,Right Foot,Normal,0.7835,0,25611.0,Vanina Noemí Correa,vanina noemi correa,Argentina,lineup_position_window,,,False,,low_left,1,scored,False,,,,statsbomb_open_data_e5cdd664-8db3-4139-8601-51fdd4f059a0,2026-06-24T16:04:38.431710+00:00,False,False,False,False,True,True,False
statsbomb_open_data,81b19e73-5711-4ad9-aca2-b847c2fafe83,3893831,438,72,107,Women's World Cup,2023,International,Group Stage,2023-08-02,1216,South Africa Women's,855,Italy Women's,Wellington Regional Stadium,María Belén Carvajal Peña,1,10,54,32162,Arianna Caruso,arianna caruso,855,Italy Women's,Right Defensive Midfield,108.1,40.1,120.0,37.2,0.2,Goal,Right Foot,Normal,0.7835,0,25746.0,Kaylin Swart,kaylin swart,South Africa,lineup_position_window,,,False,,low_left,1,scored,False,,,,statsbomb_open_data_81b19e73-5711-4ad9-aca2-b847c2fafe83,2026-06-24T16:04:38.431710+00:00,False,False,False,False,True,True,False
statsbomb_open_data,56fcfa0d-3fc8-4458-832f-33bb66b8ed3b,3893834,1693,72,107,Women's World Cup,2023,International,Group Stage,2023-08-03,2391,Morocco Women's,16802,Colombia Women's,HBF Park,Maria Sole Ferrieri Caputi,1,48,36,402663,Ghizlane Chebbak,ghizlane chebbak,2391,Morocco Women's,Left Defensive Midfield,108.1,40.1,119.4,43.2,0.9,Saved,Right Foot,Normal,0.7835,0,46344.0,Catalina Pérez Jaramillo,catalina perez jaramillo,Colombia,lineup_position_window,,,False,,low_right,0,saved,False,,,,statsbomb_open_data_56fcfa0d-3fc8-4458-832f-33bb66b8ed3b,2026-06-24T16:04:38.431710+00:00,False,False,False,False,True,True,False
statsbomb_open_data,3f2ab42d-6012-4d8d-be29-bf09dd10ef74,3895074,4236,9,281,1. Bundesliga,2023/2024,Germany,Regular Season,2023-09-15,169,Bayern Munich,904,Bayer Leverkusen,Allianz Arena,Daniel Schlager,2,93,46,28268,Exequiel Alejandro Palacios,exequiel alejandro palacios,904,Bayer Leverkusen,Right Defensive Midfield,108.1,40.1,120.0,36.9,1.4,Goal,Right Foot,Normal,0.7835,0,8208.0,Sven Ulreich,sven ulreich,Germany,lineup_position_window,,,False,,low_left,1,scored,False,,,,statsbomb_open_data_3f2ab42d-6012-4d8d-be29-bf09dd10ef74,2026-06-24T16:04:38.431710+00:00,False,False,False,False,True,True,False
statsbomb_open_data,d6ce0839-87f8-48c0-9121-87e2d1032310,3895086,3312,9,281,1. Bundesliga,2023/2024,Germany,Regular Season,2023-09-24,904,Bayer Leverkusen,201,FC Heidenheim,BayArena,Christian Dingert,2,73,58,32289,Victor Okoh Boniface,victor okoh boniface,904,Bayer Leverkusen,Center Forward,108.1,40.1,120.0,40.7,0.8,Goal,Right Foot,Normal,0.7835,0,9205.0,Kevin Müller,kevin muller,Germany,lineup_position_window,,,False,,low_center,1,scored,False,,,,statsbomb_open_data_d6ce0839-87f8-48c0-9121-87e2d1032310,2026-06-24T16:04:38.431710+00:00,False,False,False,False,True,True,False
statsbomb_open_data,a80e47de-35cc-47a4-8ad3-767836b010c6,3895182,988,9,281,1. Bundesliga,2023/2024,Germany,Regular Season,2023-12-20,904,Bayer Leverkusen,868,Bochum,BayArena,Daniel Schlager,1,29,33,7044,Patrik Schick,patrik schick,904,Bayer Leverkusen,Center Forward,108.0,40.0,120.0,37.2,0.2,Goal,Left Foot,Normal,0.7835,0,9095.0,Manuel Riemann,manuel riemann,Germany,lineup_position_window,,,False,,low_left,1,scored,False,,,,statsbomb_open_data_a80e47de-35cc-47a4-8ad3-767836b010c6,2026-06-24T16:04:38.431710+00:00,False,False,False,False,True,True,False
statsbomb_open_data,f5dea30a-5df6-4639-94dd-8319d9c8b256,3895292,1888,9,281,1. Bundesliga,2023/2024,Germany,Regular Season,2024-04-06,190,Union Berlin,904,Bayer Leverkusen,Stadion An der Alten Försterei,Benjamin Brand,1,52,15,40724,Florian Wirtz,florian wirtz,904,Bayer Leverkusen,Right Attacking Midfield,108.0,40.0,120.0,37.5,1.6,Goal,Right Foot,Normal,0.7835,0,12420.0,Frederik Rønnow,frederik ronnow,Denmark,lineup_position_window,,,False,,low_left,1,scored,False,,,,statsbomb_open_data_f5dea30a-5df6-4639-94dd-8319d9c8b256,2026-06-24T16:04:38.431710+00:00,False,False,False,False,True,True,False
statsbomb_open_data,cf7357c9-3bd6-425f-ac34-ef7f11897394,3895302,1193,9,281,1. Bundesliga,2023/2024,Germany,Regular Season,2024-04-14,904,Bayer Leverkusen,176,Werder Bremen,BayArena,Harm Osmers,1,24,27,32289,Victor Okoh Boniface,victor okoh boniface,904,Bayer Leverkusen,Center Forward,108.0,40.0,120.0,42.9,1.0,Goal,Right Foot,Normal,0.7835,0,23198.0,Michael Zetterer,michael zetterer,Germany,lineup_position_window,,,False,,low_right,1,scored,False,,,,statsbomb_open_data_cf7357c9-3bd6-425f-ac34-ef7f11897394,2026-06-24T16:04:38.431710+00:00,False,False,False,False,True,True,False
statsbomb_open_data,82853bfd-ad2a-4d3a-9111-d26c50747d18,3895333,2266,9,281,1. Bundesliga,2023/2024,Germany,Regular Season,2024-05-05,184,Eintracht Frankfurt,904,Bayer Leverkusen,Deutsche Bank Park,Christian Dingert,2,57,1,28268,Exequiel Alejandro Palacios,exequiel alejandro palacios,904,Bayer Leverkusen,Left Defensive Midfield,108.2,40.1,120.0,43.5,0.2,Goal,Right Foot,Normal,0.7835,0,4440.0,Kevin Trapp,kevin trapp,Germany,lineup_position_window,,,False,,low_right,1,scored,False,,,,statsbomb_open_data_82853bfd-ad2a-4d3a-9111-d26c50747d18,2026-06-24T16:04:38.431710+00:00,False,False,False,False,True,True,False
statsbomb_open_data,42e736cd-e443-43b7-a8e5-aa1bc7ecd199,3895333,3225,9,281,1. Bundesliga,2023/2024,Germany,Regular Season,2024-05-05,184,Eintracht Frankfurt,904,Bayer Leverkusen,Deutsche Bank Park,Christian Dingert,2,88,24,32289,Victor Okoh Boniface,victor okoh boniface,904,Bayer Leverkusen,Center Forward,108.1,40.1,120.0,40.2,2.3,Goal,Right Foot,Normal,0.7835,0,4440.0,Kevin Trapp,kevin trapp,Germany,lineup_position_window,,,False,,high_center,1,scored,False,,,,statsbomb_open_data_42e736cd-e443-43b7-a8e5-aa1bc7ecd199,2026-06-24T16:04:38.431710+00:00,False,False,False,False,True,True,False
statsbomb_open_data,bbe92ecc-45d8-4ffc-817b-444112682107,3895340,1595,9,281,1. Bundesliga,2023/2024,Germany,Regular Season,2024-05-12,868,Bochum,904,Bayer Leverkusen,Vonovia Ruhrstadion,Benjamin Brand,1,46,18,32289,Victor Okoh Boniface,victor okoh boniface,904,Bayer Leverkusen,Left Wing,108.0,40.0,120.0,39.6,0.4,Goal,Right Foot,Normal,0.7835,0,9095.0,Manuel Riemann,manuel riemann,Germany,lineup_position_window,,,False,,low_center,1,scored,False,,,,statsbomb_open_data_bbe92ecc-45d8-4ffc-817b-444112682107,2026-06-24T16:04:38.431710+00:00,False,False,False,False,True,True,False
statsbomb_open_data,54688cf0-1cd8-4a04-9595-d3fa7e707614,3900492,2258,7,27,Ligue 1,2015/2016,France,Regular Season,2015-10-31,142,Guingamp,165,Lorient,Stade du Roudourou,Nicolas Rainville,2,63,3,33178,Benjamin Moukandjo Bilé,benjamin moukandjo bile,165,Lorient,Center Forward,108.0,40.0,120.0,43.7,2.2,Goal,Right Foot,Normal,0.7835,0,3322.0,Jonas Lössl,jonas lossl,Denmark,lineup_position_window,,,False,,high_right,1,scored,False,,,,statsbomb_open_data_54688cf0-1cd8-4a04-9595-d3fa7e707614,2026-06-24T16:04:38.431710+00:00,False,False,False,False,True,True,False
statsbomb_open_data,ba743875-c6d5-44c2-8742-dc35e677be74,3900493,3235,7,27,Ligue 1,2015/2016,France,Regular Season,2015-10-31,133,Troyes,137,Lyon,Stade de l''Aube,Stéphane Jochem,2,77,30,6600,Claudio Beauvue,claudio beauvue,137,Lyon,Left Wing,108.1,40.1,120.0,42.6,1.1,Goal,Right Foot,Normal,0.7835,0,7193.0,Paul Bernardoni,paul bernardoni,France,lineup_position_window,,,False,,low_right,1,scored,False,,,,statsbomb_open_data_ba743875-c6d5-44c2-8742-dc35e677be74,2026-06-24T16:04:38.431710+00:00,False,False,False,False,True,True,False
statsbomb_open_data,ae645ad8-5d27-4045-b3e5-eecab7377401,3900500,3737,7,27,Ligue 1,2015/2016,France,Regular Season,2015-11-06,145,Angers,134,Rennes,Stade Raymond-Kopa,Clément Turpin,2,82,5,3185,Thomas Mangani,thomas mangani,145,Angers,Center Defensive Midfield,108.1,40.1,118.8,37.3,0.0,Saved,Left Foot,Normal,0.7835,0,3354.0,Benoît Guy Robert Costil,benoit guy robert costil,France,lineup_position_window,,,False,,low_left,0,saved,False,,,,statsbomb_open_data_ae645ad8-5d27-4045-b3e5-eecab7377401,2026-06-24T16:04:38.431710+00:00,False,False,False,False,True,True,False
statsbomb_open_data,4aaf3017-7d45-473d-ab31-2411e6b9fb7b,3900502,2755,7,27,Ligue 1,2015/2016,France,Regular Season,2015-11-07,165,Lorient,133,Troyes,Stade Yves Allainmat - du Moustoir,Hakim Ben El Hadj Salem,2,61,55,3002,Benjamin Nivet,benjamin nivet,133,Troyes,Right Defensive Midfield,108.0,40.0,120.0,37.4,1.5,Goal,Right Foot,Normal,0.7835,0,3008.0,Benjamin Lecomte,benjamin lecomte,France,lineup_position_window,,,False,,low_left,1,scored,False,,,,statsbomb_open_data_4aaf3017-7d45-473d-ab31-2411e6b9fb7b,2026-06-24T16:04:38.431710+00:00,False,False,False,False,True,True,False
statsbomb_open_data,2f39ac14-2848-442b-886f-c13380f2487a,3900502,3953,7,27,Ligue 1,2015/2016,France,Regular Season,2015-11-07,165,Lorient,133,Troyes,Stade Yves Allainmat - du Moustoir,Hakim Ben El Hadj Salem,2,91,13,33178,Benjamin Moukandjo Bilé,benjamin moukandjo bile,165,Lorient,Left Center Forward,108.1,40.1,120.0,42.4,1.5,Goal,Right Foot,Normal,0.7835,0,7193.0,Paul Bernardoni,paul bernardoni,France,lineup_position_window,,,False,,low_right,1,scored,False,,,,statsbomb_open_data_2f39ac14-2848-442b-886f-c13380f2487a,2026-06-24T16:04:38.431710+00:00,False,False,False,False,True,True,False
statsbomb_open_data,c0eb18ac-43f4-4b44-a0d9-0550b5a82499,3900514,1417,7,27,Ligue 1,2015/2016,France,Regular Season,2015-11-21,142,Guingamp,130,Toulouse,Stade du Roudourou,Wilfried Bien,1,41,15,3213,Jimmy Briand,jimmy briand,142,Guingamp,Right Center Forward,108.0,40.0,118.7,37.1,0.3,Saved,Right Foot,Normal,0.7835,0,41385.0,Ali Nadhoim Ahamada,ali nadhoim ahamada,Comoros,lineup_position_window,,,False,,low_left,0,saved,False,,,,statsbomb_open_data_c0eb18ac-43f4-4b44-a0d9-0550b5a82499,2026-06-24T16:04:38.431710+00:00,False,False,False,False,True,True,False
statsbomb_open_data,0aea07cd-2e54-4a93-ac8a-79c1e8acbb45,3900519,3526,7,27,Ligue 1,2015/2016,France,Regular Season,2015-11-22,134,Rennes,146,Bordeaux,Roazhon Park,Sébastien Moreira,2,95,56,3018,Giovanni-Guy Yann Sio,giovanni-guy yann sio,134,Rennes,Center Forward,108.1,40.1,118.8,38.6,0.9,Saved,Left Foot,Normal,0.7835,0,40533.0,Cédric Carrasso,cedric carrasso,France,lineup_position_window,,,False,,low_left,0,saved,False,,,,statsbomb_open_data_0aea07cd-2e54-4a93-ac8a-79c1e8acbb45,2026-06-24T16:04:38.431710+00:00,False,False,False,False,True,True,False
statsbomb_open_data,af82c585-2d57-40b3-a4b1-cd1755f1f3ad,3900521,2709,7,27,Ligue 1,2015/2016,France,Regular Season,2015-11-28,131,Paris Saint-Germain,133,Troyes,Parc des Princes ,Bartolomeu Varela Teles,2,57,20,3672,Zlatan Ibrahimović,zlatan ibrahimovic,131,Paris Saint-Germain,Right Center Forward,108.0,40.0,120.0,43.2,0.1,Goal,Right Foot,Normal,0.7835,0,7193.0,Paul Bernardoni,paul bernardoni,France,lineup_position_window,,,False,,low_right,1,scored,False,,,,statsbomb_open_data_af82c585-2d57-40b3-a4b1-cd1755f1f3ad,2026-06-24T16:04:38.431710+00:00,False,False,False,False,True,True,False
statsbomb_open_data,174fe675-61c2-4438-b4a5-ded410127434,3900522,1406,7,27,Ligue 1,2015/2016,France,Regular Season,2015-11-28,130,Toulouse,136,OGC Nice,Stadium de Toulouse,Saïd Ennjimi,1,30,40,4447,Martin Braithwaite Christensen,martin braithwaite christensen,130,Toulouse,Center Forward,108.0,40.0,120.0,38.2,0.2,Goal,Right Foot,Normal,0.7835,0,4257.0,Yoan Cardinale,yoan cardinale,France,lineup_fallback_first_gk,,,False,,low_left,1,scored,False,,,,statsbomb_open_data_174fe675-61c2-4438-b4a5-ded410127434,2026-06-24T16:04:38.431710+00:00,False,False,False,False,True,True,False
statsbomb_open_data,3efbd487-7812-4542-8879-a86760c4d79b,3900524,1178,7,27,Ligue 1,2015/2016,France,Regular Season,2015-11-28,160,Gazélec Ajaccio,165,Lorient,Stade Ange Casanova (Ajaccio),Jérôme Miguelgorry,1,30,31,33178,Benjamin Moukandjo Bilé,benjamin moukandjo bile,165,Lorient,Center Forward,108.0,40.0,120.0,39.0,2.3,Goal,Right Foot,Normal,0.7835,0,7515.0,Jules Goda,jules goda,Cameroon,lineup_position_window,,,False,,high_center,1,scored,False,,,,statsbomb_open_data_3efbd487-7812-4542-8879-a86760c4d79b,2026-06-24T16:04:38.431710+00:00,False,False,False,False,True,True,False
statsbomb_open_data,5e5696bd-9070-40ba-8068-78cca78f88a1,3900529,2431,7,27,Ligue 1,2015/2016,France,Regular Season,2015-11-29,135,Saint-Étienne,142,Guingamp,Stade Geoffroy-Guichard ,Ruddy Buquet,2,86,1,4254,Valentin Eysseric,valentin eysseric,135,Saint-Étienne,Center Attacking Midfield,108.1,40.1,120.0,36.6,0.4,Goal,Right Foot,Normal,0.7835,0,3322.0,Jonas Lössl,jonas lossl,Denmark,lineup_position_window,,,False,,low_left,1,scored,False,,,,statsbomb_open_data_5e5696bd-9070-40ba-8068-78cca78f88a1,2026-06-24T16:04:38.431710+00:00,False,False,False,False,True,True,False
statsbomb_open_data,0677e3e6-0bc8-4c21-a73c-caa15a901fa5,3900540,1842,7,27,Ligue 1,2015/2016,France,Regular Season,2015-12-04,136,OGC Nice,131,Paris Saint-Germain,Allianz Riviera ,Antony Gautier,1,43,53,3672,Zlatan Ibrahimović,zlatan ibrahimovic,131,Paris Saint-Germain,Center Forward,108.1,40.1,120.0,36.9,0.2,Goal,Right Foot,Normal,0.7835,0,4257.0,Yoan Cardinale,yoan cardinale,France,lineup_position_window,,,False,,low_left,1,scored,False,,,,statsbomb_open_data_0677e3e6-0bc8-4c21-a73c-caa15a901fa5,2026-06-24T16:04:38.431710+00:00,False,False,False,False,True,True,False
statsbomb_open_data,4ffb5586-b9f1-4f22-b2e5-53e3116fbda0,3900542,2526,7,27,Ligue 1,2015/2016,France,Regular Season,2015-12-05,140,Stade Malherbe Caen,143,Lille,Stade Michel d''Ornano,Saïd Ennjimi,2,69,43,3038,Andy Delort,andy delort,140,Stade Malherbe Caen,Center Forward,108.0,40.0,120.0,43.7,2.4,Goal,Right Foot,Normal,0.7835,0,40484.0,Vincent Enyeama,vincent enyeama,Nigeria,lineup_position_window,,,False,,high_right,1,scored,False,,,,statsbomb_open_data_4ffb5586-b9f1-4f22-b2e5-53e3116fbda0,2026-06-24T16:04:38.431710+00:00,False,False,False,False,True,True,False
statsbomb_open_data,4f7b4611-257c-4e1c-b70a-77a04bc532b6,3900549,3183,7,27,Ligue 1,2015/2016,France,Regular Season,2015-12-06,135,Saint-Étienne,134,Rennes,Stade Geoffroy-Guichard ,Nicolas Rainville,2,78,0,4254,Valentin Eysseric,valentin eysseric,135,Saint-Étienne,Left Wing,108.1,40.1,120.0,43.6,0.2,Goal,Right Foot,Normal,0.7835,0,3354.0,Benoît Guy Robert Costil,benoit guy robert costil,France,lineup_position_window,,,False,,low_right,1,scored,False,,,,statsbomb_open_data_4f7b4611-257c-4e1c-b70a-77a04bc532b6,2026-06-24T16:04:38.431710+00:00,False,False,False,False,True,True,False
statsbomb_open_data,0440f7bd-2385-45c8-8e60-fd21da066f8d,3900553,3473,7,27,Ligue 1,2015/2016,France,Regular Season,2015-12-12,156,Stade de Reims,136,OGC Nice,Stade Auguste-Delaune II ,Frank Schneider,2,77,51,7363,Diego Rigonato Rodrigues,diego rigonato rodrigues,156,Stade de Reims,Left Midfield,108.1,40.1,120.0,42.4,2.0,Goal,Left Foot,Normal,0.7835,0,4257.0,Yoan Cardinale,yoan cardinale,France,lineup_fallback_first_gk,,,False,,high_right,1,scored,False,,,,statsbomb_open_data_0440f7bd-2385-45c8-8e60-fd21da066f8d,2026-06-24T16:04:38.431710+00:00,False,False,False,False,True,True,False
statsbomb_open_data,7f11d0f2-204c-4c7d-b170-1c02773fd435,3900557,2994,7,27,Ligue 1,2015/2016,France,Regular Season,2015-12-13,131,Paris Saint-Germain,137,Lyon,Parc des Princes ,Ruddy Buquet,2,76,42,3672,Zlatan Ibrahimović,zlatan ibrahimovic,131,Paris Saint-Germain,Center Forward,108.0,40.0,120.0,36.6,0.2,Goal,Right Foot,Normal,0.7835,0,2947.0,Anthony Lopes,anthony lopes,Portugal,lineup_position_window,,,False,,low_left,1,scored,False,,,,statsbomb_open_data_7f11d0f2-204c-4c7d-b170-1c02773fd435,2026-06-24T16:04:38.431710+00:00,False,False,False,False,True,True,False
statsbomb_open_data,eac64f25-1fae-4702-bed2-eeaf6b8a495a,3900558,2864,7,27,Ligue 1,2015/2016,France,Regular Season,2015-12-13,129,AS Monaco,135,Saint-Étienne,Stade Louis II,Mikael Lesage,2,81,46,3247,Fábio Henrique Tavares,fabio henrique tavares,129,AS Monaco,Right Back,108.1,40.1,120.0,36.3,2.0,Goal,Right Foot,Normal,0.7835,0,4259.0,Stéphane Ruffier,stephane ruffier,France,lineup_position_window,,,False,,high_left,1,scored,False,,,,statsbomb_open_data_eac64f25-1fae-4702-bed2-eeaf6b8a495a,2026-06-24T16:04:38.431710+00:00,False,False,False,False,True,True,False
statsbomb_open_data,d17aa950-d790-4c42-b2b9-c7430e127b26,3900559,839,7,27,Ligue 1,2015/2016,France,Regular Season,2015-12-13,147,Olympique de Marseille,160,Gazélec Ajaccio,Orange Vélodrome,Nicolas Rainville,1,18,51,401505,Jacques Zoua Daogari,jacques zoua daogari,160,Gazélec Ajaccio,Left Center Forward,108.2,40.1,120.0,43.5,0.2,Goal,Right Foot,Normal,0.7835,0,3543.0,Steve Mandanda,steve mandanda,France,lineup_position_window,,,False,,low_right,1,scored,False,,,,statsbomb_open_data_d17aa950-d790-4c42-b2b9-c7430e127b26,2026-06-24T16:04:38.431710+00:00,False,False,False,False,True,True,False
statsbomb_open_data,b76171d1-b494-42cc-be69-4e76d3c6ed82,3900562,3441,7,27,Ligue 1,2015/2016,France,Regular Season,2015-12-19,140,Stade Malherbe Caen,131,Paris Saint-Germain,Stade Michel d''Ornano,Lionel Jaffredo,2,84,9,3038,Andy Delort,andy delort,140,Stade Malherbe Caen,Center Forward,108.0,40.0,118.3,38.2,0.4,Saved,Right Foot,Normal,0.7835,0,4440.0,Kevin Trapp,kevin trapp,Germany,lineup_position_window,,,False,,low_left,0,saved,False,,,,statsbomb_open_data_b76171d1-b494-42cc-be69-4e76d3c6ed82,2026-06-24T16:04:38.431710+00:00,False,False,False,False,True,True,False
statsbomb_open_data,a3810486-80c9-4b7f-aff0-048398e4fab4,3900564,142,7,27,Ligue 1,2015/2016,France,Regular Season,2015-12-19,133,Troyes,129,AS Monaco,Stade de l''Aube,Wilfried Bien,1,4,16,3553,Lacina Traoré,lacina traore,129,AS Monaco,Center Forward,108.0,40.0,119.0,42.7,0.0,Saved,Left Foot,Normal,0.7835,1,7193.0,Paul Bernardoni,paul bernardoni,France,lineup_position_window,119.0,40.7,True,,low_right,0,saved,False,,,,statsbomb_open_data_a3810486-80c9-4b7f-aff0-048398e4fab4,2026-06-24T16:04:38.431710+00:00,False,False,False,False,False,False,False
statsbomb_open_data,69f39787-00ef-41cb-b03d-5f6970be1087,3900572,2085,7,27,Ligue 1,2015/2016,France,Regular Season,2016-01-09,129,AS Monaco,160,Gazélec Ajaccio,Stade Louis II,Stéphane Jochem,2,50,17,3247,Fábio Henrique Tavares,fabio henrique tavares,129,AS Monaco,Right Back,108.1,40.1,120.0,36.7,0.5,Goal,Right Foot,Normal,0.7835,0,401508.0,Clément Maury,clement maury,France,lineup_position_window,,,False,,low_left,1,scored,False,,,,statsbomb_open_data_69f39787-00ef-41cb-b03d-5f6970be1087,2026-06-24T16:04:38.431710+00:00,False,False,False,False,True,True,False
statsbomb_open_data,60d7c726-8ed3-4bb9-929e-d97f6fd8d2cf,3900579,434,7,27,Ligue 1,2015/2016,France,Regular Season,2016-01-10,144,Nantes,135,Saint-Étienne,Stade de la Beaujoire - Louis Fonteneau,Stéphane Lannoy,1,13,36,3179,Nolan Roux,nolan roux,135,Saint-Étienne,Right Midfield,108.0,40.0,120.0,43.0,0.8,Goal,Right Foot,Normal,0.7835,0,25377.0,Rémy Riou,remy riou,France,lineup_position_window,,,False,,low_right,1,scored,False,,,,statsbomb_open_data_60d7c726-8ed3-4bb9-929e-d97f6fd8d2cf,2026-06-24T16:04:38.431710+00:00,False,False,False,False,True,True,False
statsbomb_open_data,93dc583e-1df6-4d51-8452-8a88a0d6cf72,3900580,3437,7,27,Ligue 1,2015/2016,France,Regular Season,2016-01-15,136,OGC Nice,145,Angers,Allianz Riviera ,Jérôme Miguelgorry,2,79,34,16462,Hatem Ben Arfa,hatem ben arfa,136,OGC Nice,Center Attacking Midfield,108.1,40.1,120.0,41.6,1.3,Goal,Left Foot,Normal,0.7835,0,3432.0,Alexandre Letellier,alexandre letellier,France,lineup_position_window,,,False,,low_right,1,scored,False,,,,statsbomb_open_data_93dc583e-1df6-4d51-8452-8a88a0d6cf72,2026-06-24T16:04:38.431710+00:00,False,False,False,False,True,True,False
statsbomb_open_data,e900d57f-0811-44f8-bec7-945578bd6d15,3900580,3543,7,27,Ligue 1,2015/2016,France,Regular Season,2016-01-15,136,OGC Nice,145,Angers,Allianz Riviera ,Jérôme Miguelgorry,2,83,16,16462,Hatem Ben Arfa,hatem ben arfa,136,OGC Nice,Center Attacking Midfield,108.1,40.1,120.0,37.9,0.2,Goal,Left Foot,Normal,0.7835,0,3432.0,Alexandre Letellier,alexandre letellier,France,lineup_position_window,,,False,,low_left,1,scored,False,,,,statsbomb_open_data_e900d57f-0811-44f8-bec7-945578bd6d15,2026-06-24T16:04:38.431710+00:00,False,False,False,False,True,True,False
statsbomb_open_data,609d6ed5-cc23-4a03-a569-2799e4a942bb,3900583,957,7,27,Ligue 1,2015/2016,France,Regular Season,2016-01-16,133,Troyes,134,Rennes,Stade de l''Aube,Saïd Ennjimi,1,20,38,3022,Fallou Diagne,fallou diagne,134,Rennes,Right Center Back,108.0,40.0,120.0,37.0,0.5,Goal,Right Foot,Normal,0.7835,0,7193.0,Paul Bernardoni,paul bernardoni,France,lineup_position_window,,,False,,low_left,1,scored,False,,,,statsbomb_open_data_609d6ed5-cc23-4a03-a569-2799e4a942bb,2026-06-24T16:04:38.431710+00:00,False,False,False,False,True,True,False
statsbomb_open_data,4405ace4-5a2a-4fa9-998e-73b46cb450d3,3900583,1565,7,27,Ligue 1,2015/2016,France,Regular Season,2016-01-16,133,Troyes,134,Rennes,Stade de l''Aube,Saïd Ennjimi,1,38,6,3022,Fallou Diagne,fallou diagne,134,Rennes,Right Center Back,108.0,40.0,120.0,43.0,2.4,Goal,Right Foot,Normal,0.7835,0,7193.0,Paul Bernardoni,paul bernardoni,France,lineup_position_window,,,False,,high_right,1,scored,False,,,,statsbomb_open_data_4405ace4-5a2a-4fa9-998e-73b46cb450d3,2026-06-24T16:04:38.431710+00:00,False,False,False,False,True,True,False
statsbomb_open_data,c6b56cbd-c270-46e2-afa1-a303d38e703b,3900593,1067,7,27,Ligue 1,2015/2016,France,Regular Season,2016-01-23,143,Lille,133,Troyes,Decathlon Arena – Stade Pierre-Mauroy,Nicolas Rainville,1,24,53,3625,Sofiane Boufal,sofiane boufal,143,Lille,Left Wing,108.0,40.0,120.0,36.7,0.5,Goal,Right Foot,Normal,0.7835,0,7193.0,Paul Bernardoni,paul bernardoni,France,lineup_position_window,,,False,,low_left,1,scored,False,,,,statsbomb_open_data_c6b56cbd-c270-46e2-afa1-a303d38e703b,2026-06-24T16:04:38.431710+00:00,False,False,False,False,True,True,False
statsbomb_open_data,d30586d2-6e06-4cc0-9f5d-55ed13565f4d,3900596,3181,7,27,Ligue 1,2015/2016,France,Regular Season,2016-01-23,142,Guingamp,2736,Bastia,Stade du Roudourou,Mikael Lesage,2,93,14,4434,Thibault Giresse,thibault giresse,142,Guingamp,Left Defensive Midfield,108.1,40.1,120.0,37.2,0.2,Goal,Left Foot,Normal,0.7835,0,7282.0,Jean-Louis Leca,jean-louis leca,France,lineup_position_window,,,False,,low_left,1,scored,False,,,,statsbomb_open_data_d30586d2-6e06-4cc0-9f5d-55ed13565f4d,2026-06-24T16:04:38.431710+00:00,False,False,False,False,True,True,False
statsbomb_open_data,02d23246-84d6-4e7c-9e43-e75f195a7914,3900598,1311,7,27,Ligue 1,2015/2016,France,Regular Season,2016-01-24,129,AS Monaco,130,Toulouse,Stade Louis II,Hakim Ben El Hadj Salem,1,38,56,6723,Wissam Ben Yedder,wissam ben yedder,130,Toulouse,Center Forward,108.0,40.0,118.7,36.5,0.1,Saved,Right Foot,Normal,0.7835,0,3444.0,Danijel Subašić,danijel subasic,Croatia,lineup_position_window,,,False,,low_left,0,saved,False,,,,statsbomb_open_data_02d23246-84d6-4e7c-9e43-e75f195a7914,2026-06-24T16:04:38.431710+00:00,False,False,False,False,True,True,False
statsbomb_open_data,1a4c74d3-9386-4825-a689-a23405e04c35,3900601,1281,7,27,Ligue 1,2015/2016,France,Regular Season,2016-01-30,160,Gazélec Ajaccio,139,Montpellier,Stade Ange Casanova (Ajaccio),Bartolomeu Varela Teles,1,40,33,2950,Jonas Martin,jonas martin,139,Montpellier,Left Center Midfield,108.1,40.1,120.0,36.6,0.6,Goal,Right Foot,Normal,0.7835,0,401508.0,Clément Maury,clement maury,France,lineup_position_window,,,False,,low_left,1,scored,False,,,,statsbomb_open_data_1a4c74d3-9386-4825-a689-a23405e04c35,2026-06-24T16:04:38.431710+00:00,False,False,False,False,True,True,False
statsbomb_open_data,b38e6025-7b34-49a8-a59a-8ebc31f97e7e,3900603,2397,7,27,Ligue 1,2015/2016,France,Regular Season,2016-01-30,130,Toulouse,142,Guingamp,Stadium de Toulouse,Sébastien Moreira,2,63,6,6723,Wissam Ben Yedder,wissam ben yedder,130,Toulouse,Center Forward,108.1,40.1,120.0,36.5,0.2,Goal,Right Foot,Normal,0.7835,0,3322.0,Jonas Lössl,jonas lossl,Denmark,lineup_position_window,,,False,,low_left,1,scored,False,,,,statsbomb_open_data_b38e6025-7b34-49a8-a59a-8ebc31f97e7e,2026-06-24T16:04:38.431710+00:00,False,False,False,False,True,True,False
statsbomb_open_data,8b5d6cd7-619b-4e13-857d-d2962717db82,3900603,3261,7,27,Ligue 1,2015/2016,France,Regular Season,2016-01-30,130,Toulouse,142,Guingamp,Stadium de Toulouse,Sébastien Moreira,2,88,35,6723,Wissam Ben Yedder,wissam ben yedder,130,Toulouse,Center Attacking Midfield,108.1,40.1,119.2,38.3,0.9,Saved,Right Foot,Normal,0.7835,0,3322.0,Jonas Lössl,jonas lossl,Denmark,lineup_position_window,,,False,,low_left,0,saved,False,,,,statsbomb_open_data_8b5d6cd7-619b-4e13-857d-d2962717db82,2026-06-24T16:04:38.431710+00:00,False,False,False,False,True,True,False
statsbomb_open_data,95384a0a-0fcc-47a0-b5e2-35fe85fed34a,3900608,1459,7,27,Ligue 1,2015/2016,France,Regular Season,2016-01-31,140,Stade Malherbe Caen,136,OGC Nice,Stade Michel d''Ornano,Stéphane Lannoy,1,40,21,3038,Andy Delort,andy delort,140,Stade Malherbe Caen,Center Forward,108.0,40.0,120.0,43.7,0.4,Goal,Right Foot,Normal,0.7835,0,4257.0,Yoan Cardinale,yoan cardinale,France,lineup_position_window,,,False,,low_right,1,scored,False,,,,statsbomb_open_data_95384a0a-0fcc-47a0-b5e2-35fe85fed34a,2026-06-24T16:04:38.431710+00:00,False,False,False,False,True,True,False
statsbomb_open_data,b4b1d686-7dd3-4690-9224-c853bf76ae3e,3900622,2943,7,27,Ligue 1,2015/2016,France,Regular Season,2016-02-06,2736,Bastia,133,Troyes,Stade Armand-Césari,Sébastien Moreira,2,81,56,15689,Floyd Ayité,floyd ayite,2736,Bastia,Center Forward,108.0,40.0,120.0,37.2,0.2,Goal,Right Foot,Normal,0.7835,0,36553.0,Matthieu Dreyer,matthieu dreyer,France,lineup_position_window,,,False,,low_left,1,scored,False,,,,statsbomb_open_data_b4b1d686-7dd3-4690-9224-c853bf76ae3e,2026-06-24T16:04:38.431710+00:00,False,False,False,False,True,True,False
statsbomb_open_data,7046d684-1319-425a-ad42-65f7b2049f6f,3900627,1424,7,27,Ligue 1,2015/2016,France,Regular Season,2016-02-07,146,Bordeaux,135,Saint-Étienne,Stade Matmut Atlantique,Benoît Bastien,1,44,34,3423,Alexander Toft Søderlund,alexander toft soderlund,135,Saint-Étienne,Center Forward,108.0,40.0,119.6,38.9,0.8,Saved to Post,Right Foot,Normal,0.7835,0,7193.0,Paul Bernardoni,paul bernardoni,France,lineup_position_window,,,False,,low_center,0,unknown,False,,,,statsbomb_open_data_7046d684-1319-425a-ad42-65f7b2049f6f,2026-06-24T16:04:38.431710+00:00,False,False,False,False,True,True,False
statsbomb_open_data,7c615f1f-c789-4203-a1a2-0b8367fccd63,3900628,3416,7,27,Ligue 1,2015/2016,France,Regular Season,2016-02-07,143,Lille,134,Rennes,Decathlon Arena – Stade Pierre-Mauroy,Johan Hamel,2,88,14,5477,Ousmane Dembélé,ousmane dembele,134,Rennes,Right Wing,108.0,40.0,120.0,43.3,1.3,Goal,Right Foot,Normal,0.7835,0,40484.0,Vincent Enyeama,vincent enyeama,Nigeria,lineup_position_window,,,False,,low_right,1,scored,False,,,,statsbomb_open_data_7c615f1f-c789-4203-a1a2-0b8367fccd63,2026-06-24T16:04:38.431710+00:00,False,False,False,False,True,True,False
statsbomb_open_data,2325661b-5b48-4e96-969c-2800d1616170,3900636,3109,7,27,Ligue 1,2015/2016,France,Regular Season,2016-02-13,144,Nantes,165,Lorient,Stade de la Beaujoire - Louis Fonteneau,Antony Gautier,2,78,7,33178,Benjamin Moukandjo Bilé,benjamin moukandjo bile,165,Lorient,Right Center Forward,108.1,40.1,120.0,36.6,0.3,Goal,Right Foot,Normal,0.7835,0,25377.0,Rémy Riou,remy riou,France,lineup_position_window,,,False,,low_left,1,scored,False,,,,statsbomb_open_data_2325661b-5b48-4e96-969c-2800d1616170,2026-06-24T16:04:38.431710+00:00,False,False,False,False,True,True,False
statsbomb_open_data,d010a672-f65a-4509-a758-01a9b1f08786,3901156,2401,7,27,Ligue 1,2015/2016,France,Regular Season,2016-02-27,142,Guingamp,145,Angers,Stade du Roudourou,Benoît Millot,2,65,49,4434,Thibault Giresse,thibault giresse,142,Guingamp,Right Defensive Midfield,108.0,40.1,120.0,43.3,1.1,Goal,Left Foot,Normal,0.7835,0,3432.0,Alexandre Letellier,alexandre letellier,France,lineup_position_window,,,False,,low_right,1,scored,False,,,,statsbomb_open_data_d010a672-f65a-4509-a758-01a9b1f08786,2026-06-24T16:04:38.431710+00:00,False,False,False,False,True,True,False
statsbomb_open_data,51c90d70-85f6-478e-b972-1fba06c25238,3901156,2746,7,27,Ligue 1,2015/2016,France,Regular Season,2016-02-27,142,Guingamp,145,Angers,Stade du Roudourou,Benoît Millot,2,78,2,4441,Billy Ketkeophomphone,billy ketkeophomphone,145,Angers,Right Midfield,108.0,40.0,120.0,38.6,0.7,Goal,Right Foot,Normal,0.7835,0,3322.0,Jonas Lössl,jonas lossl,Denmark,lineup_position_window,,,False,,low_left,1,scored,False,,,,statsbomb_open_data_51c90d70-85f6-478e-b972-1fba06c25238,2026-06-24T16:04:38.431710+00:00,False,False,False,False,True,True,False
statsbomb_open_data,848a2100-e741-48cd-9df0-a452fa42771c,3901162,2579,7,27,Ligue 1,2015/2016,France,Regular Season,2016-03-04,140,Stade Malherbe Caen,129,AS Monaco,Stade Michel d''Ornano,Clément Turpin,2,63,13,2959,Julien Féret,julien feret,140,Stade Malherbe Caen,Left Defensive Midfield,108.1,40.1,120.0,36.6,0.3,Goal,Right Foot,Normal,0.7835,0,3444.0,Danijel Subašić,danijel subasic,Croatia,lineup_position_window,,,False,,low_left,1,scored,False,,,,statsbomb_open_data_848a2100-e741-48cd-9df0-a452fa42771c,2026-06-24T16:04:38.431710+00:00,False,False,False,False,True,True,False
statsbomb_open_data,ff2a10cf-5240-4416-a569-130d7d0247bf,3901165,1584,7,27,Ligue 1,2015/2016,France,Regular Season,2016-03-05,146,Bordeaux,160,Gazélec Ajaccio,Stade Matmut Atlantique,Johan Hamel,1,37,45,7130,Cheick Tidiane Diabaté,cheick tidiane diabate,146,Bordeaux,Right Center Forward,108.0,40.0,120.0,37.0,1.0,Goal,Right Foot,Normal,0.7835,0,401508.0,Clément Maury,clement maury,France,lineup_position_window,,,False,,low_left,1,scored,False,,,,statsbomb_open_data_ff2a10cf-5240-4416-a569-130d7d0247bf,2026-06-24T16:04:38.431710+00:00,False,False,False,False,True,True,False
statsbomb_open_data,4ec39bbb-67cf-4af4-9bf4-c60c5cd9c689,3901176,1888,7,27,Ligue 1,2015/2016,France,Regular Season,2016-03-12,130,Toulouse,146,Bordeaux,Stadium de Toulouse,Stéphane Lannoy,2,49,20,6723,Wissam Ben Yedder,wissam ben yedder,130,Toulouse,Center Forward,108.1,40.1,120.0,43.4,0.2,Goal,Right Foot,Normal,0.7835,0,7193.0,Paul Bernardoni,paul bernardoni,France,lineup_position_window,,,False,,low_right,1,scored,False,,,,statsbomb_open_data_4ec39bbb-67cf-4af4-9bf4-c60c5cd9c689,2026-06-24T16:04:38.431710+00:00,False,False,False,False,True,True,False
statsbomb_open_data,89232e0d-1b2e-4a17-a2a8-1690d5a16240,3901176,2987,7,27,Ligue 1,2015/2016,France,Regular Season,2016-03-12,130,Toulouse,146,Bordeaux,Stadium de Toulouse,Stéphane Lannoy,2,85,59,4447,Martin Braithwaite Christensen,martin braithwaite christensen,130,Toulouse,Left Wing,108.1,40.1,120.0,36.4,1.9,Goal,Right Foot,Normal,0.7835,0,7193.0,Paul Bernardoni,paul bernardoni,France,lineup_position_window,,,False,,low_left,1,scored,False,,,,statsbomb_open_data_89232e0d-1b2e-4a17-a2a8-1690d5a16240,2026-06-24T16:04:38.431710+00:00,False,False,False,False,True,True,False
statsbomb_open_data,d7a2a570-709d-4e1a-ac30-0c38c8735781,3901183,3324,7,27,Ligue 1,2015/2016,France,Regular Season,2016-03-13,133,Troyes,131,Paris Saint-Germain,Stade de l''Aube,François Letexier,2,74,24,4319,Edinson Roberto Cavani Gómez,edinson roberto cavani gomez,131,Paris Saint-Germain,Left Wing,108.2,40.1,119.6,38.0,0.0,Saved,Right Foot,Normal,0.7835,0,36553.0,Matthieu Dreyer,matthieu dreyer,France,lineup_position_window,,,False,,low_left,0,saved,False,,,,statsbomb_open_data_d7a2a570-709d-4e1a-ac30-0c38c8735781,2026-06-24T16:04:38.431710+00:00,False,False,False,False,True,True,False
statsbomb_open_data,3071ebcd-6081-4e4f-9883-218adecaf6ea,3901186,3748,7,27,Ligue 1,2015/2016,France,Regular Season,2016-03-19,137,Lyon,144,Nantes,Groupama Stadium,Benoît Millot,2,93,26,3451,Alexandre Lacazette,alexandre lacazette,137,Lyon,Center Forward,108.1,40.1,120.0,42.8,0.5,Goal,Right Foot,Normal,0.7835,0,25377.0,Rémy Riou,remy riou,France,lineup_position_window,,,False,,low_right,1,scored,False,,,,statsbomb_open_data_3071ebcd-6081-4e4f-9883-218adecaf6ea,2026-06-24T16:04:38.431710+00:00,False,False,False,False,True,True,False
statsbomb_open_data,2c08c088-cca9-4541-8043-efff835d7a6d,3901187,3088,7,27,Ligue 1,2015/2016,France,Regular Season,2016-03-19,145,Angers,165,Lorient,Stade Raymond-Kopa,Johan Hamel,2,90,14,3185,Thomas Mangani,thomas mangani,145,Angers,Left Center Midfield,108.1,40.1,120.0,40.5,1.3,Goal,Left Foot,Normal,0.7835,0,3008.0,Benjamin Lecomte,benjamin lecomte,France,lineup_position_window,,,False,,low_center,1,scored,False,,,,statsbomb_open_data_2c08c088-cca9-4541-8043-efff835d7a6d,2026-06-24T16:04:38.431710+00:00,False,False,False,False,True,True,False
statsbomb_open_data,207faf40-5b41-4c4c-9021-88da5e7de3bd,3901193,3106,7,27,Ligue 1,2015/2016,France,Regular Season,2016-03-20,131,Paris Saint-Germain,129,AS Monaco,Parc des Princes ,Antony Gautier,2,67,40,3247,Fábio Henrique Tavares,fabio henrique tavares,129,AS Monaco,Right Wing Back,108.1,40.1,120.0,40.3,2.0,Goal,Right Foot,Lob,0.7835,0,4440.0,Kevin Trapp,kevin trapp,Germany,lineup_position_window,,,False,,high_center,1,scored,False,,,,statsbomb_open_data_207faf40-5b41-4c4c-9021-88da5e7de3bd,2026-06-24T16:04:38.431710+00:00,False,False,False,False,True,True,False
statsbomb_open_data,15dc63eb-8331-45f7-b9a6-ae3de9a12440,3901194,3546,7,27,Ligue 1,2015/2016,France,Regular Season,2016-04-01,129,AS Monaco,146,Bordeaux,Stade Louis II,Benoît Bastien,2,90,28,18953,Vágner Silva de Souza,vagner silva de souza,129,AS Monaco,Right Center Forward,107.9,40.0,117.7,42.4,1.0,Saved,Right Foot,Normal,0.7835,0,4509.0,Jérôme Prior,jerome prior,France,lineup_position_window,,,False,,low_right,0,saved,False,,,,statsbomb_open_data_15dc63eb-8331-45f7-b9a6-ae3de9a12440,2026-06-24T16:04:38.431710+00:00,False,False,False,False,True,True,False
statsbomb_open_data,3d6bf2f3-d9e0-41da-8964-c42fb812c814,3901201,2055,7,27,Ligue 1,2015/2016,France,Regular Season,2016-04-03,2736,Bastia,147,Olympique de Marseille,Stade Armand-Césari,,2,55,8,7349,Gaël Danic,gael danic,2736,Bastia,Left Wing,108.1,40.1,120.0,40.3,0.6,Goal,Left Foot,Normal,0.7835,0,3543.0,Steve Mandanda,steve mandanda,France,lineup_position_window,,,False,,low_center,1,scored,False,,,,statsbomb_open_data_3d6bf2f3-d9e0-41da-8964-c42fb812c814,2026-06-24T16:04:38.431710+00:00,False,False,False,False,True,True,False
statsbomb_open_data,129468af-d4d0-4ed8-9b95-32b24684ef84,3901205,1908,7,27,Ligue 1,2015/2016,France,Regular Season,2016-04-09,140,Stade Malherbe Caen,165,Lorient,Stade Michel d''Ornano,Tony Chapron,2,46,20,7615,Abdul Majeed Waris,abdul majeed waris,165,Lorient,Left Center Forward,108.1,40.1,120.0,41.7,0.4,Goal,Right Foot,Normal,0.7835,0,2963.0,Rémy Vercoutre,remy vercoutre,France,lineup_position_window,,,False,,low_right,1,scored,False,,,,statsbomb_open_data_129468af-d4d0-4ed8-9b95-32b24684ef84,2026-06-24T16:04:38.431710+00:00,False,False,False,False,True,True,False
statsbomb_open_data,913d67b1-b33b-4ebd-9ca1-589d4e568ea7,3901208,2323,7,27,Ligue 1,2015/2016,France,Regular Season,2016-04-09,142,Guingamp,131,Paris Saint-Germain,Stade du Roudourou,,2,55,10,3745,Lucas Rodrigues Moura da Silva,lucas rodrigues moura da silva,131,Paris Saint-Germain,Right Wing,108.1,40.1,120.0,37.1,0.2,Goal,Right Foot,Normal,0.7835,0,3322.0,Jonas Lössl,jonas lossl,Denmark,lineup_position_window,,,False,,low_left,1,scored,False,,,,statsbomb_open_data_913d67b1-b33b-4ebd-9ca1-589d4e568ea7,2026-06-24T16:04:38.431710+00:00,False,False,False,False,True,True,False
statsbomb_open_data,01e82f89-d4bc-4f26-be82-99dc192487cf,3901213,1305,7,27,Ligue 1,2015/2016,France,Regular Season,2016-04-10,136,OGC Nice,134,Rennes,Allianz Riviera ,Clément Turpin,1,32,41,16462,Hatem Ben Arfa,hatem ben arfa,136,OGC Nice,Center Attacking Midfield,108.1,40.0,120.0,37.7,0.5,Goal,Left Foot,Normal,0.7835,0,3354.0,Benoît Guy Robert Costil,benoit guy robert costil,France,lineup_position_window,,,False,,low_left,1,scored,False,,,,statsbomb_open_data_01e82f89-d4bc-4f26-be82-99dc192487cf,2026-06-24T16:04:38.431710+00:00,False,False,False,False,True,True,False
statsbomb_open_data,222d49aa-0458-4afb-a181-9a8581c9c4b2,3901217,2005,7,27,Ligue 1,2015/2016,France,Regular Season,2016-04-16,133,Troyes,156,Stade de Reims,Stade de l''Aube,,2,60,21,3002,Benjamin Nivet,benjamin nivet,133,Troyes,Center Attacking Midfield,108.0,40.0,120.0,38.0,0.3,Goal,Right Foot,Normal,0.7835,0,7641.0,Johann Carrasso,johann carrasso,France,lineup_position_window,,,False,,low_left,1,scored,False,,,,statsbomb_open_data_222d49aa-0458-4afb-a181-9a8581c9c4b2,2026-06-24T16:04:38.431710+00:00,False,False,False,False,True,True,False
statsbomb_open_data,c015495c-10fc-4e00-a8aa-ccad13cc7902,3901224,2416,7,27,Ligue 1,2015/2016,France,Regular Season,2016-04-22,136,OGC Nice,156,Stade de Reims,Allianz Riviera ,,2,55,35,16462,Hatem Ben Arfa,hatem ben arfa,136,OGC Nice,Center Attacking Midfield,108.1,40.1,120.0,42.0,0.9,Goal,Left Foot,Normal,0.7835,0,7641.0,Johann Carrasso,johann carrasso,France,lineup_position_window,,,False,,low_right,1,scored,False,,,,statsbomb_open_data_c015495c-10fc-4e00-a8aa-ccad13cc7902,2026-06-24T16:04:38.431710+00:00,False,False,False,False,True,True,False
statsbomb_open_data,4023ee56-4a7a-45ac-ae27-ea32d463d277,3901230,2272,7,27,Ligue 1,2015/2016,France,Regular Season,2016-04-24,160,Gazélec Ajaccio,2736,Bastia,Stade Ange Casanova (Ajaccio),,2,62,39,10616,Mohamed Larbi,mohamed larbi,160,Gazélec Ajaccio,Center Attacking Midfield,108.1,40.1,120.0,42.5,0.1,Goal,Right Foot,Normal,0.7835,0,7282.0,Jean-Louis Leca,jean-louis leca,France,lineup_position_window,,,False,,low_right,1,scored,False,,,,statsbomb_open_data_4023ee56-4a7a-45ac-ae27-ea32d463d277,2026-06-24T16:04:38.431710+00:00,False,False,False,False,True,True,False
statsbomb_open_data,c854c38e-713d-40bf-8655-5124ca267a05,3901237,165,7,27,Ligue 1,2015/2016,France,Regular Season,2016-04-30,135,Saint-Étienne,130,Toulouse,Stade Geoffroy-Guichard ,Lionel Jaffredo,1,4,4,6723,Wissam Ben Yedder,wissam ben yedder,130,Toulouse,Center Forward,108.1,40.1,119.4,37.5,0.2,Saved,Right Foot,Normal,0.7835,1,4259.0,Stéphane Ruffier,stephane ruffier,France,lineup_position_window,119.2,40.0,True,,low_left,0,saved,False,,,,statsbomb_open_data_c854c38e-713d-40bf-8655-5124ca267a05,2026-06-24T16:04:38.431710+00:00,False,False,False,False,False,False,False
statsbomb_open_data,45a41ea7-6187-4730-82d0-ffc51ace7166,3901243,2100,7,27,Ligue 1,2015/2016,France,Regular Season,2016-05-07,2736,Bastia,145,Angers,Stade Armand-Césari,Stéphane Lannoy,2,49,32,3185,Thomas Mangani,thomas mangani,145,Angers,Left Center Midfield,108.0,40.0,120.0,42.8,2.8,Post,Left Foot,Normal,0.7835,1,7282.0,Jean-Louis Leca,jean-louis leca,France,lineup_position_window,119.5,40.4,True,,high_right,0,missed,False,,,,statsbomb_open_data_45a41ea7-6187-4730-82d0-ffc51ace7166,2026-06-24T16:04:38.431710+00:00,False,False,False,False,False,False,False
statsbomb_open_data,2a9e0be6-785a-4859-b185-ebf5c057262c,3901246,1927,7,27,Ligue 1,2015/2016,France,Regular Season,2016-05-07,144,Nantes,140,Stade Malherbe Caen,Stade de la Beaujoire - Louis Fonteneau,Johan Hamel,1,45,0,3038,Andy Delort,andy delort,140,Caen,Center Forward,108.1,40.1,120.0,36.7,0.2,Goal,Right Foot,Normal,0.7835,0,25377.0,Rémy Riou,remy riou,France,lineup_position_window,,,False,,low_left,1,scored,False,,,,statsbomb_open_data_2a9e0be6-785a-4859-b185-ebf5c057262c,2026-06-24T16:04:38.431710+00:00,False,False,False,False,True,True,False
statsbomb_open_data,6dec2894-55e7-4ab5-8250-580aef5fe8be,3901254,2076,7,27,Ligue 1,2015/2016,France,Regular Season,2016-05-14,156,Stade de Reims,137,Lyon,Stade Auguste-Delaune II ,Amaury Delerue,2,55,19,7367,Grejohn Kyei,grejohn kyei,156,Stade de Reims,Center Forward,108.0,40.0,120.0,37.3,2.3,Goal,Right Foot,Normal,0.7835,0,2947.0,Anthony Lopes,anthony lopes,Portugal,lineup_position_window,,,False,,high_left,1,scored,False,,,,statsbomb_open_data_6dec2894-55e7-4ab5-8250-580aef5fe8be,2026-06-24T16:04:38.431710+00:00,False,False,False,False,True,True,False
statsbomb_open_data,ca1774e0-aa60-4058-a850-143ca9651650,3901255,862,7,27,Ligue 1,2015/2016,France,Regular Season,2016-05-14,145,Angers,130,Toulouse,Stade Raymond-Kopa,Fredy Fautrel,1,30,11,4447,Martin Braithwaite Christensen,martin braithwaite christensen,130,Toulouse,Left Wing,108.1,40.1,120.0,40.8,4.4,Off T,Right Foot,Normal,0.7835,1,3432.0,Alexandre Letellier,alexandre letellier,France,lineup_position_window,119.0,39.5,True,,high_center,0,missed,False,,,,statsbomb_open_data_ca1774e0-aa60-4058-a850-143ca9651650,2026-06-24T16:04:38.431710+00:00,False,False,False,False,False,False,False
statsbomb_open_data,adc47a4e-f41f-47f3-b5e1-d95556e7ca56,3901256,1242,7,27,Ligue 1,2015/2016,France,Regular Season,2016-05-14,129,AS Monaco,139,Montpellier,Stade Louis II,Benoît Bastien,1,31,21,3247,Fábio Henrique Tavares,fabio henrique tavares,129,AS Monaco,Right Back,108.1,40.1,120.0,41.9,0.9,Goal,Right Foot,Normal,0.7835,0,40645.0,Laurent Pionnier,laurent pionnier,France,lineup_position_window,,,False,,low_right,1,scored,False,,,,statsbomb_open_data_adc47a4e-f41f-47f3-b5e1-d95556e7ca56,2026-06-24T16:04:38.431710+00:00,False,False,False,False,True,True,False
statsbomb_open_data,963b09e1-2fec-422d-a7d4-e4bc5a842edf,3901257,1683,7,27,Ligue 1,2015/2016,France,Regular Season,2016-05-14,135,Saint-Étienne,143,Lille,Stade Geoffroy-Guichard ,Clément Turpin,1,40,56,15996,Éderzito António Macedo Lopes,ederzito antonio macedo lopes,143,Lille,Center Forward,108.0,40.0,120.0,36.7,1.3,Goal,Right Foot,Normal,0.7835,0,4259.0,Stéphane Ruffier,stephane ruffier,France,lineup_position_window,,,False,,low_left,1,scored,False,,,,statsbomb_open_data_963b09e1-2fec-422d-a7d4-e4bc5a842edf,2026-06-24T16:04:38.431710+00:00,False,False,False,False,True,True,False
statsbomb_open_data,fe255048-b91d-4edb-b472-3afd4268462e,3901259,3584,7,27,Ligue 1,2015/2016,France,Regular Season,2016-05-14,133,Troyes,147,Olympique de Marseille,Stade de l''Aube,François Letexier,2,81,33,9554,Steven Fletcher,steven fletcher,147,Olympique de Marseille,Center Forward,108.1,40.1,119.0,42.8,0.3,Saved,Left Foot,Normal,0.7835,0,36553.0,Matthieu Dreyer,matthieu dreyer,France,lineup_position_window,,,False,,low_right,0,saved,False,,,,statsbomb_open_data_fe255048-b91d-4edb-b472-3afd4268462e,2026-06-24T16:04:38.431710+00:00,False,False,False,False,True,True,False
statsbomb_open_data,acae8df3-1cee-49ff-a6b0-e9b7c2394f04,3901262,521,7,27,Ligue 1,2015/2016,France,Regular Season,2016-05-14,140,Stade Malherbe Caen,146,Bordeaux,Stade Michel d''Ornano,Tony Chapron,1,13,51,3038,Andy Delort,andy delort,140,Stade Malherbe Caen,Center Forward,108.0,40.0,120.0,36.5,2.4,Goal,Right Foot,Normal,0.7835,0,4509.0,Jérôme Prior,jerome prior,France,lineup_position_window,,,False,,high_left,1,scored,False,,,,statsbomb_open_data_acae8df3-1cee-49ff-a6b0-e9b7c2394f04,2026-06-24T16:04:38.431710+00:00,False,False,False,False,True,True,False
statsbomb_open_data,e738610c-8cab-4d1f-8a8f-38f585e62f60,3901735,4109,72,107,Women's World Cup,2023,International,Round of 16,2023-08-07,865,England Women's,1213,Nigeria Women's,Suncorp Stadium,Melissa Paola Borjas Pastrana,5,121,21,4643,Georgia Stanway,georgia stanway,865,England Women's,Right Defensive Midfield,108.1,40.1,120.0,35.3,1.2,Off T,Right Foot,Normal,0.7835,1,25718.0,Chiamaka Cynthia Nnadozie,chiamaka cynthia nnadozie,Nigeria,lineup_position_window,119.5,39.8,True,,low_left,0,missed,True,1,0,0,statsbomb_open_data_e738610c-8cab-4d1f-8a8f-38f585e62f60,2026-06-24T16:04:38.431710+00:00,False,False,False,False,False,False,False
statsbomb_open_data,b01b5978-b5c8-4aec-bce7-fe4b56517ef2,3901735,4111,72,107,Women's World Cup,2023,International,Round of 16,2023-08-07,865,England Women's,1213,Nigeria Women's,Suncorp Stadium,Melissa Paola Borjas Pastrana,5,122,24,25472,Ugochi Desire Oparanozie,ugochi desire oparanozie,1213,Nigeria Women's,Right Center Midfield,108.1,40.1,120.0,34.8,1.7,Off T,Right Foot,Normal,0.7835,1,31538.0,Mary Alexandra Earps,mary alexandra earps,England,lineup_position_window,119.5,40.1,True,,low_left,0,missed,True,2,0,0,statsbomb_open_data_b01b5978-b5c8-4aec-bce7-fe4b56517ef2,2026-06-24T16:04:38.431710+00:00,False,False,False,False,False,False,False
statsbomb_open_data,ad335f84-27da-4d30-af01-98ce1f6841dc,3901735,4113,72,107,Women's World Cup,2023,International,Round of 16,2023-08-07,865,England Women's,1213,Nigeria Women's,Suncorp Stadium,Melissa Paola Borjas Pastrana,5,123,26,15550,Bethany England,bethany england,865,England Women's,Center Forward,108.1,40.1,120.0,41.3,2.3,Goal,Right Foot,Normal,0.7835,0,25718.0,Chiamaka Cynthia Nnadozie,chiamaka cynthia nnadozie,Nigeria,lineup_position_window,,,False,,high_center,1,scored,True,3,0,0,statsbomb_open_data_ad335f84-27da-4d30-af01-98ce1f6841dc,2026-06-24T16:04:38.431710+00:00,False,False,False,False,True,True,False
statsbomb_open_data,9f5d0d89-d7e3-4141-b24c-bb5480d8649a,3901735,4115,72,107,Women's World Cup,2023,International,Round of 16,2023-08-07,865,England Women's,1213,Nigeria Women's,Suncorp Stadium,Melissa Paola Borjas Pastrana,5,124,20,106836,Michelle Alozie,michelle alozie,1213,Nigeria Women's,Left Wing Back,108.1,40.1,120.0,40.4,6.5,Off T,Left Foot,Normal,0.7835,1,31538.0,Mary Alexandra Earps,mary alexandra earps,England,lineup_position_window,119.6,40.3,True,,high_center,0,missed,True,4,0,1,statsbomb_open_data_9f5d0d89-d7e3-4141-b24c-bb5480d8649a,2026-06-24T16:04:38.431710+00:00,False,False,False,False,False,False,False
statsbomb_open_data,ec5c7d72-16c6-4906-a12f-095f8f3b9b52,3901735,4117,72,107,Women's World Cup,2023,International,Round of 16,2023-08-07,865,England Women's,1213,Nigeria Women's,Suncorp Stadium,Melissa Paola Borjas Pastrana,5,125,14,5058,Rachel Daly,rachel daly,865,England Women's,Left Midfield,108.1,40.1,120.0,36.7,2.2,Goal,Right Foot,Normal,0.7835,0,25718.0,Chiamaka Cynthia Nnadozie,chiamaka cynthia nnadozie,Nigeria,lineup_position_window,,,False,,high_left,1,scored,True,5,1,0,statsbomb_open_data_ec5c7d72-16c6-4906-a12f-095f8f3b9b52,2026-06-24T16:04:38.431710+00:00,False,False,False,False,True,True,False
statsbomb_open_data,9dbbfc8b-d539-4687-8722-3e4d82a8737c,3901735,4119,72,107,Women's World Cup,2023,International,Round of 16,2023-08-07,865,England Women's,1213,Nigeria Women's,Suncorp Stadium,Melissa Paola Borjas Pastrana,5,126,15,26156,Rasheedat Busayo Ajibade,rasheedat busayo ajibade,1213,Nigeria Women's,Right Wing Back,108.1,40.1,120.0,42.3,1.1,Goal,Right Foot,Normal,0.7835,0,31538.0,Mary Alexandra Earps,mary alexandra earps,England,lineup_position_window,,,False,,low_right,1,scored,True,6,0,2,statsbomb_open_data_9dbbfc8b-d539-4687-8722-3e4d82a8737c,2026-06-24T16:04:38.431710+00:00,False,False,False,False,True,True,False
statsbomb_open_data,f0163e86-c564-4918-ac18-d668c6c1aed3,3901735,4121,72,107,Women's World Cup,2023,International,Round of 16,2023-08-07,865,England Women's,1213,Nigeria Women's,Suncorp Stadium,Melissa Paola Borjas Pastrana,5,127,1,10252,Alex Greenwood,alex greenwood,865,England Women's,Left Center Back,108.1,40.1,120.0,43.4,1.0,Goal,Left Foot,Normal,0.7835,0,25718.0,Chiamaka Cynthia Nnadozie,chiamaka cynthia nnadozie,Nigeria,lineup_position_window,,,False,,low_right,1,scored,True,7,2,1,statsbomb_open_data_f0163e86-c564-4918-ac18-d668c6c1aed3,2026-06-24T16:04:38.431710+00:00,False,False,False,False,True,True,False
statsbomb_open_data,97fe9bae-461e-4604-8d02-28eef3cdb2b4,3901735,4123,72,107,Women's World Cup,2023,International,Round of 16,2023-08-07,865,England Women's,1213,Nigeria Women's,Suncorp Stadium,Melissa Paola Borjas Pastrana,5,127,57,62908,Christy Onyenaturuchi Ucheibe,christy onyenaturuchi ucheibe,1213,Nigeria Women's,Center Defensive Midfield,108.1,40.1,120.0,43.2,1.8,Goal,Right Foot,Normal,0.7835,0,31538.0,Mary Alexandra Earps,mary alexandra earps,England,lineup_position_window,,,False,,low_right,1,scored,True,8,1,3,statsbomb_open_data_97fe9bae-461e-4604-8d02-28eef3cdb2b4,2026-06-24T16:04:38.431710+00:00,False,False,False,False,True,True,False
statsbomb_open_data,ad5a1577-283b-429b-91dd-48c822e65d9e,3901735,4125,72,107,Women's World Cup,2023,International,Round of 16,2023-08-07,865,England Women's,1213,Nigeria Women's,Suncorp Stadium,Melissa Paola Borjas Pastrana,5,128,50,15570,Chloe Kelly,chloe kelly,865,England Women's,Right Midfield,108.1,40.1,120.0,36.6,2.1,Goal,Right Foot,Normal,0.7835,0,25718.0,Chiamaka Cynthia Nnadozie,chiamaka cynthia nnadozie,Nigeria,lineup_position_window,,,False,,high_left,1,scored,True,9,3,2,statsbomb_open_data_ad5a1577-283b-429b-91dd-48c822e65d9e,2026-06-24T16:04:38.431710+00:00,False,False,False,False,True,True,False
statsbomb_open_data,4a95bc46-c00c-47d2-b3fa-6accdab818bd,3901797,4341,72,107,Women's World Cup,2023,International,Round of 16,2023-08-06,858,Sweden Women's,1214,United States Women's,AAMI Park,Stéphanie Frappart,5,120,2,4940,Andi Sullivan,andi sullivan,1214,United States Women's,Left Defensive Midfield,108.1,40.1,120.0,36.6,0.2,Goal,Right Foot,Normal,0.7835,0,62713.0,Zecira Musovic,zecira musovic,Sweden,lineup_position_window,,,False,,low_left,1,scored,True,1,0,0,statsbomb_open_data_4a95bc46-c00c-47d2-b3fa-6accdab818bd,2026-06-24T16:04:38.431710+00:00,False,False,False,False,True,True,False
statsbomb_open_data,59ca9819-9348-4070-b3a6-b662b5872364,3901797,4343,72,107,Women's World Cup,2023,International,Round of 16,2023-08-06,858,Sweden Women's,1214,United States Women's,AAMI Park,Stéphanie Frappart,5,120,46,10215,Fridolina Rolfö,fridolina rolfo,858,Sweden Women's,Center Attacking Midfield,108.1,40.1,120.0,43.6,0.8,Goal,Left Foot,Normal,0.7835,0,5100.0,Alyssa Michele Naeher,alyssa michele naeher,United States of America,lineup_position_window,,,False,,low_right,1,scored,True,2,0,1,statsbomb_open_data_59ca9819-9348-4070-b3a6-b662b5872364,2026-06-24T16:04:38.431710+00:00,False,False,False,False,True,True,False
statsbomb_open_data,538ffb35-a6b5-401d-a114-e13fb54f8787,3901797,4345,72,107,Women's World Cup,2023,International,Round of 16,2023-08-06,858,Sweden Women's,1214,United States Women's,AAMI Park,Stéphanie Frappart,5,121,24,4999,Lindsey Michelle Heaps,lindsey michelle heaps,1214,United States Women's,Center Attacking Midfield,108.1,40.1,120.0,36.6,0.9,Goal,Right Foot,Normal,0.7835,0,62713.0,Zecira Musovic,zecira musovic,Sweden,lineup_position_window,,,False,,low_left,1,scored,True,3,1,1,statsbomb_open_data_538ffb35-a6b5-401d-a114-e13fb54f8787,2026-06-24T16:04:38.431710+00:00,False,False,False,False,True,True,False
statsbomb_open_data,e767cca9-50c8-4f49-8f70-3659408318bb,3901797,4347,72,107,Women's World Cup,2023,International,Round of 16,2023-08-06,858,Sweden Women's,1214,United States Women's,AAMI Park,Stéphanie Frappart,5,122,7,10221,Elin Ingrid Johanna Rubensson,elin ingrid johanna rubensson,858,Sweden Women's,Left Defensive Midfield,108.1,40.1,120.0,36.5,1.3,Goal,Right Foot,Normal,0.7835,0,5100.0,Alyssa Michele Naeher,alyssa michele naeher,United States of America,lineup_position_window,,,False,,low_left,1,scored,True,4,1,2,statsbomb_open_data_e767cca9-50c8-4f49-8f70-3659408318bb,2026-06-24T16:04:38.431710+00:00,False,False,False,False,True,True,False
statsbomb_open_data,893ce8ff-50aa-4f7a-b033-7a44a351da36,3901797,4349,72,107,Women's World Cup,2023,International,Round of 16,2023-08-06,858,Sweden Women's,1214,United States Women's,AAMI Park,Stéphanie Frappart,5,122,46,31936,Kristie Mewis,kristie mewis,1214,United States Women's,Right Defensive Midfield,108.1,40.1,120.0,37.3,2.0,Goal,Left Foot,Normal,0.7835,0,62713.0,Zecira Musovic,zecira musovic,Sweden,lineup_position_window,,,False,,high_left,1,scored,True,5,2,2,statsbomb_open_data_893ce8ff-50aa-4f7a-b033-7a44a351da36,2026-06-24T16:04:38.431710+00:00,False,False,False,False,True,True,False
statsbomb_open_data,5329e42e-4ca5-4699-bd1b-ef28bbeb9542,3901797,4351,72,107,Women's World Cup,2023,International,Round of 16,2023-08-06,858,Sweden Women's,1214,United States Women's,AAMI Park,Stéphanie Frappart,5,123,28,26093,Gun Nathalie Björn,gun nathalie bjorn,858,Sweden Women's,Right Back,108.1,40.1,120.0,37.0,4.5,Off T,Right Foot,Normal,0.7835,1,5100.0,Alyssa Michele Naeher,alyssa michele naeher,United States of America,lineup_position_window,118.9,39.8,True,,high_left,0,missed,True,6,2,3,statsbomb_open_data_5329e42e-4ca5-4699-bd1b-ef28bbeb9542,2026-06-24T16:04:38.431710+00:00,False,False,False,False,False,False,False
statsbomb_open_data,267314bf-809c-4f33-837e-448665915c7c,3901797,4353,72,107,Women's World Cup,2023,International,Round of 16,2023-08-06,858,Sweden Women's,1214,United States Women's,AAMI Park,Stéphanie Frappart,5,124,11,8298,Megan Anna Rapinoe,megan anna rapinoe,1214,United States Women's,Left Wing,108.1,40.1,120.0,43.4,5.0,Off T,Right Foot,Normal,0.7835,1,62713.0,Zecira Musovic,zecira musovic,Sweden,lineup_position_window,118.9,40.0,True,,high_right,0,missed,True,7,3,2,statsbomb_open_data_267314bf-809c-4f33-837e-448665915c7c,2026-06-24T16:04:38.431710+00:00,False,False,False,False,False,False,False
statsbomb_open_data,f66e43a2-f83d-401a-8d84-6d3679fdd74b,3901797,4355,72,107,Women's World Cup,2023,International,Round of 16,2023-08-06,858,Sweden Women's,1214,United States Women's,AAMI Park,Stéphanie Frappart,5,124,53,32405,Rebecka Blomqvist,rebecka blomqvist,858,Sweden Women's,Center Forward,108.1,40.1,119.6,43.6,0.9,Saved,Right Foot,Normal,0.7835,0,5100.0,Alyssa Michele Naeher,alyssa michele naeher,United States of America,lineup_position_window,,,False,,low_right,0,saved,True,8,2,3,statsbomb_open_data_f66e43a2-f83d-401a-8d84-6d3679fdd74b,2026-06-24T16:04:38.431710+00:00,False,False,False,False,True,True,False
statsbomb_open_data,b7329859-dd1d-4d6f-8573-8d8882860a98,3901797,4357,72,107,Women's World Cup,2023,International,Round of 16,2023-08-06,858,Sweden Women's,1214,United States Women's,AAMI Park,Stéphanie Frappart,5,125,43,49172,Sophia Olivia Wilson,sophia olivia wilson,1214,United States Women's,Center Forward,108.1,40.1,120.0,44.9,2.4,Off T,Right Foot,Normal,0.7835,1,62713.0,Zecira Musovic,zecira musovic,Sweden,lineup_position_window,119.0,39.9,True,,high_right,0,missed,True,9,3,2,statsbomb_open_data_b7329859-dd1d-4d6f-8573-8d8882860a98,2026-06-24T16:04:38.431710+00:00,False,False,False,False,False,False,False
statsbomb_open_data,c4a521b0-4639-417c-b729-84710ff0e219,3901797,4359,72,107,Women's World Cup,2023,International,Round of 16,2023-08-06,858,Sweden Women's,1214,United States Women's,AAMI Park,Stéphanie Frappart,5,126,37,34499,Hanna Ulrika Bennison,hanna ulrika bennison,858,Sweden Women's,Right Defensive Midfield,108.1,40.1,120.0,37.7,2.5,Goal,Right Foot,Normal,0.7835,0,5100.0,Alyssa Michele Naeher,alyssa michele naeher,United States of America,lineup_position_window,,,False,,high_left,1,scored,True,10,2,3,statsbomb_open_data_c4a521b0-4639-417c-b729-84710ff0e219,2026-06-24T16:04:38.431710+00:00,False,False,False,False,True,True,False
statsbomb_open_data,3d12e6cc-628d-49ce-b6ad-bab9dcef8f9c,3901797,4361,72,107,Women's World Cup,2023,International,Round of 16,2023-08-06,858,Sweden Women's,1214,United States Women's,AAMI Park,Stéphanie Frappart,5,127,15,5100,Alyssa Michele Naeher,alyssa michele naeher,1214,United States Women's,Goalkeeper,108.1,40.1,120.0,40.2,1.9,Goal,Right Foot,Normal,0.7835,0,62713.0,Zecira Musovic,zecira musovic,Sweden,lineup_position_window,,,False,,low_center,1,scored,True,11,3,3,statsbomb_open_data_3d12e6cc-628d-49ce-b6ad-bab9dcef8f9c,2026-06-24T16:04:38.431710+00:00,False,False,False,False,True,True,False
statsbomb_open_data,7c44616e-81a7-4a79-8f7d-685c1f2947cc,3901797,4363,72,107,Women's World Cup,2023,International,Round of 16,2023-08-06,858,Sweden Women's,1214,United States Women's,AAMI Park,Stéphanie Frappart,5,127,56,4633,Magdalena Lilly Eriksson,magdalena lilly eriksson,858,Sweden Women's,Left Center Back,108.1,40.1,120.0,43.8,2.0,Goal,Left Foot,Normal,0.7835,0,5100.0,Alyssa Michele Naeher,alyssa michele naeher,United States of America,lineup_position_window,,,False,,high_right,1,scored,True,12,3,4,statsbomb_open_data_7c44616e-81a7-4a79-8f7d-685c1f2947cc,2026-06-24T16:04:38.431710+00:00,False,False,False,False,True,True,False
statsbomb_open_data,d4f1d544-8ad9-44d0-a9fe-ab272a4a1036,3901797,4365,72,107,Women's World Cup,2023,International,Round of 16,2023-08-06,858,Sweden Women's,1214,United States Women's,AAMI Park,Stéphanie Frappart,5,128,42,5021,Kelley Maureen O'Hara,kelley maureen o'hara,1214,United States Women's,Right Back,108.1,40.1,120.0,44.2,0.9,Post,Right Foot,Normal,0.7835,1,62713.0,Zecira Musovic,zecira musovic,Sweden,lineup_position_window,118.9,40.4,True,,low_right,0,missed,True,13,4,4,statsbomb_open_data_d4f1d544-8ad9-44d0-a9fe-ab272a4a1036,2026-06-24T16:04:38.431710+00:00,False,False,False,False,False,False,False
statsbomb_open_data,997584e7-ca49-4914-92bb-3d3ff7abf71c,3901797,4367,72,107,Women's World Cup,2023,International,Round of 16,2023-08-06,858,Sweden Women's,1214,United States Women's,AAMI Park,Stéphanie Frappart,5,129,28,25697,Lina Mona Andréa Hurtig,lina mona andrea hurtig,858,Sweden Women's,Left Wing,108.1,40.1,120.0,38.6,0.9,Goal,Right Foot,Normal,0.7835,0,5100.0,Alyssa Michele Naeher,alyssa michele naeher,United States of America,lineup_position_window,,,False,,low_left,1,scored,True,14,4,4,statsbomb_open_data_997584e7-ca49-4914-92bb-3d3ff7abf71c,2026-06-24T16:04:38.431710+00:00,False,False,False,False,True,True,False
statsbomb_open_data,d472497b-b7d4-4008-8a54-aae434b87d7d,3902239,2235,72,107,Women's World Cup,2023,International,Quarter-finals,2023-08-11,1210,Japan Women's,858,Sweden Women's,Eden Park,Esther Staubli,2,50,17,62666,Ingrid Filippa Angeldal,ingrid filippa angeldal,858,Sweden Women's,Right Defensive Midfield,108.0,40.0,120.0,36.7,0.2,Goal,Right Foot,Normal,0.7835,0,25627.0,Ayaka Yamashita,ayaka yamashita,Japan,lineup_position_window,,,False,,low_left,1,scored,False,,,,statsbomb_open_data_d472497b-b7d4-4008-8a54-aae434b87d7d,2026-06-24T16:04:38.431710+00:00,False,False,False,False,True,True,False
statsbomb_open_data,13f9f736-d399-4ef8-9f93-9ecf9c2e4937,3902239,3226,72,107,Women's World Cup,2023,International,Quarter-finals,2023-08-11,1210,Japan Women's,858,Sweden Women's,Eden Park,Esther Staubli,2,75,38,401930,Riko Ueki,riko ueki,1210,Japan Women's,Center Forward,108.1,40.1,120.0,39.6,2.8,Post,Right Foot,Normal,0.7835,1,62713.0,Zecira Musovic,zecira musovic,Sweden,lineup_position_window,119.2,40.1,True,,high_center,0,missed,False,,,,statsbomb_open_data_13f9f736-d399-4ef8-9f93-9ecf9c2e4937,2026-06-24T16:04:38.431710+00:00,False,False,False,False,False,False,False
statsbomb_open_data,db95fbe0-2d64-4508-a24b-4afc29e5ec56,3902240,2791,72,107,Women's World Cup,2023,International,Quarter-finals,2023-08-11,863,Spain Women's,851,Netherlands Women's,Wellington Regional Stadium,Stéphanie Frappart,2,80,16,10161,María Francesca Caldentey Oliver,maria francesca caldentey oliver,863,Spain Women's,Left Wing,108.1,40.1,120.0,36.2,0.2,Goal,Right Foot,Normal,0.7835,0,32339.0,Daphne van Domselaar,daphne van domselaar,Netherlands,lineup_position_window,,,False,,low_left,1,scored,False,,,,statsbomb_open_data_db95fbe0-2d64-4508-a24b-4afc29e5ec56,2026-06-24T16:04:38.431710+00:00,False,False,False,False,True,True,False
statsbomb_open_data,a041ab7f-41ea-4a80-a6ff-e89e6ee11ec9,3902968,3835,72,107,Women's World Cup,2023,International,Quarter-finals,2023-08-12,1205,Australia Women's,861,France Women's,Victoria Park,María Belén Carvajal Peña,5,120,3,15471,Selma Bacha,selma bacha,861,France Women's,Left Midfield,108.0,40.0,118.6,38.5,1.1,Saved,Left Foot,Normal,0.7835,0,42787.0,Mackenzie Arnold,mackenzie arnold,Australia,lineup_position_window,,,False,,low_left,0,saved,True,1,0,0,statsbomb_open_data_a041ab7f-41ea-4a80-a6ff-e89e6ee11ec9,2026-06-24T16:04:38.431710+00:00,False,False,False,False,True,True,False
statsbomb_open_data,d6659d7c-9baf-48c2-8801-5a6a6be6c749,3902968,3837,72,107,Women's World Cup,2023,International,Quarter-finals,2023-08-12,1205,Australia Women's,861,France Women's,Victoria Park,María Belén Carvajal Peña,5,121,26,11338,Caitlin Jade Foord,caitlin jade foord,1205,Australia Women's,Left Midfield,108.0,40.0,120.0,36.4,0.3,Goal,Right Foot,Normal,0.7835,0,15615.0,Pauline Peyraud Magnin,pauline peyraud magnin,France,lineup_fallback_first_gk,,,False,,low_left,1,scored,True,2,0,0,statsbomb_open_data_d6659d7c-9baf-48c2-8801-5a6a6be6c749,2026-06-24T16:04:38.431710+00:00,False,False,False,False,True,True,False
statsbomb_open_data,122a0fea-df42-407a-95a8-1a3c9585013b,3902968,3839,72,107,Women's World Cup,2023,International,Quarter-finals,2023-08-12,1205,Australia Women's,861,France Women's,Victoria Park,María Belén Carvajal Peña,5,122,25,10137,Kadidiatou Diani,kadidiatou diani,861,France Women's,Right Center Forward,108.0,40.0,120.0,36.7,0.2,Goal,Right Foot,Normal,0.7835,0,42787.0,Mackenzie Arnold,mackenzie arnold,Australia,lineup_position_window,,,False,,low_left,1,scored,True,3,0,1,statsbomb_open_data_122a0fea-df42-407a-95a8-1a3c9585013b,2026-06-24T16:04:38.431710+00:00,False,False,False,False,True,True,False
statsbomb_open_data,ab77cb5e-e1c3-46fc-9f4c-8b57be8c4d1e,3902968,3841,72,107,Women's World Cup,2023,International,Quarter-finals,2023-08-12,1205,Australia Women's,861,France Women's,Victoria Park,María Belén Carvajal Peña,5,123,16,5000,Stephanie-Elise Catley,stephanie-elise catley,1205,Australia Women's,Left Back,108.0,40.0,119.2,37.2,0.9,Saved,Left Foot,Normal,0.7835,0,15615.0,Pauline Peyraud Magnin,pauline peyraud magnin,France,lineup_fallback_first_gk,,,False,,low_left,0,saved,True,4,1,1,statsbomb_open_data_ab77cb5e-e1c3-46fc-9f4c-8b57be8c4d1e,2026-06-24T16:04:38.431710+00:00,False,False,False,False,True,True,False
statsbomb_open_data,62552226-9023-44f2-87b2-726383f34672,3902968,3843,72,107,Women's World Cup,2023,International,Quarter-finals,2023-08-12,1205,Australia Women's,861,France Women's,Victoria Park,María Belén Carvajal Peña,5,124,11,10125,Wendie Renard,wendie renard,861,France Women's,Left Center Back,108.0,40.0,120.0,37.1,1.2,Goal,Right Foot,Normal,0.7835,0,42787.0,Mackenzie Arnold,mackenzie arnold,Australia,lineup_position_window,,,False,,low_left,1,scored,True,5,1,1,statsbomb_open_data_62552226-9023-44f2-87b2-726383f34672,2026-06-24T16:04:38.431710+00:00,False,False,False,False,True,True,False
statsbomb_open_data,e1d081b0-cc82-4225-ac79-fd93096afa50,3902968,3845,72,107,Women's World Cup,2023,International,Quarter-finals,2023-08-12,1205,Australia Women's,861,France Women's,Victoria Park,María Belén Carvajal Peña,5,125,5,4961,Samantha May Kerr,samantha may kerr,1205,Australia Women's,Left Center Forward,108.0,40.0,120.0,41.3,0.2,Goal,Right Foot,Normal,0.7835,0,15615.0,Pauline Peyraud Magnin,pauline peyraud magnin,France,lineup_fallback_first_gk,,,False,,low_center,1,scored,True,6,1,2,statsbomb_open_data_e1d081b0-cc82-4225-ac79-fd93096afa50,2026-06-24T16:04:38.431710+00:00,False,False,False,False,True,True,False
statsbomb_open_data,8ace882e-0fbf-4fc5-bbec-e24b04b9ffe8,3902968,3847,72,107,Women's World Cup,2023,International,Quarter-finals,2023-08-12,1205,Australia Women's,861,France Women's,Victoria Park,María Belén Carvajal Peña,5,125,54,10121,Eugénie Le Sommer,eugenie le sommer,861,France Women's,Left Center Forward,108.0,40.0,120.0,42.8,0.2,Goal,Right Foot,Normal,0.7835,0,42787.0,Mackenzie Arnold,mackenzie arnold,Australia,lineup_position_window,,,False,,low_right,1,scored,True,7,2,2,statsbomb_open_data_8ace882e-0fbf-4fc5-bbec-e24b04b9ffe8,2026-06-24T16:04:38.431710+00:00,False,False,False,False,True,True,False
statsbomb_open_data,e6ce3cd8-f250-4baf-b305-b2c8deb4f3df,3902968,3849,72,107,Women's World Cup,2023,International,Quarter-finals,2023-08-12,1205,Australia Women's,861,France Women's,Victoria Park,María Belén Carvajal Peña,5,126,47,35693,Mary Boio Fowler,mary boio fowler,1205,Australia Women's,Right Center Forward,108.0,40.0,120.0,36.8,0.5,Goal,Right Foot,Normal,0.7835,0,15615.0,Pauline Peyraud Magnin,pauline peyraud magnin,France,lineup_fallback_first_gk,,,False,,low_left,1,scored,True,8,2,3,statsbomb_open_data_e6ce3cd8-f250-4baf-b305-b2c8deb4f3df,2026-06-24T16:04:38.431710+00:00,False,False,False,False,True,True,False
statsbomb_open_data,0187f670-a6eb-467e-b819-19452339af3b,3902968,3851,72,107,Women's World Cup,2023,International,Quarter-finals,2023-08-12,1205,Australia Women's,861,France Women's,Victoria Park,María Belén Carvajal Peña,5,127,32,10418,Eve Perisset,eve perisset,861,France Women's,Right Back,108.0,40.0,118.6,37.4,0.4,Saved to Post,Right Foot,Normal,0.7835,0,42787.0,Mackenzie Arnold,mackenzie arnold,Australia,lineup_position_window,,,False,,low_left,0,unknown,True,9,3,3,statsbomb_open_data_0187f670-a6eb-467e-b819-19452339af3b,2026-06-24T16:04:38.431710+00:00,False,False,False,False,True,True,False
statsbomb_open_data,b746dba7-aa23-4179-a615-5451ef6bd051,3902968,3853,72,107,Women's World Cup,2023,International,Quarter-finals,2023-08-12,1205,Australia Women's,861,France Women's,Victoria Park,María Belén Carvajal Peña,5,128,24,42787,Mackenzie Arnold,mackenzie arnold,1205,Australia Women's,Goalkeeper,108.0,40.0,120.0,44.0,1.6,Post,Right Foot,Normal,0.7835,1,15615.0,Pauline Peyraud Magnin,pauline peyraud magnin,France,lineup_fallback_first_gk,119.2,39.8,True,,low_right,0,missed,True,10,3,3,statsbomb_open_data_b746dba7-aa23-4179-a615-5451ef6bd051,2026-06-24T16:04:38.431710+00:00,False,False,False,False,False,False,False
statsbomb_open_data,96879050-4ebf-4f38-8997-f498bee90c0b,3902968,3855,72,107,Women's World Cup,2023,International,Quarter-finals,2023-08-12,1205,Australia Women's,861,France Women's,Victoria Park,María Belén Carvajal Peña,5,129,31,10272,Onema Grace Geyoro,onema grace geyoro,861,France Women's,Right Defensive Midfield,108.0,40.0,120.0,38.3,0.5,Goal,Right Foot,Normal,0.7835,0,42787.0,Mackenzie Arnold,mackenzie arnold,Australia,lineup_position_window,,,False,,low_left,1,scored,True,11,3,3,statsbomb_open_data_96879050-4ebf-4f38-8997-f498bee90c0b,2026-06-24T16:04:38.431710+00:00,False,False,False,False,True,True,False
statsbomb_open_data,2dfd08c4-0242-455f-8bd5-30549f417c1f,3902968,3857,72,107,Women's World Cup,2023,International,Quarter-finals,2023-08-12,1205,Australia Women's,861,France Women's,Victoria Park,María Belén Carvajal Peña,5,130,47,4979,Katrina Gorry,katrina gorry,1205,Australia Women's,Right Defensive Midfield,108.0,40.0,120.0,37.4,0.5,Goal,Right Foot,Normal,0.7835,0,15615.0,Pauline Peyraud Magnin,pauline peyraud magnin,France,lineup_fallback_first_gk,,,False,,low_left,1,scored,True,12,3,4,statsbomb_open_data_2dfd08c4-0242-455f-8bd5-30549f417c1f,2026-06-24T16:04:38.431710+00:00,False,False,False,False,True,True,False
statsbomb_open_data,7167050e-01f7-495a-8843-fceca5a9ec15,3902968,3859,72,107,Women's World Cup,2023,International,Quarter-finals,2023-08-12,1205,Australia Women's,861,France Women's,Victoria Park,María Belén Carvajal Peña,5,131,30,10117,Sakina Karchaoui,sakina karchaoui,861,France Women's,Left Back,108.0,40.0,120.0,41.3,2.0,Goal,Left Foot,Normal,0.7835,0,42787.0,Mackenzie Arnold,mackenzie arnold,Australia,lineup_position_window,,,False,,high_center,1,scored,True,13,4,4,statsbomb_open_data_7167050e-01f7-495a-8843-fceca5a9ec15,2026-06-24T16:04:38.431710+00:00,False,False,False,False,True,True,False
statsbomb_open_data,e861731d-8172-449e-a1e7-5e4965b8f3c2,3902968,3861,72,107,Women's World Cup,2023,International,Quarter-finals,2023-08-12,1205,Australia Women's,861,France Women's,Victoria Park,María Belén Carvajal Peña,5,132,25,25549,Tameka Yallop,tameka yallop,1205,Australia Women's,Left Defensive Midfield,108.0,40.0,120.0,42.6,0.2,Goal,Right Foot,Normal,0.7835,0,15615.0,Pauline Peyraud Magnin,pauline peyraud magnin,France,lineup_fallback_first_gk,,,False,,low_right,1,scored,True,14,4,5,statsbomb_open_data_e861731d-8172-449e-a1e7-5e4965b8f3c2,2026-06-24T16:04:38.431710+00:00,False,False,False,False,True,True,False
statsbomb_open_data,c6698e1b-a06e-40eb-b920-ecb1f12057d3,3902968,3863,72,107,Women's World Cup,2023,International,Quarter-finals,2023-08-12,1205,Australia Women's,861,France Women's,Victoria Park,María Belén Carvajal Peña,5,133,17,31784,Maëlle Lakrar,maelle lakrar,861,France Women's,Right Center Back,108.0,40.0,120.0,41.2,1.3,Goal,Right Foot,Normal,0.7835,0,42787.0,Mackenzie Arnold,mackenzie arnold,Australia,lineup_position_window,,,False,,low_center,1,scored,True,15,5,5,statsbomb_open_data_c6698e1b-a06e-40eb-b920-ecb1f12057d3,2026-06-24T16:04:38.431710+00:00,False,False,False,False,True,True,False
statsbomb_open_data,85def4ea-15cc-4c59-8eb1-e1a8aeb01833,3902968,3865,72,107,Women's World Cup,2023,International,Quarter-finals,2023-08-12,1205,Australia Women's,861,France Women's,Victoria Park,María Belén Carvajal Peña,5,134,12,5095,Ellie Madison Carpenter,ellie madison carpenter,1205,Australia Women's,Right Back,108.0,40.0,120.0,36.1,0.7,Goal,Right Foot,Normal,0.7835,0,15615.0,Pauline Peyraud Magnin,pauline peyraud magnin,France,lineup_fallback_first_gk,,,False,,low_left,1,scored,True,16,5,6,statsbomb_open_data_85def4ea-15cc-4c59-8eb1-e1a8aeb01833,2026-06-24T16:04:38.431710+00:00,False,False,False,False,True,True,False
statsbomb_open_data,f0c494d0-fa60-4f7c-8a67-d4d9aee35603,3902968,3867,72,107,Women's World Cup,2023,International,Quarter-finals,2023-08-12,1205,Australia Women's,861,France Women's,Victoria Park,María Belén Carvajal Peña,5,136,9,15421,Kenza Dali,kenza dali,861,France Women's,Left Defensive Midfield,108.0,40.0,118.5,42.3,0.8,Saved,Right Foot,Normal,0.7835,0,42787.0,Mackenzie Arnold,mackenzie arnold,Australia,lineup_position_window,,,False,,low_right,0,saved,True,17,6,6,statsbomb_open_data_f0c494d0-fa60-4f7c-8a67-d4d9aee35603,2026-06-24T16:04:38.431710+00:00,False,False,False,False,True,True,False
statsbomb_open_data,fd692d68-3e9a-47ab-96e1-e763890cd9e1,3902968,3869,72,107,Women's World Cup,2023,International,Quarter-finals,2023-08-12,1205,Australia Women's,861,France Women's,Victoria Park,María Belén Carvajal Peña,5,137,17,401635,Clare Hunt,clare hunt,1205,Australia Women's,Right Center Back,108.0,40.0,119.6,38.5,1.0,Saved,Right Foot,Normal,0.7835,0,15615.0,Pauline Peyraud Magnin,pauline peyraud magnin,France,lineup_fallback_first_gk,,,False,,low_left,0,saved,True,18,6,6,statsbomb_open_data_fd692d68-3e9a-47ab-96e1-e763890cd9e1,2026-06-24T16:04:38.431710+00:00,False,False,False,False,True,True,False
statsbomb_open_data,f1f18a41-7f27-4efd-ac55-b92dee2214aa,3902968,3871,72,107,Women's World Cup,2023,International,Quarter-finals,2023-08-12,1205,Australia Women's,861,France Women's,Victoria Park,María Belén Carvajal Peña,5,138,11,49233,Vicki Becho,vicki becho,861,France Women's,Right Midfield,108.0,40.0,120.0,36.0,0.2,Post,Right Foot,Normal,0.7835,1,42787.0,Mackenzie Arnold,mackenzie arnold,Australia,lineup_position_window,119.5,40.1,True,,low_left,0,missed,True,19,6,6,statsbomb_open_data_f1f18a41-7f27-4efd-ac55-b92dee2214aa,2026-06-24T16:04:38.431710+00:00,False,False,False,False,False,False,False
statsbomb_open_data,454104f5-7ab0-4a3c-af29-cf1af5ee3b76,3902968,3873,72,107,Women's World Cup,2023,International,Quarter-finals,2023-08-12,1205,Australia Women's,861,France Women's,Victoria Park,María Belén Carvajal Peña,5,139,5,401634,Cortnee Brooke Vine,cortnee brooke vine,1205,Australia Women's,Right Midfield,108.0,40.0,120.0,42.2,0.2,Goal,Right Foot,Normal,0.7835,0,15615.0,Pauline Peyraud Magnin,pauline peyraud magnin,France,lineup_fallback_first_gk,,,False,,low_right,1,scored,True,20,6,6,statsbomb_open_data_454104f5-7ab0-4a3c-af29-cf1af5ee3b76,2026-06-24T16:04:38.431710+00:00,False,False,False,False,True,True,False
statsbomb_open_data,b1f619b0-3176-4ff7-af12-43f39e01321f,3906389,990,72,107,Women's World Cup,2023,International,3rd Place Final,2023-08-19,858,Sweden Women's,1205,Australia Women's,Victoria Park,Cheryl Foster,1,29,10,10215,Fridolina Rolfö,fridolina rolfo,858,Sweden Women's,Left Wing,108.0,40.0,120.0,43.5,0.3,Goal,Left Foot,Normal,0.7835,0,42787.0,Mackenzie Arnold,mackenzie arnold,Australia,lineup_position_window,,,False,,low_right,1,scored,False,,,,statsbomb_open_data_b1f619b0-3176-4ff7-af12-43f39e01321f,2026-06-24T16:04:38.431710+00:00,False,False,False,False,True,True,False
statsbomb_open_data,cbe15a9c-da5e-4005-a46f-4ded6839727b,3906390,2700,72,107,Women's World Cup,2023,International,Final,2023-08-20,863,Spain Women's,865,England Women's,Accor Stadium,Tori Penso,2,69,1,10151,Jennifer Hermoso Fuentes,jennifer hermoso fuentes,863,Spain Women's,Center Attacking Midfield,108.1,40.1,119.2,43.2,0.2,Saved,Left Foot,Normal,0.7835,0,31538.0,Mary Alexandra Earps,mary alexandra earps,England,lineup_position_window,,,False,,low_right,0,saved,False,,,,statsbomb_open_data_cbe15a9c-da5e-4005-a46f-4ded6839727b,2026-06-24T16:04:38.431710+00:00,False,False,False,False,True,True,False
statsbomb_open_data,d51996c0-0965-413d-8d1d-e562d5420546,3910621,182,131,281,Serie A Women,2023/2024,Italy,Regular Season,2023-09-16,1086,Fiorentina W,3154,Sassuolo W,Stadio Comunale Gino Bozzi,Gabriele Sacchi,1,4,35,10206,Daniela Sabatino,daniela sabatino,3154,Sassuolo W,Right Center Forward,108.0,40.0,120.0,37.1,2.0,Goal,Right Foot,Normal,0.7835,0,45727.0,Katja Schroffenegger,katja schroffenegger,Italy,lineup_position_window,,,False,,high_left,1,scored,False,,,,statsbomb_open_data_d51996c0-0965-413d-8d1d-e562d5420546,2026-06-24T16:04:38.431710+00:00,False,False,False,False,True,True,False
statsbomb_open_data,1ab85dad-ea26-49c5-ac32-2789d03d362f,3910740,2760,182,281,Liga F,2023/2024,Spain,Regular Season,2023-10-05,937,Barcelona WFC,3277,Valencia CF,Estadi Johan Cruyff,Paola Cebollada López,2,62,37,10143,Alexia Putellas Segura,alexia putellas segura,937,Barcelona WFC,Center Forward,108.1,40.1,120.0,43.5,1.8,Goal,Left Foot,Normal,0.7835,0,50825.0,Enith Salón,enith salon,Spain,lineup_position_window,,,False,,low_right,1,scored,False,,,,statsbomb_open_data_1ab85dad-ea26-49c5-ac32-2789d03d362f,2026-06-24T16:04:38.431710+00:00,False,False,False,False,True,True,False
statsbomb_open_data,00fc12a1-8cb2-4327-9022-cc3e4b3eb28a,3910741,2305,182,281,Liga F,2023/2024,Spain,Regular Season,2023-10-04,3272,Real Sociedad de Fútbol,3274,Levante UD Femenino,Instalaciones de Zubieta,Alicia Espinosa Ríos,2,53,6,144143,Érika González Lombídez,erika gonzalez lombidez,3274,Levante UD Femenino,Left Center Forward,108.1,40.1,120.0,43.9,0.2,Goal,Right Foot,Normal,0.7835,0,52339.0,Elene Lete Para,elene lete para,Spain,lineup_position_window,,,False,,low_right,1,scored,False,,,,statsbomb_open_data_00fc12a1-8cb2-4327-9022-cc3e4b3eb28a,2026-06-24T16:04:38.431710+00:00,False,False,False,False,True,True,False
statsbomb_open_data,be27ab50-1b62-4bfb-a45c-fc00b0e4e431,3910747,1814,182,281,Liga F,2023/2024,Spain,Regular Season,2023-09-16,3275,SD Eibar,11864,FC Levante Badalona,Estadio Municipal de Ipurúa,Andrea Fernández Firvida,2,57,12,89009,Yasmin Katie Mrabet,yasmin katie mrabet,11864,FC Levante Badalona,Center Defensive Midfield,108.1,40.1,120.0,43.5,1.3,Goal,Right Foot,Normal,0.7835,0,408652.0,María Miralles Gascón,maria miralles gascon,Spain,lineup_position_window,,,False,,low_right,1,scored,False,,,,statsbomb_open_data_be27ab50-1b62-4bfb-a45c-fc00b0e4e431,2026-06-24T16:04:38.431710+00:00,False,False,False,False,True,True,False
statsbomb_open_data,d4677a46-e62c-4d7e-a09c-081db0e5cc3a,3910936,3000,182,281,Liga F,2023/2024,Spain,Regular Season,2023-10-01,3280,CD Sporting de Huelva,937,Barcelona WFC,Estadio Nuevo Colombino,Beatriz Cuesta Arribas,2,78,18,10143,Alexia Putellas Segura,alexia putellas segura,937,Barcelona WFC,Center Forward,108.1,40.1,118.9,38.4,1.4,Saved,Left Foot,Normal,0.7835,0,53179.0,Chelsea Ashurst,chelsea ashurst,England,lineup_position_window,,,False,,low_left,0,saved,False,,,,statsbomb_open_data_d4677a46-e62c-4d7e-a09c-081db0e5cc3a,2026-06-24T16:04:38.431710+00:00,False,False,False,False,True,True,False
statsbomb_open_data,5d7a3dc6-e020-4355-b998-9d1767e6fc34,3910938,2218,182,281,Liga F,2023/2024,Spain,Regular Season,2023-10-01,11864,FC Levante Badalona,3270,Athletic Club Bilbao,Camp Municipal Les Planes,Raquel Suárez González,2,59,34,50892,Cristina Baudet Lucena,cristina baudet lucena,11864,FC Levante Badalona,Left Midfield,108.0,40.0,120.0,42.9,0.5,Goal,Right Foot,Normal,0.7835,0,50355.0,María Asunción Quiñones Goikoetxea,maria asuncion quinones goikoetxea,Spain,lineup_position_window,,,False,,low_right,1,scored,False,,,,statsbomb_open_data_5d7a3dc6-e020-4355-b998-9d1767e6fc34,2026-06-24T16:04:38.431710+00:00,False,False,False,False,True,True,False
statsbomb_open_data,048aa6b6-4c4c-4070-92ef-11440ba1f041,3910939,3103,182,281,Liga F,2023/2024,Spain,Regular Season,2023-10-08,3278,Madrid CFF,18938,Granada W,Estadio Fernando Torres,Olatz Rivera Olmedo,2,84,25,50105,Ana González Rosa,ana gonzalez rosa,3278,Madrid CFF,Right Defensive Midfield,108.1,40.1,120.0,36.6,1.3,Goal,Right Foot,Normal,0.7835,0,409190.0,Andrea Romero Burgos,andrea romero burgos,Spain,lineup_position_window,,,False,,low_left,1,scored,False,,,,statsbomb_open_data_048aa6b6-4c4c-4070-92ef-11440ba1f041,2026-06-24T16:04:38.431710+00:00,False,False,False,False,True,True,False
statsbomb_open_data,a6320431-cee7-44fb-9444-c7588b9b8e48,3910944,1835,182,281,Liga F,2023/2024,Spain,Regular Season,2023-10-08,3279,Real Betis Balompié,3274,Levante UD Femenino,Ciudad Deportiva Luis de Sol,Elisabeth Calvo Valentín,1,42,8,144143,Érika González Lombídez,erika gonzalez lombidez,3274,Levante UD Femenino,Right Center Forward,108.1,40.1,120.0,37.0,0.2,Goal,Right Foot,Normal,0.7835,0,50109.0,Malena Mieres García,malena mieres garcia,Spain,lineup_position_window,,,False,,low_left,1,scored,False,,,,statsbomb_open_data_a6320431-cee7-44fb-9444-c7588b9b8e48,2026-06-24T16:04:38.431710+00:00,False,False,False,False,True,True,False
statsbomb_open_data,af86d661-b47e-4ebe-8072-8f39023e7088,3910951,2569,182,281,Liga F,2023/2024,Spain,Regular Season,2023-10-15,3280,CD Sporting de Huelva,3278,Madrid CFF,Campo Federativo de la Orden,Ainara Andrea Acevedo Dudley,2,65,30,5071,Monica Hickmann Alves,monica hickmann alves,3278,Madrid CFF,Left Center Back,108.0,40.0,118.6,37.8,0.9,Saved,Right Foot,Normal,0.7835,0,46998.0,Zala Meršnik,zala mersnik,Slovenia,lineup_position_window,,,False,,low_left,0,saved,False,,,,statsbomb_open_data_af86d661-b47e-4ebe-8072-8f39023e7088,2026-06-24T16:04:38.431710+00:00,False,False,False,False,True,True,False
statsbomb_open_data,0f29c903-2a58-44e4-a51f-616e9e60fd90,3910951,2893,182,281,Liga F,2023/2024,Spain,Regular Season,2023-10-15,3280,CD Sporting de Huelva,3278,Madrid CFF,Campo Federativo de la Orden,Ainara Andrea Acevedo Dudley,2,74,53,50105,Ana González Rosa,ana gonzalez rosa,3278,Madrid CFF,Right Defensive Midfield,108.0,40.0,118.9,42.2,0.9,Saved,Right Foot,Normal,0.7835,0,46998.0,Zala Meršnik,zala mersnik,Slovenia,lineup_position_window,,,False,,low_right,0,saved,False,,,,statsbomb_open_data_0f29c903-2a58-44e4-a51f-616e9e60fd90,2026-06-24T16:04:38.431710+00:00,False,False,False,False,True,True,False
statsbomb_open_data,f07f15af-0e8e-4e11-9641-0a061f755802,3910977,1802,182,281,Liga F,2023/2024,Spain,Regular Season,2023-11-11,3280,CD Sporting de Huelva,3279,Real Betis Balompié,Campo del CD Lamiya,Zulema González González,1,47,8,50098,Rosa Márquez Baena,rosa marquez baena,3279,Real Betis Balompié,Right Midfield,108.1,40.1,120.0,43.0,0.2,Goal,Right Foot,Normal,0.7835,0,53179.0,Chelsea Ashurst,chelsea ashurst,England,lineup_position_window,,,False,,low_right,1,scored,False,,,,statsbomb_open_data_f07f15af-0e8e-4e11-9641-0a061f755802,2026-06-24T16:04:38.431710+00:00,False,False,False,False,True,True,False
statsbomb_open_data,6d480c0d-93c2-4494-bb48-15ca19ceffb6,3910983,1821,182,281,Liga F,2023/2024,Spain,Regular Season,2023-11-18,3277,Valencia CF,3270,Athletic Club Bilbao,Estadio Antonio Puchades,Amy Peñalver Pearce,1,42,25,123549,Clara Pinedo Castresana,clara pinedo castresana,3270,Athletic Club Bilbao,Right Center Forward,108.0,40.0,120.0,42.3,1.7,Goal,Right Foot,Normal,0.7835,0,50825.0,Enith Salón,enith salon,Spain,lineup_position_window,,,False,,low_right,1,scored,False,,,,statsbomb_open_data_6d480c0d-93c2-4494-bb48-15ca19ceffb6,2026-06-24T16:04:38.431710+00:00,False,False,False,False,True,True,False
statsbomb_open_data,7a743645-a7b8-4ee8-bdeb-5be9708ae612,3910988,2769,182,281,Liga F,2023/2024,Spain,Regular Season,2023-11-26,11864,FC Levante Badalona,3278,Madrid CFF,Camp Municipal Les Planes,Zulema González González,2,66,44,5071,Monica Hickmann Alves,monica hickmann alves,3278,Madrid CFF,Left Center Back,108.0,40.0,120.0,37.2,1.3,Goal,Right Foot,Normal,0.7835,0,66468.0,Nayluisa Jhaylenny Cáceres Acevedo,nayluisa jhaylenny caceres acevedo,Venezuela (Bolivarian Republic),lineup_position_window,,,False,,low_left,1,scored,False,,,,statsbomb_open_data_7a743645-a7b8-4ee8-bdeb-5be9708ae612,2026-06-24T16:04:38.431710+00:00,False,False,False,False,True,True,False
statsbomb_open_data,180008cb-f60d-47d6-8891-656316d5a9bc,3910997,3313,182,281,Liga F,2023/2024,Spain,Regular Season,2023-12-10,6604,Villarreal,11864,FC Levante Badalona,Ciudad Deportiva del Villarreal,Patricia Luna Varo,2,96,32,49839,Jessica Dahiana Martínez Villagra,jessica dahiana martinez villagra,11864,FC Levante Badalona,Left Center Forward,108.1,40.1,120.0,36.6,0.2,Goal,Right Foot,Normal,0.7835,0,143563.0,Carmen Carbonell Gil,carmen carbonell gil,Spain,lineup_position_window,,,False,,low_left,1,scored,False,,,,statsbomb_open_data_180008cb-f60d-47d6-8891-656316d5a9bc,2026-06-24T16:04:38.431710+00:00,False,False,False,False,True,True,False
statsbomb_open_data,559976d5-7fcc-48ec-8845-95a6d32da2a8,3910999,3287,182,281,Liga F,2023/2024,Spain,Regular Season,2023-12-10,3277,Valencia CF,3278,Madrid CFF,Estadio Antonio Puchades,Ainara Andrea Acevedo Dudley,2,90,25,50105,Ana González Rosa,ana gonzalez rosa,3278,Madrid CFF,Right Defensive Midfield,108.1,40.1,120.0,36.8,1.5,Goal,Right Foot,Normal,0.7835,0,408998.0,Antonia Ignacia Canales Pacheco,antonia ignacia canales pacheco,Chile,lineup_position_window,,,False,,low_left,1,scored,False,,,,statsbomb_open_data_559976d5-7fcc-48ec-8845-95a6d32da2a8,2026-06-24T16:04:38.431710+00:00,False,False,False,False,True,True,False
statsbomb_open_data,61a8847f-46e4-40a9-892a-3c2f79bad3bf,3911003,3069,182,281,Liga F,2023/2024,Spain,Regular Season,2023-12-17,11864,FC Levante Badalona,3282,Real Madrid CF W,Ciudad Deportiva de Buñol - Campo 1,Andrea Fernández Firvida,2,79,27,49836,Olga  Carmona García,olga carmona garcia,3282,Real Madrid CF W,Left Back,108.1,40.1,120.0,36.8,0.2,Goal,Left Foot,Normal,0.7835,0,66468.0,Nayluisa Jhaylenny Cáceres Acevedo,nayluisa jhaylenny caceres acevedo,Venezuela (Bolivarian Republic),lineup_position_window,,,False,,low_left,1,scored,False,,,,statsbomb_open_data_61a8847f-46e4-40a9-892a-3c2f79bad3bf,2026-06-24T16:04:38.431710+00:00,False,False,False,False,True,True,False
statsbomb_open_data,527e44e7-6101-4889-be3e-fa00084cbfa7,3911008,1998,182,281,Liga F,2023/2024,Spain,Regular Season,2023-12-17,3269,Costa Adeje Tenerife,937,Barcelona WFC,Estadio Heliodoro Rodríguez Lopéz,Amy Peñalver Pearce,2,48,10,10386,Caroline Graham Hansen,caroline graham hansen,937,Barcelona WFC,Right Wing,108.1,40.1,120.0,37.3,0.3,Goal,Right Foot,Normal,0.7835,0,49989.0,Aline Villares Reis,aline villares reis,Brazil,lineup_position_window,,,False,,low_left,1,scored,False,,,,statsbomb_open_data_527e44e7-6101-4889-be3e-fa00084cbfa7,2026-06-24T16:04:38.431710+00:00,False,False,False,False,True,True,False
statsbomb_open_data,6e69498d-dfb9-415d-b57c-7ce842542f46,3911293,962,182,281,Liga F,2023/2024,Spain,Regular Season,2024-01-06,937,Barcelona WFC,11864,FC Levante Badalona,Estadi Johan Cruyff,Alicia Espinosa Ríos,1,22,35,10161,María Francesca Caldentey Oliver,maria francesca caldentey oliver,937,Barcelona WFC,Center Forward,108.0,40.0,120.0,43.5,0.5,Goal,Right Foot,Normal,0.7835,0,66468.0,Nayluisa Jhaylenny Cáceres Acevedo,nayluisa jhaylenny caceres acevedo,Venezuela (Bolivarian Republic),lineup_position_window,,,False,,low_right,1,scored,False,,,,statsbomb_open_data_6e69498d-dfb9-415d-b57c-7ce842542f46,2026-06-24T16:04:38.431710+00:00,False,False,False,False,True,True,False
statsbomb_open_data,adf5a3bf-fccc-4576-93fb-90ce389b1e6a,3911299,3278,182,281,Liga F,2023/2024,Spain,Regular Season,2024-01-07,3279,Real Betis Balompié,18938,Granada W,Ciudad Deportiva Luis de Sol,María Eugenia Gil,2,92,44,409196,Carlota Suárez Crespo,carlota suarez crespo,18938,Granada W,Center Forward,108.1,40.1,119.4,43.2,0.2,Saved,Right Foot,Normal,0.7835,0,50109.0,Malena Mieres García,malena mieres garcia,Spain,lineup_position_window,,,False,,low_right,0,saved,False,,,,statsbomb_open_data_adf5a3bf-fccc-4576-93fb-90ce389b1e6a,2026-06-24T16:04:38.431710+00:00,False,False,False,False,True,True,False
statsbomb_open_data,1b4d44bc-c7d2-42ca-9cbb-636edba90381,3911305,1099,182,281,Liga F,2023/2024,Spain,Regular Season,2024-01-21,18938,Granada W,3280,CD Sporting de Huelva,Ciudad Deportiva del Granada CF,Ylenia Sánchez Miguel,1,30,59,50168,Laia Balleste,laia balleste,3280,CD Sporting de Huelva,Right Center Back,108.0,40.0,120.0,42.8,1.5,Goal,Right Foot,Normal,0.7835,0,409183.0,Sandra Estévez Ogalla,sandra estevez ogalla,Spain,lineup_position_window,,,False,,low_right,1,scored,False,,,,statsbomb_open_data_1b4d44bc-c7d2-42ca-9cbb-636edba90381,2026-06-24T16:04:38.431710+00:00,False,False,False,False,True,True,False
statsbomb_open_data,8393dc46-6102-40ce-a0ba-878ea509f022,3911307,787,182,281,Liga F,2023/2024,Spain,Regular Season,2024-02-14,1105,Atletico Madrid W,3282,Real Madrid CF W,Centro Deportivo Alcalá de Henares,Ainara Andrea Acevedo Dudley,1,21,40,49836,Olga  Carmona García,olga carmona garcia,3282,Real Madrid CF W,Left Back,108.1,40.1,120.0,39.0,1.2,Goal,Left Foot,Normal,0.7835,0,45667.0,María Dolores Gallardo Nuñez,maria dolores gallardo nunez,Spain,lineup_position_window,,,False,,low_center,1,scored,False,,,,statsbomb_open_data_8393dc46-6102-40ce-a0ba-878ea509f022,2026-06-24T16:04:38.431710+00:00,False,False,False,False,True,True,False
statsbomb_open_data,cdd28f36-b215-42d8-a6ae-0e7f05f56d51,3911308,2614,182,281,Liga F,2023/2024,Spain,Regular Season,2024-01-27,3270,Athletic Club Bilbao,3282,Real Madrid CF W,Estadio San Mamés,Paola Cebollada López,2,59,26,49913,Athenea del Castillo Belvide,athenea del castillo belvide,3282,Real Madrid CF W,Right Center Forward,108.1,40.1,119.3,37.8,2.0,Saved,Right Foot,Normal,0.7835,1,50371.0,Adriana Nanclares Romero,adriana nanclares romero,Spain,lineup_position_window,119.4,40.2,True,,high_left,0,saved,False,,,,statsbomb_open_data_cdd28f36-b215-42d8-a6ae-0e7f05f56d51,2026-06-24T16:04:38.431710+00:00,False,False,False,False,False,False,False
statsbomb_open_data,cb10a398-dbb1-4454-903a-e7cdb34c11d8,3911472,892,182,281,Liga F,2023/2024,Spain,Regular Season,2024-02-04,937,Barcelona WFC,3280,CD Sporting de Huelva,Estadi Johan Cruyff,Elia María Martínez Martínez,1,25,32,32838,Claudia Pina Medina,claudia pina medina,937,Barcelona WFC,Left Wing,108.1,40.1,120.0,36.8,0.0,Goal,Right Foot,Normal,0.7835,0,46998.0,Zala Meršnik,zala mersnik,Slovenia,lineup_position_window,,,False,,low_left,1,scored,False,,,,statsbomb_open_data_cb10a398-dbb1-4454-903a-e7cdb34c11d8,2026-06-24T16:04:38.431710+00:00,False,False,False,False,True,True,False
statsbomb_open_data,307db768-f7f4-49b6-a358-e3e725ce70fb,3911473,1173,182,281,Liga F,2023/2024,Spain,Regular Season,2024-02-03,3278,Madrid CFF,3281,Sevilla FC,Estadio Fernando Torres,Olatz Rivera Olmedo,1,34,21,5071,Monica Hickmann Alves,monica hickmann alves,3278,Madrid CFF,Left Center Back,108.1,40.1,119.2,37.8,1.2,Saved,Right Foot,Normal,0.7835,0,49887.0,Esther Sullastres Ayuso,esther sullastres ayuso,Spain,lineup_position_window,,,False,,low_left,0,saved,False,,,,statsbomb_open_data_307db768-f7f4-49b6-a358-e3e725ce70fb,2026-06-24T16:04:38.431710+00:00,False,False,False,False,True,True,False
statsbomb_open_data,da08215e-6171-4836-b07d-e1d965f72a74,3911477,2227,182,281,Liga F,2023/2024,Spain,Regular Season,2024-02-03,18938,Granada W,3270,Athletic Club Bilbao,Ciudad Deportiva del Granada CF,Ainara Andrea Acevedo Dudley,2,61,14,136433,Naima García Aguilar,naima garcia aguilar,18938,Granada W,Center Forward,108.2,40.1,120.0,43.5,0.2,Goal,Left Foot,Normal,0.7835,0,50355.0,María Asunción Quiñones Goikoetxea,maria asuncion quinones goikoetxea,Spain,lineup_position_window,,,False,,low_right,1,scored,False,,,,statsbomb_open_data_da08215e-6171-4836-b07d-e1d965f72a74,2026-06-24T16:04:38.431710+00:00,False,False,False,False,True,True,False
statsbomb_open_data,12f8a670-b3be-44e2-82ca-96273cd9e913,3911487,3578,182,281,Liga F,2023/2024,Spain,Regular Season,2024-02-18,3278,Madrid CFF,11864,FC Levante Badalona,Estadio Fernando Torres,Elia María Martínez Martínez,2,98,36,50892,Cristina Baudet Lucena,cristina baudet lucena,11864,FC Levante Badalona,Left Midfield,108.2,40.1,119.6,42.2,0.8,Saved,Right Foot,Normal,0.7835,0,49997.0,Paola Ulloa Jiménez,paola ulloa jimenez,Spain,lineup_position_window,,,False,,low_right,0,saved,False,,,,statsbomb_open_data_12f8a670-b3be-44e2-82ca-96273cd9e913,2026-06-24T16:04:38.431710+00:00,False,False,False,False,True,True,False
statsbomb_open_data,d526dfc1-b92b-4b5c-8df5-d2842eb56459,3911490,2891,182,281,Liga F,2023/2024,Spain,Regular Season,2024-02-17,18938,Granada W,3281,Sevilla FC,Ciudad Deportiva del Granada CF,Marta Huerta de Aza,2,89,12,136433,Naima García Aguilar,naima garcia aguilar,18938,Granada W,Left Midfield,108.1,40.1,120.0,43.6,0.2,Goal,Left Foot,Normal,0.7835,0,49887.0,Esther Sullastres Ayuso,esther sullastres ayuso,Spain,lineup_position_window,,,False,,low_right,1,scored,False,,,,statsbomb_open_data_d526dfc1-b92b-4b5c-8df5-d2842eb56459,2026-06-24T16:04:38.431710+00:00,False,False,False,False,True,True,False
statsbomb_open_data,ee683afb-ab14-45be-b4d7-3d717a25ed48,3911491,955,182,281,Liga F,2023/2024,Spain,Regular Season,2024-02-18,3282,Real Madrid CF W,3269,Costa Adeje Tenerife,Estadio Alfredo Di Stéfano,María Eugenia Gil,1,27,26,49836,Olga  Carmona García,olga carmona garcia,3282,Real Madrid CF W,Left Back,108.1,40.1,120.0,42.9,1.6,Goal,Left Foot,Normal,0.7835,0,49989.0,Aline Villares Reis,aline villares reis,Brazil,lineup_position_window,,,False,,low_right,1,scored,False,,,,statsbomb_open_data_ee683afb-ab14-45be-b4d7-3d717a25ed48,2026-06-24T16:04:38.431710+00:00,False,False,False,False,True,True,False
statsbomb_open_data,24d78fe5-aa9d-44ab-9c4a-399b4f4feb52,3911495,3019,182,281,Liga F,2023/2024,Spain,Regular Season,2024-03-09,3278,Madrid CFF,3275,SD Eibar,Estadio Fernando Torres,Elena Arnillas,2,80,49,408655,Esperanza Pizarro Pagalday,esperanza pizarro pagalday,3275,SD Eibar,Left Wing,108.1,40.1,120.0,42.7,3.4,Off T,Right Foot,Normal,0.7835,1,49997.0,Paola Ulloa Jiménez,paola ulloa jimenez,Spain,lineup_position_window,119.3,40.0,True,,high_right,0,missed,False,,,,statsbomb_open_data_24d78fe5-aa9d-44ab-9c4a-399b4f4feb52,2026-06-24T16:04:38.431710+00:00,False,False,False,False,False,False,False
statsbomb_open_data,1dcd63be-266b-4e6d-b917-4cbdbbff7528,3911500,1682,182,281,Liga F,2023/2024,Spain,Regular Season,2024-03-10,3277,Valencia CF,3279,Real Betis Balompié,Estadio Antonio Puchades,Zulema González González,1,47,13,50818,Julia Aguado,julia aguado,3279,Real Betis Balompié,Left Center Forward,108.1,40.1,119.0,37.7,0.7,Saved,Right Foot,Normal,0.7835,0,408998.0,Antonia Ignacia Canales Pacheco,antonia ignacia canales pacheco,Chile,lineup_position_window,,,False,,low_left,0,saved,False,,,,statsbomb_open_data_1dcd63be-266b-4e6d-b917-4cbdbbff7528,2026-06-24T16:04:38.431710+00:00,False,False,False,False,True,True,False
statsbomb_open_data,9f87b884-4984-42e1-bb3c-850201c6888d,3911500,1757,182,281,Liga F,2023/2024,Spain,Regular Season,2024-03-10,3277,Valencia CF,3279,Real Betis Balompié,Estadio Antonio Puchades,Zulema González González,2,47,42,45288,Ana Marcos Moral,ana marcos moral,3277,Valencia CF,Center Forward,108.1,40.1,120.0,43.2,1.5,Goal,Right Foot,Normal,0.7835,0,137528.0,Paula Vizoso Prieto,paula vizoso prieto,Spain,lineup_position_window,,,False,,low_right,1,scored,False,,,,statsbomb_open_data_9f87b884-4984-42e1-bb3c-850201c6888d,2026-06-24T16:04:38.431710+00:00,False,False,False,False,True,True,False
statsbomb_open_data,68a37a02-0891-493a-8cb5-39505371aebe,3911502,394,182,281,Liga F,2023/2024,Spain,Regular Season,2024-03-09,3269,Costa Adeje Tenerife,6604,Villarreal,Campo de Fútbol de Adeje,Ylenia Sánchez Miguel,1,13,44,53185,Fatoumata Kanteh Cham,fatoumata kanteh cham,6604,Villarreal,Right Wing,108.2,40.1,119.5,37.8,0.2,Saved,Right Foot,Normal,0.7835,0,50024.0,Noelia Ramos Álvarez,noelia ramos alvarez,Spain,lineup_fallback_first_gk,,,False,,low_left,0,saved,False,,,,statsbomb_open_data_68a37a02-0891-493a-8cb5-39505371aebe,2026-06-24T16:04:38.431710+00:00,False,False,False,False,True,True,False
statsbomb_open_data,a452bc40-a27d-43d6-aade-0c0a3c80678d,3911508,3202,182,281,Liga F,2023/2024,Spain,Regular Season,2024-03-16,3280,CD Sporting de Huelva,3274,Levante UD Femenino,Ciudad Deportiva Decáno del Fútbol Español,Paola Cebollada López,2,84,20,136429,Miku Kojima,miku kojima,3280,CD Sporting de Huelva,Left Defensive Midfield,108.0,40.0,120.0,43.1,0.3,Goal,Right Foot,Normal,0.7835,0,50161.0,Maria López,maria lopez,Spain,lineup_position_window,,,False,,low_right,1,scored,False,,,,statsbomb_open_data_a452bc40-a27d-43d6-aade-0c0a3c80678d,2026-06-24T16:04:38.431710+00:00,False,False,False,False,True,True,False
statsbomb_open_data,bbc2bfd6-2f23-4ec7-976f-cf6f2cd9855a,3911512,2751,182,281,Liga F,2023/2024,Spain,Regular Season,2024-03-24,3278,Madrid CFF,3280,CD Sporting de Huelva,Estadio Fernando Torres,Arantza Gallastegui Pérez,2,68,8,5071,Monica Hickmann Alves,monica hickmann alves,3278,Madrid CFF,Left Center Back,108.0,40.0,120.0,36.5,0.0,Goal,Right Foot,Normal,0.7835,0,53179.0,Chelsea Ashurst,chelsea ashurst,England,lineup_position_window,,,False,,low_left,1,scored,False,,,,statsbomb_open_data_bbc2bfd6-2f23-4ec7-976f-cf6f2cd9855a,2026-06-24T16:04:38.431710+00:00,False,False,False,False,True,True,False
statsbomb_open_data,4c7112c9-e674-4697-8710-e712512be2c6,3911516,2921,182,281,Liga F,2023/2024,Spain,Regular Season,2024-03-23,3277,Valencia CF,18938,Granada W,Estadio Antonio Puchades,Elia María Martínez Martínez,2,90,15,409186,Laura Requena Sánchez,laura requena sanchez,18938,Granada W,Center Attacking Midfield,108.1,40.1,120.0,37.1,1.2,Goal,Right Foot,Normal,0.7835,0,408998.0,Antonia Ignacia Canales Pacheco,antonia ignacia canales pacheco,Chile,lineup_position_window,,,False,,low_left,1,scored,False,,,,statsbomb_open_data_4c7112c9-e674-4697-8710-e712512be2c6,2026-06-24T16:04:38.431710+00:00,False,False,False,False,True,True,False
statsbomb_open_data,69ca5409-b6b5-41fd-a7a9-85aa5dd56095,3911519,1817,182,281,Liga F,2023/2024,Spain,Regular Season,2024-03-31,3270,Athletic Club Bilbao,11864,FC Levante Badalona,Instalaciones de Lezama Campo 2,Raquel Suárez González,1,43,7,53958,Allegra Poljak,allegra poljak,11864,FC Levante Badalona,Right Midfield,108.0,40.0,119.1,42.3,0.5,Saved,Right Foot,Normal,0.7835,0,50371.0,Adriana Nanclares Romero,adriana nanclares romero,Spain,lineup_position_window,,,False,,low_right,0,saved,False,,,,statsbomb_open_data_69ca5409-b6b5-41fd-a7a9-85aa5dd56095,2026-06-24T16:04:38.431710+00:00,False,False,False,False,True,True,False
statsbomb_open_data,01779040-c23c-42fc-b0db-bb480ea44840,3911528,2559,182,281,Liga F,2023/2024,Spain,Regular Season,2024-04-13,937,Barcelona WFC,6604,Villarreal,Estadi Johan Cruyff,Andrea Fernández Firvida,2,69,21,10143,Alexia Putellas Segura,alexia putellas segura,937,Barcelona WFC,Left Center Midfield,108.1,40.1,120.0,37.1,0.2,Goal,Left Foot,Normal,0.7835,0,143563.0,Carmen Carbonell Gil,carmen carbonell gil,Spain,lineup_position_window,,,False,,low_left,1,scored,False,,,,statsbomb_open_data_01779040-c23c-42fc-b0db-bb480ea44840,2026-06-24T16:04:38.431710+00:00,False,False,False,False,True,True,False
statsbomb_open_data,64a3b610-8ea4-4415-a1f7-d615a3cce3a6,3911530,590,182,281,Liga F,2023/2024,Spain,Regular Season,2024-04-13,3275,SD Eibar,3281,Sevilla FC,Estadio Municipal de Ipurúa,Elisabeth Calvo Valentín,1,17,28,50042,Maria Inmaculada Gabarro Romero,maria inmaculada gabarro romero,3281,Sevilla FC,Center Forward,107.9,40.0,119.4,37.4,0.2,Saved,Right Foot,Normal,0.7835,0,408652.0,María Miralles Gascón,maria miralles gascon,Spain,lineup_position_window,,,False,,low_left,0,saved,False,,,,statsbomb_open_data_64a3b610-8ea4-4415-a1f7-d615a3cce3a6,2026-06-24T16:04:38.431710+00:00,False,False,False,False,True,True,False
statsbomb_open_data,5ed974a0-3612-4577-b5d5-301e50b208bf,3911533,58,182,281,Liga F,2023/2024,Spain,Regular Season,2024-04-14,3269,Costa Adeje Tenerife,3278,Madrid CFF,Campo de Fútbol de Adeje,María Planes Terol,1,2,17,49992,Patricia Gavira Collado,patricia gavira collado,3269,Costa Adeje Tenerife,Left Center Back,108.2,40.1,120.0,38.8,1.6,Goal,Left Foot,Normal,0.7835,0,49997.0,Paola Ulloa Jiménez,paola ulloa jimenez,Spain,lineup_position_window,,,False,,low_center,1,scored,False,,,,statsbomb_open_data_5ed974a0-3612-4577-b5d5-301e50b208bf,2026-06-24T16:04:38.431710+00:00,False,False,False,False,True,True,False
statsbomb_open_data,e86bbcb5-658d-42a5-93e2-2ce610338aa0,3911534,1330,182,281,Liga F,2023/2024,Spain,Regular Season,2024-04-13,11864,FC Levante Badalona,3279,Real Betis Balompié,Camp Municipal Les Planes,Zulema González González,1,47,8,142137,María de los Ángeles Carrión Egido,maria de los angeles carrion egido,3279,Real Betis Balompié,Left Defensive Midfield,108.0,40.0,120.0,39.8,0.0,Goal,Right Foot,Normal,0.7835,0,66468.0,Nayluisa Jhaylenny Cáceres Acevedo,nayluisa jhaylenny caceres acevedo,Venezuela (Bolivarian Republic),lineup_position_window,,,False,,low_center,1,scored,False,,,,statsbomb_open_data_e86bbcb5-658d-42a5-93e2-2ce610338aa0,2026-06-24T16:04:38.431710+00:00,False,False,False,False,True,True,False
statsbomb_open_data,0a98388c-0d65-4d63-b252-c9758dc1045c,3911541,1822,182,281,Liga F,2023/2024,Spain,Regular Season,2024-04-20,3280,CD Sporting de Huelva,3275,SD Eibar,Ciudad Deportiva Decáno del Fútbol Español,Elena Arnillas,2,54,1,63425,Patrícia Hmírová,patricia hmirova,3280,CD Sporting de Huelva,Right Wing,108.0,40.0,119.2,42.7,0.6,Saved,Right Foot,Normal,0.7835,0,408652.0,María Miralles Gascón,maria miralles gascon,Spain,lineup_position_window,,,False,,low_right,0,saved,False,,,,statsbomb_open_data_0a98388c-0d65-4d63-b252-c9758dc1045c,2026-06-24T16:04:38.431710+00:00,False,False,False,False,True,True,False
statsbomb_open_data,4403ee52-2532-467f-8ee0-156b76206688,3911542,2497,182,281,Liga F,2023/2024,Spain,Regular Season,2024-04-21,6604,Villarreal,3281,Sevilla FC,Ciudad Deportiva del Villarreal,Arantza Gallastegui Pérez,2,72,23,50100,Rosa Otermin Abella,rosa otermin abella,3281,Sevilla FC,Left Back,108.1,40.1,120.0,43.5,0.8,Goal,Left Foot,Normal,0.7835,0,143563.0,Carmen Carbonell Gil,carmen carbonell gil,Spain,lineup_position_window,,,False,,low_right,1,scored,False,,,,statsbomb_open_data_4403ee52-2532-467f-8ee0-156b76206688,2026-06-24T16:04:38.431710+00:00,False,False,False,False,True,True,False
statsbomb_open_data,f2403293-f5b7-4559-b297-eda9e961d195,3911552,2212,182,281,Liga F,2023/2024,Spain,Regular Season,2024-05-04,1105,Atletico Madrid W,3269,Costa Adeje Tenerife,Centro Deportivo Alcalá de Henares,Ylenia Sánchez Miguel,2,70,5,25542,Ludmila da Silva,ludmila da silva,1105,Atletico Madrid W,Center Forward,108.1,40.1,120.0,43.1,1.6,Goal,Right Foot,Normal,0.7835,0,49989.0,Aline Villares Reis,aline villares reis,Brazil,lineup_position_window,,,False,,low_right,1,scored,False,,,,statsbomb_open_data_f2403293-f5b7-4559-b297-eda9e961d195,2026-06-24T16:04:38.431710+00:00,False,False,False,False,True,True,False
statsbomb_open_data,08c23d7f-336f-41c4-ae07-32bbf3eeb6d3,3911556,1869,182,281,Liga F,2023/2024,Spain,Regular Season,2024-05-04,18938,Granada W,937,Barcelona WFC,Estadio Nuevo Los Cármenes,María Planes Terol,1,47,2,409192,Laura Pérez Martín,laura perez martin,18938,Granada W,Right Center Forward,108.1,40.1,120.0,43.3,2.0,Goal,Right Foot,Normal,0.7835,0,45295.0,Catalina Thomas Coll Lluch,catalina thomas coll lluch,Spain,lineup_position_window,,,False,,high_right,1,scored,False,,,,statsbomb_open_data_08c23d7f-336f-41c4-ae07-32bbf3eeb6d3,2026-06-24T16:04:38.431710+00:00,False,False,False,False,True,True,False
statsbomb_open_data,d648351d-8a55-4276-b75d-b82ef9214ff0,3911556,2927,182,281,Liga F,2023/2024,Spain,Regular Season,2024-05-04,18938,Granada W,937,Barcelona WFC,Estadio Nuevo Los Cármenes,María Planes Terol,2,74,52,10215,Fridolina Rolfö,fridolina rolfo,937,Barcelona WFC,Left Back,108.1,40.1,120.0,43.7,0.2,Goal,Left Foot,Normal,0.7835,0,409183.0,Sandra Estévez Ogalla,sandra estevez ogalla,Spain,lineup_position_window,,,False,,low_right,1,scored,False,,,,statsbomb_open_data_d648351d-8a55-4276-b75d-b82ef9214ff0,2026-06-24T16:04:38.431710+00:00,False,False,False,False,True,True,False
statsbomb_open_data,434ed315-edb0-4f99-928c-14fa147de8de,3911557,2755,182,281,Liga F,2023/2024,Spain,Regular Season,2024-05-05,3280,CD Sporting de Huelva,11864,FC Levante Badalona,Ciudad Deportiva Decáno del Fútbol Español,María Eugenia Gil,2,87,21,53190,Patricia Ojeda,patricia ojeda,3280,CD Sporting de Huelva,Right Back,108.1,40.1,120.0,43.7,0.9,Goal,Right Foot,Normal,0.7835,0,66468.0,Nayluisa Jhaylenny Cáceres Acevedo,nayluisa jhaylenny caceres acevedo,Venezuela (Bolivarian Republic),lineup_position_window,,,False,,low_right,1,scored,False,,,,statsbomb_open_data_434ed315-edb0-4f99-928c-14fa147de8de,2026-06-24T16:04:38.431710+00:00,False,False,False,False,True,True,False
statsbomb_open_data,1dc9438a-f0fb-4aec-85b4-32ba5d795bbc,3911559,2796,182,281,Liga F,2023/2024,Spain,Regular Season,2024-05-11,11864,FC Levante Badalona,3274,Levante UD Femenino,Camp Municipal Les Planes,Beatriz Cuesta Arribas,2,83,3,144143,Érika González Lombídez,erika gonzalez lombidez,3274,Levante UD Femenino,Left Midfield,108.0,40.0,120.0,42.0,0.5,Goal,Right Foot,Normal,0.7835,0,66468.0,Nayluisa Jhaylenny Cáceres Acevedo,nayluisa jhaylenny caceres acevedo,Venezuela (Bolivarian Republic),lineup_position_window,,,False,,low_right,1,scored,False,,,,statsbomb_open_data_1dc9438a-f0fb-4aec-85b4-32ba5d795bbc,2026-06-24T16:04:38.431710+00:00,False,False,False,False,True,True,False
statsbomb_open_data,cb15136f-3eac-449c-9145-c52625864647,3911562,419,182,281,Liga F,2023/2024,Spain,Regular Season,2024-05-10,937,Barcelona WFC,3270,Athletic Club Bilbao,Estadi Johan Cruyff,Elena Arnillas,1,8,23,10161,María Francesca Caldentey Oliver,maria francesca caldentey oliver,937,Barcelona WFC,Center Forward,108.0,40.0,120.0,36.7,1.4,Goal,Right Foot,Normal,0.7835,0,50371.0,Adriana Nanclares Romero,adriana nanclares romero,Spain,lineup_position_window,,,False,,low_left,1,scored,False,,,,statsbomb_open_data_cb15136f-3eac-449c-9145-c52625864647,2026-06-24T16:04:38.431710+00:00,False,False,False,False,True,True,False
statsbomb_open_data,69fd679f-d4ad-43ba-af9e-df5c78a06726,3911566,2743,182,281,Liga F,2023/2024,Spain,Regular Season,2024-05-10,6604,Villarreal,3275,SD Eibar,Ciudad Deportiva del Villarreal,Paola Cebollada López,2,96,8,50102,María Llompart Pons,maria llompart pons,6604,Villarreal,Right Defensive Midfield,108.1,40.1,120.0,37.0,0.2,Goal,Right Foot,Normal,0.7835,0,408652.0,María Miralles Gascón,maria miralles gascon,Spain,lineup_position_window,,,False,,low_left,1,scored,False,,,,statsbomb_open_data_69fd679f-d4ad-43ba-af9e-df5c78a06726,2026-06-24T16:04:38.431710+00:00,False,False,False,False,True,True,False
statsbomb_open_data,5f8cd774-7789-4413-835a-9804e34e6565,3911636,1816,182,281,Liga F,2023/2024,Spain,Regular Season,2024-06-09,937,Barcelona WFC,3279,Real Betis Balompié,Estadi Johan Cruyff,Elia María Martínez Martínez,1,43,17,10161,María Francesca Caldentey Oliver,maria francesca caldentey oliver,937,Barcelona WFC,Center Forward,108.0,40.0,120.0,43.4,1.4,Goal,Right Foot,Normal,0.7835,0,137528.0,Paula Vizoso Prieto,paula vizoso prieto,Spain,lineup_position_window,,,False,,low_right,1,scored,False,,,,statsbomb_open_data_5f8cd774-7789-4413-835a-9804e34e6565,2026-06-24T16:04:38.431710+00:00,False,False,False,False,True,True,False
statsbomb_open_data,5515b6a2-fac5-4997-9b98-0305d23f6989,3911638,3538,182,281,Liga F,2023/2024,Spain,Regular Season,2024-06-09,3278,Madrid CFF,3272,Real Sociedad de Fútbol,Estadio Fernando Torres,Zulema González González,2,86,47,50366,Nerea Eizaguirre Lasa,nerea eizaguirre lasa,3272,Real Sociedad de Fútbol,Center Attacking Midfield,108.1,40.1,120.0,37.6,0.2,Goal,Right Foot,Normal,0.7835,0,49997.0,Paola Ulloa Jiménez,paola ulloa jimenez,Spain,lineup_position_window,,,False,,low_left,1,scored,False,,,,statsbomb_open_data_5515b6a2-fac5-4997-9b98-0305d23f6989,2026-06-24T16:04:38.431710+00:00,False,False,False,False,True,True,False
statsbomb_open_data,f55b8a30-4bdd-4e08-a811-369bbe4041f0,3911640,861,182,281,Liga F,2023/2024,Spain,Regular Season,2024-06-09,11864,FC Levante Badalona,3277,Valencia CF,Camp Municipal Les Planes,María Planes Terol,1,22,58,89009,Yasmin Katie Mrabet,yasmin katie mrabet,11864,FC Levante Badalona,Center Defensive Midfield,108.0,40.0,120.0,37.2,0.7,Goal,Right Foot,Normal,0.7835,0,50825.0,Enith Salón,enith salon,Spain,lineup_position_window,,,False,,low_left,1,scored,False,,,,statsbomb_open_data_f55b8a30-4bdd-4e08-a811-369bbe4041f0,2026-06-24T16:04:38.431710+00:00,False,False,False,False,True,True,False
statsbomb_open_data,c3653dcf-8fe7-4273-9822-c4200a64904d,3911645,534,182,281,Liga F,2023/2024,Spain,Regular Season,2024-06-15,3279,Real Betis Balompié,3269,Costa Adeje Tenerife,Ciudad Deportiva Luis de Sol,Paola Cebollada López,1,16,18,50098,Rosa Márquez Baena,rosa marquez baena,3279,Real Betis Balompié,Left Defensive Midfield,108.1,40.1,120.0,36.5,0.3,Goal,Right Foot,Normal,0.7835,0,428383.0,María Echezarreta Fernández,maria echezarreta fernandez,Spain,lineup_position_window,,,False,,low_left,1,scored,False,,,,statsbomb_open_data_c3653dcf-8fe7-4273-9822-c4200a64904d,2026-06-24T16:04:38.431710+00:00,False,False,False,False,True,True,False
statsbomb_open_data,3f2b8d2d-bb20-4b38-863d-2201d679075f,3911757,1896,135,281,Frauen Bundesliga,2023/2024,Germany,Regular Season,2023-09-30,3168,SV Werder Bremen,3169,Hoffenheim W,Weserstadion Platz 11,Sina Diekmann,2,54,50,10233,Nicole Billa,nicole billa,3169,Hoffenheim W,Center Forward,108.0,40.0,119.3,37.3,0.2,Saved,Right Foot,Normal,0.7835,0,32099.0,Livia Peng,livia peng,Switzerland,lineup_position_window,,,False,,low_left,0,saved,False,,,,statsbomb_open_data_3f2b8d2d-bb20-4b38-863d-2201d679075f,2026-06-24T16:04:38.431710+00:00,False,False,False,False,True,True,False
statsbomb_open_data,27df9e9c-c65d-4096-aabd-612eca8a95af,3911759,342,135,281,Frauen Bundesliga,2023/2024,Germany,Regular Season,2023-10-01,3170,Eintracht Frankfurt W,929,VfL Wolfsburg WFC,Deutsche Bank Park,Fabienne Michel,1,8,7,47022,Laura Freigang,laura freigang,3170,Eintracht Frankfurt W,Center Attacking Midfield,108.0,40.0,120.0,42.7,0.4,Goal,Right Foot,Normal,0.7835,0,15443.0,Merle Frohms,merle frohms,Germany,lineup_position_window,,,False,,low_right,1,scored,False,,,,statsbomb_open_data_27df9e9c-c65d-4096-aabd-612eca8a95af,2026-06-24T16:04:38.431710+00:00,False,False,False,False,True,True,False
statsbomb_open_data,08a56488-4eb1-4e1e-b7f0-7a89d28d2e5e,3911762,3151,135,281,Frauen Bundesliga,2023/2024,Germany,Regular Season,2023-10-07,3170,Eintracht Frankfurt W,19107,RB Leipzig W,Stadion am Brentanobad,Riem Hussein,2,85,48,47022,Laura Freigang,laura freigang,3170,Eintracht Frankfurt W,Center Attacking Midfield,108.1,40.1,120.0,42.9,0.9,Goal,Right Foot,Normal,0.7835,0,46896.0,Elvira Herzog,elvira herzog,Switzerland,lineup_position_window,,,False,,low_right,1,scored,False,,,,statsbomb_open_data_08a56488-4eb1-4e1e-b7f0-7a89d28d2e5e,2026-06-24T16:04:38.431710+00:00,False,False,False,False,True,True,False
statsbomb_open_data,0ae8bde0-36a0-4423-b672-c0bdb92a48bb,3911763,2923,135,281,Frauen Bundesliga,2023/2024,Germany,Regular Season,2023-10-07,6602,Köln,924,Duisburg WFC,Franz-Kremer-Stadion,Karoline Wacker,2,77,10,324158,Martyna Wiankowska,martyna wiankowska,6602,Köln,Left Back,108.1,40.1,120.0,43.1,1.0,Goal,Left Foot,Normal,0.7835,0,49865.0,Ena Mahmutovic,ena mahmutovic,Germany,lineup_position_window,,,False,,low_right,1,scored,False,,,,statsbomb_open_data_0ae8bde0-36a0-4423-b672-c0bdb92a48bb,2026-06-24T16:04:38.431710+00:00,False,False,False,False,True,True,False
statsbomb_open_data,cff00b94-3538-40d4-a7a8-f66e2c1199c6,3911766,2815,135,281,Frauen Bundesliga,2023/2024,Germany,Regular Season,2023-10-09,3169,Hoffenheim W,3166,TSV Bayer 04 Leverkusen,Dietmar-Hopp-Stadion,Miriam Schwermer,2,69,51,63424,Nikola Karczewska,nikola karczewska,3166,TSV Bayer 04 Leverkusen,Left Center Forward,108.1,40.1,119.5,42.8,0.8,Saved,Right Foot,Normal,0.7835,0,85501.0,Martina Tufekovic,martina tufekovic,Germany,lineup_position_window,,,False,,low_right,0,saved,False,,,,statsbomb_open_data_cff00b94-3538-40d4-a7a8-f66e2c1199c6,2026-06-24T16:04:38.431710+00:00,False,False,False,False,True,True,False
statsbomb_open_data,ec6a8490-eb60-48cf-9645-83c509582874,3911767,1654,135,281,Frauen Bundesliga,2023/2024,Germany,Regular Season,2023-10-13,19106,Nürnberg W,3169,Hoffenheim W,Max-Morlock-Stadion,Franziska Wildfeuer,1,41,45,46556,Jana Feldkamp,jana feldkamp,3169,Hoffenheim W,Left Center Midfield,108.1,40.1,120.0,42.7,1.2,Goal,Right Foot,Normal,0.7835,0,32584.0,Kristin Krammer,kristin krammer,Austria,lineup_position_window,,,False,,low_right,1,scored,False,,,,statsbomb_open_data_ec6a8490-eb60-48cf-9645-83c509582874,2026-06-24T16:04:38.431710+00:00,False,False,False,False,True,True,False
statsbomb_open_data,85892292-f7f3-4e02-a014-7cd86a6a278c,3911776,2190,135,281,Frauen Bundesliga,2023/2024,Germany,Regular Season,2023-10-22,929,VfL Wolfsburg WFC,3169,Hoffenheim W,AOK Stadion,Naemi Breier,2,54,21,10666,Dominique Johanna Anna Petrone Janssen,dominique johanna anna petrone janssen,929,VfL Wolfsburg WFC,Left Center Back,108.0,40.0,120.0,42.9,0.2,Goal,Right Foot,Normal,0.7835,0,85501.0,Martina Tufekovic,martina tufekovic,Germany,lineup_position_window,,,False,,low_right,1,scored,False,,,,statsbomb_open_data_85892292-f7f3-4e02-a014-7cd86a6a278c,2026-06-24T16:04:38.431710+00:00,False,False,False,False,True,True,False
statsbomb_open_data,3e2ed27f-9eb4-4276-b869-c56ba8e02dc2,3911777,2320,135,281,Frauen Bundesliga,2023/2024,Germany,Regular Season,2023-10-22,3170,Eintracht Frankfurt W,924,Duisburg WFC,Stadion am Brentanobad,Davina Lutz,2,63,19,47022,Laura Freigang,laura freigang,3170,Eintracht Frankfurt W,Center Attacking Midfield,108.2,40.1,120.0,36.7,0.5,Goal,Right Foot,Normal,0.7835,0,49865.0,Ena Mahmutovic,ena mahmutovic,Germany,lineup_position_window,,,False,,low_left,1,scored,False,,,,statsbomb_open_data_3e2ed27f-9eb4-4276-b869-c56ba8e02dc2,2026-06-24T16:04:38.431710+00:00,False,False,False,False,True,True,False
statsbomb_open_data,717fcaeb-44d4-4f89-a614-bef1ed089380,3911777,3424,135,281,Frauen Bundesliga,2023/2024,Germany,Regular Season,2023-10-22,3170,Eintracht Frankfurt W,924,Duisburg WFC,Stadion am Brentanobad,Davina Lutz,2,91,40,46945,Meret Günster,meret gunster,924,Duisburg WFC,Left Defensive Midfield,108.0,40.0,120.0,37.2,2.0,Goal,Right Foot,Normal,0.7835,0,46548.0,Stina Johannes,stina johannes,Germany,lineup_position_window,,,False,,high_left,1,scored,False,,,,statsbomb_open_data_717fcaeb-44d4-4f89-a614-bef1ed089380,2026-06-24T16:04:38.431710+00:00,False,False,False,False,True,True,False
statsbomb_open_data,3c62154c-bb47-457b-9f0b-2675c504227a,3911783,1830,135,281,Frauen Bundesliga,2023/2024,Germany,Regular Season,2023-11-05,1069,Bayern München W,929,VfL Wolfsburg WFC,FC Bayern Campus Platz 1,Riem Hussein,2,50,11,24396,Jovana Damnjanović,jovana damnjanovic,1069,Bayern München W,Center Attacking Midfield,108.0,40.0,120.0,40.1,2.8,Post,Right Foot,Normal,0.7835,1,30968.0,Lisa Schmitz,lisa schmitz,Germany,lineup_position_window,119.4,40.0,True,,high_center,0,missed,False,,,,statsbomb_open_data_3c62154c-bb47-457b-9f0b-2675c504227a,2026-06-24T16:04:38.431710+00:00,False,False,False,False,False,False,False
statsbomb_open_data,551c6f6d-ccf1-4362-bd64-d7173d5fbdf8,3911787,1064,135,281,Frauen Bundesliga,2023/2024,Germany,Regular Season,2023-11-11,3164,SGS Essen 19/68,19106,Nürnberg W,Stadion an der Hafenstraße,Melissa Joos,1,27,39,321538,Natasha Kowalski,natasha kowalski,3164,SGS Essen 19/68,Center Attacking Midfield,108.1,40.1,120.0,37.7,1.4,Goal,Right Foot,Normal,0.7835,0,32584.0,Kristin Krammer,kristin krammer,Austria,lineup_position_window,,,False,,low_left,1,scored,False,,,,statsbomb_open_data_551c6f6d-ccf1-4362-bd64-d7173d5fbdf8,2026-06-24T16:04:38.431710+00:00,False,False,False,False,True,True,False
statsbomb_open_data,765ca2ea-b748-4f6f-a9de-145cacd21236,3911788,3110,135,281,Frauen Bundesliga,2023/2024,Germany,Regular Season,2023-11-12,1069,Bayern München W,924,Duisburg WFC,FC Bayern Campus Platz 1,Miriam Schwermer,2,71,38,4643,Georgia Stanway,georgia stanway,1069,Bayern München W,Left Defensive Midfield,108.0,40.0,120.0,36.3,0.2,Goal,Right Foot,Normal,0.7835,0,49865.0,Ena Mahmutovic,ena mahmutovic,Germany,lineup_position_window,,,False,,low_left,1,scored,False,,,,statsbomb_open_data_765ca2ea-b748-4f6f-a9de-145cacd21236,2026-06-24T16:04:38.431710+00:00,False,False,False,False,True,True,False
statsbomb_open_data,da6eaacb-35b2-4acb-9bbf-a6241b536e09,3911792,1403,135,281,Frauen Bundesliga,2023/2024,Germany,Regular Season,2023-11-20,3165,SC Freiburg,6602,Köln,Dreisamstadion,Davina Lutz,1,33,4,46890,Marie Müller,marie muller,3165,SC Freiburg,Left Wing,108.0,40.0,120.0,38.0,1.4,Goal,Right Foot,Normal,0.7835,0,47109.0,Jasmin Pal,jasmin pal,Austria,lineup_position_window,,,False,,low_left,1,scored,False,,,,statsbomb_open_data_da6eaacb-35b2-4acb-9bbf-a6241b536e09,2026-06-24T16:04:38.431710+00:00,False,False,False,False,True,True,False
statsbomb_open_data,cf7c1009-a07e-43a4-99da-24bae9d27fb6,3911792,1919,135,281,Frauen Bundesliga,2023/2024,Germany,Regular Season,2023-11-20,3165,SC Freiburg,6602,Köln,Dreisamstadion,Davina Lutz,1,46,27,324158,Martyna Wiankowska,martyna wiankowska,6602,Köln,Left Back,108.1,40.1,120.0,38.9,0.4,Goal,Left Foot,Normal,0.7835,0,135221.0,Gabrielle Lambert,gabrielle lambert,Canada,lineup_position_window,,,False,,low_center,1,scored,False,,,,statsbomb_open_data_cf7c1009-a07e-43a4-99da-24bae9d27fb6,2026-06-24T16:04:38.431710+00:00,False,False,False,False,True,True,False
statsbomb_open_data,f4cfa378-4b0d-4bb0-8ee3-15c36ca70bfd,3911798,1729,135,281,Frauen Bundesliga,2023/2024,Germany,Regular Season,2023-12-09,6602,Köln,929,VfL Wolfsburg WFC,Franz-Kremer-Stadion,Karoline Wacker,1,47,14,10666,Dominique Johanna Anna Petrone Janssen,dominique johanna anna petrone janssen,929,VfL Wolfsburg WFC,Left Back,108.0,40.0,120.0,42.6,1.3,Goal,Right Foot,Normal,0.7835,0,47109.0,Jasmin Pal,jasmin pal,Austria,lineup_position_window,,,False,,low_right,1,scored,False,,,,statsbomb_open_data_f4cfa378-4b0d-4bb0-8ee3-15c36ca70bfd,2026-06-24T16:04:38.431710+00:00,False,False,False,False,True,True,False
statsbomb_open_data,309e81e1-6270-446d-85a3-135836aa905f,3911872,1724,131,281,Serie A Women,2023/2024,Italy,Regular Season,2023-10-01,1076,Juventus W,6757,Sampdoria W,Stadio Comunale Vittorio Pozzo Lamarmora,Luca De Angeli,2,50,28,317048,Tatiely Cristina Sena das Neves,tatiely cristina sena das neves,6757,Sampdoria W,Right Midfield,108.1,40.1,120.0,41.1,0.5,Goal,Right Foot,Normal,0.7835,0,15615.0,Pauline Peyraud Magnin,pauline peyraud magnin,France,lineup_position_window,,,False,,low_center,1,scored,False,,,,statsbomb_open_data_309e81e1-6270-446d-85a3-135836aa905f,2026-06-24T16:04:38.431710+00:00,False,False,False,False,True,True,False
statsbomb_open_data,ba0e7ba9-1035-45ae-a5db-478e4c749e3c,3912187,2599,135,281,Frauen Bundesliga,2023/2024,Germany,Regular Season,2023-12-17,19106,Nürnberg W,1069,Bayern München W,Max-Morlock-Stadion,Sina Diekmann,2,71,6,408962,Medina Desic,medina desic,19106,Nürnberg W,Right Center Forward,108.1,40.1,120.0,38.4,0.3,Goal,Right Foot,Normal,0.7835,0,45020.0,Maria Luisa Grohs,maria luisa grohs,Germany,lineup_position_window,,,False,,low_left,1,scored,False,,,,statsbomb_open_data_ba0e7ba9-1035-45ae-a5db-478e4c749e3c,2026-06-24T16:04:38.431710+00:00,False,False,False,False,True,True,False
statsbomb_open_data,0b7ca257-d358-4a3e-a0c9-2428327cce0a,3912195,3526,135,281,Frauen Bundesliga,2023/2024,Germany,Regular Season,2024-02-03,19107,RB Leipzig W,6602,Köln,Trainingszentrum RB Leipzig Platz 1,Fabienne Michel,2,90,34,324158,Martyna Wiankowska,martyna wiankowska,6602,Köln,Left Back,108.0,40.0,120.0,43.6,0.3,Goal,Left Foot,Normal,0.7835,0,46896.0,Elvira Herzog,elvira herzog,Switzerland,lineup_position_window,,,False,,low_right,1,scored,False,,,,statsbomb_open_data_0b7ca257-d358-4a3e-a0c9-2428327cce0a,2026-06-24T16:04:38.431710+00:00,False,False,False,False,True,True,False
statsbomb_open_data,d8fb81df-1f2b-4e48-a01a-f15658ea8846,3912199,1941,135,281,Frauen Bundesliga,2023/2024,Germany,Regular Season,2024-02-03,3168,SV Werder Bremen,19106,Nürnberg W,Weserstadion Platz 11,Nadine Westerhoff,2,61,19,47010,Michelle Ulbrich,michelle ulbrich,3168,SV Werder Bremen,Right Center Back,108.1,40.1,120.0,36.7,0.2,Goal,Right Foot,Normal,0.7835,0,32584.0,Kristin Krammer,kristin krammer,Austria,lineup_position_window,,,False,,low_left,1,scored,False,,,,statsbomb_open_data_d8fb81df-1f2b-4e48-a01a-f15658ea8846,2026-06-24T16:04:38.431710+00:00,False,False,False,False,True,True,False
statsbomb_open_data,a9e87aff-a302-4f5f-b93b-73cbf9456ef8,3912201,584,135,281,Frauen Bundesliga,2023/2024,Germany,Regular Season,2024-02-10,3169,Hoffenheim W,3168,SV Werder Bremen,PreZero Arena,Karoline Wacker,1,16,50,46556,Jana Feldkamp,jana feldkamp,3169,Hoffenheim W,Right Defensive Midfield,108.0,40.1,119.5,38.1,0.6,Saved,Right Foot,Normal,0.7835,0,32099.0,Livia Peng,livia peng,Switzerland,lineup_position_window,,,False,,low_left,0,saved,False,,,,statsbomb_open_data_a9e87aff-a302-4f5f-b93b-73cbf9456ef8,2026-06-24T16:04:38.431710+00:00,False,False,False,False,True,True,False
statsbomb_open_data,0c22a59c-d01d-42f1-a9fb-2a46fa7e4146,3912204,871,135,281,Frauen Bundesliga,2023/2024,Germany,Regular Season,2024-02-09,3164,SGS Essen 19/68,19107,RB Leipzig W,Stadion an der Hafenstraße,Selina Menzel,1,24,9,321538,Natasha Kowalski,natasha kowalski,3164,SGS Essen 19/68,Left Center Midfield,108.1,40.1,120.0,37.3,1.3,Goal,Right Foot,Normal,0.7835,0,46896.0,Elvira Herzog,elvira herzog,Switzerland,lineup_position_window,,,False,,low_left,1,scored,False,,,,statsbomb_open_data_0c22a59c-d01d-42f1-a9fb-2a46fa7e4146,2026-06-24T16:04:38.431710+00:00,False,False,False,False,True,True,False
statsbomb_open_data,465fcce8-0f4b-47a3-ac2f-f11ef3f9d8a3,3912207,2388,135,281,Frauen Bundesliga,2023/2024,Germany,Regular Season,2024-02-17,19106,Nürnberg W,929,VfL Wolfsburg WFC,Max-Morlock-Stadion,Naemi Breier,2,70,27,15214,Ewa Pajor,ewa pajor,929,VfL Wolfsburg WFC,Center Attacking Midfield,108.1,40.1,120.0,36.8,0.2,Goal,Right Foot,Normal,0.7835,0,32584.0,Kristin Krammer,kristin krammer,Austria,lineup_position_window,,,False,,low_left,1,scored,False,,,,statsbomb_open_data_465fcce8-0f4b-47a3-ac2f-f11ef3f9d8a3,2026-06-24T16:04:38.431710+00:00,False,False,False,False,True,True,False
statsbomb_open_data,ffe954e5-3c4a-4353-b48c-9c847a69d569,3912213,940,135,281,Frauen Bundesliga,2023/2024,Germany,Regular Season,2024-03-10,6602,Köln,3168,SV Werder Bremen,RheinEnergieStadion,Sina Diekmann,1,31,54,219422,Marleen Schimmer,marleen schimmer,6602,Köln,Center Forward,108.0,40.0,120.0,36.2,1.3,Goal,Right Foot,Normal,0.7835,0,32099.0,Livia Peng,livia peng,Switzerland,lineup_position_window,,,False,,low_left,1,scored,False,,,,statsbomb_open_data_ffe954e5-3c4a-4353-b48c-9c847a69d569,2026-06-24T16:04:38.431710+00:00,False,False,False,False,True,True,False
statsbomb_open_data,5346d642-4a5c-49e0-ad48-de7d81e97928,3912214,797,135,281,Frauen Bundesliga,2023/2024,Germany,Regular Season,2024-03-08,3164,SGS Essen 19/68,924,Duisburg WFC,Stadion an der Hafenstraße,Katrin Rafalski,1,23,40,321538,Natasha Kowalski,natasha kowalski,3164,SGS Essen 19/68,Left Center Midfield,108.1,40.1,120.0,38.0,1.0,Goal,Right Foot,Normal,0.7835,0,49865.0,Ena Mahmutovic,ena mahmutovic,Germany,lineup_position_window,,,False,,low_left,1,scored,False,,,,statsbomb_open_data_5346d642-4a5c-49e0-ad48-de7d81e97928,2026-06-24T16:04:38.431710+00:00,False,False,False,False,True,True,False
statsbomb_open_data,09f466b8-67e1-4344-ad58-fa4760720aaa,3912219,2454,135,281,Frauen Bundesliga,2023/2024,Germany,Regular Season,2024-03-15,3169,Hoffenheim W,929,VfL Wolfsburg WFC,Dietmar-Hopp-Stadion,Annika Kost,2,69,35,85502,Michaela Specht,michaela specht,3169,Hoffenheim W,Left Center Back,108.0,40.0,120.0,36.5,0.2,Goal,Right Foot,Normal,0.7835,0,15443.0,Merle Frohms,merle frohms,Germany,lineup_position_window,,,False,,low_left,1,scored,False,,,,statsbomb_open_data_09f466b8-67e1-4344-ad58-fa4760720aaa,2026-06-24T16:04:38.431710+00:00,False,False,False,False,True,True,False
statsbomb_open_data,c723888e-c6ad-4ea6-8af9-d0941f87a07d,3912226,797,135,281,Frauen Bundesliga,2023/2024,Germany,Regular Season,2024-03-23,6602,Köln,19106,Nürnberg W,Franz-Kremer-Stadion,Riem Hussein,1,27,22,84731,Lara Sophie Schmidt,lara sophie schmidt,19106,Nürnberg W,Center Back,108.1,40.1,120.0,37.7,1.5,Goal,Right Foot,Normal,0.7835,0,409147.0,Paula Hoppe,paula hoppe,Germany,lineup_position_window,,,False,,low_left,1,scored,False,,,,statsbomb_open_data_c723888e-c6ad-4ea6-8af9-d0941f87a07d,2026-06-24T16:04:38.431710+00:00,False,False,False,False,True,True,False
statsbomb_open_data,934417d1-0b73-4b0d-b669-e0b74cc5a3ec,3912228,1575,135,281,Frauen Bundesliga,2023/2024,Germany,Regular Season,2024-03-24,19107,RB Leipzig W,924,Duisburg WFC,Trainingszentrum RB Leipzig Platz 1,Sina Diekmann,1,41,18,409152,Jenny Hipp,jenny hipp,19107,RB Leipzig W,Left Defensive Midfield,108.0,40.1,120.0,37.0,0.4,Goal,Right Foot,Normal,0.7835,0,49865.0,Ena Mahmutovic,ena mahmutovic,Germany,lineup_position_window,,,False,,low_left,1,scored,False,,,,statsbomb_open_data_934417d1-0b73-4b0d-b669-e0b74cc5a3ec,2026-06-24T16:04:38.431710+00:00,False,False,False,False,True,True,False
statsbomb_open_data,b32aed10-65d0-4b7d-8b73-1b958d403682,3912236,3161,135,281,Frauen Bundesliga,2023/2024,Germany,Regular Season,2024-04-20,3164,SGS Essen 19/68,3169,Hoffenheim W,Stadion an der Hafenstraße,Laura Duske,2,90,0,321538,Natasha Kowalski,natasha kowalski,3164,SGS Essen 19/68,Right Defensive Midfield,108.0,40.0,120.0,37.0,0.2,Goal,Right Foot,Normal,0.7835,0,85501.0,Martina Tufekovic,martina tufekovic,Germany,lineup_position_window,,,False,,low_left,1,scored,False,,,,statsbomb_open_data_b32aed10-65d0-4b7d-8b73-1b958d403682,2026-06-24T16:04:38.431710+00:00,False,False,False,False,True,True,False
statsbomb_open_data,75ed8ac7-27dc-493e-bb65-fa03d0316820,3912237,3209,135,281,Frauen Bundesliga,2023/2024,Germany,Regular Season,2024-04-21,924,Duisburg WFC,929,VfL Wolfsburg WFC,Schauinsland-Reisen-Arena (Duisburg) MSV-Arena,Nadine Westerhoff,2,84,51,10666,Dominique Johanna Anna Petrone Janssen,dominique johanna anna petrone janssen,929,VfL Wolfsburg WFC,Left Center Back,108.1,40.1,120.0,36.4,0.2,Goal,Right Foot,Normal,0.7835,0,49865.0,Ena Mahmutovic,ena mahmutovic,Germany,lineup_position_window,,,False,,low_left,1,scored,False,,,,statsbomb_open_data_75ed8ac7-27dc-493e-bb65-fa03d0316820,2026-06-24T16:04:38.431710+00:00,False,False,False,False,True,True,False
statsbomb_open_data,6eda2d98-2e7a-4d47-baf7-76675e4f2ada,3912239,2934,135,281,Frauen Bundesliga,2023/2024,Germany,Regular Season,2024-04-22,1069,Bayern München W,3168,SV Werder Bremen,FC Bayern Campus Platz 1,Christine Weigelt,2,70,47,46991,Sophie Weidauer,sophie weidauer,3168,SV Werder Bremen,Left Center Forward,108.1,40.1,118.8,39.1,0.7,Saved,Right Foot,Normal,0.7835,0,45020.0,Maria Luisa Grohs,maria luisa grohs,Germany,lineup_position_window,,,False,,low_center,0,saved,False,,,,statsbomb_open_data_6eda2d98-2e7a-4d47-baf7-76675e4f2ada,2026-06-24T16:04:38.431710+00:00,False,False,False,False,True,True,False
statsbomb_open_data,decb5b1d-12bf-47c3-bd6b-a392b4f716ad,3912242,1173,135,281,Frauen Bundesliga,2023/2024,Germany,Regular Season,2024-05-06,19106,Nürnberg W,19107,RB Leipzig W,Max-Morlock-Stadion,Riem Hussein,1,34,0,409156,Vanessa Fudalla,vanessa fudalla,19107,RB Leipzig W,Center Attacking Midfield,108.0,40.0,120.0,43.7,1.7,Goal,Left Foot,Normal,0.7835,0,425320.0,Lea Paulick,lea paulick,Germany,lineup_position_window,,,False,,low_right,1,scored,False,,,,statsbomb_open_data_decb5b1d-12bf-47c3-bd6b-a392b4f716ad,2026-06-24T16:04:38.431710+00:00,False,False,False,False,True,True,False
statsbomb_open_data,57fb19aa-4a26-43b0-a789-89c7160f61a5,3912246,1159,135,281,Frauen Bundesliga,2023/2024,Germany,Regular Season,2024-05-05,3168,SV Werder Bremen,924,Duisburg WFC,Weserstadion Platz 11,Miriam Schwermer,1,32,5,46882,Juliane Wirtz,juliane wirtz,3168,SV Werder Bremen,Right Defensive Midfield,108.1,40.0,119.0,36.8,0.5,Saved,Right Foot,Normal,0.7835,0,49865.0,Ena Mahmutovic,ena mahmutovic,Germany,lineup_position_window,,,False,,low_left,0,saved,False,,,,statsbomb_open_data_57fb19aa-4a26-43b0-a789-89c7160f61a5,2026-06-24T16:04:38.431710+00:00,False,False,False,False,True,True,False
statsbomb_open_data,75a84fc4-fc21-471e-a37c-804adf9f38a9,3912246,3322,135,281,Frauen Bundesliga,2023/2024,Germany,Regular Season,2024-05-05,3168,SV Werder Bremen,924,Duisburg WFC,Weserstadion Platz 11,Miriam Schwermer,2,92,11,47015,Nina Lührßen,nina luhrssen,3168,SV Werder Bremen,Left Back,108.1,40.1,120.0,37.4,2.4,Goal,Left Foot,Normal,0.7835,0,49865.0,Ena Mahmutovic,ena mahmutovic,Germany,lineup_fallback_first_gk,,,False,,high_left,1,scored,False,,,,statsbomb_open_data_75a84fc4-fc21-471e-a37c-804adf9f38a9,2026-06-24T16:04:38.431710+00:00,False,False,False,False,True,True,False
statsbomb_open_data,784318fd-7e61-487d-b5e2-1fc862fd9e7a,3912254,2212,135,281,Frauen Bundesliga,2023/2024,Germany,Regular Season,2024-05-20,3166,TSV Bayer 04 Leverkusen,3168,SV Werder Bremen,Ulrich-Haberland-Stadion,Nadine Westerhoff,2,57,42,47010,Michelle Ulbrich,michelle ulbrich,3168,SV Werder Bremen,Right Center Back,108.0,40.0,120.0,37.3,2.2,Goal,Right Foot,Normal,0.7835,0,32359.0,Friederike Abt,friederike abt,Germany,lineup_position_window,,,False,,high_left,1,scored,False,,,,statsbomb_open_data_784318fd-7e61-487d-b5e2-1fc862fd9e7a,2026-06-24T16:04:38.431710+00:00,False,False,False,False,True,True,False
statsbomb_open_data,4862a249-9d59-4191-97e9-1cb3bb67b792,3912254,2304,135,281,Frauen Bundesliga,2023/2024,Germany,Regular Season,2024-05-20,3166,TSV Bayer 04 Leverkusen,3168,SV Werder Bremen,Ulrich-Haberland-Stadion,Nadine Westerhoff,2,63,26,46546,Elisa Senß,elisa senss,3166,TSV Bayer 04 Leverkusen,Left Center Midfield,108.1,40.1,118.9,38.5,1.5,Saved,Right Foot,Normal,0.7835,0,32099.0,Livia Peng,livia peng,Switzerland,lineup_position_window,,,False,,low_left,0,saved,False,,,,statsbomb_open_data_4862a249-9d59-4191-97e9-1cb3bb67b792,2026-06-24T16:04:38.431710+00:00,False,False,False,False,True,True,False
statsbomb_open_data,0d561f8b-f7d7-4faa-b46c-bcd418db10dd,3912480,1840,131,281,Serie A Women,2023/2024,Italy,Regular Season,2023-10-08,3154,Sassuolo W,3144,FC Internazionale Milano W,Stadio Enzo Ricci,Simone Galipò,2,52,29,45883,Agnese Bonfantini,agnese bonfantini,3144,FC Internazionale Milano W,Left Wing,108.0,40.0,120.0,36.3,0.9,Goal,Right Foot,Normal,0.7835,0,31128.0,Solène Durand,solene durand,France,lineup_position_window,,,False,,low_left,1,scored,False,,,,statsbomb_open_data_0d561f8b-f7d7-4faa-b46c-bcd418db10dd,2026-06-24T16:04:38.431710+00:00,False,False,False,False,True,True,False
statsbomb_open_data,d660ac91-3e5f-4b05-81d5-15f0d32d7386,3912481,2691,131,281,Serie A Women,2023/2024,Italy,Regular Season,2023-10-08,1086,Fiorentina W,3155,Napoli W,Stadio Curva Fiesole - Viola Park,Luca Cherchi,2,82,46,226661,Zsanett Bernadett Kaján,zsanett bernadett kajan,1086,Fiorentina W,Right Center Forward,108.1,40.1,120.0,42.9,1.6,Goal,Left Foot,Normal,0.7835,0,309388.0,Beatrice Beretta,beatrice beretta,Italy,lineup_position_window,,,False,,low_right,1,scored,False,,,,statsbomb_open_data_d660ac91-3e5f-4b05-81d5-15f0d32d7386,2026-06-24T16:04:38.431710+00:00,False,False,False,False,True,True,False
statsbomb_open_data,32f57a06-f662-4b36-b265-8a46806d3b73,3912481,2739,131,281,Serie A Women,2023/2024,Italy,Regular Season,2023-10-08,1086,Fiorentina W,3155,Napoli W,Stadio Curva Fiesole - Viola Park,Luca Cherchi,2,85,37,15227,Verónica Boquete Giadáns,veronica boquete giadans,1086,Fiorentina W,Center Attacking Midfield,108.1,40.1,120.0,37.0,1.6,Goal,Right Foot,Normal,0.7835,0,309388.0,Beatrice Beretta,beatrice beretta,Italy,lineup_position_window,,,False,,low_left,1,scored,False,,,,statsbomb_open_data_32f57a06-f662-4b36-b265-8a46806d3b73,2026-06-24T16:04:38.431710+00:00,False,False,False,False,True,True,False
statsbomb_open_data,6f445b16-e14f-4ecc-ac55-5a01afd69a39,3912486,139,131,281,Serie A Women,2023/2024,Italy,Regular Season,2023-10-15,6755,Pomigliano,1086,Fiorentina W,Stadio Amerigo Liguori,Dario Di Francesco,1,4,22,15227,Verónica Boquete Giadáns,veronica boquete giadans,1086,Fiorentina W,Center Attacking Midfield,108.1,40.1,120.0,44.7,0.4,Off T,Right Foot,Normal,0.7835,1,53193.0,Anna Rosa James-Buhigas,anna rosa james-buhigas,United States of America,lineup_position_window,119.3,40.1,True,,low_right,0,missed,False,,,,statsbomb_open_data_6f445b16-e14f-4ecc-ac55-5a01afd69a39,2026-06-24T16:04:38.431710+00:00,False,False,False,False,False,False,False
statsbomb_open_data,ae0c9a6a-eb22-4085-8e19-ebb427930cb3,3912486,2960,131,281,Serie A Women,2023/2024,Italy,Regular Season,2023-10-15,6755,Pomigliano,1086,Fiorentina W,Stadio Amerigo Liguori,Dario Di Francesco,2,90,16,26051,Dalila Belén Ippolito,dalila belen ippolito,6755,Pomigliano,Center Attacking Midfield,108.1,40.1,120.0,37.2,0.9,Goal,Right Foot,Normal,0.7835,0,45899.0,Rachele Baldi,rachele baldi,Italy,lineup_position_window,,,False,,low_left,1,scored,False,,,,statsbomb_open_data_ae0c9a6a-eb22-4085-8e19-ebb427930cb3,2026-06-24T16:04:38.431710+00:00,False,False,False,False,True,True,False
statsbomb_open_data,0d143cdf-fc9d-445a-a27e-22ce87c30778,3912487,2921,131,281,Serie A Women,2023/2024,Italy,Regular Season,2023-10-22,6757,Sampdoria W,3152,AS Roma W,Stadio Silvio Piola,Lorenzo Maccarini,2,90,4,10208,Elena Linari,elena linari,3152,AS Roma W,Center Back,108.0,40.0,120.0,36.8,0.7,Goal,Right Foot,Normal,0.7835,0,45630.0,Amanda Tampieri,amanda tampieri,Italy,lineup_position_window,,,False,,low_left,1,scored,False,,,,statsbomb_open_data_0d143cdf-fc9d-445a-a27e-22ce87c30778,2026-06-24T16:04:38.431710+00:00,False,False,False,False,True,True,False
statsbomb_open_data,15ad5638-1e09-400c-8bfd-1f022af49ce5,3912488,3572,131,281,Serie A Women,2023/2024,Italy,Regular Season,2023-10-22,3150,AC Milan W,6755,Pomigliano,Puma House of Football - Centro P. Vismara,Gabriele Sacchi,2,92,23,31146,Christy Grimshaw,christy grimshaw,3150,AC Milan W,Right Center Midfield,108.1,40.1,120.0,37.3,0.9,Goal,Right Foot,Normal,0.7835,0,53193.0,Anna Rosa James-Buhigas,anna rosa james-buhigas,United States of America,lineup_position_window,,,False,,low_left,1,scored,False,,,,statsbomb_open_data_15ad5638-1e09-400c-8bfd-1f022af49ce5,2026-06-24T16:04:38.431710+00:00,False,False,False,False,True,True,False
statsbomb_open_data,ac27d001-fadd-4368-a02d-1e9401633c97,3912490,2631,131,281,Serie A Women,2023/2024,Italy,Regular Season,2023-10-22,1086,Fiorentina W,1076,Juventus W,Stadio Curva Fiesole - Viola Park,Francesco Zago,2,76,25,10203,Cristiana Girelli,cristiana girelli,1076,Juventus W,Center Forward,108.0,40.0,120.0,36.9,0.5,Goal,Right Foot,Normal,0.7835,0,45727.0,Katja Schroffenegger,katja schroffenegger,Italy,lineup_position_window,,,False,,low_left,1,scored,False,,,,statsbomb_open_data_ac27d001-fadd-4368-a02d-1e9401633c97,2026-06-24T16:04:38.431710+00:00,False,False,False,False,True,True,False
statsbomb_open_data,c704d62d-6b9d-4ed8-8020-cfcf97f2e244,3912495,2670,131,281,Serie A Women,2023/2024,Italy,Regular Season,2023-11-04,6755,Pomigliano,6757,Sampdoria W,Stadio Amerigo Liguori,Luigi Catanoso,2,81,11,317048,Tatiely Cristina Sena das Neves,tatiely cristina sena das neves,6757,Sampdoria W,Center Forward,108.0,40.0,120.0,39.3,1.0,Goal,Right Foot,Normal,0.7835,0,53193.0,Anna Rosa James-Buhigas,anna rosa james-buhigas,United States of America,lineup_position_window,,,False,,low_center,1,scored,False,,,,statsbomb_open_data_c704d62d-6b9d-4ed8-8020-cfcf97f2e244,2026-06-24T16:04:38.431710+00:00,False,False,False,False,True,True,False
statsbomb_open_data,543d906f-8582-469d-bf07-a07db5e10c3c,3912496,1646,131,281,Serie A Women,2023/2024,Italy,Regular Season,2023-11-05,11558,Como W,3144,FC Internazionale Milano W,Stadio Ferruccio,Mattia Ubaldi,1,44,17,45883,Agnese Bonfantini,agnese bonfantini,3144,FC Internazionale Milano W,Right Wing,108.1,40.1,120.0,43.2,0.2,Goal,Right Foot,Normal,0.7835,0,45627.0,Mária Korenčiová,maria korenciova,Slovakia,lineup_position_window,,,False,,low_right,1,scored,False,,,,statsbomb_open_data_543d906f-8582-469d-bf07-a07db5e10c3c,2026-06-24T16:04:38.431710+00:00,False,False,False,False,True,True,False
statsbomb_open_data,df4b1923-b93e-4390-bf90-6a57704aece2,3912499,115,131,281,Serie A Women,2023/2024,Italy,Regular Season,2023-11-12,3144,FC Internazionale Milano W,6755,Pomigliano,Stadio Ernesto Breda,Stefano Nicolini,1,2,44,45883,Agnese Bonfantini,agnese bonfantini,3144,FC Internazionale Milano W,Right Wing,108.1,40.1,118.8,42.5,0.4,Saved,Right Foot,Normal,0.7835,0,53193.0,Anna Rosa James-Buhigas,anna rosa james-buhigas,United States of America,lineup_position_window,,,False,,low_right,0,saved,False,,,,statsbomb_open_data_df4b1923-b93e-4390-bf90-6a57704aece2,2026-06-24T16:04:38.431710+00:00,False,False,False,False,True,True,False
statsbomb_open_data,a3d14058-26f3-4e3b-a1bf-d80356eae23c,3912503,3099,131,281,Serie A Women,2023/2024,Italy,Regular Season,2023-11-19,6755,Pomigliano,3155,Napoli W,Stadio Amerigo Liguori,Valerio Crezzini,2,94,32,317044,Iris Madeleine Rabot,iris madeleine rabot,6755,Pomigliano,Left Center Midfield,108.0,40.0,120.0,36.6,0.2,Goal,Right Foot,Normal,0.7835,0,46236.0,Doris Bačić,doris bacic,Croatia,lineup_position_window,,,False,,low_left,1,scored,False,,,,statsbomb_open_data_a3d14058-26f3-4e3b-a1bf-d80356eae23c,2026-06-24T16:04:38.431710+00:00,False,False,False,False,True,True,False
statsbomb_open_data,1aec8ebc-7e08-46f6-a22e-9f93a177520f,3912504,2430,131,281,Serie A Women,2023/2024,Italy,Regular Season,2023-11-18,3150,AC Milan W,6757,Sampdoria W,Puma House of Football - Centro P. Vismara,Claudio Allegretta,2,69,1,317048,Tatiely Cristina Sena das Neves,tatiely cristina sena das neves,6757,Sampdoria W,Center Forward,108.1,40.1,120.0,43.2,1.5,Goal,Right Foot,Normal,0.7835,0,10218.0,Laura Giuliani,laura giuliani,Italy,lineup_position_window,,,False,,low_right,1,scored,False,,,,statsbomb_open_data_1aec8ebc-7e08-46f6-a22e-9f93a177520f,2026-06-24T16:04:38.431710+00:00,False,False,False,False,True,True,False
statsbomb_open_data,90a0a80e-d336-4782-90eb-d64611a3635a,3912505,2683,131,281,Serie A Women,2023/2024,Italy,Regular Season,2023-11-19,1076,Juventus W,3144,FC Internazionale Milano W,Stadio Comunale Vittorio Pozzo Lamarmora,Leonardo Mastrodomenico,2,78,19,10203,Cristiana Girelli,cristiana girelli,1076,Juventus W,Center Forward,108.1,40.0,120.0,41.7,0.2,Goal,Right Foot,Normal,0.7835,0,32152.0,Francesca Durante,francesca durante,Italy,lineup_position_window,,,False,,low_right,1,scored,False,,,,statsbomb_open_data_90a0a80e-d336-4782-90eb-d64611a3635a,2026-06-24T16:04:38.431710+00:00,False,False,False,False,True,True,False
statsbomb_open_data,36b197db-3c42-49cf-bccd-1f3e149f52a3,3912506,1928,131,281,Serie A Women,2023/2024,Italy,Regular Season,2023-11-18,1086,Fiorentina W,11558,Como W, Viola Park,Fabrizio Pacella,2,47,9,15227,Verónica Boquete Giadáns,veronica boquete giadans,1086,Fiorentina W,Center Attacking Midfield,108.0,40.0,120.0,36.5,1.3,Goal,Right Foot,Normal,0.7835,0,45627.0,Mária Korenčiová,maria korenciova,Slovakia,lineup_position_window,,,False,,low_left,1,scored,False,,,,statsbomb_open_data_36b197db-3c42-49cf-bccd-1f3e149f52a3,2026-06-24T16:04:38.431710+00:00,False,False,False,False,True,True,False
statsbomb_open_data,c9abb84a-97a4-4a5b-9ffc-bd46106caee6,3912511,1358,131,281,Serie A Women,2023/2024,Italy,Regular Season,2023-11-26,3155,Napoli W,1076,Juventus W,Stadio Giuseppe Piccolo,Samuele Andreano,1,44,49,32162,Arianna Caruso,arianna caruso,1076,Juventus W,Right Defensive Midfield,108.0,40.0,120.0,36.7,0.9,Goal,Right Foot,Normal,0.7835,0,46236.0,Doris Bačić,doris bacic,Croatia,lineup_position_window,,,False,,low_left,1,scored,False,,,,statsbomb_open_data_c9abb84a-97a4-4a5b-9ffc-bd46106caee6,2026-06-24T16:04:38.431710+00:00,False,False,False,False,True,True,False
statsbomb_open_data,63abcb31-b5c6-4a5b-a227-2e265e81da05,3912515,974,131,281,Serie A Women,2023/2024,Italy,Regular Season,2023-12-10,3152,AS Roma W,3150,AC Milan W,Stadio Tre Fontane,Filippo Giaccaglia,1,23,8,10220,Kosovare Asllani,kosovare asllani,3150,AC Milan W,Center Attacking Midfield,108.0,40.0,120.0,37.0,0.2,Goal,Right Foot,Normal,0.7835,0,45885.0,Camelia Ceasar,camelia ceasar,Romania,lineup_position_window,,,False,,low_left,1,scored,False,,,,statsbomb_open_data_63abcb31-b5c6-4a5b-a227-2e265e81da05,2026-06-24T16:04:38.431710+00:00,False,False,False,False,True,True,False
statsbomb_open_data,393fd5de-ae24-439d-9b49-e498a7e826c5,3912516,3255,131,281,Serie A Women,2023/2024,Italy,Regular Season,2023-12-09,1076,Juventus W,6755,Pomigliano,Stadio Comunale Vittorio Pozzo Lamarmora,Mattia Caldera,2,93,11,10211,Barbara Bonansea,barbara bonansea,1076,Juventus W,Left Wing,108.0,40.0,120.0,39.0,0.2,Goal,Right Foot,Normal,0.7835,0,409097.0,Emilie Gavillet,emilie gavillet,Switzerland,lineup_position_window,,,False,,low_center,1,scored,False,,,,statsbomb_open_data_393fd5de-ae24-439d-9b49-e498a7e826c5,2026-06-24T16:04:38.431710+00:00,False,False,False,False,True,True,False
statsbomb_open_data,513b858f-ef35-4f27-b96e-eb0725dbfae5,3912518,1948,131,281,Serie A Women,2023/2024,Italy,Regular Season,2023-12-17,11558,Como W,3152,AS Roma W,Stadio Ferruccio,Mattia Nigro,2,52,50,10208,Elena Linari,elena linari,3152,AS Roma W,Left Center Back,108.0,40.0,120.0,37.0,0.9,Goal,Right Foot,Normal,0.7835,0,45627.0,Mária Korenčiová,maria korenciova,Slovakia,lineup_position_window,,,False,,low_left,1,scored,False,,,,statsbomb_open_data_513b858f-ef35-4f27-b96e-eb0725dbfae5,2026-06-24T16:04:38.431710+00:00,False,False,False,False,True,True,False
statsbomb_open_data,ae5a89d0-87d0-447c-afd4-d7a2588c2504,3912518,2250,131,281,Serie A Women,2023/2024,Italy,Regular Season,2023-12-17,11558,Como W,3152,AS Roma W,Stadio Ferruccio,Mattia Nigro,2,61,56,10208,Elena Linari,elena linari,3152,AS Roma W,Left Center Back,108.0,40.0,120.0,37.1,2.2,Goal,Right Foot,Normal,0.7835,0,45627.0,Mária Korenčiová,maria korenciova,Slovakia,lineup_position_window,,,False,,high_left,1,scored,False,,,,statsbomb_open_data_ae5a89d0-87d0-447c-afd4-d7a2588c2504,2026-06-24T16:04:38.431710+00:00,False,False,False,False,True,True,False
statsbomb_open_data,9070f735-166e-41e0-8f73-900ceefdcb86,3912521,1958,131,281,Serie A Women,2023/2024,Italy,Regular Season,2023-12-18,1086,Fiorentina W,3144,FC Internazionale Milano W,Stadio Curva Fiesole - Viola Park,,2,55,54,15227,Verónica Boquete Giadáns,veronica boquete giadans,1086,Fiorentina W,Center Attacking Midfield,108.1,40.1,120.0,43.8,0.2,Goal,Right Foot,Normal,0.7835,0,135569.0,Sara Cetinja,sara cetinja,Serbia,lineup_position_window,,,False,,low_right,1,scored,False,,,,statsbomb_open_data_9070f735-166e-41e0-8f73-900ceefdcb86,2026-06-24T16:04:38.431710+00:00,False,False,False,False,True,True,False
statsbomb_open_data,f96378b5-be27-4f41-ad51-60e16424b35a,3912523,2567,131,281,Serie A Women,2023/2024,Italy,Regular Season,2024-01-13,3155,Napoli W,1086,Fiorentina W,Stadio Giuseppe Piccolo,Erminio Cerbasi,2,71,7,136545,Elisa del Estal Mateu,elisa del estal mateu,3155,Napoli W,Left Center Forward,108.1,40.1,120.0,43.2,2.0,Goal,Right Foot,Normal,0.7835,0,45727.0,Katja Schroffenegger,katja schroffenegger,Italy,lineup_position_window,,,False,,high_right,1,scored,False,,,,statsbomb_open_data_f96378b5-be27-4f41-ad51-60e16424b35a,2026-06-24T16:04:38.431710+00:00,False,False,False,False,True,True,False
statsbomb_open_data,88e8cb4c-28ba-4dc3-b9c4-c77207b0f265,3912531,2182,131,281,Serie A Women,2023/2024,Italy,Regular Season,2024-01-21,1086,Fiorentina W,6755,Pomigliano,Stadio Curva Fiesole - Viola Park,Simone Gavini,2,64,18,26051,Dalila Belén Ippolito,dalila belen ippolito,6755,Pomigliano,Center Attacking Midfield,108.2,40.1,119.2,38.2,0.3,Saved,Right Foot,Normal,0.7835,0,45727.0,Katja Schroffenegger,katja schroffenegger,Italy,lineup_position_window,,,False,,low_left,0,saved,False,,,,statsbomb_open_data_88e8cb4c-28ba-4dc3-b9c4-c77207b0f265,2026-06-24T16:04:38.431710+00:00,False,False,False,False,True,True,False
statsbomb_open_data,94cabaa4-bd4a-4061-9f97-5d07077e483d,3912537,2324,131,281,Serie A Women,2023/2024,Italy,Regular Season,2024-02-03,3154,Sassuolo W,3155,Napoli W,MAPEI Stadium - Città del Tricolore,Antonio Di Reda,2,64,6,10206,Daniela Sabatino,daniela sabatino,3154,Sassuolo W,Right Center Forward,108.1,40.1,119.6,37.9,0.5,Saved,Right Foot,Normal,0.7835,0,46236.0,Doris Bačić,doris bacic,Croatia,lineup_position_window,,,False,,low_left,0,saved,False,,,,statsbomb_open_data_94cabaa4-bd4a-4061-9f97-5d07077e483d,2026-06-24T16:04:38.431710+00:00,False,False,False,False,True,True,False
statsbomb_open_data,9d261d92-586e-4ee0-98d8-9ffac9f2d3f5,3912537,2894,131,281,Serie A Women,2023/2024,Italy,Regular Season,2024-02-03,3154,Sassuolo W,3155,Napoli W,MAPEI Stadium - Città del Tricolore,Antonio Di Reda,2,83,51,10176,Lana Clelland,lana clelland,3154,Sassuolo W,Left Center Forward,108.1,40.1,118.7,37.7,1.1,Saved,Right Foot,Normal,0.7835,0,46236.0,Doris Bačić,doris bacic,Croatia,lineup_position_window,,,False,,low_left,0,saved,False,,,,statsbomb_open_data_9d261d92-586e-4ee0-98d8-9ffac9f2d3f5,2026-06-24T16:04:38.431710+00:00,False,False,False,False,True,True,False
statsbomb_open_data,58bd0b10-d32a-4a10-a972-503636b70f71,3912538,739,131,281,Serie A Women,2023/2024,Italy,Regular Season,2024-02-04,3152,AS Roma W,1076,Juventus W,Stadio Tre Fontane,Marco Emmanuele,1,20,39,10228,Manuela Giugliano,manuela giugliano,3152,AS Roma W,Right Center Midfield,108.0,40.0,120.0,43.0,0.9,Goal,Right Foot,Normal,0.7835,0,15615.0,Pauline Peyraud Magnin,pauline peyraud magnin,France,lineup_position_window,,,False,,low_right,1,scored,False,,,,statsbomb_open_data_58bd0b10-d32a-4a10-a972-503636b70f71,2026-06-24T16:04:38.431710+00:00,False,False,False,False,True,True,False
statsbomb_open_data,fca67355-209f-4a23-afb8-8e5463bc76b6,3912541,1175,131,281,Serie A Women,2023/2024,Italy,Regular Season,2024-02-10,3154,Sassuolo W,3150,AC Milan W,MAPEI Stadium - Città del Tricolore,Eugenio Scarpa,1,32,46,10206,Daniela Sabatino,daniela sabatino,3154,Sassuolo W,Left Center Forward,108.0,40.0,120.0,43.4,1.5,Goal,Right Foot,Normal,0.7835,0,10218.0,Laura Giuliani,laura giuliani,Italy,lineup_position_window,,,False,,low_right,1,scored,False,,,,statsbomb_open_data_fca67355-209f-4a23-afb8-8e5463bc76b6,2026-06-24T16:04:38.431710+00:00,False,False,False,False,True,True,False
statsbomb_open_data,04f38b9d-9944-42a2-84ed-2007cfc150df,3912549,346,131,281,Serie A Women,2023/2024,Italy,Regular Season,2024-02-13,3152,AS Roma W,3154,Sassuolo W,Stadio Tre Fontane,Daniele Virgilio,1,7,27,25541,Valentina Giacinti,valentina giacinti,3152,AS Roma W,Left Center Forward,108.0,40.0,120.0,43.3,0.2,Goal,Right Foot,Normal,0.7835,0,45655.0,Lia Lonni,lia lonni,Italy,lineup_position_window,,,False,,low_right,1,scored,False,,,,statsbomb_open_data_04f38b9d-9944-42a2-84ed-2007cfc150df,2026-06-24T16:04:38.431710+00:00,False,False,False,False,True,True,False
statsbomb_open_data,b6c5e290-f704-4684-be8f-032cc5cbbe79,3912550,1363,131,281,Serie A Women,2023/2024,Italy,Regular Season,2024-02-18,6755,Pomigliano,11558,Como W,Stadio Comunale Di Palma Campania,Valerio Pezzopane,1,40,2,50999,Nicole Arcangeli,nicole arcangeli,6755,Pomigliano,Center Forward,108.0,40.0,119.3,36.8,0.7,Saved,Right Foot,Normal,0.7835,0,45627.0,Mária Korenčiová,maria korenciova,Slovakia,lineup_position_window,,,False,,low_left,0,saved,False,,,,statsbomb_open_data_b6c5e290-f704-4684-be8f-032cc5cbbe79,2026-06-24T16:04:38.431710+00:00,False,False,False,False,True,True,False
statsbomb_open_data,da2a8b28-2b65-4dc6-bac7-99fcab7fdbed,3912550,2046,131,281,Serie A Women,2023/2024,Italy,Regular Season,2024-02-18,6755,Pomigliano,11558,Como W,Stadio Comunale Di Palma Campania,Valerio Pezzopane,2,62,56,226661,Zsanett Bernadett Kaján,zsanett bernadett kajan,11558,Como W,Left Attacking Midfield,107.9,40.0,120.0,43.4,1.4,Goal,Left Foot,Normal,0.7835,0,53193.0,Anna Rosa James-Buhigas,anna rosa james-buhigas,United States of America,lineup_position_window,,,False,,low_right,1,scored,False,,,,statsbomb_open_data_da2a8b28-2b65-4dc6-bac7-99fcab7fdbed,2026-06-24T16:04:38.431710+00:00,False,False,False,False,True,True,False
statsbomb_open_data,0bbb40e8-b33d-440c-acbc-427426180f5f,3912553,315,131,281,Serie A Women,2023/2024,Italy,Regular Season,2024-02-18,1076,Juventus W,3155,Napoli W,Stadio Comunale Vittorio Pozzo Lamarmora,Bozzetto Di bergam,1,8,11,10203,Cristiana Girelli,cristiana girelli,1076,Juventus W,Left Center Forward,108.1,40.1,120.0,42.4,0.2,Goal,Right Foot,Normal,0.7835,0,46236.0,Doris Bačić,doris bacic,Croatia,lineup_position_window,,,False,,low_right,1,scored,False,,,,statsbomb_open_data_0bbb40e8-b33d-440c-acbc-427426180f5f,2026-06-24T16:04:38.431710+00:00,False,False,False,False,True,True,False
statsbomb_open_data,2aab8238-71b0-47d7-9b49-8fd9649780d4,3912553,3126,131,281,Serie A Women,2023/2024,Italy,Regular Season,2024-02-18,1076,Juventus W,3155,Napoli W,Stadio Comunale Vittorio Pozzo Lamarmora,Bozzetto Di bergam,2,93,7,32892,Marija Banušić,marija banusic,3155,Napoli W,Left Defensive Midfield,108.1,40.1,120.0,37.1,0.2,Goal,Right Foot,Normal,0.7835,0,15615.0,Pauline Peyraud Magnin,pauline peyraud magnin,France,lineup_position_window,,,False,,low_left,1,scored,False,,,,statsbomb_open_data_2aab8238-71b0-47d7-9b49-8fd9649780d4,2026-06-24T16:04:38.431710+00:00,False,False,False,False,True,True,False
statsbomb_open_data,cc973b67-558a-42a4-b727-623dd3e15cd5,3912555,963,131,281,Serie A Women,2023/2024,Italy,Regular Season,2024-02-03,3144,FC Internazionale Milano W,11558,Como W,Stadio Giuseppe Meazza    ,Gioiele Iacobellis,1,26,17,10259,Lina Magull,lina magull,3144,FC Internazionale Milano W,Right Center Midfield,108.0,40.0,120.0,43.5,0.1,Goal,Right Foot,Normal,0.7835,0,45747.0,Astrid Gilardi,astrid gilardi,Italy,lineup_position_window,,,False,,low_right,1,scored,False,,,,statsbomb_open_data_cc973b67-558a-42a4-b727-623dd3e15cd5,2026-06-24T16:04:38.431710+00:00,False,False,False,False,True,True,False
statsbomb_open_data,870d21a5-5600-4013-b843-4f29e9513c89,3912593,2154,37,281,FA Women's Super League,2023/2024,England,Regular Season,2023-10-01,972,West Ham United LFC,746,Manchester City WFC,Chigwell Construction Stadium,Abigail Byrne,2,49,22,15570,Chloe Kelly,chloe kelly,746,Manchester City WFC,Right Wing,108.0,40.0,119.4,37.4,1.1,Saved,Right Foot,Normal,0.7835,0,42787.0,Mackenzie Arnold,mackenzie arnold,Australia,lineup_position_window,,,False,,low_left,0,saved,False,,,,statsbomb_open_data_870d21a5-5600-4013-b843-4f29e9513c89,2026-06-24T16:04:38.431710+00:00,False,False,False,False,True,True,False
statsbomb_open_data,1d54b0eb-6928-4eee-85a0-10a790d409cb,3912594,2581,37,281,FA Women's Super League,2023/2024,England,Regular Season,2023-10-01,973,Bristol City WFC,2652,Leicester City WFC,Ashton Gate,Elizabeth Simms,2,84,49,15788,Amalie Grønbak Thestrup,amalie gronbak thestrup,973,Bristol City WFC,Left Center Forward,108.1,40.1,120.0,37.0,0.9,Goal,Right Foot,Normal,0.7835,0,46988.0,Janina Leitzig,janina leitzig,Germany,lineup_position_window,,,False,,low_left,1,scored,False,,,,statsbomb_open_data_1d54b0eb-6928-4eee-85a0-10a790d409cb,2026-06-24T16:04:38.431710+00:00,False,False,False,False,True,True,False
statsbomb_open_data,ff8f5e19-f42e-4893-a4bc-f9b5c7ae008a,3912601,2534,37,281,FA Women's Super League,2023/2024,England,Regular Season,2023-10-08,749,Tottenham Hotspur Women,973,Bristol City WFC,Brisbane Road,Lauren Impey,2,63,40,15788,Amalie Grønbak Thestrup,amalie gronbak thestrup,973,Bristol City WFC,Right Center Forward,108.0,40.0,120.0,43.2,1.7,Goal,Right Foot,Normal,0.7835,0,18158.0,Rebecca Leigh Spencer,rebecca leigh spencer,Jamaica,lineup_position_window,,,False,,low_right,1,scored,False,,,,statsbomb_open_data_ff8f5e19-f42e-4893-a4bc-f9b5c7ae008a,2026-06-24T16:04:38.431710+00:00,False,False,False,False,True,True,False
statsbomb_open_data,6c2f657b-0765-4046-8668-f5aaeee608c9,3912602,1593,37,281,FA Women's Super League,2023/2024,England,Regular Season,2023-10-08,2652,Leicester City WFC,967,Everton LFC,King Power Stadium ,Stacey Fullicks,1,47,23,63308,Justine Vanhaevermaet,justine vanhaevermaet,967,Everton LFC,Center Defensive Midfield,108.1,40.1,119.2,38.4,0.6,Saved,Right Foot,Normal,0.7835,0,46988.0,Janina Leitzig,janina leitzig,Germany,lineup_position_window,,,False,,low_left,0,saved,False,,,,statsbomb_open_data_6c2f657b-0765-4046-8668-f5aaeee608c9,2026-06-24T16:04:38.431710+00:00,False,False,False,False,True,True,False
statsbomb_open_data,a7060ed7-2965-404b-9f83-e53fa21388c8,3913075,191,37,281,FA Women's Super League,2023/2024,England,Regular Season,2023-10-21,2647,Aston Villa W,749,Tottenham Hotspur Women,Poundland Bescot Stadium,Lauren Impey,1,4,42,5058,Rachel Daly,rachel daly,2647,Aston Villa W,Center Forward,108.1,40.1,120.0,37.4,0.2,Goal,Right Foot,Normal,0.7835,0,18158.0,Rebecca Leigh Spencer,rebecca leigh spencer,Jamaica,lineup_position_window,,,False,,low_left,1,scored,False,,,,statsbomb_open_data_a7060ed7-2965-404b-9f83-e53fa21388c8,2026-06-24T16:04:38.431710+00:00,False,False,False,False,True,True,False
statsbomb_open_data,d5237f3c-2445-4928-90e2-c8bea9becd6f,3913083,668,37,281,FA Women's Super League,2023/2024,England,Regular Season,2023-11-05,968,Arsenal WFC,746,Manchester City WFC,Meadow Park ,Rebecca Welch,1,19,7,15616,Kim Little,kim little,968,Arsenal WFC,Center Attacking Midfield,108.1,40.1,119.4,43.2,0.5,Saved to Post,Right Foot,Normal,0.7835,1,92248.0,Khiara Keating,khiara keating,England,lineup_position_window,,,False,,low_right,0,unknown,False,,,,statsbomb_open_data_d5237f3c-2445-4928-90e2-c8bea9becd6f,2026-06-24T16:04:38.431710+00:00,False,False,False,False,True,True,False
statsbomb_open_data,f49a36fa-802d-4df9-b818-4df5be54a579,3913085,3481,37,281,FA Women's Super League,2023/2024,England,Regular Season,2023-11-05,749,Tottenham Hotspur Women,967,Everton LFC,Brisbane Road,Emily Heaslip,2,84,35,10225,Aurora Galli,aurora galli,967,Everton LFC,Right Defensive Midfield,108.1,40.1,120.0,37.0,1.7,Goal,Right Foot,Normal,0.7835,0,18158.0,Rebecca Leigh Spencer,rebecca leigh spencer,Jamaica,lineup_position_window,,,False,,low_left,1,scored,False,,,,statsbomb_open_data_f49a36fa-802d-4df9-b818-4df5be54a579,2026-06-24T16:04:38.431710+00:00,False,False,False,False,True,True,False
statsbomb_open_data,cea7fb78-4d85-42bd-afb4-e2da64cd190f,3913086,1049,37,281,FA Women's Super League,2023/2024,England,Regular Season,2023-11-05,972,West Ham United LFC,973,Bristol City WFC,Chigwell Construction Stadium,Kirsty Dowle,1,26,47,25834,Viviane Asseyi,viviane asseyi,972,West Ham United LFC,Right Center Forward,108.1,40.0,120.0,43.5,0.2,Goal,Right Foot,Normal,0.7835,0,40985.0,Kaylan Marckese,kaylan marckese,United States of America,lineup_position_window,,,False,,low_right,1,scored,False,,,,statsbomb_open_data_cea7fb78-4d85-42bd-afb4-e2da64cd190f,2026-06-24T16:04:38.431710+00:00,False,False,False,False,True,True,False
statsbomb_open_data,1bdd4141-f0c2-45e5-8caa-ad0612dfd1e1,3913096,996,37,281,FA Women's Super League,2023/2024,England,Regular Season,2023-11-19,972,West Ham United LFC,2647,Aston Villa W,Chigwell Construction Stadium,Keith Stroud,1,26,7,25834,Viviane Asseyi,viviane asseyi,972,West Ham United LFC,Right Wing,108.0,40.0,120.0,36.8,0.6,Goal,Right Foot,Normal,0.7835,0,32339.0,Daphne van Domselaar,daphne van domselaar,Netherlands,lineup_position_window,,,False,,low_left,1,scored,False,,,,statsbomb_open_data_1bdd4141-f0c2-45e5-8caa-ad0612dfd1e1,2026-06-24T16:04:38.431710+00:00,False,False,False,False,True,True,False
statsbomb_open_data,350555f4-6b13-4241-98ee-90e8fc78a59b,3913098,772,37,281,FA Women's Super League,2023/2024,England,Regular Season,2023-11-19,1475,Manchester United W,746,Manchester City WFC,Old Trafford,Cheryl Foster,1,20,44,31540,Katie Zelem,katie zelem,1475,Manchester United W,Left Defensive Midfield,108.0,40.0,120.0,36.5,0.5,Goal,Right Foot,Normal,0.7835,0,92248.0,Khiara Keating,khiara keating,England,lineup_position_window,,,False,,low_left,1,scored,False,,,,statsbomb_open_data_350555f4-6b13-4241-98ee-90e8fc78a59b,2026-06-24T16:04:38.431710+00:00,False,False,False,False,True,True,False
statsbomb_open_data,1f9f9866-3d76-4fdd-80f8-bfa2e4e2c546,3913100,3181,37,281,FA Women's Super League,2023/2024,England,Regular Season,2023-11-26,2647,Aston Villa W,967,Everton LFC,Villa Park,Stacey Pearson,2,73,45,26093,Gun Nathalie Björn,gun nathalie bjorn,967,Everton LFC,Right Center Back,108.1,40.1,120.0,42.7,0.2,Goal,Right Foot,Normal,0.7835,0,32339.0,Daphne van Domselaar,daphne van domselaar,Netherlands,lineup_position_window,,,False,,low_right,1,scored,False,,,,statsbomb_open_data_1f9f9866-3d76-4fdd-80f8-bfa2e4e2c546,2026-06-24T16:04:38.431710+00:00,False,False,False,False,True,True,False
statsbomb_open_data,6de4d148-0445-4ee3-9739-f9805f03ecde,3913105,2720,37,281,FA Women's Super League,2023/2024,England,Regular Season,2023-12-10,968,Arsenal WFC,971,Chelsea FCW,Emirates Stadium,Rebecca Welch,2,73,16,47521,Alessia Russo,alessia russo,968,Arsenal WFC,Center Forward,108.1,40.1,120.0,36.5,0.1,Goal,Right Foot,Normal,0.7835,0,15560.0,Ann-Katrin Berger,ann-katrin berger,Germany,lineup_position_window,,,False,,low_left,1,scored,False,,,,statsbomb_open_data_6de4d148-0445-4ee3-9739-f9805f03ecde,2026-06-24T16:04:38.431710+00:00,False,False,False,False,True,True,False
statsbomb_open_data,af8be0ac-f314-42b4-b992-326c61be676b,3913116,322,37,281,FA Women's Super League,2023/2024,England,Regular Season,2023-12-17,967,Everton LFC,746,Manchester City WFC,Walton Hall Park,Stacey Pearson,1,7,45,25554,Khadija Monifa Shaw,khadija monifa shaw,746,Manchester City WFC,Center Forward,108.1,40.1,119.3,36.9,0.3,Saved,Right Foot,Normal,0.7835,0,31555.0,Courtney Brosnan,courtney brosnan,Ireland,lineup_position_window,,,False,,low_left,0,saved,False,,,,statsbomb_open_data_af8be0ac-f314-42b4-b992-326c61be676b,2026-06-24T16:04:38.431710+00:00,False,False,False,False,True,True,False
statsbomb_open_data,12561207-8dac-485d-8247-b67d5da9d549,3913120,3147,37,281,FA Women's Super League,2023/2024,England,Regular Season,2024-01-21,746,Manchester City WFC,966,Liverpool WFC,Joie Stadium,Kirsty Dowle,2,77,35,15570,Chloe Kelly,chloe kelly,746,Manchester City WFC,Left Wing,108.0,40.0,120.0,42.2,0.2,Goal,Right Foot,Normal,0.7835,0,131588.0,Teagan Jade Micah,teagan jade micah,Australia,lineup_position_window,,,False,,low_right,1,scored,False,,,,statsbomb_open_data_12561207-8dac-485d-8247-b67d5da9d549,2026-06-24T16:04:38.431710+00:00,False,False,False,False,True,True,False
statsbomb_open_data,06001753-0b0b-47c4-a369-cde867c51323,3913127,2554,37,281,FA Women's Super League,2023/2024,England,Regular Season,2024-01-28,1475,Manchester United W,2647,Aston Villa W,Leigh Sports Village Stadium,Adewunmi Soneye,2,59,14,5058,Rachel Daly,rachel daly,2647,Aston Villa W,Center Forward,108.0,40.0,120.0,38.5,1.9,Goal,Right Foot,Normal,0.7835,0,31538.0,Mary Alexandra Earps,mary alexandra earps,England,lineup_position_window,,,False,,low_left,1,scored,False,,,,statsbomb_open_data_06001753-0b0b-47c4-a369-cde867c51323,2026-06-24T16:04:38.431710+00:00,False,False,False,False,True,True,False
statsbomb_open_data,6f94d566-40fe-410e-a858-b4b8584b4919,3913130,2042,37,281,FA Women's Super League,2023/2024,England,Regular Season,2024-02-04,972,West Ham United LFC,968,Arsenal WFC,Chigwell Construction Stadium,Melissa Burgin,2,49,38,25834,Viviane Asseyi,viviane asseyi,972,West Ham United LFC,Center Forward,108.1,40.1,120.0,37.5,0.9,Goal,Right Foot,Normal,0.7835,0,10237.0,Manuela Zinsberger,manuela zinsberger,Austria,lineup_position_window,,,False,,low_left,1,scored,False,,,,statsbomb_open_data_6f94d566-40fe-410e-a858-b4b8584b4919,2026-06-24T16:04:38.431710+00:00,False,False,False,False,True,True,False
statsbomb_open_data,36262299-3273-4f9c-8ebe-5285faac0760,3913134,1056,37,281,FA Women's Super League,2023/2024,England,Regular Season,2024-02-04,971,Chelsea FCW,967,Everton LFC,Stamford Bridge,Emily Heaslip,1,26,50,10514,Guro Reiten,guro reiten,971,Chelsea FCW,Left Wing,108.0,40.0,120.0,37.1,0.3,Goal,Left Foot,Normal,0.7835,0,31555.0,Courtney Brosnan,courtney brosnan,Ireland,lineup_position_window,,,False,,low_left,1,scored,False,,,,statsbomb_open_data_36262299-3273-4f9c-8ebe-5285faac0760,2026-06-24T16:04:38.431710+00:00,False,False,False,False,True,True,False
statsbomb_open_data,04af80a1-4b76-40f2-aea1-fbd30e384823,3913134,3074,37,281,FA Women's Super League,2023/2024,England,Regular Season,2024-02-04,971,Chelsea FCW,967,Everton LFC,Stamford Bridge,Emily Heaslip,2,71,56,10514,Guro Reiten,guro reiten,971,Chelsea FCW,Left Wing,108.1,40.1,120.0,37.2,0.2,Goal,Left Foot,Normal,0.7835,0,31555.0,Courtney Brosnan,courtney brosnan,Ireland,lineup_position_window,,,False,,low_left,1,scored,False,,,,statsbomb_open_data_04af80a1-4b76-40f2-aea1-fbd30e384823,2026-06-24T16:04:38.431710+00:00,False,False,False,False,True,True,False
statsbomb_open_data,6e13b594-3ade-413d-ae79-90165dfa968a,3913135,1512,37,281,FA Women's Super League,2023/2024,England,Regular Season,2024-02-17,968,Arsenal WFC,1475,Manchester United W,Emirates Stadium,Kirsty Dowle,1,43,38,15616,Kim Little,kim little,968,Arsenal WFC,Center Attacking Midfield,108.0,40.0,120.0,37.6,0.3,Goal,Right Foot,Normal,0.7835,0,31538.0,Mary Alexandra Earps,mary alexandra earps,England,lineup_position_window,,,False,,low_left,1,scored,False,,,,statsbomb_open_data_6e13b594-3ade-413d-ae79-90165dfa968a,2026-06-24T16:04:38.431710+00:00,False,False,False,False,True,True,False
statsbomb_open_data,6e49f609-0fb2-4632-a5b2-00ec6f174d02,3913141,1556,37,281,FA Women's Super League,2023/2024,England,Regular Season,2024-03-03,2647,Aston Villa W,966,Liverpool WFC,Poundland Bescot Stadium,Lisa Benn,1,36,27,19500,Sarah Emma Mayling,sarah emma mayling,2647,Aston Villa W,Right Back,108.1,40.1,120.0,36.7,0.2,Goal,Right Foot,Normal,0.7835,0,33664.0,Rachael Laws,rachael laws,England,lineup_position_window,,,False,,low_left,1,scored,False,,,,statsbomb_open_data_6e49f609-0fb2-4632-a5b2-00ec6f174d02,2026-06-24T16:04:38.431710+00:00,False,False,False,False,True,True,False
statsbomb_open_data,7557977e-75a5-4efd-8be8-76231335b833,3913146,3622,37,281,FA Women's Super League,2023/2024,England,Regular Season,2024-03-03,973,Bristol City WFC,965,Brighton & Hove Albion WFC,Ashton Gate,Adewunmi Soneye,2,91,40,10158,María Victoria Losada Gómez,maria victoria losada gomez,965,Brighton & Hove Albion WFC,Left Defensive Midfield,108.1,40.1,120.0,36.4,0.5,Goal,Right Foot,Normal,0.7835,0,326619.0,Olivia Clarke,olivia clarke,Wales,lineup_position_window,,,False,,low_left,1,scored,False,,,,statsbomb_open_data_7557977e-75a5-4efd-8be8-76231335b833,2026-06-24T16:04:38.431710+00:00,False,False,False,False,True,True,False
statsbomb_open_data,030c9256-6fda-40be-8dda-51ef6a904188,3913180,228,37,281,FA Women's Super League,2023/2024,England,Regular Season,2024-05-05,971,Chelsea FCW,973,Bristol City WFC,Kingsmeadow,Stacey Fullicks,1,5,18,10514,Guro Reiten,guro reiten,971,Chelsea FCW,Left Wing,107.9,40.0,120.0,36.5,0.1,Goal,Left Foot,Normal,0.7835,0,64240.0,Francesca Bentley,francesca bentley,England,lineup_position_window,,,False,,low_left,1,scored,False,,,,statsbomb_open_data_030c9256-6fda-40be-8dda-51ef6a904188,2026-06-24T16:04:38.431710+00:00,False,False,False,False,True,True,False
statsbomb_open_data,77be2e7e-74cf-429a-ae59-fe92e4709fe1,3913185,2547,37,281,FA Women's Super League,2023/2024,England,Regular Season,2024-05-18,968,Arsenal WFC,965,Brighton & Hove Albion WFC,Meadow Park ,Lauren Impey,2,55,53,15616,Kim Little,kim little,968,Arsenal WFC,Center Attacking Midfield,108.0,40.0,120.0,36.0,0.2,Post,Right Foot,Normal,0.7835,1,16376.0,Sophie Baggaley,sophie baggaley,England,lineup_position_window,119.3,40.2,True,,low_left,0,missed,False,,,,statsbomb_open_data_77be2e7e-74cf-429a-ae59-fe92e4709fe1,2026-06-24T16:04:38.431710+00:00,False,False,False,False,False,False,False
statsbomb_open_data,5f3ee2ea-b9fe-47d7-9b3c-c84f122f86e6,3920385,3358,1267,107,African Cup of Nations,2023,Africa,Group Stage,2024-01-14,774,Egypt,4978,Mozambique,Stade Félix Houphouët-Boigny      ,Dahane Beida,2,96,5,3531,Mohamed Salah,mohamed salah,774,Egypt,Right Midfield,108.1,40.1,120.0,35.9,1.3,Goal,Left Foot,Normal,0.7835,0,136064.0,Ernan Alberto Siluane,ernan alberto siluane,Mozambique,lineup_position_window,,,False,,low_left,1,scored,False,,,,statsbomb_open_data_5f3ee2ea-b9fe-47d7-9b3c-c84f122f86e6,2026-06-24T16:04:38.431710+00:00,False,False,False,False,True,True,False
statsbomb_open_data,83195f60-5df2-43ba-a589-ef44d5c8e412,3920390,2189,1267,107,African Cup of Nations,2023,Africa,Group Stage,2024-01-15,4898,Algeria,4901,Angola,Stade de Bouaké,Issa Sy,2,67,8,128881,Cristóvão Paciência Mabululo,cristovao paciencia mabululo,4901,Angola,Center Forward,108.1,40.1,120.0,38.2,0.4,Goal,Right Foot,Normal,0.7835,0,41381.0,Anthony Louis Mandréa,anthony louis mandrea,Algeria,lineup_position_window,,,False,,low_left,1,scored,False,,,,statsbomb_open_data_83195f60-5df2-43ba-a589-ef44d5c8e412,2026-06-24T16:04:38.431710+00:00,False,False,False,False,True,True,False
statsbomb_open_data,f78738bc-99d9-4699-88f9-1ca6b6ae0cb9,3920391,643,1267,107,African Cup of Nations,2023,Africa,Group Stage,2024-01-16,4930,Mali,4976,South Africa,Stade Amadou Gon Coulibaly,Mohamed Adel Hussein,1,18,47,29367,Percy Tau,percy tau,4976,South Africa,Right Midfield,108.1,40.1,120.0,36.8,3.6,Off T,Left Foot,Normal,0.7835,1,102992.0,Djigui Diarra,djigui diarra,Mali,lineup_position_window,119.5,40.0,True,,high_left,0,missed,False,,,,statsbomb_open_data_f78738bc-99d9-4699-88f9-1ca6b6ae0cb9,2026-06-24T16:04:38.431710+00:00,False,False,False,False,False,False,False
statsbomb_open_data,50e1925f-cf91-4321-b0bd-eb32fabc5310,3920392,2785,1267,107,African Cup of Nations,2023,Africa,Group Stage,2024-01-16,4921,Burkina Faso,4932,Mauritania,Stade de Bouaké,Jalal Jayed,2,95,20,2956,Bertrand Isidore Traoré,bertrand isidore traore,4921,Burkina Faso,Right Wing,108.1,40.1,120.0,36.6,1.4,Goal,Left Foot,Normal,0.7835,0,36951.0,Babacar Niasse,babacar niasse,Mauritania,lineup_position_window,,,False,,low_left,1,scored,False,,,,statsbomb_open_data_50e1925f-cf91-4321-b0bd-eb32fabc5310,2026-06-24T16:04:38.431710+00:00,False,False,False,False,True,True,False
statsbomb_open_data,759d3c44-bb07-4424-b1f7-8e3ee6e87c3b,3920398,1546,1267,107,African Cup of Nations,2023,Africa,Group Stage,2024-01-18,3374,Côte d'Ivoire,775,Nigeria,Stade Olympique Alassane Ouattara,Mustapha Ghorbal,2,54,8,5455,William Troost-Ekong,william troost-ekong,775,Nigeria,Center Back,108.0,40.0,120.0,40.1,1.6,Goal,Right Foot,Normal,0.7835,0,36629.0,Yahia Fofana,yahia fofana,Côte d'Ivoire,lineup_position_window,,,False,,low_center,1,scored,False,,,,statsbomb_open_data_759d3c44-bb07-4424-b1f7-8e3ee6e87c3b,2026-06-24T16:04:38.431710+00:00,False,False,False,False,True,True,False
statsbomb_open_data,a897f422-9c60-42d7-930c-01646a7ca24c,3920402,1940,1267,107,African Cup of Nations,2023,Africa,Group Stage,2024-01-20,4898,Algeria,4921,Burkina Faso,Stade de Bouaké,Abongile Tom,2,70,42,2956,Bertrand Isidore Traoré,bertrand isidore traore,4921,Burkina Faso,Center Forward,108.1,40.1,120.0,41.0,0.7,Goal,Left Foot,Normal,0.7835,0,41381.0,Anthony Louis Mandréa,anthony louis mandrea,Algeria,lineup_position_window,,,False,,low_center,1,scored,False,,,,statsbomb_open_data_a897f422-9c60-42d7-930c-01646a7ca24c,2026-06-24T16:04:38.431710+00:00,False,False,False,False,True,True,False
statsbomb_open_data,70b22887-ee7b-4b5e-96d7-30526b1e0dcb,3920405,904,1267,107,African Cup of Nations,2023,Africa,Group Stage,2024-01-21,788,Morocco,4881,Congo DR,Stade Laurent Pokou,Peter Waweru Kamaku,1,41,14,6862,Cédric Bakambu,cedric bakambu,4881,Congo DR,Center Forward,108.1,40.1,120.0,36.1,0.2,Post,Right Foot,Normal,0.7835,1,6785.0,Yassine Bounou,yassine bounou,Morocco,lineup_position_window,119.9,39.8,True,,low_left,0,missed,False,,,,statsbomb_open_data_70b22887-ee7b-4b5e-96d7-30526b1e0dcb,2026-06-24T16:04:38.431710+00:00,False,False,False,False,False,False,False
statsbomb_open_data,fcf841c9-7a45-42ba-bc85-7375de8935d0,3920407,339,1267,107,African Cup of Nations,2023,Africa,Group Stage,2024-01-21,4976,South Africa,4980,Namibia,Stade Amadou Gon Coulibaly,Youcef Gamouh,1,13,20,29367,Percy Tau,percy tau,4976,South Africa,Left Wing,108.0,40.0,120.0,43.0,0.2,Goal,Left Foot,Normal,0.7835,0,125324.0,Lloyd Junior Kazapua,lloyd junior kazapua,Namibia,lineup_position_window,,,False,,low_right,1,scored,False,,,,statsbomb_open_data_fcf841c9-7a45-42ba-bc85-7375de8935d0,2026-06-24T16:04:38.431710+00:00,False,False,False,False,True,True,False
statsbomb_open_data,32894db0-8d24-4e57-92a8-78a0652b6f98,3920410,421,1267,107,African Cup of Nations,2023,Africa,Group Stage,2024-01-22,4978,Mozambique,4885,Ghana,Stade Olympique Alassane Ouattara,Ibrahim Mutaz,1,14,47,3450,Jordan Ayew,jordan ayew,4885,Ghana,Left Wing,108.1,40.1,120.0,43.8,0.2,Goal,Right Foot,Normal,0.7835,0,161718.0,Ivane Carminio Francisco Urrubal,ivane carminio francisco urrubal,Mozambique,lineup_position_window,,,False,,low_right,1,scored,False,,,,statsbomb_open_data_32894db0-8d24-4e57-92a8-78a0652b6f98,2026-06-24T16:04:38.431710+00:00,False,False,False,False,True,True,False
statsbomb_open_data,c3b1dd9d-a436-4e69-9fb8-3f18449c9038,3920410,2058,1267,107,African Cup of Nations,2023,Africa,Group Stage,2024-01-22,4978,Mozambique,4885,Ghana,Stade Olympique Alassane Ouattara,Ibrahim Mutaz,2,69,9,3450,Jordan Ayew,jordan ayew,4885,Ghana,Left Wing,108.0,40.0,120.0,37.1,1.5,Goal,Right Foot,Normal,0.7835,0,161718.0,Ivane Carminio Francisco Urrubal,ivane carminio francisco urrubal,Mozambique,lineup_position_window,,,False,,low_left,1,scored,False,,,,statsbomb_open_data_c3b1dd9d-a436-4e69-9fb8-3f18449c9038,2026-06-24T16:04:38.431710+00:00,False,False,False,False,True,True,False
statsbomb_open_data,b39784de-a261-4ca9-a905-7e1c8324ba78,3920410,2494,1267,107,African Cup of Nations,2023,Africa,Group Stage,2024-01-22,4978,Mozambique,4885,Ghana,Stade Olympique Alassane Ouattara,Ibrahim Mutaz,2,90,38,127300,Geny Cipriano Catamo,geny cipriano catamo,4978,Mozambique,Right Center Forward,108.1,40.1,120.0,42.6,0.2,Goal,Left Foot,Normal,0.7835,0,68757.0,Richard Ofori Antwi,richard ofori antwi,Ghana,lineup_position_window,,,False,,low_right,1,scored,False,,,,statsbomb_open_data_b39784de-a261-4ca9-a905-7e1c8324ba78,2026-06-24T16:04:38.431710+00:00,False,False,False,False,True,True,False
statsbomb_open_data,3ba84e1d-4c42-4296-ab1a-e11252f35eb8,3922239,2036,1267,107,African Cup of Nations,2023,Africa,Round of 16,2024-01-28,4992,Equatorial Guinea,4892,Guinea,Stade Olympique Alassane Ouattara,Omar Abdulkadir Artan,2,68,31,13581,Emilio Nsue López,emilio nsue lopez,4992,Equatorial Guinea,Center Forward,108.1,40.1,120.0,44.1,0.2,Post,Right Foot,Normal,0.7835,1,182573.0,Ibrahim Kone,ibrahim kone,Guinea,lineup_position_window,118.5,40.4,True,,low_right,0,missed,False,,,,statsbomb_open_data_3ba84e1d-4c42-4296-ab1a-e11252f35eb8,2026-06-24T16:04:38.431710+00:00,False,False,False,False,False,False,False
statsbomb_open_data,52dd0127-ecd3-40d3-9ab7-47e1c432492f,3922240,1239,1267,107,African Cup of Nations,2023,Africa,Round of 16,2024-01-28,774,Egypt,4881,Congo DR,Stade Laurent Pokou,Abongile Tom,1,45,42,66886,Mostafa Mohamed Ahmed Abdallah,mostafa mohamed ahmed abdallah,774,Egypt,Center Forward,108.0,40.0,120.0,43.3,2.0,Goal,Right Foot,Normal,0.7835,0,35413.0,Lionel Mpasi-Nzau,lionel mpasi-nzau,"Congo, (Kinshasa)",lineup_position_window,,,False,,high_right,1,scored,False,,,,statsbomb_open_data_52dd0127-ecd3-40d3-9ab7-47e1c432492f,2026-06-24T16:04:38.431710+00:00,False,False,False,False,True,True,False
statsbomb_open_data,f93f7f91-0155-494b-b24f-4f22fd2b5536,3922240,3753,1267,107,African Cup of Nations,2023,Africa,Round of 16,2024-01-28,774,Egypt,4881,Congo DR,Stade Laurent Pokou,Abongile Tom,5,120,1,69563,Mohamed Abdelmonem,mohamed abdelmonem,774,Egypt,Left Center Back,108.0,40.0,120.0,36.5,1.4,Goal,Right Foot,Normal,0.7835,0,35413.0,Lionel Mpasi-Nzau,lionel mpasi-nzau,"Congo, (Kinshasa)",lineup_position_window,,,False,,low_left,1,scored,True,1,0,0,statsbomb_open_data_f93f7f91-0155-494b-b24f-4f22fd2b5536,2026-06-24T16:04:38.431710+00:00,False,False,False,False,True,True,False
statsbomb_open_data,a7cbb19f-ef69-4f0a-b63b-fc2da27b0c3d,3922240,3755,1267,107,African Cup of Nations,2023,Africa,Round of 16,2024-01-28,774,Egypt,4881,Congo DR,Stade Laurent Pokou,Abongile Tom,5,121,1,4412,Samuel Moutoussamy,samuel moutoussamy,4881,Congo DR,Left Defensive Midfield,108.0,40.0,120.0,43.7,1.0,Goal,Left Foot,Normal,0.7835,0,66879.0,Mohamed Abougabal,mohamed abougabal,Egypt,lineup_position_window,,,False,,low_right,1,scored,True,2,0,1,statsbomb_open_data_a7cbb19f-ef69-4f0a-b63b-fc2da27b0c3d,2026-06-24T16:04:38.431710+00:00,False,False,False,False,True,True,False
statsbomb_open_data,7f966ab0-9805-4e6f-8cea-5729f56cab61,3922240,3757,1267,107,African Cup of Nations,2023,Africa,Round of 16,2024-01-28,774,Egypt,4881,Congo DR,Stade Laurent Pokou,Abongile Tom,5,121,51,66886,Mostafa Mohamed Ahmed Abdallah,mostafa mohamed ahmed abdallah,774,Egypt,Center Forward,108.0,40.0,120.0,45.1,1.2,Off T,Right Foot,Normal,0.7835,1,35413.0,Lionel Mpasi-Nzau,lionel mpasi-nzau,"Congo, (Kinshasa)",lineup_position_window,119.0,40.1,True,,low_right,0,missed,True,3,1,1,statsbomb_open_data_7f966ab0-9805-4e6f-8cea-5729f56cab61,2026-06-24T16:04:38.431710+00:00,False,False,False,False,False,False,False
statsbomb_open_data,c5838190-836e-431f-8f6e-92f37e858496,3922240,3759,1267,107,African Cup of Nations,2023,Africa,Round of 16,2024-01-28,774,Egypt,4881,Congo DR,Stade Laurent Pokou,Abongile Tom,5,122,48,3587,Arthur Masuaku,arthur masuaku,4881,Congo DR,Left Back,108.0,40.0,120.0,41.2,4.7,Off T,Left Foot,Normal,0.7835,1,66879.0,Mohamed Abougabal,mohamed abougabal,Egypt,lineup_position_window,118.7,39.6,True,,high_center,0,missed,True,4,1,1,statsbomb_open_data_c5838190-836e-431f-8f6e-92f37e858496,2026-06-24T16:04:38.431710+00:00,False,False,False,False,False,False,False
statsbomb_open_data,823e9727-9c0c-4c60-9eed-d026781ae494,3922240,3761,1267,107,African Cup of Nations,2023,Africa,Round of 16,2024-01-28,774,Egypt,4881,Congo DR,Stade Laurent Pokou,Abongile Tom,5,123,34,40761,Omar Marmoush,omar marmoush,774,Egypt,Left Midfield,108.0,40.0,120.0,36.5,2.1,Goal,Right Foot,Normal,0.7835,0,35413.0,Lionel Mpasi-Nzau,lionel mpasi-nzau,"Congo, (Kinshasa)",lineup_position_window,,,False,,high_left,1,scored,True,5,1,1,statsbomb_open_data_823e9727-9c0c-4c60-9eed-d026781ae494,2026-06-24T16:04:38.431710+00:00,False,False,False,False,True,True,False
statsbomb_open_data,95b3508d-f002-47a9-a18b-ce6d24207e50,3922240,3763,1267,107,African Cup of Nations,2023,Africa,Round of 16,2024-01-28,774,Egypt,4881,Congo DR,Stade Laurent Pokou,Abongile Tom,5,124,31,18244,Grady Diangana,grady diangana,4881,Congo DR,Right Wing,108.0,40.0,120.0,40.8,0.1,Goal,Left Foot,Normal,0.7835,0,66879.0,Mohamed Abougabal,mohamed abougabal,Egypt,lineup_position_window,,,False,,low_center,1,scored,True,6,1,2,statsbomb_open_data_95b3508d-f002-47a9-a18b-ce6d24207e50,2026-06-24T16:04:38.431710+00:00,False,False,False,False,True,True,False
statsbomb_open_data,b25ec198-47fe-42e3-bc56-7e5dcbd193d2,3922240,3765,1267,107,African Cup of Nations,2023,Africa,Round of 16,2024-01-28,774,Egypt,4881,Congo DR,Stade Laurent Pokou,Abongile Tom,5,125,34,70783,Omar Kamal Abdel Wahed,omar kamal abdel wahed,774,Egypt,Left Back,108.0,40.0,120.0,42.3,0.3,Goal,Right Foot,Normal,0.7835,0,35413.0,Lionel Mpasi-Nzau,lionel mpasi-nzau,"Congo, (Kinshasa)",lineup_position_window,,,False,,low_right,1,scored,True,7,2,2,statsbomb_open_data_b25ec198-47fe-42e3-bc56-7e5dcbd193d2,2026-06-24T16:04:38.431710+00:00,False,False,False,False,True,True,False
statsbomb_open_data,257368da-b67a-4180-b5a7-56558c338ab4,3922240,3767,1267,107,African Cup of Nations,2023,Africa,Round of 16,2024-01-28,774,Egypt,4881,Congo DR,Stade Laurent Pokou,Abongile Tom,5,126,20,13329,Silas Katompa Mvumpa,silas katompa mvumpa,4881,Congo DR,Left Wing,108.0,40.0,120.0,43.7,0.2,Goal,Right Foot,Normal,0.7835,0,66879.0,Mohamed Abougabal,mohamed abougabal,Egypt,lineup_position_window,,,False,,low_right,1,scored,True,8,2,3,statsbomb_open_data_257368da-b67a-4180-b5a7-56558c338ab4,2026-06-24T16:04:38.431710+00:00,False,False,False,False,True,True,False
statsbomb_open_data,6b1d576f-83b3-47fe-8c23-f3e6a1f03f1b,3922240,3769,1267,107,African Cup of Nations,2023,Africa,Round of 16,2024-01-28,774,Egypt,4881,Congo DR,Stade Laurent Pokou,Abongile Tom,5,127,8,66892,Mohamed Hany Gamal Eldemerdash,mohamed hany gamal eldemerdash,774,Egypt,Right Back,108.0,40.0,120.0,43.5,1.7,Goal,Right Foot,Normal,0.7835,0,35413.0,Lionel Mpasi-Nzau,lionel mpasi-nzau,"Congo, (Kinshasa)",lineup_position_window,,,False,,low_right,1,scored,True,9,3,3,statsbomb_open_data_6b1d576f-83b3-47fe-8c23-f3e6a1f03f1b,2026-06-24T16:04:38.431710+00:00,False,False,False,False,True,True,False
statsbomb_open_data,d50dfeb7-6745-480c-8ac9-ce68552fea1d,3922240,3771,1267,107,African Cup of Nations,2023,Africa,Round of 16,2024-01-28,774,Egypt,4881,Congo DR,Stade Laurent Pokou,Abongile Tom,5,127,59,4753,Aaron Tshibola,aaron tshibola,4881,Congo DR,Right Defensive Midfield,108.0,40.0,120.0,42.0,0.3,Goal,Right Foot,Normal,0.7835,0,66879.0,Mohamed Abougabal,mohamed abougabal,Egypt,lineup_position_window,,,False,,low_right,1,scored,True,10,3,4,statsbomb_open_data_d50dfeb7-6745-480c-8ac9-ce68552fea1d,2026-06-24T16:04:38.431710+00:00,False,False,False,False,True,True,False
statsbomb_open_data,360f0cdd-5c71-48f7-966a-23ed1b15fc2f,3922240,3773,1267,107,African Cup of Nations,2023,Africa,Round of 16,2024-01-28,774,Egypt,4881,Congo DR,Stade Laurent Pokou,Abongile Tom,5,128,45,4063,Ahmed Elsayed Ali Elsayed Hegazy,ahmed elsayed ali elsayed hegazy,774,Egypt,Right Center Back,108.0,40.0,120.0,38.3,0.4,Goal,Right Foot,Normal,0.7835,0,35413.0,Lionel Mpasi-Nzau,lionel mpasi-nzau,"Congo, (Kinshasa)",lineup_position_window,,,False,,low_left,1,scored,True,11,4,4,statsbomb_open_data_360f0cdd-5c71-48f7-966a-23ed1b15fc2f,2026-06-24T16:04:38.431710+00:00,False,False,False,False,True,True,False
statsbomb_open_data,4b2bab52-3437-4f25-a886-68da7371a751,3922240,3775,1267,107,African Cup of Nations,2023,Africa,Round of 16,2024-01-28,774,Egypt,4881,Congo DR,Stade Laurent Pokou,Abongile Tom,5,129,41,30193,Gedeon Kalulu Kyatengwa,gedeon kalulu kyatengwa,4881,Congo DR,Right Back,108.0,40.0,120.0,42.9,1.4,Goal,Right Foot,Normal,0.7835,0,66879.0,Mohamed Abougabal,mohamed abougabal,Egypt,lineup_position_window,,,False,,low_right,1,scored,True,12,4,5,statsbomb_open_data_4b2bab52-3437-4f25-a886-68da7371a751,2026-06-24T16:04:38.431710+00:00,False,False,False,False,True,True,False
statsbomb_open_data,f9e43864-ad34-420d-901c-22fe025e35c4,3922240,3777,1267,107,African Cup of Nations,2023,Africa,Round of 16,2024-01-28,774,Egypt,4881,Congo DR,Stade Laurent Pokou,Abongile Tom,5,130,26,68755,Mostafa Fathi,mostafa fathi,774,Egypt,Right Midfield,108.0,40.0,120.0,42.7,1.9,Goal,Left Foot,Normal,0.7835,0,35413.0,Lionel Mpasi-Nzau,lionel mpasi-nzau,"Congo, (Kinshasa)",lineup_position_window,,,False,,low_right,1,scored,True,13,5,5,statsbomb_open_data_f9e43864-ad34-420d-901c-22fe025e35c4,2026-06-24T16:04:38.431710+00:00,False,False,False,False,True,True,False
statsbomb_open_data,549c2ded-f32e-44e3-a06a-f503b047972d,3922240,3779,1267,107,African Cup of Nations,2023,Africa,Round of 16,2024-01-28,774,Egypt,4881,Congo DR,Stade Laurent Pokou,Abongile Tom,5,131,18,3044,Chancel Mbemba Mangulu,chancel mbemba mangulu,4881,Congo DR,Right Center Back,108.0,40.0,120.0,41.4,0.2,Goal,Right Foot,Normal,0.7835,0,66879.0,Mohamed Abougabal,mohamed abougabal,Egypt,lineup_position_window,,,False,,low_right,1,scored,True,14,5,6,statsbomb_open_data_549c2ded-f32e-44e3-a06a-f503b047972d,2026-06-24T16:04:38.431710+00:00,False,False,False,False,True,True,False
statsbomb_open_data,714c0d65-4e7c-4aca-aca4-4650d31f4616,3922240,3781,1267,107,African Cup of Nations,2023,Africa,Round of 16,2024-01-28,774,Egypt,4881,Congo DR,Stade Laurent Pokou,Abongile Tom,5,132,0,67728,Mahmoud Hamada,mahmoud hamada,774,Egypt,Left Defensive Midfield,108.0,40.0,120.0,37.0,1.5,Goal,Right Foot,Normal,0.7835,0,35413.0,Lionel Mpasi-Nzau,lionel mpasi-nzau,"Congo, (Kinshasa)",lineup_position_window,,,False,,low_left,1,scored,True,15,6,6,statsbomb_open_data_714c0d65-4e7c-4aca-aca4-4650d31f4616,2026-06-24T16:04:38.431710+00:00,False,False,False,False,True,True,False
statsbomb_open_data,394745f6-f459-4b73-a4c1-bcce48c7e412,3922240,3783,1267,107,African Cup of Nations,2023,Africa,Round of 16,2024-01-28,774,Egypt,4881,Congo DR,Stade Laurent Pokou,Abongile Tom,5,132,55,105946,Henoc Inonga Baka,henoc inonga baka,4881,Congo DR,Left Center Back,108.0,40.0,120.0,37.0,0.9,Goal,Right Foot,Normal,0.7835,0,66879.0,Mohamed Abougabal,mohamed abougabal,Egypt,lineup_position_window,,,False,,low_left,1,scored,True,16,6,7,statsbomb_open_data_394745f6-f459-4b73-a4c1-bcce48c7e412,2026-06-24T16:04:38.431710+00:00,False,False,False,False,True,True,False
statsbomb_open_data,3bbe8cb9-6acf-4721-ab12-6fc3933651e6,3922240,3785,1267,107,African Cup of Nations,2023,Africa,Round of 16,2024-01-28,774,Egypt,4881,Congo DR,Stade Laurent Pokou,Abongile Tom,5,133,46,66879,Mohamed Abougabal,mohamed abougabal,774,Egypt,Goalkeeper,108.0,40.0,120.0,37.0,2.9,Post,Right Foot,Normal,0.7835,1,35413.0,Lionel Mpasi-Nzau,lionel mpasi-nzau,"Congo, (Kinshasa)",lineup_position_window,119.4,39.7,True,,high_left,0,missed,True,17,7,7,statsbomb_open_data_3bbe8cb9-6acf-4721-ab12-6fc3933651e6,2026-06-24T16:04:38.431710+00:00,False,False,False,False,False,False,False
statsbomb_open_data,a34d7671-e306-45ca-8022-2eddf16942a3,3922240,3787,1267,107,African Cup of Nations,2023,Africa,Round of 16,2024-01-28,774,Egypt,4881,Congo DR,Stade Laurent Pokou,Abongile Tom,5,134,22,35413,Lionel Mpasi-Nzau,lionel mpasi-nzau,4881,Congo DR,Goalkeeper,108.0,40.0,120.0,42.8,1.9,Goal,Right Foot,Normal,0.7835,0,66879.0,Mohamed Abougabal,mohamed abougabal,Egypt,lineup_position_window,,,False,,low_right,1,scored,True,18,7,7,statsbomb_open_data_a34d7671-e306-45ca-8022-2eddf16942a3,2026-06-24T16:04:38.431710+00:00,False,False,False,False,True,True,False
statsbomb_open_data,de772383-4653-4570-a669-f1d3d4ca3380,3922241,2643,1267,107,African Cup of Nations,2023,Africa,Round of 16,2024-01-29,4924,Cape Verde Islands,4932,Mauritania,Stade Félix Houphouët-Boigny      ,Mohamed Adel Elsaid,2,87,54,40485,Ryan Isaac Mendes da Graça,ryan isaac mendes da graca,4924,Cape Verde Islands,Right Wing,108.0,40.0,120.0,40.3,1.0,Goal,Right Foot,Normal,0.7835,0,36951.0,Babacar Niasse,babacar niasse,Mauritania,lineup_position_window,,,False,,low_center,1,scored,False,,,,statsbomb_open_data_de772383-4653-4570-a669-f1d3d4ca3380,2026-06-24T16:04:38.431710+00:00,False,False,False,False,True,True,False
statsbomb_open_data,3ba5c4c7-be80-4279-b3f5-155b56da338e,3922242,2847,1267,107,African Cup of Nations,2023,Africa,Round of 16,2024-01-29,787,Senegal,3374,Côte d'Ivoire,Stade Charles Konan Banny de Yamoussoukro,Pierre Ghislain Atcho,2,85,23,7023,Franck Yannick Kessié,franck yannick kessie,3374,Côte d'Ivoire,Right Defensive Midfield,108.1,40.1,120.0,41.6,1.1,Goal,Right Foot,Normal,0.7835,0,7379.0,Edouard Mendy,edouard mendy,Senegal,lineup_position_window,,,False,,low_right,1,scored,False,,,,statsbomb_open_data_3ba5c4c7-be80-4279-b3f5-155b56da338e,2026-06-24T16:04:38.431710+00:00,False,False,False,False,True,True,False
statsbomb_open_data,87f30223-b850-4e25-b393-1f1d4c8ceba5,3922242,4216,1267,107,African Cup of Nations,2023,Africa,Round of 16,2024-01-29,787,Senegal,3374,Côte d'Ivoire,Stade Charles Konan Banny de Yamoussoukro,Pierre Ghislain Atcho,5,120,26,5675,Kalidou Koulibaly,kalidou koulibaly,787,Senegal,Right Center Back,108.0,40.0,120.0,42.8,1.4,Goal,Right Foot,Normal,0.7835,0,36629.0,Yahia Fofana,yahia fofana,Côte d'Ivoire,lineup_position_window,,,False,,low_right,1,scored,True,1,0,0,statsbomb_open_data_87f30223-b850-4e25-b393-1f1d4c8ceba5,2026-06-24T16:04:38.431710+00:00,False,False,False,False,True,True,False
statsbomb_open_data,0c4221a2-b6c1-4e99-82f4-a3e3f9afb6d7,3922242,4218,1267,107,African Cup of Nations,2023,Africa,Round of 16,2024-01-29,787,Senegal,3374,Côte d'Ivoire,Stade Charles Konan Banny de Yamoussoukro,Pierre Ghislain Atcho,5,121,39,3013,Nicolas Pépé,nicolas pepe,3374,Côte d'Ivoire,Right Midfield,108.0,40.0,120.0,37.4,0.2,Goal,Left Foot,Normal,0.7835,0,7379.0,Edouard Mendy,edouard mendy,Senegal,lineup_position_window,,,False,,low_left,1,scored,True,2,0,1,statsbomb_open_data_0c4221a2-b6c1-4e99-82f4-a3e3f9afb6d7,2026-06-24T16:04:38.431710+00:00,False,False,False,False,True,True,False
statsbomb_open_data,eb38f87d-05ae-4522-95a0-a4b58d5fc67a,3922242,4220,1267,107,African Cup of Nations,2023,Africa,Round of 16,2024-01-29,787,Senegal,3374,Côte d'Ivoire,Stade Charles Konan Banny de Yamoussoukro,Pierre Ghislain Atcho,5,122,38,50498,Pape Matar Sarr,pape matar sarr,787,Senegal,Right Defensive Midfield,108.0,40.0,120.0,37.9,1.7,Goal,Right Foot,Normal,0.7835,0,36629.0,Yahia Fofana,yahia fofana,Côte d'Ivoire,lineup_position_window,,,False,,low_left,1,scored,True,3,1,1,statsbomb_open_data_eb38f87d-05ae-4522-95a0-a4b58d5fc67a,2026-06-24T16:04:38.431710+00:00,False,False,False,False,True,True,False
statsbomb_open_data,3ac7b649-237f-4b02-b532-a64a3d495440,3922242,4222,1267,107,African Cup of Nations,2023,Africa,Round of 16,2024-01-29,787,Senegal,3374,Côte d'Ivoire,Stade Charles Konan Banny de Yamoussoukro,Pierre Ghislain Atcho,5,123,47,12496,Christian Kouamé,christian kouame,3374,Côte d'Ivoire,Center Attacking Midfield,108.0,40.0,120.0,43.2,0.3,Goal,Right Foot,Normal,0.7835,0,7379.0,Edouard Mendy,edouard mendy,Senegal,lineup_position_window,,,False,,low_right,1,scored,True,4,1,2,statsbomb_open_data_3ac7b649-237f-4b02-b532-a64a3d495440,2026-06-24T16:04:38.431710+00:00,False,False,False,False,True,True,False
statsbomb_open_data,b5fa88be-c68a-4348-b61c-f9d4a24faa12,3922242,4224,1267,107,African Cup of Nations,2023,Africa,Round of 16,2024-01-29,787,Senegal,3374,Côte d'Ivoire,Stade Charles Konan Banny de Yamoussoukro,Pierre Ghislain Atcho,5,124,49,3198,Moussa Niakhate,moussa niakhate,787,Senegal,Left Center Back,108.0,40.0,120.0,36.0,1.5,Post,Left Foot,Normal,0.7835,1,36629.0,Yahia Fofana,yahia fofana,Côte d'Ivoire,lineup_position_window,119.6,40.3,True,,low_left,0,missed,True,5,2,2,statsbomb_open_data_b5fa88be-c68a-4348-b61c-f9d4a24faa12,2026-06-24T16:04:38.431710+00:00,False,False,False,False,False,False,False
statsbomb_open_data,5646d446-93d8-43c2-87af-24e808d04fe4,3922242,4226,1267,107,African Cup of Nations,2023,Africa,Round of 16,2024-01-29,787,Senegal,3374,Côte d'Ivoire,Stade Charles Konan Banny de Yamoussoukro,Pierre Ghislain Atcho,5,125,47,8673,Sébastien Haller,sebastien haller,3374,Côte d'Ivoire,Center Forward,108.0,40.0,120.0,37.2,1.6,Goal,Right Foot,Normal,0.7835,0,7379.0,Edouard Mendy,edouard mendy,Senegal,lineup_position_window,,,False,,low_left,1,scored,True,6,2,2,statsbomb_open_data_5646d446-93d8-43c2-87af-24e808d04fe4,2026-06-24T16:04:38.431710+00:00,False,False,False,False,True,True,False
statsbomb_open_data,ddad09a1-5d54-41b5-9a20-e5a9574a2a94,3922242,4228,1267,107,African Cup of Nations,2023,Africa,Round of 16,2024-01-29,787,Senegal,3374,Côte d'Ivoire,Stade Charles Konan Banny de Yamoussoukro,Pierre Ghislain Atcho,5,126,37,88123,Cheikh Ahmadou Bamba Mbacke Dieng,cheikh ahmadou bamba mbacke dieng,787,Senegal,Right Center Forward,108.0,40.0,120.0,36.6,0.2,Goal,Right Foot,Normal,0.7835,0,36629.0,Yahia Fofana,yahia fofana,Côte d'Ivoire,lineup_position_window,,,False,,low_left,1,scored,True,7,2,3,statsbomb_open_data_ddad09a1-5d54-41b5-9a20-e5a9574a2a94,2026-06-24T16:04:38.431710+00:00,False,False,False,False,True,True,False
statsbomb_open_data,5f805e44-b8b2-4010-b170-72cf7dbb5ba5,3922242,4230,1267,107,African Cup of Nations,2023,Africa,Round of 16,2024-01-29,787,Senegal,3374,Côte d'Ivoire,Stade Charles Konan Banny de Yamoussoukro,Pierre Ghislain Atcho,5,127,39,3481,Serge Aurier,serge aurier,3374,Côte d'Ivoire,Right Back,108.0,40.0,120.0,38.0,1.9,Goal,Right Foot,Normal,0.7835,0,7379.0,Edouard Mendy,edouard mendy,Senegal,lineup_position_window,,,False,,low_left,1,scored,True,8,3,3,statsbomb_open_data_5f805e44-b8b2-4010-b170-72cf7dbb5ba5,2026-06-24T16:04:38.431710+00:00,False,False,False,False,True,True,False
statsbomb_open_data,316eb52b-431e-45bc-a71e-302ba6d5d575,3922242,4232,1267,107,African Cup of Nations,2023,Africa,Round of 16,2024-01-29,787,Senegal,3374,Côte d'Ivoire,Stade Charles Konan Banny de Yamoussoukro,Pierre Ghislain Atcho,5,128,37,3629,Sadio Mané,sadio mane,787,Senegal,Left Midfield,108.0,40.0,120.0,41.0,1.5,Goal,Right Foot,Normal,0.7835,0,36629.0,Yahia Fofana,yahia fofana,Côte d'Ivoire,lineup_position_window,,,False,,low_center,1,scored,True,9,3,4,statsbomb_open_data_316eb52b-431e-45bc-a71e-302ba6d5d575,2026-06-24T16:04:38.431710+00:00,False,False,False,False,True,True,False
statsbomb_open_data,df8819a1-4557-44f7-aa77-78ea5f94b55f,3922242,4234,1267,107,African Cup of Nations,2023,Africa,Round of 16,2024-01-29,787,Senegal,3374,Côte d'Ivoire,Stade Charles Konan Banny de Yamoussoukro,Pierre Ghislain Atcho,5,129,48,7023,Franck Yannick Kessié,franck yannick kessie,3374,Côte d'Ivoire,Right Defensive Midfield,108.0,40.0,120.0,42.7,2.3,Goal,Right Foot,Normal,0.7835,0,7379.0,Edouard Mendy,edouard mendy,Senegal,lineup_position_window,,,False,,high_right,1,scored,True,10,4,4,statsbomb_open_data_df8819a1-4557-44f7-aa77-78ea5f94b55f,2026-06-24T16:04:38.431710+00:00,False,False,False,False,True,True,False
statsbomb_open_data,99b0a94b-4048-44dd-ac3c-f3e3c3e1b225,3922243,2799,1267,107,African Cup of Nations,2023,Africa,Round of 16,2024-01-30,788,Morocco,4976,South Africa,Stade Laurent Pokou,Mahmood Ali Mahmood Ismail,2,84,41,5245,Achraf Hakimi Mouh,achraf hakimi mouh,788,Morocco,Right Back,108.1,40.1,120.0,38.2,3.0,Post,Right Foot,Normal,0.7835,1,66721.0,Ronwen Williams,ronwen williams,South Africa,lineup_position_window,119.4,39.9,True,,high_left,0,missed,False,,,,statsbomb_open_data_99b0a94b-4048-44dd-ac3c-f3e3c3e1b225,2026-06-24T16:04:38.431710+00:00,False,False,False,False,False,False,False
statsbomb_open_data,164cba46-9fb6-42ed-a1bd-29c4cbeb23fd,3922244,1989,1267,107,African Cup of Nations,2023,Africa,Round of 16,2024-01-30,4930,Mali,4921,Burkina Faso,Stade Amadou Gon Coulibaly,Ibrahim Mutaz,2,56,49,2956,Bertrand Isidore Traoré,bertrand isidore traore,4921,Burkina Faso,Right Center Forward,108.1,40.1,120.0,36.7,1.4,Goal,Left Foot,Normal,0.7835,0,102992.0,Djigui Diarra,djigui diarra,Mali,lineup_position_window,,,False,,low_left,1,scored,False,,,,statsbomb_open_data_164cba46-9fb6-42ed-a1bd-29c4cbeb23fd,2026-06-24T16:04:38.431710+00:00,False,False,False,False,True,True,False
statsbomb_open_data,696e3bfd-557c-46e7-a699-469b16a89605,3922356,569,1267,107,African Cup of Nations,2023,Africa,Quarter-finals,2024-02-02,4881,Congo DR,4892,Guinea,Stade Olympique Alassane Ouattara,Mustapha Ghorbal,1,20,2,8454,Mohamed Bayo,mohamed bayo,4892,Guinea,Center Forward,108.1,40.1,120.0,42.7,2.0,Goal,Right Foot,Normal,0.7835,0,35413.0,Lionel Mpasi-Nzau,lionel mpasi-nzau,"Congo, (Kinshasa)",lineup_position_window,,,False,,high_right,1,scored,False,,,,statsbomb_open_data_696e3bfd-557c-46e7-a699-469b16a89605,2026-06-24T16:04:38.431710+00:00,False,False,False,False,True,True,False
statsbomb_open_data,5e2ddbd7-9bb9-4a94-9009-593304dccae3,3922356,1969,1267,107,African Cup of Nations,2023,Africa,Quarter-finals,2024-02-02,4881,Congo DR,4892,Guinea,Stade Olympique Alassane Ouattara,Mustapha Ghorbal,2,64,24,7294,Yoane Wissa,yoane wissa,4881,Congo DR,Left Midfield,108.1,40.1,120.0,36.9,0.9,Goal,Right Foot,Normal,0.7835,0,182573.0,Ibrahim Kone,ibrahim kone,Guinea,lineup_position_window,,,False,,low_left,1,scored,False,,,,statsbomb_open_data_5e2ddbd7-9bb9-4a94-9009-593304dccae3,2026-06-24T16:04:38.431710+00:00,False,False,False,False,True,True,False
statsbomb_open_data,23855652-8419-4605-a3a4-146161add132,3922658,3977,1267,107,African Cup of Nations,2023,Africa,Quarter-finals,2024-02-03,4924,Cape Verde Islands,4976,South Africa,Stade Charles Konan Banny de Yamoussoukro,Jean Jacques Ndala Ngambo,5,120,4,7900,Tiago Manuel Dias Correia,tiago manuel dias correia,4924,Cape Verde Islands,Left Wing,108.0,40.0,119.5,36.9,0.7,Saved,Right Foot,Normal,0.7835,1,66721.0,Ronwen Williams,ronwen williams,South Africa,lineup_position_window,119.6,39.7,True,,low_left,0,saved,True,1,0,0,statsbomb_open_data_23855652-8419-4605-a3a4-146161add132,2026-06-24T16:04:38.431710+00:00,False,False,False,False,False,False,False
statsbomb_open_data,9f16f209-28dc-4e55-af11-bead27c2f59a,3922658,3979,1267,107,African Cup of Nations,2023,Africa,Quarter-finals,2024-02-03,4924,Cape Verde Islands,4976,South Africa,Stade Charles Konan Banny de Yamoussoukro,Jean Jacques Ndala Ngambo,5,121,9,66716,Teboho Mokoena,teboho mokoena,4976,South Africa,Center Attacking Midfield,108.0,40.0,120.0,37.7,2.0,Goal,Right Foot,Normal,0.7835,0,105932.0,Josimar José Évora Dias,josimar jose evora dias,Cape Verde,lineup_position_window,,,False,,high_left,1,scored,True,2,0,0,statsbomb_open_data_9f16f209-28dc-4e55-af11-bead27c2f59a,2026-06-24T16:04:38.431710+00:00,False,False,False,False,True,True,False
statsbomb_open_data,c9afacda-8055-4763-a4b4-cf16601b98c7,3922658,3981,1267,107,African Cup of Nations,2023,Africa,Quarter-finals,2024-02-03,4924,Cape Verde Islands,4976,South Africa,Stade Charles Konan Banny de Yamoussoukro,Jean Jacques Ndala Ngambo,5,122,0,28413,Willy Afonso Semedo Johnson,willy afonso semedo johnson,4924,Cape Verde Islands,Right Wing,108.0,40.0,119.5,37.0,1.2,Saved,Right Foot,Normal,0.7835,1,66721.0,Ronwen Williams,ronwen williams,South Africa,lineup_position_window,119.5,39.4,True,,low_left,0,saved,True,3,0,1,statsbomb_open_data_c9afacda-8055-4763-a4b4-cf16601b98c7,2026-06-24T16:04:38.431710+00:00,False,False,False,False,False,False,False
statsbomb_open_data,8070d8d0-203f-4c01-8229-b85203786237,3922658,3983,1267,107,African Cup of Nations,2023,Africa,Quarter-finals,2024-02-03,4924,Cape Verde Islands,4976,South Africa,Stade Charles Konan Banny de Yamoussoukro,Jean Jacques Ndala Ngambo,5,123,1,64607,Zakhele Lerato Lepasa,zakhele lerato lepasa,4976,South Africa,Center Forward,108.0,40.0,120.0,40.5,2.8,Post,Right Foot,Normal,0.7835,1,105932.0,Josimar José Évora Dias,josimar jose evora dias,Cape Verde,lineup_position_window,120.0,40.3,True,,high_center,0,missed,True,4,1,0,statsbomb_open_data_8070d8d0-203f-4c01-8229-b85203786237,2026-06-24T16:04:38.431710+00:00,False,False,False,False,False,False,False
statsbomb_open_data,9d9fdb96-4603-4794-a1d1-b1b29b516fc2,3922658,3985,1267,107,African Cup of Nations,2023,Africa,Quarter-finals,2024-02-03,4924,Cape Verde Islands,4976,South Africa,Stade Charles Konan Banny de Yamoussoukro,Jean Jacques Ndala Ngambo,5,123,58,21173,Laros Duarte,laros duarte,4924,Cape Verde Islands,Center Attacking Midfield,108.0,40.0,119.5,37.1,0.9,Saved,Right Foot,Normal,0.7835,1,66721.0,Ronwen Williams,ronwen williams,South Africa,lineup_position_window,119.3,40.0,True,,low_left,0,saved,True,5,0,1,statsbomb_open_data_9d9fdb96-4603-4794-a1d1-b1b29b516fc2,2026-06-24T16:04:38.431710+00:00,False,False,False,False,False,False,False
statsbomb_open_data,eadfb305-0a8f-4695-917d-a828beb6beb6,3922658,3987,1267,107,African Cup of Nations,2023,Africa,Quarter-finals,2024-02-03,4924,Cape Verde Islands,4976,South Africa,Stade Charles Konan Banny de Yamoussoukro,Jean Jacques Ndala Ngambo,5,125,8,65733,Aubrey Maphosa Modiba,aubrey maphosa modiba,4976,South Africa,Left Back,108.0,40.0,119.0,42.6,0.0,Saved,Left Foot,Normal,0.7835,0,105932.0,Josimar José Évora Dias,josimar jose evora dias,Cape Verde,lineup_position_window,,,False,,low_right,0,saved,True,6,1,0,statsbomb_open_data_eadfb305-0a8f-4695-917d-a828beb6beb6,2026-06-24T16:04:38.431710+00:00,False,False,False,False,True,True,False
statsbomb_open_data,1300733c-2949-4f79-b71a-e53b57de337d,3922658,3989,1267,107,African Cup of Nations,2023,Africa,Quarter-finals,2024-02-03,4924,Cape Verde Islands,4976,South Africa,Stade Charles Konan Banny de Yamoussoukro,Jean Jacques Ndala Ngambo,5,126,18,32868,Bryan Alberto Silva Teixeira Jr.,bryan alberto silva teixeira jr.,4924,Cape Verde Islands,Right Defensive Midfield,108.0,40.0,120.0,43.2,1.3,Goal,Right Foot,Normal,0.7835,0,66721.0,Ronwen Williams,ronwen williams,South Africa,lineup_position_window,,,False,,low_right,1,scored,True,7,0,1,statsbomb_open_data_1300733c-2949-4f79-b71a-e53b57de337d,2026-06-24T16:04:38.431710+00:00,False,False,False,False,True,True,False
statsbomb_open_data,aab760c4-00e4-4e10-8c98-d6936b6fb3ea,3922658,3991,1267,107,African Cup of Nations,2023,Africa,Quarter-finals,2024-02-03,4924,Cape Verde Islands,4976,South Africa,Stade Charles Konan Banny de Yamoussoukro,Jean Jacques Ndala Ngambo,5,127,23,65732,Mothobi Mvala,mothobi mvala,4976,South Africa,Left Center Back,108.0,40.0,120.0,38.5,1.3,Goal,Right Foot,Normal,0.7835,0,105932.0,Josimar José Évora Dias,josimar jose evora dias,Cape Verde,lineup_position_window,,,False,,low_left,1,scored,True,8,1,1,statsbomb_open_data_aab760c4-00e4-4e10-8c98-d6936b6fb3ea,2026-06-24T16:04:38.431710+00:00,False,False,False,False,True,True,False
statsbomb_open_data,8f8bb870-d169-4e8e-8625-617df1297264,3922658,3993,1267,107,African Cup of Nations,2023,Africa,Quarter-finals,2024-02-03,4924,Cape Verde Islands,4976,South Africa,Stade Charles Konan Banny de Yamoussoukro,Jean Jacques Ndala Ngambo,5,128,27,50968,Erickson Patrick Correia Andrade,erickson patrick correia andrade,4924,Cape Verde Islands,Left Defensive Midfield,108.1,40.0,119.6,42.8,1.2,Saved,Left Foot,Normal,0.7835,1,66721.0,Ronwen Williams,ronwen williams,South Africa,lineup_position_window,119.4,40.1,True,,low_right,0,saved,True,9,1,2,statsbomb_open_data_8f8bb870-d169-4e8e-8625-617df1297264,2026-06-24T16:04:38.431710+00:00,False,False,False,False,False,False,False
statsbomb_open_data,15ebc84d-6789-41c3-bb79-29aea08a291f,3922659,378,1267,107,African Cup of Nations,2023,Africa,Quarter-finals,2024-02-03,4930,Mali,3374,Côte d'Ivoire,Stade de Bouaké,Mohamed Adel Elsaid,1,16,57,4464,Adama Traoré,adama traore,4930,Mali,Right Center Forward,108.1,40.1,119.3,43.0,0.2,Saved,Left Foot,Normal,0.7835,0,36629.0,Yahia Fofana,yahia fofana,Côte d'Ivoire,lineup_position_window,,,False,,low_right,0,saved,False,,,,statsbomb_open_data_15ebc84d-6789-41c3-bb79-29aea08a291f,2026-06-24T16:04:38.431710+00:00,False,False,False,False,True,True,False
statsbomb_open_data,57bb29bf-5f2f-4cf3-84b2-285d31e7ac29,3922837,2350,1267,107,African Cup of Nations,2023,Africa,Semi-finals,2024-02-07,775,Nigeria,4976,South Africa,Stade de Bouaké,Amin Mohamed Omar,2,66,5,5455,William Troost-Ekong,william troost-ekong,775,Nigeria,Center Back,108.1,40.1,120.0,40.7,0.2,Goal,Right Foot,Normal,0.7835,0,66721.0,Ronwen Williams,ronwen williams,South Africa,lineup_position_window,,,False,,low_center,1,scored,False,,,,statsbomb_open_data_57bb29bf-5f2f-4cf3-84b2-285d31e7ac29,2026-06-24T16:04:38.431710+00:00,False,False,False,False,True,True,False
statsbomb_open_data,ec2eecb4-19b8-467b-bb71-391558786dc4,3922837,2794,1267,107,African Cup of Nations,2023,Africa,Semi-finals,2024-02-07,775,Nigeria,4976,South Africa,Stade de Bouaké,Amin Mohamed Omar,2,89,2,66716,Teboho Mokoena,teboho mokoena,4976,South Africa,Right Defensive Midfield,108.0,40.0,120.0,36.8,0.8,Goal,Right Foot,Normal,0.7835,0,358410.0,Stanley Bobo Nwabali,stanley bobo nwabali,Nigeria,lineup_position_window,,,False,,low_left,1,scored,False,,,,statsbomb_open_data_ec2eecb4-19b8-467b-bb71-391558786dc4,2026-06-24T16:04:38.431710+00:00,False,False,False,False,True,True,False
statsbomb_open_data,e0fe5665-2a05-4e66-82f4-f03cc52fd023,3922837,3868,1267,107,African Cup of Nations,2023,Africa,Semi-finals,2024-02-07,775,Nigeria,4976,South Africa,Stade de Bouaké,Amin Mohamed Omar,5,120,3,34335,Terem Igobor Moffi,terem igobor moffi,775,Nigeria,Center Forward,108.0,40.0,120.0,39.8,0.7,Goal,Left Foot,Normal,0.7835,0,66721.0,Ronwen Williams,ronwen williams,South Africa,lineup_position_window,,,False,,low_center,1,scored,True,1,0,0,statsbomb_open_data_e0fe5665-2a05-4e66-82f4-f03cc52fd023,2026-06-24T16:04:38.431710+00:00,False,False,False,False,True,True,False
statsbomb_open_data,fc552326-3737-4dfa-a03c-f17e2c3ce766,3922837,3870,1267,107,African Cup of Nations,2023,Africa,Semi-finals,2024-02-07,775,Nigeria,4976,South Africa,Stade de Bouaké,Amin Mohamed Omar,5,121,6,66716,Teboho Mokoena,teboho mokoena,4976,South Africa,Right Defensive Midfield,108.0,40.0,119.7,38.1,1.1,Saved,Right Foot,Normal,0.7835,0,358410.0,Stanley Bobo Nwabali,stanley bobo nwabali,Nigeria,lineup_position_window,,,False,,low_left,0,saved,True,2,0,1,statsbomb_open_data_fc552326-3737-4dfa-a03c-f17e2c3ce766,2026-06-24T16:04:38.431710+00:00,False,False,False,False,True,True,False
statsbomb_open_data,ac297bc5-a7d0-417f-b609-4ef15b3de7b0,3922837,3872,1267,107,African Cup of Nations,2023,Africa,Semi-finals,2024-02-07,775,Nigeria,4976,South Africa,Stade de Bouaké,Amin Mohamed Omar,5,121,57,5830,Kenneth Josiah Omeruo,kenneth josiah omeruo,775,Nigeria,Right Wing Back,108.0,40.0,120.0,36.6,0.2,Goal,Right Foot,Normal,0.7835,0,66721.0,Ronwen Williams,ronwen williams,South Africa,lineup_position_window,,,False,,low_left,1,scored,True,3,1,0,statsbomb_open_data_ac297bc5-a7d0-417f-b609-4ef15b3de7b0,2026-06-24T16:04:38.431710+00:00,False,False,False,False,True,True,False
statsbomb_open_data,667b71e2-db11-4904-9382-59833882cd1d,3922837,3874,1267,107,African Cup of Nations,2023,Africa,Semi-finals,2024-02-07,775,Nigeria,4976,South Africa,Stade de Bouaké,Amin Mohamed Omar,5,122,58,133003,Mihlali Samson Mayambela,mihlali samson mayambela,4976,South Africa,Left Midfield,108.0,40.0,120.0,43.5,1.2,Goal,Right Foot,Normal,0.7835,0,358410.0,Stanley Bobo Nwabali,stanley bobo nwabali,Nigeria,lineup_position_window,,,False,,low_right,1,scored,True,4,0,2,statsbomb_open_data_667b71e2-db11-4904-9382-59833882cd1d,2026-06-24T16:04:38.431710+00:00,False,False,False,False,True,True,False
statsbomb_open_data,acbebfc3-90d5-41bc-9742-8977e959f0d6,3922837,3876,1267,107,African Cup of Nations,2023,Africa,Semi-finals,2024-02-07,775,Nigeria,4976,South Africa,Stade de Bouaké,Amin Mohamed Omar,5,123,41,11492,Temitayo Olufisayo Olaoluwa Aina,temitayo olufisayo olaoluwa aina,775,Nigeria,Left Wing Back,108.0,40.0,120.0,37.6,4.2,Off T,Right Foot,Normal,0.7835,1,66721.0,Ronwen Williams,ronwen williams,South Africa,lineup_position_window,119.5,39.9,True,,high_left,0,missed,True,5,2,1,statsbomb_open_data_acbebfc3-90d5-41bc-9742-8977e959f0d6,2026-06-24T16:04:38.431710+00:00,False,False,False,False,False,False,False
statsbomb_open_data,5812946e-5f9d-4b6e-972e-c1102b82b539,3922837,3878,1267,107,African Cup of Nations,2023,Africa,Semi-finals,2024-02-07,775,Nigeria,4976,South Africa,Stade de Bouaké,Amin Mohamed Omar,5,124,38,65853,Evidence Makgopa,evidence makgopa,4976,South Africa,Center Forward,108.0,40.0,119.5,38.6,0.8,Saved,Right Foot,Normal,0.7835,0,358410.0,Stanley Bobo Nwabali,stanley bobo nwabali,Nigeria,lineup_position_window,,,False,,low_left,0,saved,True,6,1,2,statsbomb_open_data_5812946e-5f9d-4b6e-972e-c1102b82b539,2026-06-24T16:04:38.431710+00:00,False,False,False,False,True,True,False
statsbomb_open_data,2e5719fb-7511-482c-8c2c-318bb38f6b19,3922837,3880,1267,107,African Cup of Nations,2023,Africa,Semi-finals,2024-02-07,775,Nigeria,4976,South Africa,Stade de Bouaké,Amin Mohamed Omar,5,125,44,5455,William Troost-Ekong,william troost-ekong,775,Nigeria,Center Back,108.0,40.0,120.0,37.0,1.4,Goal,Right Foot,Normal,0.7835,0,66721.0,Ronwen Williams,ronwen williams,South Africa,lineup_position_window,,,False,,low_left,1,scored,True,7,2,1,statsbomb_open_data_2e5719fb-7511-482c-8c2c-318bb38f6b19,2026-06-24T16:04:38.431710+00:00,False,False,False,False,True,True,False
statsbomb_open_data,f227f554-a2c0-456a-87de-48248102ea28,3922837,3882,1267,107,African Cup of Nations,2023,Africa,Semi-finals,2024-02-07,775,Nigeria,4976,South Africa,Stade de Bouaké,Amin Mohamed Omar,5,126,46,65732,Mothobi Mvala,mothobi mvala,4976,South Africa,Left Center Back,108.0,40.0,120.0,38.4,0.7,Goal,Right Foot,Normal,0.7835,0,358410.0,Stanley Bobo Nwabali,stanley bobo nwabali,Nigeria,lineup_position_window,,,False,,low_left,1,scored,True,8,1,3,statsbomb_open_data_f227f554-a2c0-456a-87de-48248102ea28,2026-06-24T16:04:38.431710+00:00,False,False,False,False,True,True,False
statsbomb_open_data,03168dfa-1853-488e-a70d-5838288122d8,3922837,3884,1267,107,African Cup of Nations,2023,Africa,Semi-finals,2024-02-07,775,Nigeria,4976,South Africa,Stade de Bouaké,Amin Mohamed Omar,5,127,29,3708,Kelechi Promise Iheanacho,kelechi promise iheanacho,775,Nigeria,Right Wing,108.0,40.0,120.0,43.7,1.1,Goal,Left Foot,Normal,0.7835,0,66721.0,Ronwen Williams,ronwen williams,South Africa,lineup_position_window,,,False,,low_right,1,scored,True,9,3,2,statsbomb_open_data_03168dfa-1853-488e-a70d-5838288122d8,2026-06-24T16:04:38.431710+00:00,False,False,False,False,True,True,False
statsbomb_open_data,28ea9617-c2c7-4dcc-bf04-2c1ab9fef9e2,3923880,3345,1267,107,African Cup of Nations,2023,Africa,3rd Place Final,2024-02-10,4976,South Africa,4881,Congo DR,Stade Félix Houphouët-Boigny      ,Bamlak Tessema Weyesa,5,120,21,66716,Teboho Mokoena,teboho mokoena,4976,South Africa,Center Attacking Midfield,108.0,40.0,120.0,36.0,0.2,Post,Right Foot,Normal,0.7835,1,22823.0,Dimitry Bertaud,dimitry bertaud,"Congo, (Kinshasa)",lineup_position_window,120.0,40.1,True,,low_left,0,missed,True,1,0,0,statsbomb_open_data_28ea9617-c2c7-4dcc-bf04-2c1ab9fef9e2,2026-06-24T16:04:38.431710+00:00,False,False,False,False,False,False,False
statsbomb_open_data,1fd0de02-a623-4785-afb4-9af94f3a4019,3923880,3347,1267,107,African Cup of Nations,2023,Africa,3rd Place Final,2024-02-10,4976,South Africa,4881,Congo DR,Stade Félix Houphouët-Boigny      ,Bamlak Tessema Weyesa,5,121,20,4412,Samuel Moutoussamy,samuel moutoussamy,4881,Congo DR,Left Defensive Midfield,108.0,40.0,120.0,36.4,2.2,Goal,Left Foot,Normal,0.7835,0,66721.0,Ronwen Williams,ronwen williams,South Africa,lineup_position_window,,,False,,high_left,1,scored,True,2,0,0,statsbomb_open_data_1fd0de02-a623-4785-afb4-9af94f3a4019,2026-06-24T16:04:38.431710+00:00,False,False,False,False,True,True,False
statsbomb_open_data,97c8cd5c-b6db-4a4e-be30-32c2ee11b368,3923880,3349,1267,107,African Cup of Nations,2023,Africa,3rd Place Final,2024-02-10,4976,South Africa,4881,Congo DR,Stade Félix Houphouët-Boigny      ,Bamlak Tessema Weyesa,5,122,15,67974,Nkosinathi Sibisi,nkosinathi sibisi,4976,South Africa,Left Center Back,108.0,40.0,120.0,41.7,1.3,Goal,Right Foot,Normal,0.7835,0,22823.0,Dimitry Bertaud,dimitry bertaud,"Congo, (Kinshasa)",lineup_position_window,,,False,,low_right,1,scored,True,3,0,1,statsbomb_open_data_97c8cd5c-b6db-4a4e-be30-32c2ee11b368,2026-06-24T16:04:38.431710+00:00,False,False,False,False,True,True,False
statsbomb_open_data,2d8cd503-1d0d-4822-a0a1-dbebf8a6aaaf,3923880,3351,1267,107,African Cup of Nations,2023,Africa,3rd Place Final,2024-02-10,4976,South Africa,4881,Congo DR,Stade Félix Houphouët-Boigny      ,Bamlak Tessema Weyesa,5,123,9,18783,Omenuke Mfulu,omenuke mfulu,4881,Congo DR,Right Defensive Midfield,108.0,40.0,120.0,40.3,1.2,Goal,Right Foot,Normal,0.7835,0,66721.0,Ronwen Williams,ronwen williams,South Africa,lineup_position_window,,,False,,low_center,1,scored,True,4,1,1,statsbomb_open_data_2d8cd503-1d0d-4822-a0a1-dbebf8a6aaaf,2026-06-24T16:04:38.431710+00:00,False,False,False,False,True,True,False
statsbomb_open_data,1fa83029-3a0e-4eb9-8a7a-8269c81799f5,3923880,3353,1267,107,African Cup of Nations,2023,Africa,3rd Place Final,2024-02-10,4976,South Africa,4881,Congo DR,Stade Félix Houphouët-Boigny      ,Bamlak Tessema Weyesa,5,123,59,64629,Thabang Amod Monare,thabang amod monare,4976,South Africa,Right Defensive Midfield,108.0,40.0,120.0,36.9,0.5,Goal,Right Foot,Normal,0.7835,0,22823.0,Dimitry Bertaud,dimitry bertaud,"Congo, (Kinshasa)",lineup_position_window,,,False,,low_left,1,scored,True,5,1,2,statsbomb_open_data_1fa83029-3a0e-4eb9-8a7a-8269c81799f5,2026-06-24T16:04:38.431710+00:00,False,False,False,False,True,True,False
statsbomb_open_data,b615e6b8-8eb0-427d-8bdf-2b9a89c49a81,3923880,3355,1267,107,African Cup of Nations,2023,Africa,3rd Place Final,2024-02-10,4976,South Africa,4881,Congo DR,Stade Félix Houphouët-Boigny      ,Bamlak Tessema Weyesa,5,124,55,6862,Cédric Bakambu,cedric bakambu,4881,Congo DR,Center Forward,107.9,40.0,120.0,39.4,1.6,Goal,Right Foot,Normal,0.7835,0,66721.0,Ronwen Williams,ronwen williams,South Africa,lineup_position_window,,,False,,low_center,1,scored,True,6,2,2,statsbomb_open_data_b615e6b8-8eb0-427d-8bdf-2b9a89c49a81,2026-06-24T16:04:38.431710+00:00,False,False,False,False,True,True,False
statsbomb_open_data,a8a9b451-0565-4fdd-badc-c2296215555e,3923880,3357,1267,107,African Cup of Nations,2023,Africa,3rd Place Final,2024-02-10,4976,South Africa,4881,Congo DR,Stade Félix Houphouët-Boigny      ,Bamlak Tessema Weyesa,5,125,46,65733,Aubrey Maphosa Modiba,aubrey maphosa modiba,4976,South Africa,Left Wing,108.0,40.0,120.0,43.2,0.2,Goal,Left Foot,Normal,0.7835,0,22823.0,Dimitry Bertaud,dimitry bertaud,"Congo, (Kinshasa)",lineup_position_window,,,False,,low_right,1,scored,True,7,2,3,statsbomb_open_data_a8a9b451-0565-4fdd-badc-c2296215555e,2026-06-24T16:04:38.431710+00:00,False,False,False,False,True,True,False
statsbomb_open_data,1b8001e0-e4f3-4555-b8e2-f165030080a9,3923880,3359,1267,107,African Cup of Nations,2023,Africa,3rd Place Final,2024-02-10,4976,South Africa,4881,Congo DR,Stade Félix Houphouët-Boigny      ,Bamlak Tessema Weyesa,5,126,32,4939,Joris Kayembe Ditu,joris kayembe ditu,4881,Congo DR,Left Back,108.0,40.0,120.0,38.7,0.4,Goal,Left Foot,Normal,0.7835,0,66721.0,Ronwen Williams,ronwen williams,South Africa,lineup_position_window,,,False,,low_center,1,scored,True,8,3,3,statsbomb_open_data_1b8001e0-e4f3-4555-b8e2-f165030080a9,2026-06-24T16:04:38.431710+00:00,False,False,False,False,True,True,False
statsbomb_open_data,f1525675-6d2b-4b1c-b0ec-f77932eb0f64,3923880,3361,1267,107,African Cup of Nations,2023,Africa,3rd Place Final,2024-02-10,4976,South Africa,4881,Congo DR,Stade Félix Houphouët-Boigny      ,Bamlak Tessema Weyesa,5,127,27,64607,Zakhele Lerato Lepasa,zakhele lerato lepasa,4976,South Africa,Center Forward,108.0,40.0,120.0,37.6,1.1,Goal,Right Foot,Normal,0.7835,0,22823.0,Dimitry Bertaud,dimitry bertaud,"Congo, (Kinshasa)",lineup_position_window,,,False,,low_left,1,scored,True,9,3,4,statsbomb_open_data_f1525675-6d2b-4b1c-b0ec-f77932eb0f64,2026-06-24T16:04:38.431710+00:00,False,False,False,False,True,True,False
statsbomb_open_data,1077ace2-f844-43b1-b132-02f4afc03b11,3923880,3363,1267,107,African Cup of Nations,2023,Africa,3rd Place Final,2024-02-10,4976,South Africa,4881,Congo DR,Stade Félix Houphouët-Boigny      ,Bamlak Tessema Weyesa,5,128,25,3044,Chancel Mbemba Mangulu,chancel mbemba mangulu,4881,Congo DR,Right Center Back,108.0,40.0,119.2,37.7,1.1,Saved,Right Foot,Normal,0.7835,0,66721.0,Ronwen Williams,ronwen williams,South Africa,lineup_position_window,,,False,,low_left,0,saved,True,10,4,4,statsbomb_open_data_1077ace2-f844-43b1-b132-02f4afc03b11,2026-06-24T16:04:38.431710+00:00,False,False,False,False,True,True,False
statsbomb_open_data,7f432b8d-d693-4ba8-bcdd-3453faa40074,3923880,3365,1267,107,African Cup of Nations,2023,Africa,3rd Place Final,2024-02-10,4976,South Africa,4881,Congo DR,Stade Félix Houphouët-Boigny      ,Bamlak Tessema Weyesa,5,129,24,66725,Oswin Reagan Appollis,oswin reagan appollis,4976,South Africa,Right Wing,108.0,40.0,120.0,36.8,0.2,Goal,Right Foot,Normal,0.7835,0,22823.0,Dimitry Bertaud,dimitry bertaud,"Congo, (Kinshasa)",lineup_position_window,,,False,,low_left,1,scored,True,11,4,4,statsbomb_open_data_7f432b8d-d693-4ba8-bcdd-3453faa40074,2026-06-24T16:04:38.431710+00:00,False,False,False,False,True,True,False
statsbomb_open_data,4ab797b1-42cb-469d-b236-51c6a429d810,3923880,3367,1267,107,African Cup of Nations,2023,Africa,3rd Place Final,2024-02-10,4976,South Africa,4881,Congo DR,Stade Félix Houphouët-Boigny      ,Bamlak Tessema Weyesa,5,130,33,7294,Yoane Wissa,yoane wissa,4881,Congo DR,Right Wing,108.0,40.0,120.0,42.8,1.6,Goal,Right Foot,Normal,0.7835,0,66721.0,Ronwen Williams,ronwen williams,South Africa,lineup_position_window,,,False,,low_right,1,scored,True,12,4,5,statsbomb_open_data_4ab797b1-42cb-469d-b236-51c6a429d810,2026-06-24T16:04:38.431710+00:00,False,False,False,False,True,True,False
statsbomb_open_data,2008495f-af69-4b2b-ae83-80d5f945136b,3923880,3369,1267,107,African Cup of Nations,2023,Africa,3rd Place Final,2024-02-10,4976,South Africa,4881,Congo DR,Stade Félix Houphouët-Boigny      ,Bamlak Tessema Weyesa,5,131,20,102722,Siyanda Xulu,siyanda xulu,4976,South Africa,Right Center Back,108.0,40.0,120.0,37.1,0.5,Goal,Right Foot,Normal,0.7835,0,22823.0,Dimitry Bertaud,dimitry bertaud,"Congo, (Kinshasa)",lineup_position_window,,,False,,low_left,1,scored,True,13,5,5,statsbomb_open_data_2008495f-af69-4b2b-ae83-80d5f945136b,2026-06-24T16:04:38.431710+00:00,False,False,False,False,True,True,False
statsbomb_open_data,e701bfa7-a30b-4a4c-b2c1-0bb01807ce8a,3923880,3371,1267,107,African Cup of Nations,2023,Africa,3rd Place Final,2024-02-10,4976,South Africa,4881,Congo DR,Stade Félix Houphouët-Boigny      ,Bamlak Tessema Weyesa,5,132,19,35684,Meschak Elia,meschak elia,4881,Congo DR,Left Wing,108.0,40.0,119.3,38.1,1.2,Saved,Right Foot,Normal,0.7835,0,66721.0,Ronwen Williams,ronwen williams,South Africa,lineup_position_window,,,False,,low_left,0,saved,True,14,5,6,statsbomb_open_data_e701bfa7-a30b-4a4c-b2c1-0bb01807ce8a,2026-06-24T16:04:38.431710+00:00,False,False,False,False,True,True,False
statsbomb_open_data,4afa0e5d-0935-4c44-a1ed-4bf78df2756c,3928986,602,131,281,Serie A Women,2023/2024,Italy,Championship Round,2024-03-17,3144,FC Internazionale Milano W,1076,Juventus W,Stadio Giuseppe Meazza    ,Andrea Ancora,1,16,6,45742,Flaminia Simonetti,flaminia simonetti,3144,FC Internazionale Milano W,Left Defensive Midfield,108.0,40.0,120.0,37.3,1.2,Goal,Right Foot,Normal,0.7835,0,15615.0,Pauline Peyraud Magnin,pauline peyraud magnin,France,lineup_position_window,,,False,,low_left,1,scored,False,,,,statsbomb_open_data_4afa0e5d-0935-4c44-a1ed-4bf78df2756c,2026-06-24T16:04:38.431710+00:00,False,False,False,False,True,True,False
statsbomb_open_data,5480912a-34d0-4a22-87f4-a11f1c02783c,3928986,1261,131,281,Serie A Women,2023/2024,Italy,Championship Round,2024-03-17,3144,FC Internazionale Milano W,1076,Juventus W,Stadio Giuseppe Meazza    ,Andrea Ancora,1,33,26,10203,Cristiana Girelli,cristiana girelli,1076,Juventus W,Center Attacking Midfield,108.1,40.1,120.0,36.0,0.1,Post,Right Foot,Normal,0.7835,1,32152.0,Francesca Durante,francesca durante,Italy,lineup_position_window,119.9,40.0,True,,low_left,0,missed,False,,,,statsbomb_open_data_5480912a-34d0-4a22-87f4-a11f1c02783c,2026-06-24T16:04:38.431710+00:00,False,False,False,False,False,False,False
statsbomb_open_data,5aa1e2e6-3bcd-469d-a41f-c8c1eaa72c26,3928986,1404,131,281,Serie A Women,2023/2024,Italy,Championship Round,2024-03-17,3144,FC Internazionale Milano W,1076,Juventus W,Stadio Giuseppe Meazza    ,Andrea Ancora,1,37,46,10203,Cristiana Girelli,cristiana girelli,1076,Juventus W,Center Attacking Midfield,108.1,40.1,120.0,40.7,0.0,Goal,Right Foot,Normal,0.7835,0,32152.0,Francesca Durante,francesca durante,Italy,lineup_position_window,,,False,,low_center,1,scored,False,,,,statsbomb_open_data_5aa1e2e6-3bcd-469d-a41f-c8c1eaa72c26,2026-06-24T16:04:38.431710+00:00,False,False,False,False,True,True,False
statsbomb_open_data,e92a0bee-1574-479a-8f95-4f952270ccab,3928989,1871,131,281,Serie A Women,2023/2024,Italy,Championship Round,2024-03-23,3152,AS Roma W,3154,Sassuolo W,Stadio Tre Fontane,Maria Marotta,2,49,45,10228,Manuela Giugliano,manuela giugliano,3152,AS Roma W,Right Center Midfield,108.0,40.0,120.0,43.2,0.2,Goal,Right Foot,Normal,0.7835,0,31128.0,Solène Durand,solene durand,France,lineup_position_window,,,False,,low_right,1,scored,False,,,,statsbomb_open_data_e92a0bee-1574-479a-8f95-4f952270ccab,2026-06-24T16:04:38.431710+00:00,False,False,False,False,True,True,False
statsbomb_open_data,3c11b149-c81f-4c84-ab7e-996b67b4b2fd,3928995,2764,131,281,Serie A Women,2023/2024,Italy,Relegation Play-offs,2024-03-30,3155,Napoli W,6757,Sampdoria W,Stadio Giuseppe Piccolo,Giuseppe Vingo,2,88,19,136545,Elisa del Estal Mateu,elisa del estal mateu,3155,Napoli W,Right Center Forward,108.1,40.1,118.8,41.4,1.2,Saved,Right Foot,Normal,0.7835,0,45630.0,Amanda Tampieri,amanda tampieri,Italy,lineup_position_window,,,False,,low_right,0,saved,False,,,,statsbomb_open_data_3c11b149-c81f-4c84-ab7e-996b67b4b2fd,2026-06-24T16:04:38.431710+00:00,False,False,False,False,True,True,False
statsbomb_open_data,0d67d2dc-af98-43da-889f-05a9c499b88f,3928998,1788,131,281,Serie A Women,2023/2024,Italy,Championship Round,2024-04-13,3154,Sassuolo W,3144,FC Internazionale Milano W,MAPEI Stadium - Città del Tricolore,Alessandro Silvestri,2,46,42,10259,Lina Magull,lina magull,3144,FC Internazionale Milano W,Center Attacking Midfield,108.0,40.0,120.0,43.2,0.2,Goal,Right Foot,Normal,0.7835,0,31128.0,Solène Durand,solene durand,France,lineup_position_window,,,False,,low_right,1,scored,False,,,,statsbomb_open_data_0d67d2dc-af98-43da-889f-05a9c499b88f,2026-06-24T16:04:38.431710+00:00,False,False,False,False,True,True,False
statsbomb_open_data,dc1c1a53-79a4-4c18-9890-79b1a188ce1b,3929010,601,131,281,Serie A Women,2023/2024,Italy,Relegation Play-offs,2024-05-01,11558,Como W,6757,Sampdoria W,Stadio Ferruccio,Alberto Poli,1,16,18,226661,Zsanett Bernadett Kaján,zsanett bernadett kajan,11558,Como W,Left Wing,108.0,40.0,120.0,43.2,0.2,Goal,Left Foot,Normal,0.7835,0,408848.0,Kerttu Karresmaa,kerttu karresmaa,Finland,lineup_position_window,,,False,,low_right,1,scored,False,,,,statsbomb_open_data_dc1c1a53-79a4-4c18-9890-79b1a188ce1b,2026-06-24T16:04:38.431710+00:00,False,False,False,False,True,True,False
statsbomb_open_data,b7f35249-d513-45b6-bf0c-742b7c459e73,3929011,1480,131,281,Serie A Women,2023/2024,Italy,Championship Round,2024-05-01,3144,FC Internazionale Milano W,1086,Fiorentina W,Arena Civica Gianni Brera,Stefano Milone,1,39,54,10259,Lina Magull,lina magull,3144,FC Internazionale Milano W,Center Attacking Midfield,108.0,40.0,120.0,37.2,0.8,Goal,Right Foot,Normal,0.7835,0,45899.0,Rachele Baldi,rachele baldi,Italy,lineup_position_window,,,False,,low_left,1,scored,False,,,,statsbomb_open_data_b7f35249-d513-45b6-bf0c-742b7c459e73,2026-06-24T16:04:38.431710+00:00,False,False,False,False,True,True,False
statsbomb_open_data,86e7a26d-b5e3-4fc6-9e38-92553100e20d,3929011,3293,131,281,Serie A Women,2023/2024,Italy,Championship Round,2024-05-01,3144,FC Internazionale Milano W,1086,Fiorentina W,Arena Civica Gianni Brera,Stefano Milone,2,95,20,15227,Verónica Boquete Giadáns,veronica boquete giadans,1086,Fiorentina W,Right Center Forward,108.0,40.0,120.0,37.0,0.5,Goal,Right Foot,Normal,0.7835,0,135569.0,Sara Cetinja,sara cetinja,Serbia,lineup_position_window,,,False,,low_left,1,scored,False,,,,statsbomb_open_data_86e7a26d-b5e3-4fc6-9e38-92553100e20d,2026-06-24T16:04:38.431710+00:00,False,False,False,False,True,True,False
statsbomb_open_data,5aa7c561-496f-4819-9cdd-2a86d8397fe9,3929018,3064,131,281,Serie A Women,2023/2024,Italy,Relegation Play-offs,2024-05-12,11558,Como W,6755,Pomigliano,Stadio Ferruccio,Gioiele Iacobellis,2,84,0,317044,Iris Madeleine Rabot,iris madeleine rabot,6755,Pomigliano,Right Defensive Midfield,108.0,40.0,119.1,41.6,0.4,Saved,Right Foot,Normal,0.7835,0,45627.0,Mária Korenčiová,maria korenciova,Slovakia,lineup_position_window,,,False,,low_right,0,saved,False,,,,statsbomb_open_data_5aa7c561-496f-4819-9cdd-2a86d8397fe9,2026-06-24T16:04:38.431710+00:00,False,False,False,False,True,True,False
statsbomb_open_data,d8dce6b8-eed6-44cf-a43d-f6e93296400e,3929019,1541,131,281,Serie A Women,2023/2024,Italy,Championship Round,2024-05-12,3144,FC Internazionale Milano W,3154,Sassuolo W,Arena Civica Gianni Brera,Francesco D''Eusanio,1,51,24,10176,Lana Clelland,lana clelland,3154,Sassuolo W,Left Center Forward,108.1,40.1,120.0,37.2,0.9,Goal,Right Foot,Normal,0.7835,0,135569.0,Sara Cetinja,sara cetinja,Serbia,lineup_position_window,,,False,,low_left,1,scored,False,,,,statsbomb_open_data_d8dce6b8-eed6-44cf-a43d-f6e93296400e,2026-06-24T16:04:38.431710+00:00,False,False,False,False,True,True,False
statsbomb_open_data,9cfbbb63-720e-41ca-acf7-677cba481c02,3929023,3017,131,281,Serie A Women,2023/2024,Italy,Championship Round,2024-05-18,3154,Sassuolo W,1076,Juventus W,Stadio Enzo Ricci,Simone Gavini,2,80,43,32413,Annahita Zamanian,annahita zamanian,3154,Sassuolo W,Left Attacking Midfield,108.1,40.1,120.0,43.7,0.0,Goal,Right Foot,Normal,0.7835,0,15615.0,Pauline Peyraud Magnin,pauline peyraud magnin,France,lineup_position_window,,,False,,low_right,1,scored,False,,,,statsbomb_open_data_9cfbbb63-720e-41ca-acf7-677cba481c02,2026-06-24T16:04:38.431710+00:00,False,False,False,False,True,True,False
statsbomb_open_data,23d46e0f-ada5-4380-9484-eb5c9b315986,3930158,1653,55,282,UEFA Euro,2024,Europe,Group Stage,2024-06-14,770,Germany,942,Scotland,Allianz Arena,Clément Turpin,1,45,35,8966,Kai Havertz,kai havertz,770,Germany,Center Forward,108.1,40.1,120.0,38.3,0.9,Goal,Left Foot,Normal,0.7835,0,22379.0,Angus Gunn,angus gunn,Scotland,lineup_position_window,,,False,,low_left,1,scored,False,,,,statsbomb_open_data_23d46e0f-ada5-4380-9484-eb5c9b315986,2026-06-24T16:04:38.431710+00:00,False,False,False,False,True,True,False
statsbomb_open_data,ab7f3c51-58d5-4de6-bfca-5ce8881c0037,3930160,3231,55,282,UEFA Euro,2024,Europe,Group Stage,2024-06-15,772,Spain,785,Croatia,Olympiastadion Berlin,Michael Oliver,2,79,3,7693,Bruno Petković,bruno petkovic,785,Croatia,Center Forward,108.0,40.0,119.0,37.1,1.0,Saved,Right Foot,Normal,0.7835,0,11748.0,Unai Simón Mendibil,unai simon mendibil,Spain,lineup_position_window,,,False,,low_left,0,saved,False,,,,statsbomb_open_data_ab7f3c51-58d5-4de6-bfca-5ce8881c0037,2026-06-24T16:04:38.431710+00:00,False,False,False,False,True,True,False
statsbomb_open_data,47994120-906a-4c95-bbf2-c1aff14c89c9,3930178,2500,55,282,UEFA Euro,2024,Europe,Group Stage,2024-06-24,785,Croatia,914,Italy,Red Bull Arena,Danny Desmond Makkelie,2,53,45,5463,Luka Modrić,luka modric,785,Croatia,Right Center Midfield,108.0,40.0,118.8,42.3,0.2,Saved,Right Foot,Normal,0.7835,0,7036.0,Gianluigi Donnarumma,gianluigi donnarumma,Italy,lineup_position_window,,,False,,low_right,0,saved,False,,,,statsbomb_open_data_47994120-906a-4c95-bbf2-c1aff14c89c9,2026-06-24T16:04:38.431710+00:00,False,False,False,False,True,True,False
statsbomb_open_data,30c1019c-ca01-4c79-8612-6dbb8538fecb,3930183,1200,55,282,UEFA Euro,2024,Europe,Group Stage,2024-06-26,908,Slovakia,905,Romania,Deutsche Bank Park,Daniel Siebert,1,36,18,16344,Răzvan Gabriel Marin,razvan gabriel marin,905,Romania,Right Center Midfield,108.1,40.1,120.0,37.0,2.4,Goal,Right Foot,Normal,0.7835,0,3711.0,Martin Dúbravka,martin dubravka,Slovakia,lineup_position_window,,,False,,high_left,1,scored,False,,,,statsbomb_open_data_30c1019c-ca01-4c79-8612-6dbb8538fecb,2026-06-24T16:04:38.431710+00:00,False,False,False,False,True,True,False
statsbomb_open_data,142f46bf-f06b-45a7-aa1a-51fa41f3123a,3938641,2823,55,282,UEFA Euro,2024,Europe,Group Stage,2024-06-21,789,Poland,915,Austria,Olympiastadion Berlin,Halil Umut Meler,2,77,50,3325,Marko Arnautović,marko arnautovic,915,Austria,Center Forward,108.0,40.0,120.0,42.6,0.2,Goal,Right Foot,Normal,0.7835,0,5669.0,Wojciech Szczęsny,wojciech szczesny,Poland,lineup_position_window,,,False,,low_right,1,scored,False,,,,statsbomb_open_data_142f46bf-f06b-45a7-aa1a-51fa41f3123a,2026-06-24T16:04:38.431710+00:00,False,False,False,False,True,True,False
statsbomb_open_data,d54bfe16-4356-4892-9899-6144e547a033,3938642,1570,55,282,UEFA Euro,2024,Europe,Group Stage,2024-06-22,2138,Georgia,912,Czech Republic,Volksparkstadion,Daniel Siebert,1,48,20,33234,Georges Mikautadze,georges mikautadze,2138,Georgia,Center Forward,108.1,40.1,120.0,43.1,1.5,Goal,Right Foot,Normal,0.7835,0,28040.0,Jindřich Staněk,jindrich stanek,Czech Republic,lineup_position_window,,,False,,low_right,1,scored,False,,,,statsbomb_open_data_d54bfe16-4356-4892-9899-6144e547a033,2026-06-24T16:04:38.431710+00:00,False,False,False,False,True,True,False
statsbomb_open_data,00633ba6-692b-40d1-ba13-535406bf78a1,3938643,2376,55,282,UEFA Euro,2024,Europe,Group Stage,2024-06-25,771,France,789,Poland,Signal-Iduna-Park,Marco Guida,2,55,37,3009,Kylian Mbappé Lottin,kylian mbappe lottin,771,France,Center Forward,108.1,40.1,120.0,43.0,0.8,Goal,Right Foot,Normal,0.7835,0,11508.0,Łukasz Skorupski,lukasz skorupski,Poland,lineup_position_window,,,False,,low_right,1,scored,False,,,,statsbomb_open_data_00633ba6-692b-40d1-ba13-535406bf78a1,2026-06-24T16:04:38.431710+00:00,False,False,False,False,True,True,False
statsbomb_open_data,03afed8a-fcf7-4c46-9316-9ec3e99b6795,3938643,3126,55,282,UEFA Euro,2024,Europe,Group Stage,2024-06-25,771,France,789,Poland,Signal-Iduna-Park,Marco Guida,2,78,13,5668,Robert Lewandowski,robert lewandowski,789,Poland,Left Center Forward,108.0,40.0,120.0,36.1,0.2,Goal,Right Foot,Normal,0.7835,0,3761.0,Mike Maignan,mike maignan,France,lineup_position_window,,,False,,low_left,1,scored,False,,,,statsbomb_open_data_03afed8a-fcf7-4c46-9316-9ec3e99b6795,2026-06-24T16:04:38.431710+00:00,False,False,False,False,True,True,False
statsbomb_open_data,0a072739-a996-4f43-b7cc-ac90010da8d1,3938644,2369,55,282,UEFA Euro,2024,Europe,Group Stage,2024-06-26,2138,Georgia,780,Portugal,VELTINS-Arena,Sandro Schärer,2,56,13,33234,Georges Mikautadze,georges mikautadze,2138,Georgia,Right Center Forward,108.1,40.1,120.0,43.7,0.2,Goal,Right Foot,Normal,0.7835,0,32975.0,Diogo Meireles Costa,diogo meireles costa,Portugal,lineup_position_window,,,False,,low_right,1,scored,False,,,,statsbomb_open_data_0a072739-a996-4f43-b7cc-ac90010da8d1,2026-06-24T16:04:38.431710+00:00,False,False,False,False,True,True,False
statsbomb_open_data,6b15889e-f82c-4bac-b7ad-03a1dd6d928d,3939979,2131,223,282,Copa America,2024,South America,Group Stage,2024-06-27,3563,Venezuela,794,Mexico,SoFi Stadium,Raphael Claus,2,56,22,4041,José Salomón Rondón Giménez,jose salomon rondon gimenez,3563,Venezuela,Center Forward,108.0,40.0,120.0,37.1,0.0,Goal,Right Foot,Normal,0.7835,0,36949.0,Julio José González Vela-Alvizu,julio jose gonzalez vela-alvizu,Mexico,lineup_position_window,,,False,,low_left,1,scored,False,,,,statsbomb_open_data_6b15889e-f82c-4bac-b7ad-03a1dd6d928d,2026-06-24T16:04:38.431710+00:00,False,False,False,False,True,True,False
statsbomb_open_data,4f359aca-428c-4acf-a651-624250494431,3939979,2978,223,282,Copa America,2024,South America,Group Stage,2024-06-27,3563,Venezuela,794,Mexico,SoFi Stadium,Raphael Claus,2,86,55,26280,Orbelín Pineda Alvarado,orbelin pineda alvarado,794,Mexico,Left Midfield,108.1,40.1,119.2,37.1,0.2,Saved,Right Foot,Normal,0.7835,0,32012.0,Rafael Enrique Romo Pérez,rafael enrique romo perez,Venezuela (Bolivarian Republic),lineup_position_window,,,False,,low_left,0,saved,False,,,,statsbomb_open_data_4f359aca-428c-4acf-a651-624250494431,2026-06-24T16:04:38.431710+00:00,False,False,False,False,True,True,False
statsbomb_open_data,445e030c-10fa-48cb-944a-115230eff44e,3939980,1154,223,282,Copa America,2024,South America,Group Stage,2024-06-26,3565,Ecuador,2305,Jamaica,Allegiant Stadium,Cristián Marcelo Garay Reyes,1,48,16,384888,Ray Kendry Páez Andrade,ray kendry paez andrade,3565,Ecuador,Center Attacking Midfield,108.1,40.1,120.0,43.2,0.2,Goal,Left Foot,Normal,0.7835,0,226523.0,Jahmali Waite,jahmali waite,Jamaica,lineup_position_window,,,False,,low_right,1,scored,False,,,,statsbomb_open_data_445e030c-10fa-48cb-944a-115230eff44e,2026-06-24T16:04:38.431710+00:00,False,False,False,False,True,True,False
statsbomb_open_data,89328bcc-7a75-478f-b60a-9a9b4680877f,3939983,1346,223,282,Copa America,2024,South America,Group Stage,2024-06-29,3567,Paraguay,781,Brazil,Allegiant Stadium,Piero Maza Gomez,1,30,57,22600,Lucas Tolentino Coelho de Lima,lucas tolentino coelho de lima,781,Brazil,Left Midfield,108.0,40.0,120.0,45.0,2.0,Off T,Left Foot,Normal,0.7835,1,62016.0,Rodrigo Mario Morínigo Acosta,rodrigo mario morinigo acosta,Paraguay,lineup_position_window,119.2,39.9,True,,high_right,0,missed,False,,,,statsbomb_open_data_89328bcc-7a75-478f-b60a-9a9b4680877f,2026-06-24T16:04:38.431710+00:00,False,False,False,False,False,False,False
statsbomb_open_data,83805577-c713-4d73-8888-f3ceb513459c,3939983,2613,223,282,Copa America,2024,South America,Group Stage,2024-06-29,3567,Paraguay,781,Brazil,Allegiant Stadium,Piero Maza Gomez,2,64,44,22600,Lucas Tolentino Coelho de Lima,lucas tolentino coelho de lima,781,Brazil,Left Midfield,108.1,40.1,120.0,43.4,0.6,Goal,Left Foot,Normal,0.7835,0,62016.0,Rodrigo Mario Morínigo Acosta,rodrigo mario morinigo acosta,Paraguay,lineup_position_window,,,False,,low_right,1,scored,False,,,,statsbomb_open_data_83805577-c713-4d73-8888-f3ceb513459c,2026-06-24T16:04:38.431710+00:00,False,False,False,False,True,True,False
statsbomb_open_data,8dfa6181-b717-498d-aff5-c24377592f57,3939984,806,223,282,Copa America,2024,South America,Group Stage,2024-06-28,769,Colombia,795,Costa Rica,State Farm Stadium,Gustavo Tejera,1,30,10,27158,Luis Fernando Díaz Marulanda,luis fernando diaz marulanda,769,Colombia,Left Center Forward,108.1,40.1,120.0,43.4,2.2,Goal,Right Foot,Normal,0.7835,0,97291.0,Patrick Gilmar Sequeira Mejías,patrick gilmar sequeira mejias,Costa Rica,lineup_position_window,,,False,,high_right,1,scored,False,,,,statsbomb_open_data_8dfa6181-b717-498d-aff5-c24377592f57,2026-06-24T16:04:38.431710+00:00,False,False,False,False,True,True,False
statsbomb_open_data,fd9d8572-cb29-4638-b9e7-6ea580f0b9c3,3939986,2323,223,282,Copa America,2024,South America,Group Stage,2024-06-30,779,Argentina,784,Peru,Hard Rock Stadium,César Arturo Ramos Palazuelos,2,71,9,16308,Leandro Daniel Paredes,leandro daniel paredes,779,Argentina,Center Defensive Midfield,108.0,40.0,120.0,44.0,1.5,Post,Right Foot,Normal,0.7835,1,5528.0,Pedro David Gallese Quiróz,pedro david gallese quiroz,Peru,lineup_position_window,119.4,40.3,True,,low_right,0,missed,False,,,,statsbomb_open_data_fd9d8572-cb29-4638-b9e7-6ea580f0b9c3,2026-06-24T16:04:38.431710+00:00,False,False,False,False,False,False,False
statsbomb_open_data,b8618f78-ecfd-479d-8e22-6b10a899a256,3940983,2069,55,282,UEFA Euro,2024,Europe,Round of 16,2024-06-29,770,Germany,776,Denmark,Signal-Iduna-Park,Michael Oliver,2,52,58,8966,Kai Havertz,kai havertz,770,Germany,Center Forward,108.0,40.0,120.0,43.7,0.2,Goal,Left Foot,Normal,0.7835,0,3815.0,Kasper Schmeichel,kasper schmeichel,Denmark,lineup_position_window,,,False,,low_right,1,scored,False,,,,statsbomb_open_data_b8618f78-ecfd-479d-8e22-6b10a899a256,2026-06-24T16:04:38.431710+00:00,False,False,False,False,True,True,False
statsbomb_open_data,c313018b-a497-4500-96f7-984c20d7a63d,3941020,3694,55,282,UEFA Euro,2024,Europe,Round of 16,2024-07-01,780,Portugal,944,Slovenia,Deutsche Bank Park,Daniele Orsato,3,104,50,5207,Cristiano Ronaldo dos Santos Aveiro,cristiano ronaldo dos santos aveiro,780,Portugal,Center Forward,108.1,40.1,119.7,43.1,0.9,Saved to Post,Right Foot,Normal,0.7835,0,6378.0,Jan Oblak,jan oblak,Slovenia,lineup_position_window,,,False,,low_right,0,unknown,False,,,,statsbomb_open_data_c313018b-a497-4500-96f7-984c20d7a63d,2026-06-24T16:04:38.431710+00:00,False,False,False,False,True,True,False
statsbomb_open_data,bbe31e7f-0253-4740-9cdb-d5b06ae1a620,3941020,4212,55,282,UEFA Euro,2024,Europe,Round of 16,2024-07-01,780,Portugal,944,Slovenia,Deutsche Bank Park,Daniele Orsato,5,120,8,7139,Josip Iličić,josip ilicic,944,Slovenia,Right Midfield,108.1,40.1,119.5,42.8,1.4,Saved,Left Foot,Normal,0.7835,0,32975.0,Diogo Meireles Costa,diogo meireles costa,Portugal,lineup_position_window,,,False,,low_right,0,saved,True,1,0,0,statsbomb_open_data_bbe31e7f-0253-4740-9cdb-d5b06ae1a620,2026-06-24T16:04:38.431710+00:00,False,False,False,False,True,True,False
statsbomb_open_data,174dda5d-71f1-4499-abae-196b6bdae6d5,3941020,4214,55,282,UEFA Euro,2024,Europe,Round of 16,2024-07-01,780,Portugal,944,Slovenia,Deutsche Bank Park,Daniele Orsato,5,120,58,5207,Cristiano Ronaldo dos Santos Aveiro,cristiano ronaldo dos santos aveiro,780,Portugal,Center Forward,108.1,40.1,120.0,36.6,0.6,Goal,Right Foot,Normal,0.7835,0,6378.0,Jan Oblak,jan oblak,Slovenia,lineup_position_window,,,False,,low_left,1,scored,True,2,0,0,statsbomb_open_data_174dda5d-71f1-4499-abae-196b6bdae6d5,2026-06-24T16:04:38.431710+00:00,False,False,False,False,True,True,False
statsbomb_open_data,49b881fc-e466-4b09-884f-72f61d770028,3941020,4216,55,282,UEFA Euro,2024,Europe,Round of 16,2024-07-01,780,Portugal,944,Slovenia,Deutsche Bank Park,Daniele Orsato,5,121,40,30940,Jure Balkovec,jure balkovec,944,Slovenia,Left Back,108.1,40.1,119.5,37.3,1.1,Saved,Left Foot,Normal,0.7835,0,32975.0,Diogo Meireles Costa,diogo meireles costa,Portugal,lineup_position_window,,,False,,low_left,0,saved,True,3,0,1,statsbomb_open_data_49b881fc-e466-4b09-884f-72f61d770028,2026-06-24T16:04:38.431710+00:00,False,False,False,False,True,True,False
statsbomb_open_data,7fc8af2f-bd95-404a-bc9d-1bfa7ca48c75,3941020,4218,55,282,UEFA Euro,2024,Europe,Round of 16,2024-07-01,780,Portugal,944,Slovenia,Deutsche Bank Park,Daniele Orsato,5,122,34,5204,Bruno Miguel Borges Fernandes,bruno miguel borges fernandes,780,Portugal,Left Defensive Midfield,108.2,40.1,120.0,37.1,0.2,Goal,Right Foot,Normal,0.7835,0,6378.0,Jan Oblak,jan oblak,Slovenia,lineup_position_window,,,False,,low_left,1,scored,True,4,1,0,statsbomb_open_data_7fc8af2f-bd95-404a-bc9d-1bfa7ca48c75,2026-06-24T16:04:38.431710+00:00,False,False,False,False,True,True,False
statsbomb_open_data,e1ffef52-4950-4046-a08f-cf4b0d1a0963,3941020,4220,55,282,UEFA Euro,2024,Europe,Round of 16,2024-07-01,780,Portugal,944,Slovenia,Deutsche Bank Park,Daniele Orsato,5,123,21,16510,Benjamin Verbič,benjamin verbic,944,Slovenia,Left Midfield,108.1,40.1,119.7,37.1,1.1,Saved,Right Foot,Normal,0.7835,0,32975.0,Diogo Meireles Costa,diogo meireles costa,Portugal,lineup_position_window,,,False,,low_left,0,saved,True,5,0,2,statsbomb_open_data_e1ffef52-4950-4046-a08f-cf4b0d1a0963,2026-06-24T16:04:38.431710+00:00,False,False,False,False,True,True,False
statsbomb_open_data,09b3ee41-99d7-4162-8477-f486dd28c59d,3941020,4222,55,282,UEFA Euro,2024,Europe,Round of 16,2024-07-01,780,Portugal,944,Slovenia,Deutsche Bank Park,Daniele Orsato,5,124,13,3193,Bernardo Mota Veiga de Carvalho e Silva,bernardo mota veiga de carvalho e silva,780,Portugal,Left Wing,108.1,40.1,120.0,43.8,1.0,Goal,Left Foot,Normal,0.7835,0,6378.0,Jan Oblak,jan oblak,Slovenia,lineup_position_window,,,False,,low_right,1,scored,True,6,2,0,statsbomb_open_data_09b3ee41-99d7-4162-8477-f486dd28c59d,2026-06-24T16:04:38.431710+00:00,False,False,False,False,True,True,False
statsbomb_open_data,f0980e44-8548-468a-a8f2-30140609027c,3942227,4871,55,282,UEFA Euro,2024,Europe,Quarter-finals,2024-07-06,768,England,773,Switzerland,Merkur Spiel-Arena,Daniele Orsato,5,120,1,39461,Cole Palmer,cole palmer,768,England,Right Attacking Midfield,108.1,40.1,120.0,37.3,1.1,Goal,Left Foot,Normal,0.7835,0,5550.0,Yann Sommer,yann sommer,Switzerland,lineup_position_window,,,False,,low_left,1,scored,True,1,0,0,statsbomb_open_data_f0980e44-8548-468a-a8f2-30140609027c,2026-06-24T16:04:38.431710+00:00,False,False,False,False,True,True,False
statsbomb_open_data,edadf78d-e171-4c65-bc61-4c3397947131,3942227,4873,55,282,UEFA Euro,2024,Europe,Quarter-finals,2024-07-06,768,England,773,Switzerland,Merkur Spiel-Arena,Daniele Orsato,5,121,3,5549,Manuel Obafemi Akanji,manuel obafemi akanji,773,Switzerland,Center Back,108.1,40.1,119.4,42.0,0.2,Saved,Right Foot,Normal,0.7835,0,3468.0,Jordan Pickford,jordan pickford,England,lineup_position_window,,,False,,low_right,0,saved,True,2,0,1,statsbomb_open_data_edadf78d-e171-4c65-bc61-4c3397947131,2026-06-24T16:04:38.431710+00:00,False,False,False,False,True,True,False
statsbomb_open_data,ccf36164-cc53-44a5-bfac-a9aec09b285f,3942227,4875,55,282,UEFA Euro,2024,Europe,Quarter-finals,2024-07-06,768,England,773,Switzerland,Merkur Spiel-Arena,Daniele Orsato,5,121,59,30714,Jude Bellingham,jude bellingham,768,England,Right Defensive Midfield,108.1,40.1,120.0,43.4,0.3,Goal,Right Foot,Normal,0.7835,0,5550.0,Yann Sommer,yann sommer,Switzerland,lineup_position_window,,,False,,low_right,1,scored,True,3,1,0,statsbomb_open_data_ccf36164-cc53-44a5-bfac-a9aec09b285f,2026-06-24T16:04:38.431710+00:00,False,False,False,False,True,True,False
statsbomb_open_data,b0f972bd-11cb-4049-b77e-17e3efad438f,3942227,4877,55,282,UEFA Euro,2024,Europe,Quarter-finals,2024-07-06,768,England,773,Switzerland,Merkur Spiel-Arena,Daniele Orsato,5,122,52,5537,Fabian Lukas Schär,fabian lukas schar,773,Switzerland,Right Center Back,108.1,40.1,120.0,42.6,0.3,Goal,Right Foot,Normal,0.7835,0,3468.0,Jordan Pickford,jordan pickford,England,lineup_position_window,,,False,,low_right,1,scored,True,4,0,2,statsbomb_open_data_b0f972bd-11cb-4049-b77e-17e3efad438f,2026-06-24T16:04:38.431710+00:00,False,False,False,False,True,True,False
statsbomb_open_data,b6321c10-e88e-46fd-9ba9-d1533ce165fb,3942227,4879,55,282,UEFA Euro,2024,Europe,Quarter-finals,2024-07-06,768,England,773,Switzerland,Merkur Spiel-Arena,Daniele Orsato,5,123,53,22084,Bukayo Saka,bukayo saka,768,England,Left Wing Back,108.1,40.1,120.0,43.8,0.2,Goal,Left Foot,Normal,0.7835,0,5550.0,Yann Sommer,yann sommer,Switzerland,lineup_position_window,,,False,,low_right,1,scored,True,5,2,1,statsbomb_open_data_b6321c10-e88e-46fd-9ba9-d1533ce165fb,2026-06-24T16:04:38.431710+00:00,False,False,False,False,True,True,False
statsbomb_open_data,dc843aa4-7eeb-43ca-acc9-27a108a20028,3942227,4881,55,282,UEFA Euro,2024,Europe,Quarter-finals,2024-07-06,768,England,773,Switzerland,Merkur Spiel-Arena,Daniele Orsato,5,124,38,3533,Xherdan Shaqiri,xherdan shaqiri,773,Switzerland,Center Forward,108.1,40.1,120.0,43.8,0.9,Goal,Left Foot,Normal,0.7835,0,3468.0,Jordan Pickford,jordan pickford,England,lineup_position_window,,,False,,low_right,1,scored,True,6,1,3,statsbomb_open_data_dc843aa4-7eeb-43ca-acc9-27a108a20028,2026-06-24T16:04:38.431710+00:00,False,False,False,False,True,True,False
statsbomb_open_data,cd47aff6-eaf3-4c00-aa07-3cc4a93343fc,3942227,4883,55,282,UEFA Euro,2024,Europe,Quarter-finals,2024-07-06,768,England,773,Switzerland,Merkur Spiel-Arena,Daniele Orsato,5,125,30,3834,Ivan Toney,ivan toney,768,England,Center Forward,108.1,40.1,120.0,37.3,0.2,Goal,Right Foot,Normal,0.7835,0,5550.0,Yann Sommer,yann sommer,Switzerland,lineup_position_window,,,False,,low_left,1,scored,True,7,3,2,statsbomb_open_data_cd47aff6-eaf3-4c00-aa07-3cc4a93343fc,2026-06-24T16:04:38.431710+00:00,False,False,False,False,True,True,False
statsbomb_open_data,ffb782cd-891c-4b04-b15c-9fc9eaf43ac0,3942227,4885,55,282,UEFA Euro,2024,Europe,Quarter-finals,2024-07-06,768,England,773,Switzerland,Merkur Spiel-Arena,Daniele Orsato,5,126,25,48335,Mohamed Zeki Amdouni,mohamed zeki amdouni,773,Switzerland,Left Attacking Midfield,108.1,40.1,120.0,39.7,0.2,Goal,Right Foot,Normal,0.7835,0,3468.0,Jordan Pickford,jordan pickford,England,lineup_position_window,,,False,,low_center,1,scored,True,8,2,4,statsbomb_open_data_ffb782cd-891c-4b04-b15c-9fc9eaf43ac0,2026-06-24T16:04:38.431710+00:00,False,False,False,False,True,True,False
statsbomb_open_data,48bad4bc-a8f9-4138-bbc6-15dceb3e55df,3942227,4887,55,282,UEFA Euro,2024,Europe,Quarter-finals,2024-07-06,768,England,773,Switzerland,Merkur Spiel-Arena,Daniele Orsato,5,127,21,3664,Trent Alexander-Arnold,trent alexander-arnold,768,England,Right Wing Back,108.1,40.1,120.0,36.9,1.6,Goal,Right Foot,Normal,0.7835,0,5550.0,Yann Sommer,yann sommer,Switzerland,lineup_position_window,,,False,,low_left,1,scored,True,9,4,3,statsbomb_open_data_48bad4bc-a8f9-4138-bbc6-15dceb3e55df,2026-06-24T16:04:38.431710+00:00,False,False,False,False,True,True,False
statsbomb_open_data,dec59947-0ab0-484f-b7e2-73883bdd31ce,3942228,2036,223,282,Copa America,2024,South America,Quarter-finals,2024-07-05,779,Argentina,3565,Ecuador,NRG Stadium,Andrés Matonte,2,61,42,28559,Enner Remberto Valencia Lastra,enner remberto valencia lastra,3565,Ecuador,Center Forward,108.1,40.1,120.0,36.1,0.2,Post,Right Foot,Normal,0.7835,1,6909.0,Damián Emiliano Martínez,damian emiliano martinez,Argentina,lineup_position_window,119.7,40.0,True,,low_left,0,missed,False,,,,statsbomb_open_data_dec59947-0ab0-484f-b7e2-73883bdd31ce,2026-06-24T16:04:38.431710+00:00,False,False,False,False,False,False,False
statsbomb_open_data,bccd0623-10c5-4cd6-af4f-86fa3446d6ea,3942228,2842,223,282,Copa America,2024,South America,Quarter-finals,2024-07-05,779,Argentina,3565,Ecuador,NRG Stadium,Andrés Matonte,5,120,43,5503,Lionel Andrés Messi Cuccittini,lionel andres messi cuccittini,779,Argentina,Right Center Forward,108.1,40.1,120.0,39.2,2.9,Post,Left Foot,Normal,0.7835,1,32677.0,Alexander Domínguez Carabalí,alexander dominguez carabali,Ecuador,lineup_position_window,119.7,40.3,True,,high_center,0,missed,True,1,0,0,statsbomb_open_data_bccd0623-10c5-4cd6-af4f-86fa3446d6ea,2026-06-24T16:04:38.431710+00:00,False,False,False,False,False,False,False
statsbomb_open_data,12bab8ab-d1c3-4c67-a75d-e8028ba34275,3942228,2844,223,282,Copa America,2024,South America,Quarter-finals,2024-07-05,779,Argentina,3565,Ecuador,NRG Stadium,Andrés Matonte,5,121,43,28511,Ángel Israel Mena Delgado,angel israel mena delgado,3565,Ecuador,Right Defensive Midfield,108.1,40.1,119.0,42.7,1.1,Saved,Left Foot,Normal,0.7835,0,6909.0,Damián Emiliano Martínez,damian emiliano martinez,Argentina,lineup_position_window,,,False,,low_right,0,saved,True,2,0,0,statsbomb_open_data_12bab8ab-d1c3-4c67-a75d-e8028ba34275,2026-06-24T16:04:38.431710+00:00,False,False,False,False,True,True,False
statsbomb_open_data,12310c3a-f2b0-487a-a8be-334c1bc93d4b,3942228,2846,223,282,Copa America,2024,South America,Quarter-finals,2024-07-05,779,Argentina,3565,Ecuador,NRG Stadium,Andrés Matonte,5,122,28,29560,Julián Álvarez,julian alvarez,779,Argentina,Left Center Forward,108.1,40.1,120.0,43.3,2.1,Goal,Right Foot,Normal,0.7835,0,32677.0,Alexander Domínguez Carabalí,alexander dominguez carabali,Ecuador,lineup_position_window,,,False,,high_right,1,scored,True,3,0,0,statsbomb_open_data_12310c3a-f2b0-487a-a8be-334c1bc93d4b,2026-06-24T16:04:38.431710+00:00,False,False,False,False,True,True,False
statsbomb_open_data,7c4cad4b-c379-4916-9f5a-bad7967ed977,3942228,2848,223,282,Copa America,2024,South America,Quarter-finals,2024-07-05,779,Argentina,3565,Ecuador,NRG Stadium,Andrés Matonte,5,123,17,123625,Alan Steve Minda García,alan steve minda garcia,3565,Ecuador,Left Midfield,108.1,40.1,119.3,37.9,1.2,Saved,Right Foot,Normal,0.7835,0,6909.0,Damián Emiliano Martínez,damian emiliano martinez,Argentina,lineup_position_window,,,False,,low_left,0,saved,True,4,0,1,statsbomb_open_data_7c4cad4b-c379-4916-9f5a-bad7967ed977,2026-06-24T16:04:38.431710+00:00,False,False,False,False,True,True,False
statsbomb_open_data,510337e1-3c01-4492-a319-4924a718ff15,3942228,2850,223,282,Copa America,2024,South America,Quarter-finals,2024-07-05,779,Argentina,3565,Ecuador,NRG Stadium,Andrés Matonte,5,124,16,27886,Alexis Mac Allister,alexis mac allister,779,Argentina,Left Defensive Midfield,108.1,40.1,120.0,43.6,0.5,Goal,Right Foot,Normal,0.7835,0,32677.0,Alexander Domínguez Carabalí,alexander dominguez carabali,Ecuador,lineup_position_window,,,False,,low_right,1,scored,True,5,1,0,statsbomb_open_data_510337e1-3c01-4492-a319-4924a718ff15,2026-06-24T16:04:38.431710+00:00,False,False,False,False,True,True,False
statsbomb_open_data,56744844-fea5-46d1-b91d-8d5f75c99ba8,3942228,2852,223,282,Copa America,2024,South America,Quarter-finals,2024-07-05,779,Argentina,3565,Ecuador,NRG Stadium,Andrés Matonte,5,124,56,21131,John Yeboah Zamora,john yeboah zamora,3565,Ecuador,Right Midfield,108.1,40.1,120.0,43.4,2.0,Goal,Left Foot,Normal,0.7835,0,6909.0,Damián Emiliano Martínez,damian emiliano martinez,Argentina,lineup_position_window,,,False,,high_right,1,scored,True,6,0,2,statsbomb_open_data_56744844-fea5-46d1-b91d-8d5f75c99ba8,2026-06-24T16:04:38.431710+00:00,False,False,False,False,True,True,False
statsbomb_open_data,7fb3b13b-64f7-4667-b127-d9245f3fe8c3,3942228,2854,223,282,Copa America,2024,South America,Quarter-finals,2024-07-05,779,Argentina,3565,Ecuador,NRG Stadium,Andrés Matonte,5,125,37,28263,Gonzalo Ariel Montiel,gonzalo ariel montiel,779,Argentina,Right Back,108.1,40.1,120.0,42.8,0.4,Goal,Right Foot,Normal,0.7835,0,32677.0,Alexander Domínguez Carabalí,alexander dominguez carabali,Ecuador,lineup_position_window,,,False,,low_right,1,scored,True,7,2,1,statsbomb_open_data_7fb3b13b-64f7-4667-b127-d9245f3fe8c3,2026-06-24T16:04:38.431710+00:00,False,False,False,False,True,True,False
statsbomb_open_data,006820a6-5e39-4891-a70a-54124a41f681,3942228,2856,223,282,Copa America,2024,South America,Quarter-finals,2024-07-05,779,Argentina,3565,Ecuador,NRG Stadium,Andrés Matonte,5,126,35,123554,Jordy Josué Caicedo Medina,jordy josue caicedo medina,3565,Ecuador,Right Center Forward,108.1,40.1,120.0,38.8,1.1,Goal,Right Foot,Normal,0.7835,0,6909.0,Damián Emiliano Martínez,damian emiliano martinez,Argentina,lineup_position_window,,,False,,low_center,1,scored,True,8,1,3,statsbomb_open_data_006820a6-5e39-4891-a70a-54124a41f681,2026-06-24T16:04:38.431710+00:00,False,False,False,False,True,True,False
statsbomb_open_data,a2379b58-76c7-455a-bf43-7c2e34c67981,3942228,2858,223,282,Copa America,2024,South America,Quarter-finals,2024-07-05,779,Argentina,3565,Ecuador,NRG Stadium,Andrés Matonte,5,127,19,3090,Nicolás Hernán Otamendi,nicolas hernan otamendi,779,Argentina,Left Center Back,108.1,40.1,120.0,37.0,0.0,Goal,Right Foot,Normal,0.7835,0,32677.0,Alexander Domínguez Carabalí,alexander dominguez carabali,Ecuador,lineup_position_window,,,False,,low_left,1,scored,True,9,3,2,statsbomb_open_data_a2379b58-76c7-455a-bf43-7c2e34c67981,2026-06-24T16:04:38.431710+00:00,False,False,False,False,True,True,False
statsbomb_open_data,0fc3a0ef-e941-49fa-8a3c-dd1b03fdfefb,3942229,3105,223,282,Copa America,2024,South America,Quarter-finals,2024-07-06,3563,Venezuela,1833,Canada,AT&T Stadium,Wilton Pereira Sampaio,5,120,2,4041,José Salomón Rondón Giménez,jose salomon rondon gimenez,3563,Venezuela,Right Center Forward,108.1,40.1,120.0,42.7,0.2,Goal,Right Foot,Normal,0.7835,0,23758.0,Maxime Crépeau,maxime crepeau,Canada,lineup_position_window,,,False,,low_right,1,scored,True,1,0,0,statsbomb_open_data_0fc3a0ef-e941-49fa-8a3c-dd1b03fdfefb,2026-06-24T16:04:38.431710+00:00,False,False,False,False,True,True,False
statsbomb_open_data,8d6f0c23-b31b-4882-a0f9-255c613c7e5d,3942229,3107,223,282,Copa America,2024,South America,Quarter-finals,2024-07-06,3563,Venezuela,1833,Canada,AT&T Stadium,Wilton Pereira Sampaio,5,120,49,23640,Jonathan David,jonathan david,1833,Canada,Center Attacking Midfield,108.1,40.1,120.0,43.4,1.2,Goal,Right Foot,Normal,0.7835,0,32012.0,Rafael Enrique Romo Pérez,rafael enrique romo perez,Venezuela (Bolivarian Republic),lineup_position_window,,,False,,low_right,1,scored,True,2,0,1,statsbomb_open_data_8d6f0c23-b31b-4882-a0f9-255c613c7e5d,2026-06-24T16:04:38.431710+00:00,False,False,False,False,True,True,False
statsbomb_open_data,551733e4-2b2f-4044-bf24-e80f4a82e257,3942229,3109,223,282,Copa America,2024,South America,Quarter-finals,2024-07-06,3563,Venezuela,1833,Canada,AT&T Stadium,Wilton Pereira Sampaio,5,121,30,16249,Yangel Clemente Herrera Ravelo,yangel clemente herrera ravelo,3563,Venezuela,Left Defensive Midfield,107.8,40.1,120.0,36.1,0.2,Post,Right Foot,Normal,0.7835,1,23758.0,Maxime Crépeau,maxime crepeau,Canada,lineup_position_window,119.1,39.9,True,,low_left,0,missed,True,3,1,1,statsbomb_open_data_551733e4-2b2f-4044-bf24-e80f4a82e257,2026-06-24T16:04:38.431710+00:00,False,False,False,False,False,False,False
statsbomb_open_data,09035b6b-488e-4044-9de2-f6969d6a6a20,3942229,3111,223,282,Copa America,2024,South America,Quarter-finals,2024-07-06,3563,Venezuela,1833,Canada,AT&T Stadium,Wilton Pereira Sampaio,5,122,11,23363,Liam Millar,liam millar,1833,Canada,Left Wing,107.9,40.1,120.0,42.5,4.1,Off T,Right Foot,Normal,0.7835,1,32012.0,Rafael Enrique Romo Pérez,rafael enrique romo perez,Venezuela (Bolivarian Republic),lineup_position_window,119.7,40.2,True,,high_right,0,missed,True,4,1,1,statsbomb_open_data_09035b6b-488e-4044-9de2-f6969d6a6a20,2026-06-24T16:04:38.431710+00:00,False,False,False,False,False,False,False
statsbomb_open_data,5065cd63-e686-4d31-994f-8487484580ad,3942229,3113,223,282,Copa America,2024,South America,Quarter-finals,2024-07-06,3563,Venezuela,1833,Canada,AT&T Stadium,Wilton Pereira Sampaio,5,122,57,7475,Tomás Eduardo Rincón Hernández,tomas eduardo rincon hernandez,3563,Venezuela,Right Defensive Midfield,108.1,40.1,120.0,38.9,1.0,Goal,Right Foot,Normal,0.7835,0,23758.0,Maxime Crépeau,maxime crepeau,Canada,lineup_position_window,,,False,,low_center,1,scored,True,5,1,1,statsbomb_open_data_5065cd63-e686-4d31-994f-8487484580ad,2026-06-24T16:04:38.431710+00:00,False,False,False,False,True,True,False
statsbomb_open_data,2562aa4c-c7ab-4062-bef5-0aa7d0ea9a6f,3942229,3115,223,282,Copa America,2024,South America,Quarter-finals,2024-07-06,3563,Venezuela,1833,Canada,AT&T Stadium,Wilton Pereira Sampaio,5,124,9,383250,Moise Bombito,moise bombito,1833,Canada,Right Center Back,107.9,40.1,120.0,42.6,0.7,Goal,Right Foot,Normal,0.7835,0,32012.0,Rafael Enrique Romo Pérez,rafael enrique romo perez,Venezuela (Bolivarian Republic),lineup_position_window,,,False,,low_right,1,scored,True,6,1,2,statsbomb_open_data_2562aa4c-c7ab-4062-bef5-0aa7d0ea9a6f,2026-06-24T16:04:38.431710+00:00,False,False,False,False,True,True,False
statsbomb_open_data,3f978c81-4583-49f0-bfe0-1117076c2fa4,3942229,3117,223,282,Copa America,2024,South America,Quarter-finals,2024-07-06,3563,Venezuela,1833,Canada,AT&T Stadium,Wilton Pereira Sampaio,5,125,2,13025,Jefferson David Savarino Quintero,jefferson david savarino quintero,3563,Venezuela,Right Midfield,108.1,40.1,119.4,37.5,1.2,Saved to Post,Right Foot,Normal,0.7835,0,23758.0,Maxime Crépeau,maxime crepeau,Canada,lineup_position_window,,,False,,low_left,0,unknown,True,7,2,2,statsbomb_open_data_3f978c81-4583-49f0-bfe0-1117076c2fa4,2026-06-24T16:04:38.431710+00:00,False,False,False,False,True,True,False
statsbomb_open_data,b4c2ab89-823b-4a94-9623-c552557ac940,3942229,3119,223,282,Copa America,2024,South America,Quarter-finals,2024-07-06,3563,Venezuela,1833,Canada,AT&T Stadium,Wilton Pereira Sampaio,5,125,55,11187,Stephen Antunes Eustáquio,stephen antunes eustaquio,1833,Canada,Left Defensive Midfield,107.8,40.1,120.0,42.1,0.9,Saved,Right Foot,Normal,0.7835,0,32012.0,Rafael Enrique Romo Pérez,rafael enrique romo perez,Venezuela (Bolivarian Republic),lineup_position_window,,,False,,low_right,0,saved,True,8,2,2,statsbomb_open_data_b4c2ab89-823b-4a94-9623-c552557ac940,2026-06-24T16:04:38.431710+00:00,False,False,False,False,True,True,False
statsbomb_open_data,6bbb42ed-38df-4745-81c0-1520ce23f177,3942229,3121,223,282,Copa America,2024,South America,Quarter-finals,2024-07-06,3563,Venezuela,1833,Canada,AT&T Stadium,Wilton Pereira Sampaio,5,126,58,11162,Jhonder Leonel Cádiz Fernández,jhonder leonel cadiz fernandez,3563,Venezuela,Left Center Forward,108.1,40.1,120.0,42.5,0.0,Goal,Right Foot,Normal,0.7835,0,23758.0,Maxime Crépeau,maxime crepeau,Canada,lineup_position_window,,,False,,low_right,1,scored,True,9,2,2,statsbomb_open_data_6bbb42ed-38df-4745-81c0-1520ce23f177,2026-06-24T16:04:38.431710+00:00,False,False,False,False,True,True,False
statsbomb_open_data,49f19101-a693-44d8-b67f-43a20a60cf83,3942229,3123,223,282,Copa America,2024,South America,Quarter-finals,2024-07-06,3563,Venezuela,1833,Canada,AT&T Stadium,Wilton Pereira Sampaio,5,127,52,12365,Alphonso Davies,alphonso davies,1833,Canada,Left Back,107.8,40.1,120.0,42.0,2.0,Goal,Left Foot,Normal,0.7835,0,32012.0,Rafael Enrique Romo Pérez,rafael enrique romo perez,Venezuela (Bolivarian Republic),lineup_position_window,,,False,,high_right,1,scored,True,10,2,3,statsbomb_open_data_49f19101-a693-44d8-b67f-43a20a60cf83,2026-06-24T16:04:38.431710+00:00,False,False,False,False,True,True,False
statsbomb_open_data,423d33f3-67a9-45c8-945c-d2b86ffec409,3942229,3125,223,282,Copa America,2024,South America,Quarter-finals,2024-07-06,3563,Venezuela,1833,Canada,AT&T Stadium,Wilton Pereira Sampaio,5,128,36,47822,Wilker José Ángel Romero,wilker jose angel romero,3563,Venezuela,Left Center Back,107.9,40.1,119.1,42.6,0.6,Saved,Right Foot,Normal,0.7835,0,23758.0,Maxime Crépeau,maxime crepeau,Canada,lineup_position_window,,,False,,low_right,0,saved,True,11,3,3,statsbomb_open_data_423d33f3-67a9-45c8-945c-d2b86ffec409,2026-06-24T16:04:38.431710+00:00,False,False,False,False,True,True,False
statsbomb_open_data,900254c5-6dac-4d6b-a7ec-08302ffd58a5,3942229,3127,223,282,Copa America,2024,South America,Quarter-finals,2024-07-06,3563,Venezuela,1833,Canada,AT&T Stadium,Wilton Pereira Sampaio,5,129,31,133229,Ismael Koné,ismael kone,1833,Canada,Right Defensive Midfield,107.5,40.1,120.0,38.1,0.3,Goal,Right Foot,Normal,0.7835,0,32012.0,Rafael Enrique Romo Pérez,rafael enrique romo perez,Venezuela (Bolivarian Republic),lineup_position_window,,,False,,low_left,1,scored,True,12,3,3,statsbomb_open_data_900254c5-6dac-4d6b-a7ec-08302ffd58a5,2026-06-24T16:04:38.431710+00:00,False,False,False,False,True,True,False
statsbomb_open_data,9b29987f-991b-409f-9142-318360943a5a,3942349,5176,55,282,UEFA Euro,2024,Europe,Quarter-finals,2024-07-05,780,Portugal,771,France,Volksparkstadion,Michael Oliver,5,120,3,5477,Ousmane Dembélé,ousmane dembele,771,France,Right Wing,108.1,40.1,120.0,42.7,0.2,Goal,Right Foot,Normal,0.7835,0,32975.0,Diogo Meireles Costa,diogo meireles costa,Portugal,lineup_position_window,,,False,,low_right,1,scored,True,1,0,0,statsbomb_open_data_9b29987f-991b-409f-9142-318360943a5a,2026-06-24T16:04:38.431710+00:00,False,False,False,False,True,True,False
statsbomb_open_data,9cb95307-d717-4140-b45a-14df42aae61b,3942349,5178,55,282,UEFA Euro,2024,Europe,Quarter-finals,2024-07-05,780,Portugal,771,France,Volksparkstadion,Michael Oliver,5,120,59,5207,Cristiano Ronaldo dos Santos Aveiro,cristiano ronaldo dos santos aveiro,780,Portugal,Center Forward,108.1,40.1,120.0,37.1,0.7,Goal,Right Foot,Normal,0.7835,0,3761.0,Mike Maignan,mike maignan,France,lineup_position_window,,,False,,low_left,1,scored,True,2,0,1,statsbomb_open_data_9cb95307-d717-4140-b45a-14df42aae61b,2026-06-24T16:04:38.431710+00:00,False,False,False,False,True,True,False
statsbomb_open_data,4fcbe32a-de66-432b-935b-f6232e8d81c9,3942349,5180,55,282,UEFA Euro,2024,Europe,Quarter-finals,2024-07-05,780,Portugal,771,France,Volksparkstadion,Michael Oliver,5,121,51,11990,Youssouf Fofana,youssouf fofana,771,France,Right Center Midfield,108.1,40.1,120.0,39.5,0.2,Goal,Right Foot,Normal,0.7835,0,32975.0,Diogo Meireles Costa,diogo meireles costa,Portugal,lineup_position_window,,,False,,low_center,1,scored,True,3,1,1,statsbomb_open_data_4fcbe32a-de66-432b-935b-f6232e8d81c9,2026-06-24T16:04:38.431710+00:00,False,False,False,False,True,True,False
statsbomb_open_data,dfa5e01b-f1d9-45ae-af53-23775440153d,3942349,5182,55,282,UEFA Euro,2024,Europe,Quarter-finals,2024-07-05,780,Portugal,771,France,Volksparkstadion,Michael Oliver,5,122,34,3193,Bernardo Mota Veiga de Carvalho e Silva,bernardo mota veiga de carvalho e silva,780,Portugal,Center Attacking Midfield,108.1,40.1,120.0,43.0,2.1,Goal,Left Foot,Normal,0.7835,0,3761.0,Mike Maignan,mike maignan,France,lineup_position_window,,,False,,high_right,1,scored,True,4,1,2,statsbomb_open_data_dfa5e01b-f1d9-45ae-af53-23775440153d,2026-06-24T16:04:38.431710+00:00,False,False,False,False,True,True,False
statsbomb_open_data,e90b5fab-cb19-4d4a-a33b-80a164f3a8a0,3942349,5184,55,282,UEFA Euro,2024,Europe,Quarter-finals,2024-07-05,780,Portugal,771,France,Volksparkstadion,Michael Oliver,5,123,25,4445,Jules Koundé,jules kounde,771,France,Right Back,108.1,40.1,120.0,36.6,2.0,Goal,Right Foot,Normal,0.7835,0,32975.0,Diogo Meireles Costa,diogo meireles costa,Portugal,lineup_position_window,,,False,,high_left,1,scored,True,5,2,2,statsbomb_open_data_e90b5fab-cb19-4d4a-a33b-80a164f3a8a0,2026-06-24T16:04:38.431710+00:00,False,False,False,False,True,True,False
statsbomb_open_data,9175410d-95be-4236-8ef8-8b29d97e5231,3942349,5186,55,282,UEFA Euro,2024,Europe,Quarter-finals,2024-07-05,780,Portugal,771,France,Volksparkstadion,Michael Oliver,5,124,20,12041,João Félix Sequeira,joao felix sequeira,780,Portugal,Left Midfield,108.1,40.1,120.0,36.0,0.2,Post,Right Foot,Normal,0.7835,1,3761.0,Mike Maignan,mike maignan,France,lineup_position_window,119.7,40.1,True,,low_left,0,missed,True,6,2,3,statsbomb_open_data_9175410d-95be-4236-8ef8-8b29d97e5231,2026-06-24T16:04:38.431710+00:00,False,False,False,False,False,False,False
statsbomb_open_data,9ce1b13a-9b06-4f3a-aa93-fe78c7b59523,3942349,5188,55,282,UEFA Euro,2024,Europe,Quarter-finals,2024-07-05,780,Portugal,771,France,Volksparkstadion,Michael Oliver,5,125,22,39420,Bradley Barcola,bradley barcola,771,France,Left Wing,108.1,40.1,120.0,37.9,1.3,Goal,Right Foot,Normal,0.7835,0,32975.0,Diogo Meireles Costa,diogo meireles costa,Portugal,lineup_position_window,,,False,,low_left,1,scored,True,7,3,2,statsbomb_open_data_9ce1b13a-9b06-4f3a-aa93-fe78c7b59523,2026-06-24T16:04:38.431710+00:00,False,False,False,False,True,True,False
statsbomb_open_data,e3175343-0ed2-49a2-9883-08bf3a46b645,3942349,5190,55,282,UEFA Euro,2024,Europe,Quarter-finals,2024-07-05,780,Portugal,771,France,Volksparkstadion,Michael Oliver,5,126,22,41092,Nuno Mendes,nuno mendes,780,Portugal,Left Back,108.1,40.1,120.0,43.4,2.4,Goal,Left Foot,Normal,0.7835,0,3761.0,Mike Maignan,mike maignan,France,lineup_position_window,,,False,,high_right,1,scored,True,8,2,4,statsbomb_open_data_e3175343-0ed2-49a2-9883-08bf3a46b645,2026-06-24T16:04:38.431710+00:00,False,False,False,False,True,True,False
statsbomb_open_data,751d8406-ba21-462c-8557-efd4bb403b76,3942349,5192,55,282,UEFA Euro,2024,Europe,Quarter-finals,2024-07-05,780,Portugal,771,France,Volksparkstadion,Michael Oliver,5,127,16,6704,Theo Bernard François Hernández,theo bernard francois hernandez,771,France,Left Back,108.1,40.1,120.0,36.6,2.0,Goal,Left Foot,Normal,0.7835,0,32975.0,Diogo Meireles Costa,diogo meireles costa,Portugal,lineup_position_window,,,False,,high_left,1,scored,True,9,4,3,statsbomb_open_data_751d8406-ba21-462c-8557-efd4bb403b76,2026-06-24T16:04:38.431710+00:00,False,False,False,False,True,True,False
statsbomb_open_data,c4a9ff2d-d9b8-41d0-857c-b09f8fd6144c,3942415,2772,223,282,Copa America,2024,South America,Quarter-finals,2024-07-07,783,Uruguay,781,Brazil,Allegiant Stadium,Darío Herrera,5,120,36,6773,Federico Santiago Valverde Dipetta,federico santiago valverde dipetta,783,Uruguay,Right Center Midfield,108.1,40.1,120.0,36.8,0.3,Goal,Right Foot,Normal,0.7835,0,5547.0,Alisson Ramsés Becker,alisson ramses becker,Brazil,lineup_position_window,,,False,,low_left,1,scored,True,1,0,0,statsbomb_open_data_c4a9ff2d-d9b8-41d0-857c-b09f8fd6144c,2026-06-24T16:04:38.431710+00:00,False,False,False,False,True,True,False
statsbomb_open_data,792bf77a-6dde-4297-a458-80208fd754eb,3942415,2774,223,282,Copa America,2024,South America,Quarter-finals,2024-07-07,783,Uruguay,781,Brazil,Allegiant Stadium,Darío Herrera,5,121,42,13620,Éder Gabriel Militão,eder gabriel militao,781,Brazil,Right Center Back,108.1,40.1,118.9,42.4,1.3,Saved,Right Foot,Normal,0.7835,0,36710.0,Sergio Rochet Álvarez,sergio rochet alvarez,Uruguay,lineup_position_window,,,False,,low_right,0,saved,True,2,0,1,statsbomb_open_data_792bf77a-6dde-4297-a458-80208fd754eb,2026-06-24T16:04:38.431710+00:00,False,False,False,False,True,True,False
statsbomb_open_data,b778f4a4-0681-4867-95f8-233f0a4ad088,3942415,2776,223,282,Copa America,2024,South America,Quarter-finals,2024-07-07,783,Uruguay,781,Brazil,Allegiant Stadium,Darío Herrera,5,122,28,5260,Rodrigo Bentancur Colmán,rodrigo bentancur colman,783,Uruguay,Center Defensive Midfield,108.1,40.1,120.0,43.3,0.7,Goal,Right Foot,Normal,0.7835,0,5547.0,Alisson Ramsés Becker,alisson ramses becker,Brazil,lineup_position_window,,,False,,low_right,1,scored,True,3,1,0,statsbomb_open_data_b778f4a4-0681-4867-95f8-233f0a4ad088,2026-06-24T16:04:38.431710+00:00,False,False,False,False,True,True,False
statsbomb_open_data,f08c315a-5bdb-4121-875c-f3e633098b07,3942415,2778,223,282,Copa America,2024,South America,Quarter-finals,2024-07-07,783,Uruguay,781,Brazil,Allegiant Stadium,Darío Herrera,5,123,21,6846,Andreas Hoelgebaum Pereira,andreas hoelgebaum pereira,781,Brazil,Left Defensive Midfield,108.1,40.1,120.0,36.5,0.2,Goal,Right Foot,Normal,0.7835,0,36710.0,Sergio Rochet Álvarez,sergio rochet alvarez,Uruguay,lineup_position_window,,,False,,low_left,1,scored,True,4,0,2,statsbomb_open_data_f08c315a-5bdb-4121-875c-f3e633098b07,2026-06-24T16:04:38.431710+00:00,False,False,False,False,True,True,False
statsbomb_open_data,56eeecb7-bb9d-41c9-919d-97c9e145b411,3942415,2780,223,282,Copa America,2024,South America,Quarter-finals,2024-07-07,783,Uruguay,781,Brazil,Allegiant Stadium,Darío Herrera,5,124,3,5258,Giorgian Daniel De Arrascaeta Benedetti,giorgian daniel de arrascaeta benedetti,783,Uruguay,Center Forward,108.1,40.1,120.0,38.2,2.0,Goal,Right Foot,Normal,0.7835,0,5547.0,Alisson Ramsés Becker,alisson ramses becker,Brazil,lineup_position_window,,,False,,high_left,1,scored,True,5,2,1,statsbomb_open_data_56eeecb7-bb9d-41c9-919d-97c9e145b411,2026-06-24T16:04:38.431710+00:00,False,False,False,False,True,True,False
statsbomb_open_data,76009bb2-e34d-4593-95a1-253ca3878eba,3942415,2782,223,282,Copa America,2024,South America,Quarter-finals,2024-07-07,783,Uruguay,781,Brazil,Allegiant Stadium,Darío Herrera,5,125,7,6574,Douglas Luiz Soares de Paulo,douglas luiz soares de paulo,781,Brazil,Right Defensive Midfield,108.1,40.1,120.0,36.1,0.8,Post,Right Foot,Normal,0.7835,1,36710.0,Sergio Rochet Álvarez,sergio rochet alvarez,Uruguay,lineup_position_window,120.0,40.0,True,,low_left,0,missed,True,6,1,3,statsbomb_open_data_76009bb2-e34d-4593-95a1-253ca3878eba,2026-06-24T16:04:38.431710+00:00,False,False,False,False,False,False,False
statsbomb_open_data,ccbdba12-8fa8-4014-b13b-d1f6356c3594,3942415,2784,223,282,Copa America,2024,South America,Quarter-finals,2024-07-07,783,Uruguay,781,Brazil,Allegiant Stadium,Darío Herrera,5,125,58,5259,José María Giménez de Vargas,jose maria gimenez de vargas,783,Uruguay,Right Center Back,108.1,40.1,120.0,42.5,1.1,Saved,Right Foot,Normal,0.7835,0,5547.0,Alisson Ramsés Becker,alisson ramses becker,Brazil,lineup_position_window,,,False,,low_right,0,saved,True,7,3,1,statsbomb_open_data_ccbdba12-8fa8-4014-b13b-d1f6356c3594,2026-06-24T16:04:38.431710+00:00,False,False,False,False,True,True,False
statsbomb_open_data,e11fbccb-2fd1-46f0-92a0-236d02c3f18a,3942415,2786,223,282,Copa America,2024,South America,Quarter-finals,2024-07-07,783,Uruguay,781,Brazil,Allegiant Stadium,Darío Herrera,5,126,47,29976,Gabriel Teodoro Martinelli Silva,gabriel teodoro martinelli silva,781,Brazil,Left Midfield,108.1,40.1,120.0,42.2,1.3,Goal,Right Foot,Normal,0.7835,0,36710.0,Sergio Rochet Álvarez,sergio rochet alvarez,Uruguay,lineup_position_window,,,False,,low_right,1,scored,True,8,1,3,statsbomb_open_data_e11fbccb-2fd1-46f0-92a0-236d02c3f18a,2026-06-24T16:04:38.431710+00:00,False,False,False,False,True,True,False
statsbomb_open_data,e395781b-3642-4f13-aeab-835f03df825b,3942415,2788,223,282,Copa America,2024,South America,Quarter-finals,2024-07-07,783,Uruguay,781,Brazil,Allegiant Stadium,Darío Herrera,5,127,32,36659,Manuel Ugarte Ribeiro,manuel ugarte ribeiro,783,Uruguay,Center Back,108.1,40.1,120.0,42.0,1.6,Goal,Right Foot,Normal,0.7835,0,5547.0,Alisson Ramsés Becker,alisson ramses becker,Brazil,lineup_position_window,,,False,,low_right,1,scored,True,9,3,2,statsbomb_open_data_e395781b-3642-4f13-aeab-835f03df825b,2026-06-24T16:04:38.431710+00:00,False,False,False,False,True,True,False
statsbomb_open_data,019046d4-3c13-4329-a549-a06f30ddb374,3942416,381,223,282,Copa America,2024,South America,Quarter-finals,2024-07-06,769,Colombia,798,Panama,State Farm Stadium,Maurizio Mariani,1,14,55,5695,James David Rodríguez Rubio,james david rodriguez rubio,769,Colombia,Center Attacking Midfield,108.1,40.1,120.0,42.8,2.0,Goal,Left Foot,Normal,0.7835,0,104179.0,Orlando Mosquera,orlando mosquera,Panama,lineup_position_window,,,False,,high_right,1,scored,False,,,,statsbomb_open_data_019046d4-3c13-4329-a549-a06f30ddb374,2026-06-24T16:04:38.431710+00:00,False,False,False,False,True,True,False
statsbomb_open_data,b2f0af33-dfa3-4822-a07c-e337d0b68efd,3942416,2902,223,282,Copa America,2024,South America,Quarter-finals,2024-07-06,769,Colombia,798,Panama,State Farm Stadium,Maurizio Mariani,2,93,54,6333,Miguel Ángel Borja Hernández,miguel angel borja hernandez,769,Colombia,Right Center Forward,108.0,40.0,120.0,43.0,0.5,Goal,Right Foot,Normal,0.7835,0,104179.0,Orlando Mosquera,orlando mosquera,Panama,lineup_position_window,,,False,,low_right,1,scored,False,,,,statsbomb_open_data_b2f0af33-dfa3-4822-a07c-e337d0b68efd,2026-06-24T16:04:38.431710+00:00,False,False,False,False,True,True,False
statsbomb_open_data,53d019c8-0b54-4e54-a4f7-48a15b6a50ce,3942819,506,55,282,UEFA Euro,2024,Europe,Semi-finals,2024-07-10,941,Netherlands,768,England,Signal-Iduna-Park,Felix Zwayer,1,17,34,10955,Harry Kane,harry kane,768,England,Center Forward,108.1,40.0,120.0,36.5,0.2,Goal,Right Foot,Normal,0.7835,0,37274.0,Bart Verbruggen,bart verbruggen,Netherlands,lineup_position_window,,,False,,low_left,1,scored,False,,,,statsbomb_open_data_53d019c8-0b54-4e54-a4f7-48a15b6a50ce,2026-06-24T16:04:38.431710+00:00,False,False,False,False,True,True,False
statsbomb_open_data,b09a1981-572f-4b90-8b9d-e5d850f464f8,3943076,2842,223,282,Copa America,2024,South America,3rd Place Final,2024-07-14,1833,Canada,783,Uruguay,Bank of America Stadium,Alexis Herrera,5,120,5,23640,Jonathan David,jonathan david,1833,Canada,Right Center Forward,108.0,40.0,120.0,37.0,0.2,Goal,Right Foot,Normal,0.7835,0,36710.0,Sergio Rochet Álvarez,sergio rochet alvarez,Uruguay,lineup_position_window,,,False,,low_left,1,scored,True,1,0,0,statsbomb_open_data_b09a1981-572f-4b90-8b9d-e5d850f464f8,2026-06-24T16:04:38.431710+00:00,False,False,False,False,True,True,False
statsbomb_open_data,f1feebec-d1fa-4e9b-a27d-30591c1eec27,3943076,2844,223,282,Copa America,2024,South America,3rd Place Final,2024-07-14,1833,Canada,783,Uruguay,Bank of America Stadium,Alexis Herrera,5,120,53,6773,Federico Santiago Valverde Dipetta,federico santiago valverde dipetta,783,Uruguay,Right Center Midfield,108.0,40.0,120.0,36.6,0.2,Goal,Right Foot,Normal,0.7835,0,36794.0,Dayne Tristan St. Clair,dayne tristan st. clair,Canada,lineup_position_window,,,False,,low_left,1,scored,True,2,0,1,statsbomb_open_data_f1feebec-d1fa-4e9b-a27d-30591c1eec27,2026-06-24T16:04:38.431710+00:00,False,False,False,False,True,True,False
statsbomb_open_data,29019ab7-99ef-4e55-9a58-9d61423f19b5,3943076,2847,223,282,Copa America,2024,South America,3rd Place Final,2024-07-14,1833,Canada,783,Uruguay,Bank of America Stadium,Alexis Herrera,5,122,28,383250,Moise Bombito,moise bombito,1833,Canada,Right Center Back,107.9,40.0,120.0,42.1,0.2,Goal,Right Foot,Normal,0.7835,0,36710.0,Sergio Rochet Álvarez,sergio rochet alvarez,Uruguay,lineup_position_window,,,False,,low_right,1,scored,True,3,1,1,statsbomb_open_data_29019ab7-99ef-4e55-9a58-9d61423f19b5,2026-06-24T16:04:38.431710+00:00,False,False,False,False,True,True,False
statsbomb_open_data,14abf742-8011-45d3-9ac5-004ad1a58819,3943076,2849,223,282,Copa America,2024,South America,3rd Place Final,2024-07-14,1833,Canada,783,Uruguay,Bank of America Stadium,Alexis Herrera,5,123,11,5260,Rodrigo Bentancur Colmán,rodrigo bentancur colman,783,Uruguay,Center Defensive Midfield,108.1,40.0,120.0,36.5,2.1,Goal,Right Foot,Normal,0.7835,0,36794.0,Dayne Tristan St. Clair,dayne tristan st. clair,Canada,lineup_position_window,,,False,,high_left,1,scored,True,4,1,2,statsbomb_open_data_14abf742-8011-45d3-9ac5-004ad1a58819,2026-06-24T16:04:38.431710+00:00,False,False,False,False,True,True,False
statsbomb_open_data,41edd33d-34b2-407e-afe2-84d7a2cb0dc0,3943076,2851,223,282,Copa America,2024,South America,3rd Place Final,2024-07-14,1833,Canada,783,Uruguay,Bank of America Stadium,Alexis Herrera,5,124,7,133229,Ismael Koné,ismael kone,1833,Canada,Right Defensive Midfield,108.0,40.0,119.0,37.3,0.2,Saved,Right Foot,Normal,0.7835,0,36710.0,Sergio Rochet Álvarez,sergio rochet alvarez,Uruguay,lineup_position_window,,,False,,low_left,0,saved,True,5,2,2,statsbomb_open_data_41edd33d-34b2-407e-afe2-84d7a2cb0dc0,2026-06-24T16:04:38.431710+00:00,False,False,False,False,True,True,False
statsbomb_open_data,199e1889-ba01-4f21-98d8-6266819238f1,3943076,2853,223,282,Copa America,2024,South America,3rd Place Final,2024-07-14,1833,Canada,783,Uruguay,Bank of America Stadium,Alexis Herrera,5,124,50,5258,Giorgian Daniel De Arrascaeta Benedetti,giorgian daniel de arrascaeta benedetti,783,Uruguay,Left Center Midfield,108.1,40.0,120.0,40.7,1.9,Goal,Right Foot,Normal,0.7835,0,36794.0,Dayne Tristan St. Clair,dayne tristan st. clair,Canada,lineup_position_window,,,False,,low_center,1,scored,True,6,2,2,statsbomb_open_data_199e1889-ba01-4f21-98d8-6266819238f1,2026-06-24T16:04:38.431710+00:00,False,False,False,False,True,True,False
statsbomb_open_data,1a7865cf-6c00-4601-ad12-295f617e60b2,3943076,2855,223,282,Copa America,2024,South America,3rd Place Final,2024-07-14,1833,Canada,783,Uruguay,Bank of America Stadium,Alexis Herrera,5,125,42,18639,Mathieu Choiniere,mathieu choiniere,1833,Canada,Left Defensive Midfield,108.0,40.0,120.0,36.9,1.4,Goal,Right Foot,Normal,0.7835,0,36710.0,Sergio Rochet Álvarez,sergio rochet alvarez,Uruguay,lineup_position_window,,,False,,low_left,1,scored,True,7,2,3,statsbomb_open_data_1a7865cf-6c00-4601-ad12-295f617e60b2,2026-06-24T16:04:38.431710+00:00,False,False,False,False,True,True,False
statsbomb_open_data,2badf0f0-df06-496d-b0ad-e12cb9a07582,3943076,2857,223,282,Copa America,2024,South America,3rd Place Final,2024-07-14,1833,Canada,783,Uruguay,Bank of America Stadium,Alexis Herrera,5,126,24,5246,Luis Alberto Suárez Díaz,luis alberto suarez diaz,783,Uruguay,Center Forward,108.0,40.0,120.0,43.6,1.6,Goal,Right Foot,Normal,0.7835,0,36794.0,Dayne Tristan St. Clair,dayne tristan st. clair,Canada,lineup_position_window,,,False,,low_right,1,scored,True,8,3,3,statsbomb_open_data_2badf0f0-df06-496d-b0ad-e12cb9a07582,2026-06-24T16:04:38.431710+00:00,False,False,False,False,True,True,False
statsbomb_open_data,4c8cb088-8f3a-4cb3-b730-960153259103,3943076,2859,223,282,Copa America,2024,South America,3rd Place Final,2024-07-14,1833,Canada,783,Uruguay,Bank of America Stadium,Alexis Herrera,5,127,9,12365,Alphonso Davies,alphonso davies,1833,Canada,Left Back,108.0,40.0,120.0,40.3,2.8,Post,Left Foot,Normal,0.7835,1,36710.0,Sergio Rochet Álvarez,sergio rochet alvarez,Uruguay,lineup_position_window,119.2,40.3,True,,high_center,0,missed,True,9,3,4,statsbomb_open_data_4c8cb088-8f3a-4cb3-b730-960153259103,2026-06-24T16:04:38.431710+00:00,False,False,False,False,False,False,False
statsbomb_open_data,37dc86d2-6ad3-4114-93ec-4cfb136f93fa,3998837,2576,53,315,UEFA Women's Euro,2025,Europe,Group Stage,2025-07-02,860,Switzerland Women's,852,Norway Women's,St. Jakob-Park,Ionela Alina Peşu,2,69,3,10385,Ada Stolsmo Hegerberg,ada stolsmo hegerberg,852,Norway Women's,Center Forward,108.1,40.1,120.0,35.9,0.2,Off T,Right Foot,Normal,0.7835,1,32099.0,Livia Peng,livia peng,Switzerland,lineup_position_window,120.0,40.2,True,,low_left,0,missed,False,,,,statsbomb_open_data_37dc86d2-6ad3-4114-93ec-4cfb136f93fa,2026-06-24T16:04:38.431710+00:00,False,False,False,False,False,False,False
statsbomb_open_data,dd9cf16c-b308-4287-a232-8d69e05ebc62,3998849,1865,53,315,UEFA Women's Euro,2025,Europe,Group Stage,2025-07-08,857,Germany Women's,853,Denmark Women's,St. Jakob-Park,Catarina Isabel Ferreira Campos,2,55,19,47008,Sjoeke Nüsken,sjoeke nusken,857,Germany Women's,Right Defensive Midfield,108.1,40.1,120.0,36.4,0.2,Goal,Right Foot,Normal,0.7835,0,402017.0,Maja Bay Østergaard,maja bay ostergaard,Denmark,lineup_position_window,,,False,,low_left,1,scored,False,,,,statsbomb_open_data_dd9cf16c-b308-4287-a232-8d69e05ebc62,2026-06-24T16:04:38.431710+00:00,False,False,False,False,True,True,False
statsbomb_open_data,ce887d07-475f-46ff-b3e4-9c50ab4f2643,3998850,1376,53,315,UEFA Women's Euro,2025,Europe,Group Stage,2025-07-09,861,France Women's,2456,Wales W,Kybunpark,Désirée Grundbacher,1,44,59,10137,Kadidiatou Diani,kadidiatou diani,861,France Women's,Right Midfield,108.0,40.0,120.0,38.5,0.2,Goal,Right Foot,Normal,0.7835,0,192256.0,Safia Middleton-Patel,safia middleton-patel,Wales,lineup_position_window,,,False,,low_left,1,scored,False,,,,statsbomb_open_data_ce887d07-475f-46ff-b3e4-9c50ab4f2643,2026-06-24T16:04:38.431710+00:00,False,False,False,False,True,True,False
statsbomb_open_data,ee56b525-bc86-46b2-8d4c-8dfaac01ea26,3998852,3191,53,315,UEFA Women's Euro,2025,Europe,Group Stage,2025-07-10,920,WNT Finland,860,Switzerland Women's,Stade de Genève,Stéphanie Frappart,2,78,36,13865,Natalia Kuikka,natalia kuikka,920,WNT Finland,Right Center Forward,108.1,40.1,120.0,40.8,0.2,Goal,Right Foot,Normal,0.7835,0,32099.0,Livia Peng,livia peng,Switzerland,lineup_position_window,,,False,,low_center,1,scored,False,,,,statsbomb_open_data_ee56b525-bc86-46b2-8d4c-8dfaac01ea26,2026-06-24T16:04:38.431710+00:00,False,False,False,False,True,True,False
statsbomb_open_data,cf551305-40d4-49fc-bb99-4484aacabd2a,3998853,3287,53,315,UEFA Women's Euro,2025,Europe,Group Stage,2025-07-10,852,Norway Women's,862,Iceland Women's,Stockhorn Arena,Ionela Alina Peşu,2,94,46,10119,Glódís Perla Viggósdóttir,glodis perla viggosdottir,862,Iceland Women's,Right Center Back,108.0,40.0,120.0,36.6,1.9,Goal,Right Foot,Normal,0.7835,0,24370.0,Cecilie Fiskerstrand,cecilie fiskerstrand,Norway,lineup_position_window,,,False,,low_left,1,scored,False,,,,statsbomb_open_data_cf551305-40d4-49fc-bb99-4484aacabd2a,2026-06-24T16:04:38.431710+00:00,False,False,False,False,True,True,False
statsbomb_open_data,6210c6db-8852-4f84-b08e-8530ba3b5e43,3998856,1099,53,315,UEFA Women's Euro,2025,Europe,Group Stage,2025-07-12,858,Sweden Women's,857,Germany Women's,Stadion Letzigrund,Silvia Gasperotti,1,33,16,10215,Fridolina Rolfö,fridolina rolfo,858,Sweden Women's,Left Wing,108.0,40.0,120.0,37.0,0.4,Goal,Left Foot,Normal,0.7835,0,15560.0,Ann-Katrin Berger,ann-katrin berger,Germany,lineup_position_window,,,False,,low_left,1,scored,False,,,,statsbomb_open_data_6210c6db-8852-4f84-b08e-8530ba3b5e43,2026-06-24T16:04:38.431710+00:00,False,False,False,False,True,True,False
statsbomb_open_data,7b8cab3a-c66c-404d-a276-35046bbb3421,3998858,368,53,315,UEFA Women's Euro,2025,Europe,Group Stage,2025-07-13,865,England Women's,2456,Wales W,Kybunpark,Frida Mia Klarlund Nielsen,1,12,41,4643,Georgia Stanway,georgia stanway,865,England Women's,Left Center Midfield,108.0,40.0,120.0,36.7,0.2,Goal,Right Foot,Normal,0.7835,0,326619.0,Olivia Clarke,olivia clarke,Wales,lineup_position_window,,,False,,low_left,1,scored,False,,,,statsbomb_open_data_7b8cab3a-c66c-404d-a276-35046bbb3421,2026-06-24T16:04:38.431710+00:00,False,False,False,False,True,True,False
statsbomb_open_data,0234dc98-0bd5-4c42-89d2-c477f4de3d38,3998859,2641,53,315,UEFA Women's Euro,2025,Europe,Group Stage,2025-07-13,851,Netherlands Women's,861,France Women's,St. Jakob-Park,Ivana Martinčić,2,91,13,10117,Sakina Karchaoui,sakina karchaoui,861,France Women's,Center Attacking Midfield,108.0,40.0,120.0,43.3,0.2,Goal,Left Foot,Normal,0.7835,0,32339.0,Daphne van Domselaar,daphne van domselaar,Netherlands,lineup_position_window,,,False,,low_right,1,scored,False,,,,statsbomb_open_data_0234dc98-0bd5-4c42-89d2-c477f4de3d38,2026-06-24T16:04:38.431710+00:00,False,False,False,False,True,True,False
statsbomb_open_data,9865c060-7ee8-4219-a432-3a3b75a2a6dc,4018354,2068,53,315,UEFA Women's Euro,2025,Europe,Quarter-finals,2025-07-16,852,Norway Women's,855,Italy Women's,Stade de Genève,Stéphanie Frappart,2,59,37,10385,Ada Stolsmo Hegerberg,ada stolsmo hegerberg,852,Norway Women's,Center Forward,108.1,40.1,120.0,44.6,0.8,Off T,Right Foot,Normal,0.7835,1,10218.0,Laura Giuliani,laura giuliani,Italy,lineup_position_window,119.4,40.3,True,,low_right,0,missed,False,,,,statsbomb_open_data_9865c060-7ee8-4219-a432-3a3b75a2a6dc,2026-06-24T16:04:38.431710+00:00,False,False,False,False,False,False,False
statsbomb_open_data,1c9834f4-cdca-45c1-9eb1-0e988d9a2a3a,4018355,3859,53,315,UEFA Women's Euro,2025,Europe,Quarter-finals,2025-07-17,858,Sweden Women's,865,England Women's,Stadion Letzigrund,Marta Huerta de Aza,5,120,2,47521,Alessia Russo,alessia russo,865,England Women's,Center Attacking Midfield,108.0,40.0,120.0,36.8,1.3,Goal,Right Foot,Normal,0.7835,0,62667.0,Jennifer Miley Falk,jennifer miley falk,Sweden,lineup_position_window,,,False,,low_left,1,scored,True,1,0,0,statsbomb_open_data_1c9834f4-cdca-45c1-9eb1-0e988d9a2a3a,2026-06-24T16:04:38.431710+00:00,False,False,False,False,True,True,False
statsbomb_open_data,333e985f-299a-4928-b381-2dea07f5816a,4018355,3861,53,315,UEFA Women's Euro,2025,Europe,Quarter-finals,2025-07-17,858,Sweden Women's,865,England Women's,Stadion Letzigrund,Marta Huerta de Aza,5,120,46,62666,Ingrid Filippa Angeldal,ingrid filippa angeldal,858,Sweden Women's,Right Defensive Midfield,108.0,40.0,119.4,41.9,0.9,Saved,Right Foot,Normal,0.7835,0,22032.0,Hannah Hampton,hannah hampton,England,lineup_position_window,,,False,,low_right,0,saved,True,2,0,1,statsbomb_open_data_333e985f-299a-4928-b381-2dea07f5816a,2026-06-24T16:04:38.431710+00:00,False,False,False,False,True,True,False
statsbomb_open_data,5cecdefa-06dc-4d74-afb5-6a78d3db7aaf,4018355,3863,53,315,UEFA Women's Euro,2025,Europe,Quarter-finals,2025-07-17,858,Sweden Women's,865,England Women's,Stadion Letzigrund,Marta Huerta de Aza,5,121,32,31531,Lauren James,lauren james,865,England Women's,Right Wing,108.0,40.0,118.9,37.4,1.0,Saved,Right Foot,Normal,0.7835,0,62667.0,Jennifer Miley Falk,jennifer miley falk,Sweden,lineup_position_window,,,False,,low_left,0,saved,True,3,1,0,statsbomb_open_data_5cecdefa-06dc-4d74-afb5-6a78d3db7aaf,2026-06-24T16:04:38.431710+00:00,False,False,False,False,True,True,False
statsbomb_open_data,7a117adb-6329-4b45-b3bc-ef312ccb1997,4018355,3865,53,315,UEFA Women's Euro,2025,Europe,Quarter-finals,2025-07-17,858,Sweden Women's,865,England Women's,Stadion Letzigrund,Marta Huerta de Aza,5,122,21,26094,Julia Zigiotti-Olme,julia zigiotti-olme,858,Sweden Women's,Left Defensive Midfield,108.0,40.0,120.0,37.2,2.0,Goal,Right Foot,Normal,0.7835,0,22032.0,Hannah Hampton,hannah hampton,England,lineup_position_window,,,False,,high_left,1,scored,True,4,0,1,statsbomb_open_data_7a117adb-6329-4b45-b3bc-ef312ccb1997,2026-06-24T16:04:38.431710+00:00,False,False,False,False,True,True,False
statsbomb_open_data,a1bf3c2b-9ad1-4e73-97f5-fb291155f0b9,4018355,3867,53,315,UEFA Women's Euro,2025,Europe,Quarter-finals,2025-07-17,858,Sweden Women's,865,England Women's,Stadion Letzigrund,Marta Huerta de Aza,5,123,3,15619,Bethany Mead,bethany mead,865,England Women's,Right Defensive Midfield,108.0,40.0,118.9,37.6,1.1,Saved,Right Foot,Normal,0.7835,0,62667.0,Jennifer Miley Falk,jennifer miley falk,Sweden,lineup_position_window,,,False,,low_left,0,saved,True,5,1,1,statsbomb_open_data_a1bf3c2b-9ad1-4e73-97f5-fb291155f0b9,2026-06-24T16:04:38.431710+00:00,False,False,False,False,True,True,False
statsbomb_open_data,f33e73f3-5ffd-4956-8f81-73427ad2e61c,4018355,3869,53,315,UEFA Women's Euro,2025,Europe,Quarter-finals,2025-07-17,858,Sweden Women's,865,England Women's,Stadion Letzigrund,Marta Huerta de Aza,5,123,49,4633,Magdalena Lilly Eriksson,magdalena lilly eriksson,858,Sweden Women's,Left Center Back,108.0,40.0,120.0,44.2,0.4,Post,Left Foot,Normal,0.7835,1,22032.0,Hannah Hampton,hannah hampton,England,lineup_position_window,119.2,40.1,True,,low_right,0,missed,True,6,1,1,statsbomb_open_data_f33e73f3-5ffd-4956-8f81-73427ad2e61c,2026-06-24T16:04:38.431710+00:00,False,False,False,False,False,False,False
statsbomb_open_data,8a09a3b3-f2a0-4889-9daa-b977d9feddc3,4018355,3871,53,315,UEFA Women's Euro,2025,Europe,Quarter-finals,2025-07-17,858,Sweden Women's,865,England Women's,Stadion Letzigrund,Marta Huerta de Aza,5,124,30,10252,Alex Greenwood,alex greenwood,865,England Women's,Left Center Back,107.9,40.0,119.0,41.7,1.0,Saved,Left Foot,Normal,0.7835,0,62667.0,Jennifer Miley Falk,jennifer miley falk,Sweden,lineup_position_window,,,False,,low_right,0,saved,True,7,1,1,statsbomb_open_data_8a09a3b3-f2a0-4889-9daa-b977d9feddc3,2026-06-24T16:04:38.431710+00:00,False,False,False,False,True,True,False
statsbomb_open_data,41207c00-c4b4-4799-be3e-efb4369b0291,4018355,3873,53,315,UEFA Women's Euro,2025,Europe,Quarter-finals,2025-07-17,858,Sweden Women's,865,England Women's,Stadion Letzigrund,Marta Huerta de Aza,5,125,16,26093,Gun Nathalie Björn,gun nathalie bjorn,858,Sweden Women's,Right Center Back,108.0,40.0,120.0,42.9,1.2,Goal,Right Foot,Normal,0.7835,0,22032.0,Hannah Hampton,hannah hampton,England,lineup_position_window,,,False,,low_right,1,scored,True,8,1,1,statsbomb_open_data_41207c00-c4b4-4799-be3e-efb4369b0291,2026-06-24T16:04:38.431710+00:00,False,False,False,False,True,True,False
statsbomb_open_data,2baa34f1-2d27-4312-9061-c6557f5fc6e3,4018355,3875,53,315,UEFA Women's Euro,2025,Europe,Quarter-finals,2025-07-17,858,Sweden Women's,865,England Women's,Stadion Letzigrund,Marta Huerta de Aza,5,126,20,15570,Chloe Kelly,chloe kelly,865,England Women's,Left Wing,108.0,40.0,120.0,43.1,1.6,Goal,Right Foot,Normal,0.7835,0,62667.0,Jennifer Miley Falk,jennifer miley falk,Sweden,lineup_position_window,,,False,,low_right,1,scored,True,9,1,2,statsbomb_open_data_2baa34f1-2d27-4312-9061-c6557f5fc6e3,2026-06-24T16:04:38.431710+00:00,False,False,False,False,True,True,False
statsbomb_open_data,2097c475-5256-4d14-a279-8c190fae7d9a,4018355,3877,53,315,UEFA Women's Euro,2025,Europe,Quarter-finals,2025-07-17,858,Sweden Women's,865,England Women's,Stadion Letzigrund,Marta Huerta de Aza,5,127,10,62667,Jennifer Miley Falk,jennifer miley falk,858,Sweden Women's,Goalkeeper,108.0,40.0,120.0,38.4,4.0,Off T,Right Foot,Normal,0.7835,1,22032.0,Hannah Hampton,hannah hampton,England,lineup_position_window,119.9,39.6,True,,high_left,0,missed,True,10,2,2,statsbomb_open_data_2097c475-5256-4d14-a279-8c190fae7d9a,2026-06-24T16:04:38.431710+00:00,False,False,False,False,False,False,False
statsbomb_open_data,5b60e492-c373-490f-90bb-25774e9c6c8d,4018355,3879,53,315,UEFA Women's Euro,2025,Europe,Quarter-finals,2025-07-17,858,Sweden Women's,865,England Women's,Stadion Letzigrund,Marta Huerta de Aza,5,127,50,46740,Grace Clinton,grace clinton,865,England Women's,Left Defensive Midfield,108.0,40.0,119.0,37.0,0.2,Saved,Right Foot,Normal,0.7835,0,62667.0,Jennifer Miley Falk,jennifer miley falk,Sweden,lineup_position_window,,,False,,low_left,0,saved,True,11,2,2,statsbomb_open_data_5b60e492-c373-490f-90bb-25774e9c6c8d,2026-06-24T16:04:38.431710+00:00,False,False,False,False,True,True,False
statsbomb_open_data,3768ebb2-8223-4e6e-a80a-2d89f92c8910,4018355,3881,53,315,UEFA Women's Euro,2025,Europe,Quarter-finals,2025-07-17,858,Sweden Women's,865,England Women's,Stadion Letzigrund,Marta Huerta de Aza,5,128,35,13881,Eva Sofia Jakobsson,eva sofia jakobsson,858,Sweden Women's,Right Wing,108.0,40.0,119.6,37.0,0.9,Saved to Post,Right Foot,Normal,0.7835,0,22032.0,Hannah Hampton,hannah hampton,England,lineup_position_window,,,False,,low_left,0,unknown,True,12,2,2,statsbomb_open_data_3768ebb2-8223-4e6e-a80a-2d89f92c8910,2026-06-24T16:04:38.431710+00:00,False,False,False,False,True,True,False
statsbomb_open_data,cb516f65-4246-4cc3-b994-e3508a933ab2,4018355,3883,53,315,UEFA Women's Euro,2025,Europe,Quarter-finals,2025-07-17,858,Sweden Women's,865,England Women's,Stadion Letzigrund,Marta Huerta de Aza,5,129,26,10178,Lucy Bronze,lucy bronze,865,England Women's,Right Back,108.0,40.0,120.0,39.7,2.3,Goal,Right Foot,Normal,0.7835,0,62667.0,Jennifer Miley Falk,jennifer miley falk,Sweden,lineup_position_window,,,False,,high_center,1,scored,True,13,2,2,statsbomb_open_data_cb516f65-4246-4cc3-b994-e3508a933ab2,2026-06-24T16:04:38.431710+00:00,False,False,False,False,True,True,False
statsbomb_open_data,4e1a2cec-fc05-4b82-b690-3af3d0774c14,4018355,3885,53,315,UEFA Women's Euro,2025,Europe,Quarter-finals,2025-07-17,858,Sweden Women's,865,England Women's,Stadion Letzigrund,Marta Huerta de Aza,5,130,8,237526,Smilla Holmberg,smilla holmberg,858,Sweden Women's,Right Back,108.0,40.0,120.0,36.9,4.5,Off T,Right Foot,Normal,0.7835,1,22032.0,Hannah Hampton,hannah hampton,England,lineup_position_window,120.0,39.8,True,,high_left,0,missed,True,14,2,3,statsbomb_open_data_4e1a2cec-fc05-4b82-b690-3af3d0774c14,2026-06-24T16:04:38.431710+00:00,False,False,False,False,False,False,False
statsbomb_open_data,3d121017-e9a2-4bf7-b154-0538d0996b87,4018356,358,53,315,UEFA Women's Euro,2025,Europe,Quarter-finals,2025-07-18,863,Spain Women's,860,Switzerland Women's,Stadion Wankdorf,Maria Sole Ferrieri Caputi,1,8,2,10161,María Francesca Caldentey Oliver,maria francesca caldentey oliver,863,Spain Women's,Right Wing,108.0,40.0,120.0,35.5,0.2,Off T,Right Foot,Normal,0.7835,1,32099.0,Livia Peng,livia peng,Switzerland,lineup_position_window,119.0,40.1,True,,low_left,0,missed,False,,,,statsbomb_open_data_3d121017-e9a2-4bf7-b154-0538d0996b87,2026-06-24T16:04:38.431710+00:00,False,False,False,False,False,False,False
statsbomb_open_data,8599fb45-8c21-4d5b-9570-5cbd84c93afb,4018356,3471,53,315,UEFA Women's Euro,2025,Europe,Quarter-finals,2025-07-18,863,Spain Women's,860,Switzerland Women's,Stadion Wankdorf,Maria Sole Ferrieri Caputi,2,87,34,10143,Alexia Putellas Segura,alexia putellas segura,863,Spain Women's,Left Center Midfield,108.1,40.1,118.2,41.9,1.6,Saved,Left Foot,Normal,0.7835,0,32099.0,Livia Peng,livia peng,Switzerland,lineup_position_window,,,False,,low_right,0,saved,False,,,,statsbomb_open_data_8599fb45-8c21-4d5b-9570-5cbd84c93afb,2026-06-24T16:04:38.431710+00:00,False,False,False,False,True,True,False
statsbomb_open_data,cae8a833-1faf-4a56-9a1c-34e85a53eeb1,4018357,379,53,315,UEFA Women's Euro,2025,Europe,Quarter-finals,2025-07-19,861,France Women's,857,Germany Women's,St. Jakob-Park,Tess Olofsson,1,14,14,10272,Onema Grace Geyoro,onema grace geyoro,861,France Women's,Right Center Midfield,108.1,40.1,120.0,39.3,1.4,Goal,Right Foot,Normal,0.7835,0,15560.0,Ann-Katrin Berger,ann-katrin berger,Germany,lineup_position_window,,,False,,low_center,1,scored,False,,,,statsbomb_open_data_cae8a833-1faf-4a56-9a1c-34e85a53eeb1,2026-06-24T16:04:38.431710+00:00,False,False,False,False,True,True,False
statsbomb_open_data,6a20e16d-63f2-4721-ba54-0b50ec263e87,4018357,2010,53,315,UEFA Women's Euro,2025,Europe,Quarter-finals,2025-07-19,861,France Women's,857,Germany Women's,St. Jakob-Park,Tess Olofsson,2,68,42,47008,Sjoeke Nüsken,sjoeke nusken,857,Germany Women's,Left Defensive Midfield,108.1,40.1,118.9,37.6,0.9,Saved,Right Foot,Normal,0.7835,0,15615.0,Pauline Peyraud Magnin,pauline peyraud magnin,France,lineup_position_window,,,False,,low_left,0,saved,False,,,,statsbomb_open_data_6a20e16d-63f2-4721-ba54-0b50ec263e87,2026-06-24T16:04:38.431710+00:00,False,False,False,False,True,True,False
statsbomb_open_data,9788da3d-38ed-47c2-a53a-efdf8b13a113,4018357,3984,53,315,UEFA Women's Euro,2025,Europe,Quarter-finals,2025-07-19,861,France Women's,857,Germany Women's,St. Jakob-Park,Tess Olofsson,5,120,34,46881,Janina Minge,janina minge,857,Germany Women's,Right Center Back,108.0,40.0,120.0,43.0,1.1,Goal,Right Foot,Normal,0.7835,0,15615.0,Pauline Peyraud Magnin,pauline peyraud magnin,France,lineup_position_window,,,False,,low_right,1,scored,True,1,0,0,statsbomb_open_data_9788da3d-38ed-47c2-a53a-efdf8b13a113,2026-06-24T16:04:38.431710+00:00,False,False,False,False,True,True,False
statsbomb_open_data,07dc8842-ab05-49d2-8792-ced9e7fb9bd7,4018357,3986,53,315,UEFA Women's Euro,2025,Europe,Quarter-finals,2025-07-19,861,France Women's,857,Germany Women's,St. Jakob-Park,Tess Olofsson,5,121,35,15249,Amel Majri,amel majri,861,France Women's,Right Center Midfield,108.0,40.0,119.0,41.8,0.9,Saved,Left Foot,Normal,0.7835,0,15560.0,Ann-Katrin Berger,ann-katrin berger,Germany,lineup_position_window,,,False,,low_right,0,saved,True,2,0,1,statsbomb_open_data_07dc8842-ab05-49d2-8792-ced9e7fb9bd7,2026-06-24T16:04:38.431710+00:00,False,False,False,False,True,True,False
statsbomb_open_data,543338eb-5277-4613-8d35-7be32bb590ee,4018357,3988,53,315,UEFA Women's Euro,2025,Europe,Quarter-finals,2025-07-19,861,France Women's,857,Germany Women's,St. Jakob-Park,Tess Olofsson,5,122,15,10258,Linda Dallmann,linda dallmann,857,Germany Women's,Right Midfield,108.0,40.0,120.0,43.6,2.1,Goal,Right Foot,Normal,0.7835,0,15615.0,Pauline Peyraud Magnin,pauline peyraud magnin,France,lineup_position_window,,,False,,high_right,1,scored,True,3,1,0,statsbomb_open_data_543338eb-5277-4613-8d35-7be32bb590ee,2026-06-24T16:04:38.431710+00:00,False,False,False,False,True,True,False
statsbomb_open_data,7dfbaed7-2807-42cc-bead-6d59f58a288e,4018357,3990,53,315,UEFA Women's Euro,2025,Europe,Quarter-finals,2025-07-19,861,France Women's,857,Germany Women's,St. Jakob-Park,Tess Olofsson,5,123,3,10117,Sakina Karchaoui,sakina karchaoui,861,France Women's,Left Center Midfield,108.0,40.0,120.0,43.3,0.3,Goal,Left Foot,Normal,0.7835,0,15560.0,Ann-Katrin Berger,ann-katrin berger,Germany,lineup_position_window,,,False,,low_right,1,scored,True,4,0,2,statsbomb_open_data_7dfbaed7-2807-42cc-bead-6d59f58a288e,2026-06-24T16:04:38.431710+00:00,False,False,False,False,True,True,False
statsbomb_open_data,9e0ec77d-0157-45df-9c24-29fbf3e2c6d4,4018357,3992,53,315,UEFA Women's Euro,2025,Europe,Quarter-finals,2025-07-19,861,France Women's,857,Germany Women's,St. Jakob-Park,Tess Olofsson,5,123,47,46885,Rebecca Knaak,rebecca knaak,857,Germany Women's,Left Center Back,108.0,40.0,120.0,37.7,0.2,Goal,Left Foot,Normal,0.7835,0,15615.0,Pauline Peyraud Magnin,pauline peyraud magnin,France,lineup_position_window,,,False,,low_left,1,scored,True,5,2,1,statsbomb_open_data_9e0ec77d-0157-45df-9c24-29fbf3e2c6d4,2026-06-24T16:04:38.431710+00:00,False,False,False,False,True,True,False
statsbomb_open_data,c55e0a51-63b7-4652-8e54-9a8e1cb52932,4018357,3994,53,315,UEFA Women's Euro,2025,Europe,Quarter-finals,2025-07-19,861,France Women's,857,Germany Women's,St. Jakob-Park,Tess Olofsson,5,124,39,31614,Melvine Malard,melvine malard,861,France Women's,Left Wing,108.0,40.0,120.0,36.6,1.2,Goal,Right Foot,Normal,0.7835,0,15560.0,Ann-Katrin Berger,ann-katrin berger,Germany,lineup_position_window,,,False,,low_left,1,scored,True,6,1,3,statsbomb_open_data_c55e0a51-63b7-4652-8e54-9a8e1cb52932,2026-06-24T16:04:38.431710+00:00,False,False,False,False,True,True,False
statsbomb_open_data,cf64c75f-4967-49db-b247-78c84529ba64,4018357,3996,53,315,UEFA Women's Euro,2025,Europe,Quarter-finals,2025-07-19,861,France Women's,857,Germany Women's,St. Jakob-Park,Tess Olofsson,5,125,33,10263,Sara Däbritz,sara dabritz,857,Germany Women's,Right Defensive Midfield,108.0,40.0,120.0,42.7,2.9,Post,Left Foot,Normal,0.7835,1,15615.0,Pauline Peyraud Magnin,pauline peyraud magnin,France,lineup_position_window,118.2,40.7,True,,high_right,0,missed,True,7,3,2,statsbomb_open_data_cf64c75f-4967-49db-b247-78c84529ba64,2026-06-24T16:04:38.431710+00:00,False,False,False,False,False,False,False
statsbomb_open_data,5fed6491-9cf2-4669-8bf9-edc571a5cde6,4018357,3998,53,315,UEFA Women's Euro,2025,Europe,Quarter-finals,2025-07-19,861,France Women's,857,Germany Women's,St. Jakob-Park,Tess Olofsson,5,126,32,24459,Sandy Baltimore,sandy baltimore,861,France Women's,Right Wing,108.0,40.0,120.0,37.6,0.9,Goal,Left Foot,Normal,0.7835,0,15560.0,Ann-Katrin Berger,ann-katrin berger,Germany,lineup_position_window,,,False,,low_left,1,scored,True,8,2,3,statsbomb_open_data_5fed6491-9cf2-4669-8bf9-edc571a5cde6,2026-06-24T16:04:38.431710+00:00,False,False,False,False,True,True,False
statsbomb_open_data,754f2298-8e67-4677-9ee3-41ad9337d2ef,4018357,4000,53,315,UEFA Women's Euro,2025,Europe,Quarter-finals,2025-07-19,861,France Women's,857,Germany Women's,St. Jakob-Park,Tess Olofsson,5,127,8,15560,Ann-Katrin Berger,ann-katrin berger,857,Germany Women's,Goalkeeper,108.0,40.0,120.0,43.1,1.4,Goal,Right Foot,Normal,0.7835,0,15615.0,Pauline Peyraud Magnin,pauline peyraud magnin,France,lineup_position_window,,,False,,low_right,1,scored,True,9,3,3,statsbomb_open_data_754f2298-8e67-4677-9ee3-41ad9337d2ef,2026-06-24T16:04:38.431710+00:00,False,False,False,False,True,True,False
statsbomb_open_data,4d3b89ae-b01f-4969-af1f-154fdd0076c4,4018357,4002,53,315,UEFA Women's Euro,2025,Europe,Quarter-finals,2025-07-19,861,France Women's,857,Germany Women's,St. Jakob-Park,Tess Olofsson,5,128,3,31633,Oriane Jean-François,oriane jean-francois,861,France Women's,Center Defensive Midfield,108.0,40.0,120.0,36.9,0.2,Goal,Right Foot,Normal,0.7835,0,15560.0,Ann-Katrin Berger,ann-katrin berger,Germany,lineup_position_window,,,False,,low_left,1,scored,True,10,3,4,statsbomb_open_data_4d3b89ae-b01f-4969-af1f-154fdd0076c4,2026-06-24T16:04:38.431710+00:00,False,False,False,False,True,True,False
statsbomb_open_data,6c4b42e4-7d1b-480b-b5f3-f82fb7d6cfe4,4018357,4004,53,315,UEFA Women's Euro,2025,Europe,Quarter-finals,2025-07-19,861,France Women's,857,Germany Women's,St. Jakob-Park,Tess Olofsson,5,128,53,25729,Klara Bühl,klara buhl,857,Germany Women's,Left Midfield,108.0,40.0,120.0,43.3,2.2,Goal,Right Foot,Normal,0.7835,0,15615.0,Pauline Peyraud Magnin,pauline peyraud magnin,France,lineup_position_window,,,False,,high_right,1,scored,True,11,4,4,statsbomb_open_data_6c4b42e4-7d1b-480b-b5f3-f82fb7d6cfe4,2026-06-24T16:04:38.431710+00:00,False,False,False,False,True,True,False
statsbomb_open_data,04edbe56-becd-4000-af4f-79d4ca0b6694,4018357,4006,53,315,UEFA Women's Euro,2025,Europe,Quarter-finals,2025-07-19,861,France Women's,857,Germany Women's,St. Jakob-Park,Tess Olofsson,5,129,42,97854,Melween Ndongala,melween ndongala,861,France Women's,Right Back,108.0,40.0,120.0,36.7,1.3,Goal,Right Foot,Normal,0.7835,0,15560.0,Ann-Katrin Berger,ann-katrin berger,Germany,lineup_position_window,,,False,,low_left,1,scored,True,12,4,5,statsbomb_open_data_04edbe56-becd-4000-af4f-79d4ca0b6694,2026-06-24T16:04:38.431710+00:00,False,False,False,False,True,True,False
statsbomb_open_data,e1d90a9c-486c-4520-b1c1-4a6e20be5a76,4018357,4008,53,315,UEFA Women's Euro,2025,Europe,Quarter-finals,2025-07-19,861,France Women's,857,Germany Women's,St. Jakob-Park,Tess Olofsson,5,130,24,47008,Sjoeke Nüsken,sjoeke nusken,857,Germany Women's,Left Defensive Midfield,108.0,40.0,120.0,43.5,0.9,Goal,Right Foot,Normal,0.7835,0,15615.0,Pauline Peyraud Magnin,pauline peyraud magnin,France,lineup_position_window,,,False,,low_right,1,scored,True,13,5,5,statsbomb_open_data_e1d90a9c-486c-4520-b1c1-4a6e20be5a76,2026-06-24T16:04:38.431710+00:00,False,False,False,False,True,True,False
statsbomb_open_data,d9b4961f-8bc6-496d-9dcd-fd441788382a,4018357,4010,53,315,UEFA Women's Euro,2025,Europe,Quarter-finals,2025-07-19,861,France Women's,857,Germany Women's,St. Jakob-Park,Tess Olofsson,5,131,17,49583,Alice Sombath,alice sombath,861,France Women's,Right Center Back,108.0,40.0,119.1,42.2,1.2,Saved,Right Foot,Normal,0.7835,0,15560.0,Ann-Katrin Berger,ann-katrin berger,Germany,lineup_position_window,,,False,,low_right,0,saved,True,14,5,6,statsbomb_open_data_d9b4961f-8bc6-496d-9dcd-fd441788382a,2026-06-24T16:04:38.431710+00:00,False,False,False,False,True,True,False
statsbomb_open_data,6dc0cc50-98f6-4233-8173-7e4c36413c76,4020005,4051,53,315,UEFA Women's Euro,2025,Europe,Semi-finals,2025-07-22,865,England Women's,855,Italy Women's,Stade de Genève,Ivana Martinčić,4,118,50,15570,Chloe Kelly,chloe kelly,865,England Women's,Right Midfield,108.1,40.1,119.4,37.0,0.8,Saved,Right Foot,Normal,0.7835,0,10218.0,Laura Giuliani,laura giuliani,Italy,lineup_position_window,,,False,,low_left,0,saved,False,,,,statsbomb_open_data_6dc0cc50-98f6-4233-8173-7e4c36413c76,2026-06-24T16:04:38.431710+00:00,False,False,False,False,True,True,False
statsbomb_open_data,5e669f85-406a-4f9c-8167-7644008e7326,4020846,4811,53,315,UEFA Women's Euro,2025,Europe,Final,2025-07-27,865,England Women's,863,Spain Women's,St. Jakob-Park,Stéphanie Frappart,5,120,52,15619,Bethany Mead,bethany mead,865,England Women's,Center Attacking Midfield,108.1,40.1,118.7,39.0,1.3,Saved,Right Foot,Normal,0.7835,0,45295.0,Catalina Thomas Coll Lluch,catalina thomas coll lluch,Spain,lineup_position_window,,,False,,low_center,0,saved,True,1,0,0,statsbomb_open_data_5e669f85-406a-4f9c-8167-7644008e7326,2026-06-24T16:04:38.431710+00:00,False,False,False,False,True,True,False
statsbomb_open_data,247837bf-1fa2-47d4-8b73-641c50bf04de,4020846,4813,53,315,UEFA Women's Euro,2025,Europe,Final,2025-07-27,865,England Women's,863,Spain Women's,St. Jakob-Park,Stéphanie Frappart,5,121,43,15287,Patricia Guijarro Gutiérrez,patricia guijarro gutierrez,863,Spain Women's,Center Defensive Midfield,108.1,40.1,120.0,40.0,1.4,Goal,Right Foot,Normal,0.7835,0,22032.0,Hannah Hampton,hannah hampton,England,lineup_position_window,,,False,,low_center,1,scored,True,2,0,0,statsbomb_open_data_247837bf-1fa2-47d4-8b73-641c50bf04de,2026-06-24T16:04:38.431710+00:00,False,False,False,False,True,True,False
statsbomb_open_data,b4e84644-cfa9-4eda-b73f-0963abfaf0bc,4020846,4815,53,315,UEFA Women's Euro,2025,Europe,Final,2025-07-27,865,England Women's,863,Spain Women's,St. Jakob-Park,Stéphanie Frappart,5,122,34,10252,Alex Greenwood,alex greenwood,865,England Women's,Left Back,108.1,40.1,120.0,41.8,0.0,Goal,Left Foot,Normal,0.7835,0,45295.0,Catalina Thomas Coll Lluch,catalina thomas coll lluch,Spain,lineup_position_window,,,False,,low_right,1,scored,True,3,0,1,statsbomb_open_data_b4e84644-cfa9-4eda-b73f-0963abfaf0bc,2026-06-24T16:04:38.431710+00:00,False,False,False,False,True,True,False
statsbomb_open_data,b238e1ae-5022-44b6-9f69-fa989fe070c5,4020846,4817,53,315,UEFA Women's Euro,2025,Europe,Final,2025-07-27,865,England Women's,863,Spain Women's,St. Jakob-Park,Stéphanie Frappart,5,123,17,10161,María Francesca Caldentey Oliver,maria francesca caldentey oliver,863,Spain Women's,Left Center Midfield,107.7,40.1,120.0,41.4,1.3,Saved,Right Foot,Normal,0.7835,0,22032.0,Hannah Hampton,hannah hampton,England,lineup_position_window,,,False,,low_right,0,saved,True,4,1,1,statsbomb_open_data_b238e1ae-5022-44b6-9f69-fa989fe070c5,2026-06-24T16:04:38.431710+00:00,False,False,False,False,True,True,False
statsbomb_open_data,e32e39ee-f03f-4815-9558-3be9742a9f85,4020846,4819,53,315,UEFA Women's Euro,2025,Europe,Final,2025-07-27,865,England Women's,863,Spain Women's,St. Jakob-Park,Stéphanie Frappart,5,124,2,15631,Niamh Charles,niamh charles,865,England Women's,Right Back,108.1,40.1,120.0,38.6,0.8,Goal,Right Foot,Normal,0.7835,0,45295.0,Catalina Thomas Coll Lluch,catalina thomas coll lluch,Spain,lineup_position_window,,,False,,low_left,1,scored,True,5,1,1,statsbomb_open_data_e32e39ee-f03f-4815-9558-3be9742a9f85,2026-06-24T16:04:38.431710+00:00,False,False,False,False,True,True,False
statsbomb_open_data,c9fae7b2-c54c-440b-b6b4-ee871914b755,4020846,4821,53,315,UEFA Women's Euro,2025,Europe,Final,2025-07-27,865,England Women's,863,Spain Women's,St. Jakob-Park,Stéphanie Frappart,5,124,47,15284,Aitana Bonmati Conca,aitana bonmati conca,863,Spain Women's,Right Center Midfield,107.8,40.1,119.7,38.3,0.9,Saved,Right Foot,Normal,0.7835,0,22032.0,Hannah Hampton,hannah hampton,England,lineup_position_window,,,False,,low_left,0,saved,True,6,1,2,statsbomb_open_data_c9fae7b2-c54c-440b-b6b4-ee871914b755,2026-06-24T16:04:38.431710+00:00,False,False,False,False,True,True,False
statsbomb_open_data,63ae27b5-1a07-45a4-a551-163ee3c32faa,4020846,4823,53,315,UEFA Women's Euro,2025,Europe,Final,2025-07-27,865,England Women's,863,Spain Women's,St. Jakob-Park,Stéphanie Frappart,5,125,36,18999,Leah Williamson,leah williamson,865,England Women's,Right Center Back,107.9,40.1,120.0,41.7,1.2,Saved,Right Foot,Normal,0.7835,0,45295.0,Catalina Thomas Coll Lluch,catalina thomas coll lluch,Spain,lineup_position_window,,,False,,low_right,0,saved,True,7,2,1,statsbomb_open_data_63ae27b5-1a07-45a4-a551-163ee3c32faa,2026-06-24T16:04:38.431710+00:00,False,False,False,False,True,True,False
statsbomb_open_data,46f646b4-9f1b-4f27-97c8-c9ebc5d28b24,4020846,4825,53,315,UEFA Women's Euro,2025,Europe,Final,2025-07-27,865,England Women's,863,Spain Women's,St. Jakob-Park,Stéphanie Frappart,5,126,19,222682,Salma Paralluelo Ayingono,salma paralluelo ayingono,863,Spain Women's,Center Forward,107.9,40.1,120.0,45.6,0.5,Off T,Left Foot,Normal,0.7835,1,22032.0,Hannah Hampton,hannah hampton,England,lineup_position_window,119.3,40.0,True,,low_right,0,missed,True,8,1,2,statsbomb_open_data_46f646b4-9f1b-4f27-97c8-c9ebc5d28b24,2026-06-24T16:04:38.431710+00:00,False,False,False,False,False,False,False
statsbomb_open_data,4bd1ae17-a77a-44b9-ab5f-bb51af3bf4ec,4020846,4827,53,315,UEFA Women's Euro,2025,Europe,Final,2025-07-27,865,England Women's,863,Spain Women's,St. Jakob-Park,Stéphanie Frappart,5,127,17,15570,Chloe Kelly,chloe kelly,865,England Women's,Left Wing,108.1,40.1,120.0,38.4,1.6,Goal,Right Foot,Normal,0.7835,0,45295.0,Catalina Thomas Coll Lluch,catalina thomas coll lluch,Spain,lineup_position_window,,,False,,low_left,1,scored,True,9,2,1,statsbomb_open_data_4bd1ae17-a77a-44b9-ab5f-bb51af3bf4ec,2026-06-24T16:04:38.431710+00:00,False,False,False,False,True,True,False
